arm,complex,n,moden,moden_echt,gross,eff_moden,p_agree,dmax_intra,hat_korrekte,n_korrekt,gross_richtig,wahl_gross,wahl_anteil,trifft
SigmaDock,5SAK_ZRY,40,3,2,0.75,1.9033317211476086,0.6038461538461538,1.4108734130859375,True,5,False,True,0.75,True
SigmaDock,5SB2_1K2,40,1,1,1.0,1.0,1.0,1.6483701467514038,True,23,True,True,1.0,True
SigmaDock,5SD5_HWI,40,12,7,0.275,8.790726803916712,0.2948717948717949,1.8138926029205322,True,5,False,False,0.1,False
SigmaDock,5SIS_JSM,40,4,3,0.375,3.262248360614051,0.8423076923076923,1.962925910949707,True,15,True,False,0.3,True
SigmaDock,6M2B_EZO,41,5,4,0.3170731707317073,3.9170141762150745,0.8036585365853659,1.80349862575531,True,13,False,False,0.07317073170731707,False
SigmaDock,6M73_FNR,40,5,5,0.725,2.6045239181515187,0.5615384615384615,1.7817339897155762,True,10,False,True,0.725,True
SigmaDock,6T88_MWQ,40,5,5,0.425,4.0601225160016945,0.735897435897436,1.9370145797729492,True,13,False,True,0.425,True
SigmaDock,6TW5_9M2,40,12,9,0.25,8.81810448073461,0.13076923076923078,1.9632617235183716,True,3,False,False,0.1,True
SigmaDock,6TW7_NZB,40,13,6,0.325,7.92922505144524,0.1987179487179487,1.5428400039672852,True,13,True,False,0.075,False
SigmaDock,6VTA_AKN,40,39,1,0.05,38.637453156993885,0.001282051282051282,1.830101728439331,False,0,False,False,0.025,False
SigmaDock,6WTN_RXT,40,2,2,0.95,1.2195906179141718,0.9282051282051282,1.0753942728042603,True,22,True,True,0.95,True
SigmaDock,6XBO_5MC,40,4,1,0.925,1.417337887383506,0.9051282051282051,1.6155929565429688,True,19,True,True,0.925,True
SigmaDock,6XCT_478,40,14,7,0.225,10.036378266880861,0.13846153846153847,1.8448870182037354,True,9,True,False,0.175,False
SigmaDock,6XG5_TOP,40,6,3,0.4,3.782356074931691,0.46282051282051284,1.9390144348144531,True,26,False,False,0.325,True
SigmaDock,6XHT_V2V,40,6,4,0.5,3.7133920744431,0.8474358974358974,1.9680665731430054,True,5,False,True,0.5,True
SigmaDock,6XM9_V55,40,3,3,0.825,1.7654817826684102,0.691025641025641,1.9363692998886108,False,0,False,False,0.05,False
SigmaDock,6YJA_2BA,40,29,9,0.075,26.615296253028006,0.029487179487179487,1.9941736459732056,False,0,False,False,0.05,False
SigmaDock,6YMS_OZH,40,25,8,0.125,20.845832490108887,0.08205128205128205,1.8559318780899048,False,0,False,False,0.05,False
SigmaDock,6YQV_8K2,41,3,2,0.5609756097560976,2.1812307696441335,0.8,1.8439339399337769,True,36,True,False,0.4146341463414634,True
SigmaDock,6YQW_82I,40,4,3,0.4,3.2379835348333255,0.31666666666666665,1.360216498374939,True,7,False,False,0.275,True
SigmaDock,6YR2_T1C,40,20,9,0.15,16.06888959175311,0.10512820512820513,1.6967099905014038,True,1,False,True,0.15,True
SigmaDock,6YRV_PJ8,40,8,5,0.325,5.625360633186479,0.35128205128205126,1.8608804941177368,True,16,False,False,0.125,True
SigmaDock,6YSP_PAL,40,2,1,0.975,1.1240147218730305,0.9846153846153847,1.8764097690582275,True,29,True,True,0.975,True
SigmaDock,6YT6_PKE,41,6,5,0.34146341463414637,4.799062311415125,0.374390243902439,1.7681033611297607,True,12,False,True,0.34146341463414637,False
SigmaDock,6YYO_Q1K,41,3,3,0.5853658536585366,2.6101643561413033,0.573170731707317,1.9164903163909912,True,32,True,False,0.24390243902439024,True
SigmaDock,6Z0R_Q4H,41,10,8,0.3170731707317073,6.726634601146321,0.2573170731707317,1.8596811294555664,True,6,False,False,0.0975609756097561,True
SigmaDock,6Z14_Q4Z,40,3,2,0.9,1.4642109370627328,0.8333333333333334,1.7674553394317627,True,16,False,True,0.9,True
SigmaDock,6Z1C_7EY,40,2,2,0.85,1.5260902731141495,0.7384615384615385,1.7633033990859985,True,20,True,True,0.85,True
SigmaDock,6Z2C_Q5E,40,12,9,0.325,8.176825267414333,0.35512820512820514,1.9319874048233032,True,10,True,True,0.325,True
SigmaDock,6Z4N_Q7B,40,16,10,0.15,13.223851469642101,0.15897435897435896,1.9577275514602661,False,0,False,False,0.1,False
SigmaDock,6ZAE_ACV,40,12,7,0.25,8.796476976943119,0.14615384615384616,1.9904413223266602,False,0,False,True,0.25,False
SigmaDock,6ZC3_JOR,41,6,5,0.43902439024390244,4.142576165689255,0.33658536585365856,1.9726324081420898,True,17,True,True,0.43902439024390244,True
SigmaDock,6ZCY_QF8,41,9,5,0.4634146341463415,4.573825893476522,0.3353658536585366,1.6882884502410889,True,15,True,True,0.4634146341463415,True
SigmaDock,6ZK5_IMH,40,4,2,0.675,2.236178471782092,0.6461538461538462,1.281089425086975,True,5,False,False,0.275,False
SigmaDock,6ZPB_3D1,40,6,6,0.275,5.608480151737765,0.3243589743589744,1.990666389465332,True,6,False,True,0.275,False
SigmaDock,7A1P_QW2,40,5,4,0.45,3.5521339409209594,0.31666666666666665,1.9309858083724976,True,11,True,True,0.45,True
SigmaDock,7A9E_R4W,40,10,10,0.2,8.65068811287908,0.38461538461538464,1.9305732250213623,True,8,True,False,0.2,False
SigmaDock,7A9H_TPP,40,7,5,0.325,5.317756714080221,0.6076923076923076,1.8920732736587524,True,26,True,True,0.325,True
SigmaDock,7AFX_R9K,40,7,6,0.35,4.9210514111835995,0.4358974358974359,1.9469228982925415,True,23,True,False,0.325,True
SigmaDock,7AKL_RK5,41,5,3,0.4634146341463415,2.847154852355867,0.776829268292683,1.6657226085662842,True,36,True,True,0.4634146341463415,True
SigmaDock,7AN5_RDH,40,4,2,0.525,2.426353475907562,0.45,1.7955242395401,True,3,False,True,0.525,False
SigmaDock,7B2C_TP7,41,9,7,0.2682926829268293,7.31309143769587,0.3926829268292683,1.9465384483337402,False,0,False,True,0.2682926829268293,False
SigmaDock,7B94_ANP,40,2,2,0.875,1.4575692649810903,0.9961538461538462,1.7381802797317505,True,9,False,True,0.875,True
SigmaDock,7BCP_GCO,40,8,8,0.325,6.667656921500252,0.47307692307692306,1.943674087524414,False,0,False,True,0.325,False
SigmaDock,7BJJ_TVW,40,6,4,0.375,4.377210231062513,0.2743589743589744,1.5190869569778442,True,5,False,False,0.025,True
SigmaDock,7BKA_4JC,40,4,4,0.3,3.9500270260253876,0.8269230769230769,1.8836692571640015,True,1,False,False,0.275,False
SigmaDock,7BMI_U4B,40,6,6,0.225,5.823631655400605,0.26666666666666666,1.9341626167297363,True,2,False,False,0.175,False
SigmaDock,7BNH_BEZ,40,10,8,0.2,8.169459734655792,0.28846153846153844,1.7137682437896729,True,10,False,False,0.175,True
SigmaDock,7BTT_F8R,40,16,8,0.35,10.207866751986709,0.14743589743589744,1.9769253730773926,True,13,True,True,0.35,True
SigmaDock,7C0U_FGO,40,17,9,0.15,13.336665949369232,0.12051282051282051,1.9454752206802368,True,1,False,False,0.15,False
SigmaDock,7C3U_AZG,41,5,4,0.5609756097560976,3.341088419947457,0.4402439024390244,1.813952088356018,False,0,False,False,0.07317073170731707,False
SigmaDock,7C8Q_DSG,40,4,4,0.3,3.9500270260253885,0.46025641025641023,1.9455196857452393,True,2,False,False,0.275,True
SigmaDock,7CD9_FVR,40,20,8,0.15,15.725898255437583,0.1,1.9760626554489136,False,0,False,False,0.075,False
SigmaDock,7CIJ_G0C,40,5,3,0.4,3.3269120316284964,0.46923076923076923,1.9972082376480103,True,6,False,True,0.4,True
SigmaDock,7CL8_TES,40,4,4,0.6,2.8337730002729344,0.41923076923076924,1.3789550065994263,True,22,True,True,0.6,True
SigmaDock,7CNQ_G8X,40,3,2,0.825,1.708296705630345,0.8910256410256411,1.9675312042236328,True,3,False,False,0.15,True
SigmaDock,7CNS_PMV,40,4,3,0.55,2.67176717761376,0.8756410256410256,1.8105037212371826,False,0,False,False,0.35,False
SigmaDock,7CTM_BDP,40,13,8,0.325,8.807930973613246,0.16923076923076924,1.958552598953247,True,2,False,False,0.05,False
SigmaDock,7CUO_PHB,40,1,1,1.0,1.0,1.0,1.8904880285263062,True,40,True,True,1.0,True
SigmaDock,7D5C_GV6,40,4,2,0.85,1.7381886618574347,0.8871794871794871,1.8830844163894653,True,4,False,True,0.85,True
SigmaDock,7D6O_MTE,41,7,6,0.3170731707317073,5.241608444841689,0.34512195121951217,1.662437081336975,True,3,False,False,0.1951219512195122,True
SigmaDock,7DKT_GLF,40,2,2,0.85,1.5260902731141495,0.7384615384615385,1.564345121383667,True,18,True,True,0.85,True
SigmaDock,7DQL_4CL,40,3,3,0.575,2.306645017667931,0.46025641025641023,1.7919480800628662,True,2,False,True,0.575,False
SigmaDock,7DUA_HJ0,41,2,1,0.975609756097561,1.1214979894043937,0.9512195121951219,1.8066035509109497,True,21,True,True,0.975609756097561,True
SigmaDock,7E4L_MDN,40,20,11,0.125,17.076527254771964,0.1064102564102564,1.9216923713684082,True,4,False,False,0.05,True
SigmaDock,7EBG_J0L,40,2,2,0.8,1.6493848884661177,0.6717948717948717,1.600127935409546,True,8,False,False,0.2,True
SigmaDock,7ECR_SIN,40,4,3,0.525,2.5774803839496823,0.4756410256410256,1.930863857269287,True,20,True,True,0.525,True
SigmaDock,7ED2_A3P,40,13,9,0.225,9.801246282265312,0.16538461538461538,1.9623883962631226,True,2,False,False,0.15,True
SigmaDock,7ELT_TYM,40,7,6,0.375,4.8445481021959615,0.4576923076923077,1.995103120803833,True,3,False,False,0.2,True
SigmaDock,7EPV_FDA,40,22,10,0.1,18.819856463805003,0.08974358974358974,1.918035626411438,False,0,False,False,0.1,False
SigmaDock,7ES1_UDP,40,5,3,0.85,1.8629444806602689,0.8115384615384615,1.9715198278427124,True,20,True,True,0.85,True
SigmaDock,7F51_BA7,40,5,4,0.4,3.653515141706105,0.9576923076923077,1.8457080125808716,True,5,False,True,0.4,True
SigmaDock,7F5D_EUO,40,10,7,0.3,7.081686704312398,0.26794871794871794,1.9898158311843872,True,4,False,False,0.075,True
SigmaDock,7F8T_FAD,40,29,10,0.075,26.96574350062712,0.016666666666666666,1.9670554399490356,False,0,False,False,0.025,False
SigmaDock,7FB7_8NF,41,5,4,0.5121951219512195,3.409398168580163,0.3878048780487805,1.916694164276123,True,7,False,False,0.17073170731707318,True
SigmaDock,7FHA_ADX,40,5,3,0.725,2.4508383148079282,0.6807692307692308,1.9794528484344482,True,8,False,True,0.725,True
SigmaDock,7FRX_O88,40,14,10,0.2,11.285820037255988,0.1794871794871795,1.9951932430267334,True,10,False,False,0.15,False
SigmaDock,7FT9_4MB,40,8,7,0.275,6.421187047548078,0.42948717948717946,1.914568305015564,True,14,False,False,0.2,True
SigmaDock,7JG0_GAR,40,5,4,0.45,3.3181471590155964,0.7025641025641025,1.9371386766433716,True,23,False,True,0.45,True
SigmaDock,7JHQ_VAJ,40,6,6,0.325,4.687757378543314,0.3525641025641026,1.8565071821212769,True,7,False,False,0.325,True
SigmaDock,7JMV_4NC,40,4,4,0.375,3.5957295452565154,0.35,1.7036857604980469,True,14,True,True,0.375,True
SigmaDock,7JXX_VP7,40,7,4,0.725,2.8523430377799945,0.6038461538461538,1.9856430292129517,True,7,False,True,0.725,True
SigmaDock,7JY3_VUD,40,16,5,0.2,10.549574164219456,0.12435897435897436,1.4914816617965698,True,3,False,True,0.2,False
SigmaDock,7K0V_VQP,40,2,2,0.6,1.9601317042077895,0.8615384615384616,1.4072386026382446,True,29,True,False,0.4,True
SigmaDock,7KB1_WBJ,40,6,5,0.575,3.5631064735326405,0.5192307692307693,1.6343499422073364,True,5,False,True,0.575,True
SigmaDock,7KC5_BJZ,40,7,6,0.35,5.06302518580548,0.7282051282051282,1.7732117176055908,True,31,True,True,0.35,True
SigmaDock,7KM8_WPD,40,5,4,0.45,3.4944721787832242,0.517948717948718,1.9302383661270142,True,1,False,True,0.45,True
SigmaDock,7KQU_YOF,40,4,4,0.425,3.668633733939243,0.44358974358974357,1.8105578422546387,True,5,False,False,0.15,True
SigmaDock,7KRU_ATP,40,1,1,1.0,1.0,1.0,1.3570261001586914,True,9,False,True,1.0,True
SigmaDock,7KZ9_XN7,40,3,3,0.475,2.477395300794179,0.491025641025641,1.5979924201965332,True,19,True,False,0.45,False
SigmaDock,7L00_XCJ,42,7,7,0.3333333333333333,5.9878210931530855,0.3403019744483159,1.9701019525527954,True,12,True,True,0.3333333333333333,False
SigmaDock,7L03_F9F,40,2,2,0.575,1.97754189985451,0.9987179487179487,1.7256609201431274,True,34,True,True,0.575,True
SigmaDock,7L5F_XNG,40,7,6,0.35,5.386182719605116,0.6717948717948717,1.8494131565093994,True,1,False,False,0.075,False
SigmaDock,7L7C_XQ1,40,7,6,0.55,4.198536394060437,0.4987179487179487,1.9734174013137817,True,28,True,True,0.55,True
SigmaDock,7LCU_XTA,41,9,7,0.21951219512195122,7.33531084499113,0.35609756097560974,1.9233818054199219,True,6,False,False,0.17073170731707318,False
SigmaDock,7LEV_0JO,40,3,2,0.575,2.1747958347599017,0.5051282051282051,1.7548216581344604,True,12,True,True,0.575,True
SigmaDock,7LJN_GTP,40,14,8,0.2,10.463736022836176,0.21025641025641026,1.9490808248519897,True,1,False,False,0.025,False
SigmaDock,7LMO_NYO,40,11,7,0.325,6.611255400351434,0.2935897435897436,1.9716659784317017,True,10,False,False,0.3,True
SigmaDock,7LOE_Y84,40,4,4,0.3,3.9079997032861695,0.2423076923076923,1.673980712890625,True,9,False,False,0.225,True
SigmaDock,7LOU_IFM,41,5,4,0.6341463414634146,3.063836853853049,0.44878048780487806,1.850521206855774,True,20,True,True,0.6341463414634146,True
SigmaDock,7LT0_ONJ,40,4,4,0.475,3.098021790069055,0.6794871794871795,1.8587356805801392,True,11,False,True,0.475,True
SigmaDock,7LZD_YHY,40,11,10,0.175,9.262287156048725,0.20384615384615384,1.9097206592559814,True,1,False,False,0.05,True
SigmaDock,7M31_TDR,40,12,9,0.275,9.100731115167191,0.2141025641025641,1.968681812286377,True,5,False,False,0.15,True
SigmaDock,7M3H_YPV,41,6,4,0.3170731707317073,4.376071216894285,0.524390243902439,1.8173288106918335,True,15,False,False,0.2926829268292683,True
SigmaDock,7M6K_YRJ,40,21,13,0.1,18.98041122505421,0.05512820512820513,1.9717113971710205,False,0,False,False,0.05,False
SigmaDock,7MFP_Z7P,40,29,8,0.1,26.047191283724786,0.04230769230769231,1.944305658340454,False,0,False,False,0.05,False
SigmaDock,7MGT_ZD4,41,4,4,0.6585365853658537,2.494061922713634,0.5719512195121951,1.7619112730026245,True,3,False,False,0.24390243902439024,True
SigmaDock,7MGY_ZD1,40,10,5,0.475,5.1767879103338865,0.4935897435897436,1.9302486181259155,True,6,False,True,0.475,True
SigmaDock,7MMH_ZJY,40,21,8,0.225,15.548408044879432,0.1794871794871795,1.889357089996338,False,0,False,False,0.025,False
SigmaDock,7MOI_HPS,40,6,6,0.275,5.500060927821253,0.6410256410256411,1.7991303205490112,True,34,True,False,0.175,True
SigmaDock,7MSR_DCA,41,18,8,0.17073170731707318,13.739043854723183,0.24146341463414633,1.9315828084945679,True,4,False,False,0.0975609756097561,False
SigmaDock,7MWN_WI5,40,10,7,0.275,7.620803292541638,0.3076923076923077,1.9934518337249756,False,0,False,False,0.075,False
SigmaDock,7MWU_ZPM,40,4,4,0.475,3.2553639162105736,0.9141025641025641,1.7844089269638062,True,12,False,False,0.2,True
SigmaDock,7MY1_IPE,41,9,7,0.2926829268292683,6.454376343359735,0.526829268292683,1.9133981466293335,True,13,False,False,0.04878048780487805,False
SigmaDock,7MYU_ZR7,40,7,4,0.575,3.6575560427166214,0.41794871794871796,1.7393782138824463,True,17,True,True,0.575,True
SigmaDock,7N03_ZRP,40,10,4,0.45,5.24880029408619,0.37564102564102564,1.720198154449463,True,19,True,False,0.125,True
SigmaDock,7N4N_0BK,40,4,3,0.675,2.428850543346478,0.8589743589743589,1.7968218326568604,True,11,False,True,0.675,True
SigmaDock,7N4W_P4V,40,13,11,0.2,10.642526637477026,0.13333333333333333,1.7614408731460571,True,7,True,True,0.2,True
SigmaDock,7N6F_0I1,40,7,3,0.425,4.115424466083296,0.4641025641025641,1.9434105157852173,False,0,False,True,0.425,False
SigmaDock,7N7B_T3F,40,21,12,0.1,18.57527329858289,0.09487179487179487,1.9870842695236206,False,0,False,False,0.05,False
SigmaDock,7N7H_CTP,40,4,3,0.65,2.6164501851948714,0.8948717948717949,1.9265135526657104,True,1,False,True,0.65,True
SigmaDock,7NF0_BYN,40,3,2,0.85,1.6327949981247791,0.732051282051282,1.701724886894226,False,0,False,False,0.125,False
SigmaDock,7NF3_4LU,40,3,2,0.825,1.708296705630345,0.6961538461538461,1.823895812034607,False,0,False,True,0.825,False
SigmaDock,7NFB_GEN,40,2,2,0.725,1.8006879338394017,0.591025641025641,1.173071026802063,True,29,True,True,0.725,True
SigmaDock,7NGW_UAW,40,2,2,0.675,1.8787018413051881,0.9935897435897436,1.730067253112793,False,0,False,True,0.675,False
SigmaDock,7NLV_UJE,40,1,1,1.0,1.0,1.0,1.62217116355896,True,23,True,True,1.0,True
SigmaDock,7NP6_UK8,40,4,3,0.8,2.0042408770177578,0.7705128205128206,1.6007274389266968,True,2,False,True,0.8,True
SigmaDock,7NPL_UKZ,40,4,3,0.625,2.697781678756628,0.4935897435897436,1.9757837057113647,True,15,True,True,0.625,True
SigmaDock,7NR8_UOE,40,14,4,0.4,7.382880053100384,0.38846153846153847,1.8646583557128906,True,13,True,True,0.4,True
SigmaDock,7NSW_HC4,40,1,1,1.0,1.0,1.0,1.9642664194107056,True,33,True,True,1.0,True
SigmaDock,7NU0_DCL,40,2,2,0.825,1.589987953549394,0.9987179487179487,1.8474313020706177,True,23,True,True,0.825,True
SigmaDock,7NUT_GLP,42,5,5,0.40476190476190477,4.034489597768076,0.2868757259001161,1.8839640617370605,True,1,False,False,0.11904761904761904,False
SigmaDock,7NXO_UU8,40,21,9,0.15,17.252038905852306,0.08333333333333333,1.986961841583252,True,3,False,False,0.075,True
SigmaDock,7O0N_CDP,40,3,3,0.675,2.296037023507567,0.841025641025641,1.919512391090393,False,0,False,False,0.225,False
SigmaDock,7O1T_5X8,40,5,4,0.275,4.315777092407955,0.49230769230769234,1.8772989511489868,True,3,False,False,0.25,True
SigmaDock,7ODY_DGI,40,5,4,0.35,4.014395727896393,0.4217948717948718,1.79697847366333,True,6,False,False,0.325,True
SigmaDock,7OEO_V9Z,40,27,10,0.075,24.510220062248614,0.035897435897435895,1.8919326066970825,True,3,False,False,0.05,False
SigmaDock,7OFF_VCB,40,11,9,0.25,8.97528232576235,0.25384615384615383,1.9682574272155762,True,1,False,False,0.025,False
SigmaDock,7OFK_VCH,40,9,8,0.2,7.794273653048498,0.39487179487179486,1.9101383686065674,True,9,True,False,0.15,False
SigmaDock,7OLI_8HG,41,7,4,0.3902439024390244,4.491189154002835,0.3304878048780488,1.8213154077529907,True,10,False,False,0.2682926829268293,True
SigmaDock,7OMX_CNA,40,17,8,0.225,12.365193797018732,0.19615384615384615,1.975542426109314,False,0,False,False,0.125,False
SigmaDock,7OP9_06K,40,4,3,0.5,3.0678945567467557,0.391025641025641,1.6800819635391235,False,0,False,True,0.5,False
SigmaDock,7OPG_06N,40,5,3,0.75,2.3038004721519827,0.5782051282051283,1.5390563011169434,True,5,False,False,0.15,True
SigmaDock,7OSO_0V1,40,9,8,0.3,6.838235509048004,0.38333333333333336,1.898942470550537,True,13,True,False,0.125,False
SigmaDock,7OZ9_NGK,40,12,7,0.2,9.275729086296096,0.2128205128205128,1.9536181688308716,False,0,False,True,0.2,False
SigmaDock,7OZC_G6S,40,5,5,0.475,3.7394311754677916,0.38333333333333336,1.990613579750061,False,0,False,False,0.05,False
SigmaDock,7P1F_KFN,40,3,2,0.8,1.778475356177588,0.6705128205128205,1.895840048789978,True,21,True,True,0.8,True
SigmaDock,7P1M_4IU,40,14,7,0.25,9.82927585175233,0.367948717948718,1.8306217193603516,False,0,False,False,0.15,False
SigmaDock,7P2I_MFU,40,3,3,0.625,2.4602329762891006,0.6602564102564102,1.9952884912490845,True,4,False,False,0.25,True
SigmaDock,7P4C_5OV,40,4,3,0.825,1.8794401139606915,0.6884615384615385,1.9046506881713867,True,11,False,True,0.825,True
SigmaDock,7P5T_5YG,40,4,4,0.525,3.2017548785174506,0.47692307692307695,1.97208571434021,True,15,True,True,0.525,True
SigmaDock,7PGX_FMN,40,8,6,0.275,6.114001851311977,0.3294871794871795,1.8921055793762207,True,8,False,False,0.25,False
SigmaDock,7PIH_7QW,40,2,2,0.625,1.9378192408783848,0.7243589743589743,1.7769482135772705,True,16,False,True,0.625,False
SigmaDock,7PJQ_OWH,40,2,2,0.65,1.9106560008522477,0.5333333333333333,1.9773125648498535,True,8,False,False,0.35,False
SigmaDock,7PK0_BYC,40,37,3,0.05,36.05001850443324,0.0038461538461538464,1.9537252187728882,False,0,False,False,0.025,False
SigmaDock,7PL1_SFG,40,3,1,0.95,1.2625993881725737,0.9192307692307692,1.9029744863510132,True,7,False,True,0.95,True
SigmaDock,7POM_7VZ,40,3,1,0.95,1.2625993881725737,0.9423076923076923,1.8565690517425537,True,28,True,True,0.95,True
SigmaDock,7PRI_7TI,40,9,5,0.325,6.101629105200629,0.30512820512820515,1.9882274866104126,True,11,True,True,0.325,True
SigmaDock,7PRM_81I,40,3,2,0.775,1.8434725755788737,0.6410256410256411,1.9533253908157349,True,25,True,True,0.775,True
SigmaDock,7PT3_3KK,41,26,11,0.0975609756097561,23.26743737602935,0.04390243902439024,1.996538519859314,False,0,False,False,0.04878048780487805,False
SigmaDock,7PUV_84Z,40,4,4,0.85,1.7994857526397827,0.7282051282051282,1.7981222867965698,True,32,True,True,0.85,True
SigmaDock,7Q25_8J9,40,30,6,0.15,25.70868155589707,0.04358974358974359,1.990610122680664,False,0,False,False,0.025,False
SigmaDock,7Q27_8KC,40,31,7,0.1,28.284271247461923,0.03076923076923077,1.8548349142074585,False,0,False,False,0.05,False
SigmaDock,7Q2B_M6H,40,2,2,0.575,1.97754189985451,0.9794871794871794,1.7864532470703125,True,28,True,False,0.425,True
SigmaDock,7Q5I_I0F,40,2,2,0.95,1.2195906179141718,0.9974358974358974,1.798034429550171,True,8,False,True,0.95,True
SigmaDock,7QE4_NGA,40,11,6,0.375,6.846259600351718,0.40512820512820513,1.904931902885437,True,16,True,True,0.375,True
SigmaDock,7QF4_RBF,40,6,4,0.625,3.278194407893471,0.41923076923076924,1.6618444919586182,False,0,False,True,0.625,False
SigmaDock,7QFM_AY3,40,5,5,0.45,3.611449317527608,0.791025641025641,1.6995657682418823,True,14,False,False,0.125,True
SigmaDock,7QGP_DJ8,40,1,1,1.0,1.0,1.0,1.8440638780593872,True,32,True,True,1.0,True
SigmaDock,7QHG_T3B,40,15,9,0.25,10.879515440512776,0.2,1.9205656051635742,True,2,False,False,0.175,True
SigmaDock,7QHL_D5P,40,5,2,0.825,1.9457184264439453,0.7243589743589743,1.9335588216781616,True,19,True,True,0.825,True
SigmaDock,7QPP_VDX,40,3,3,0.5,2.568567607415556,0.7871794871794872,1.9027446508407593,True,15,False,True,0.5,True
SigmaDock,7QTA_URI,40,10,7,0.2,8.09711438557791,0.3076923076923077,1.9399936199188232,True,3,False,False,0.15,True
SigmaDock,7R3D_APR,40,7,6,0.425,5.0128921235480695,0.5256410256410257,1.8563367128372192,True,4,False,True,0.425,True
SigmaDock,7R59_I5F,40,3,3,0.55,2.5961194854558647,0.7730769230769231,1.1711421012878418,True,14,True,True,0.55,True
SigmaDock,7R6J_2I7,40,22,8,0.125,18.06431345687191,0.10897435897435898,1.9685111045837402,False,0,False,False,0.075,False
SigmaDock,7R7R_AWJ,40,5,4,0.475,3.040192184659683,0.6423076923076924,1.9078938961029053,True,8,False,True,0.475,True
SigmaDock,7R9N_F97,40,6,2,0.475,2.9628607398861666,0.3935897435897436,1.5891059637069702,True,19,True,True,0.475,True
SigmaDock,7RC3_SAH,40,1,1,1.0,1.0,1.0,1.3183197975158691,True,14,False,True,1.0,True
SigmaDock,7RH3_59O,41,14,9,0.17073170731707318,11.128599223233733,0.24878048780487805,1.910814642906189,False,0,False,False,0.12195121951219512,False
SigmaDock,7RKW_5TV,40,9,6,0.3,6.145825903109113,0.4717948717948718,1.825823187828064,True,4,False,True,0.3,True
SigmaDock,7RNI_60I,40,20,10,0.15,16.28047085975285,0.15897435897435896,1.996710181236267,True,5,True,True,0.15,False
SigmaDock,7ROR_69X,40,4,3,0.7,2.358561895548044,0.7756410256410257,1.7860466241836548,True,1,False,True,0.7,True
SigmaDock,7ROU_66I,40,6,4,0.775,2.400864140120183,0.658974358974359,1.696863055229187,True,1,False,True,0.775,True
SigmaDock,7RSV_7IQ,40,3,2,0.925,1.36905815578532,0.8551282051282051,1.8142725229263306,True,26,True,True,0.925,True
SigmaDock,7RWS_4UR,41,23,14,0.07317073170731707,21.19799137492478,0.05,1.9738389253616333,False,0,False,False,0.024390243902439025,False
SigmaDock,7RZL_NPO,40,5,5,0.425,3.4008236568142536,0.7064102564102565,1.9221738576889038,False,0,False,False,0.4,False
SigmaDock,7SCW_GSP,40,2,2,0.95,1.2195906179141718,0.9217948717948717,1.6307225227355957,True,19,False,True,0.95,True
SigmaDock,7SDD_4IP,40,35,5,0.05,33.63585661014861,0.007692307692307693,1.8855029344558716,True,2,False,False,0.05,True
SigmaDock,7SFO_98L,40,3,3,0.8,1.8457200132750964,0.6564102564102564,1.7322545051574707,True,2,False,True,0.8,False
SigmaDock,7SIU_9ID,40,10,5,0.325,6.727230486173694,0.3576923076923077,1.994993805885315,True,16,True,False,0.175,True
SigmaDock,7SUC_COM,40,6,5,0.425,4.373491874391523,0.7294871794871794,1.8219414949417114,False,0,False,False,0.075,False
SigmaDock,7SZA_DUI,40,3,3,0.6,2.377483779900737,0.5461538461538461,1.291447639465332,True,9,False,False,0.075,True
SigmaDock,7T0D_FPP,41,8,8,0.3902439024390244,5.682329217639078,0.348780487804878,1.9571104049682617,False,0,False,True,0.3902439024390244,False
SigmaDock,7T1D_E7K,40,5,3,0.625,2.67247097842898,0.47307692307692306,1.9759029150009155,True,18,True,True,0.625,True
SigmaDock,7T3E_SLB,40,15,8,0.3,10.12480896255948,0.2782051282051282,1.8540138006210327,True,10,True,True,0.3,True
SigmaDock,7TB0_UD1,40,31,7,0.075,28.525568221537057,0.028205128205128206,1.8433823585510254,False,0,False,False,0.05,False
SigmaDock,7TBU_S3P,40,8,6,0.3,6.346482995610326,0.5217948717948718,1.8774696588516235,True,15,True,True,0.3,True
SigmaDock,7TE8_P0T,40,8,6,0.2,6.687422179804115,0.23974358974358975,1.8514831066131592,True,1,False,True,0.2,False
SigmaDock,7TH4_FFO,41,23,14,0.0975609756097561,21.02303356005032,0.046341463414634146,1.9407988786697388,False,0,False,False,0.024390243902439025,False
SigmaDock,7THI_PGA,40,3,3,0.4,2.9648137788644586,0.9294871794871795,1.8844325542449951,False,0,False,False,0.325,False
SigmaDock,7TM6_GPJ,40,2,2,0.575,1.97754189985451,0.9961538461538462,1.9715361595153809,True,8,False,False,0.425,False
SigmaDock,7TOM_5AD,41,7,7,0.21951219512195122,6.738512020227063,0.21341463414634146,1.8635653257369995,True,8,True,True,0.21951219512195122,True
SigmaDock,7TS6_KMI,40,13,5,0.275,7.99923127671014,0.18076923076923077,1.895235538482666,False,0,False,False,0.025,False
SigmaDock,7TSF_H4B,40,8,7,0.275,6.116151494007993,0.3128205128205128,1.5997591018676758,False,0,False,False,0.15,False
SigmaDock,7TUO_KL9,40,7,7,0.425,5.3819904264372145,0.4653846153846154,1.993764042854309,True,11,False,False,0.15,True
SigmaDock,7TXK_LW8,40,7,5,0.4,4.465107685993914,0.5166666666666667,1.9264415502548218,True,10,False,False,0.3,True
SigmaDock,7TYP_KUR,40,14,11,0.175,11.680572113263851,0.15,1.937995433807373,True,2,False,False,0.075,True
SigmaDock,7U0U_FK5,40,37,3,0.05,36.050018504433254,0.00641025641025641,1.8902205228805542,False,0,False,False,0.025,False
SigmaDock,7U3J_L6U,40,31,6,0.1,27.91668839150287,0.026923076923076925,1.960034728050232,False,0,False,False,0.025,False
SigmaDock,7UAS_MBU,42,30,7,0.09523809523809523,26.343027766865408,0.026713124274099883,1.818953037261963,True,1,False,False,0.07142857142857142,True
SigmaDock,7UAW_MF6,40,29,9,0.075,26.615296253027996,0.03333333333333333,1.892924189567566,True,1,False,False,0.025,True
SigmaDock,7UJ4_OQ4,40,20,11,0.225,15.681053633662327,0.12179487179487179,1.9791673421859741,True,6,False,False,0.075,True
SigmaDock,7UJ5_DGL,40,1,1,1.0,1.0,1.0,1.9052194356918335,True,4,False,True,1.0,True
SigmaDock,7UJF_R3V,41,1,1,1.0,1.0,1.0,1.8475260734558105,True,19,False,True,1.0,True
SigmaDock,7ULC_56B,40,14,10,0.25,10.795310779896774,0.12179487179487179,1.8904109001159668,True,2,False,True,0.25,True
SigmaDock,7UMW_NAD,40,20,11,0.125,16.96899842012533,0.1423076923076923,1.976386308670044,False,0,False,False,0.025,False
SigmaDock,7UQ3_O2U,40,3,3,0.725,2.176343811095329,0.5525641025641026,1.1758136749267578,True,1,False,True,0.725,True
SigmaDock,7USH_82V,40,2,2,0.9,1.384145488461686,0.8153846153846154,1.9236677885055542,True,36,True,True,0.9,True
SigmaDock,7UTW_NAI,40,12,7,0.375,7.781167020344711,0.3217948717948718,1.9107047319412231,False,0,False,False,0.125,False
SigmaDock,7UXS_OJC,40,12,8,0.4,7.595108214951502,0.2641025641025641,1.9546774625778198,False,0,False,False,0.05,False
SigmaDock,7UY4_SMI,41,17,11,0.12195121951219512,14.29160454223026,0.12439024390243902,1.9408286809921265,True,2,False,False,0.04878048780487805,False
SigmaDock,7UYB_OK0,40,12,5,0.275,7.669094657584515,0.258974358974359,1.9750051498413086,True,13,True,True,0.275,True
SigmaDock,7V14_ORU,40,4,2,0.875,1.6414072918488944,0.8948717948717949,1.6807994842529297,True,16,False,True,0.875,True
SigmaDock,7V3N_AKG,41,2,1,0.975609756097561,1.1214979894043937,0.9963414634146341,1.7101666927337646,True,29,True,True,0.975609756097561,True
SigmaDock,7V3S_5I9,40,3,3,0.675,2.160006023853965,0.9076923076923077,1.8042162656784058,True,31,True,True,0.675,True
SigmaDock,7V43_C4O,40,4,4,0.375,3.677467172073912,0.7115384615384616,1.8803404569625854,True,6,False,False,0.15,True
SigmaDock,7VB8_STL,40,4,3,0.55,2.5564764414180985,0.43333333333333335,1.4973069429397583,True,37,True,False,0.05,False
SigmaDock,7VBU_6I4,40,4,4,0.8,2.0306309908905886,0.6461538461538462,1.3720636367797852,True,32,True,True,0.8,True
SigmaDock,7VC5_9SF,40,4,4,0.6,2.809802194682973,0.8538461538461538,1.6317461729049683,True,29,True,True,0.6,True
SigmaDock,7VKZ_NOJ,40,3,2,0.725,1.9580394737110087,0.5871794871794872,1.5194716453552246,True,24,True,True,0.725,True
SigmaDock,7VQ9_ISY,40,14,9,0.175,11.411484565714169,0.3423076923076923,1.9971251487731934,True,8,False,False,0.125,True
SigmaDock,7VWF_K55,40,4,4,0.55,2.70694670162578,0.8807692307692307,1.8330415487289429,True,9,False,True,0.55,True
SigmaDock,7VYJ_CA0,40,4,4,0.5,3.2053502818977875,0.75,1.7629401683807373,False,0,False,True,0.5,False
SigmaDock,7W05_GMP,40,5,5,0.45,4.016298844113601,0.6705128205128205,1.9610662460327148,True,10,False,False,0.25,True
SigmaDock,7W06_ITN,40,4,4,0.4,3.6816267929756497,0.4641025641025641,1.8387415409088135,True,13,False,False,0.2,True
SigmaDock,7WCF_ACP,40,5,5,0.5,3.7926853107656178,0.5717948717948718,1.970196008682251,True,13,False,True,0.5,True
SigmaDock,7WDT_NGS,40,2,2,0.9,1.384145488461686,0.8243589743589743,1.982862114906311,True,7,False,True,0.9,True
SigmaDock,7WJB_BGC,40,6,6,0.7,2.9419641154329508,0.5051282051282051,1.9712824821472168,True,2,False,True,0.7,True
SigmaDock,7WKL_CAQ,40,3,2,0.625,2.124235553671615,0.5012820512820513,1.5136486291885376,True,11,False,False,0.35,True
SigmaDock,7WL4_JFU,40,10,8,0.425,6.584284275634262,0.25256410256410255,1.8126204013824463,True,6,False,False,0.075,True
SigmaDock,7WPW_F15,40,7,5,0.425,4.7036440470593925,0.44358974358974357,1.9480829238891602,True,20,True,False,0.225,True
SigmaDock,7WQQ_5Z6,40,2,2,0.5,2.0,0.48717948717948717,1.8511226177215576,True,31,True,False,0.5,True
SigmaDock,7WUX_6OI,41,16,10,0.17073170731707318,12.656451717934942,0.27439024390243905,1.9343748092651367,False,0,False,False,0.04878048780487805,False
SigmaDock,7WUY_76N,41,15,11,0.14634146341463414,12.849758228716023,0.1402439024390244,1.9729927778244019,False,0,False,False,0.04878048780487805,False
SigmaDock,7WY1_D0L,40,13,8,0.2,9.997225642073301,0.1987179487179487,1.9996589422225952,True,1,False,True,0.2,False
SigmaDock,7X5N_5M5,41,6,4,0.6097560975609756,3.2684820887350616,0.42560975609756097,1.751135230064392,True,11,False,True,0.6097560975609756,True
SigmaDock,7X9K_8OG,40,4,4,0.425,3.322141397826593,0.45384615384615384,1.6213663816452026,True,4,False,True,0.425,True
SigmaDock,7XBV_APC,40,11,9,0.325,7.675462577200426,0.23333333333333334,1.9873872995376587,False,0,False,False,0.05,False
SigmaDock,7XFA_D9J,40,16,10,0.175,13.019982430282054,0.1371794871794872,1.9816571474075317,True,2,False,False,0.075,False
SigmaDock,7XG5_PLP,40,3,3,0.6,2.377483779900737,0.4717948717948718,1.9683785438537598,True,3,False,True,0.6,True
SigmaDock,7XI7_4RI,40,9,4,0.5,4.315777092407954,0.34102564102564104,1.913385272026062,True,21,True,True,0.5,True
SigmaDock,7XJN_NSD,40,3,2,0.625,2.124235553671615,0.5012820512820513,1.4620269536972046,True,14,False,False,0.35,True
SigmaDock,7XQZ_FPF,40,11,10,0.2,9.366870743752484,0.40897435897435896,1.9185606241226196,True,5,False,False,0.05,True
SigmaDock,7XRL_FWK,40,15,6,0.275,9.732699584630618,0.15128205128205127,1.9584259986877441,True,2,False,False,0.2,False
SigmaDock,7YZU_DO7,40,1,1,1.0,1.0,1.0,1.9089041948318481,True,13,False,True,1.0,True
SigmaDock,7Z1Q_NIO,40,3,3,0.525,2.343702969192189,0.8653846153846154,1.8471304178237915,True,37,True,False,0.425,True
SigmaDock,7Z2O_IAJ,40,4,2,0.875,1.6414072918488944,0.7666666666666667,1.4059607982635498,True,1,False,True,0.875,False
SigmaDock,7Z7F_IF3,40,4,4,0.425,3.2728766143278123,0.32564102564102565,1.528977870941162,True,4,False,False,0.125,True
SigmaDock,7ZCC_OGA,40,5,5,0.525,3.5225183856657,0.49230769230769234,1.8601126670837402,True,11,False,True,0.525,True
SigmaDock,7ZDY_6MJ,40,4,3,0.475,2.9258129524880325,0.39487179487179486,1.8188276290893555,True,10,True,True,0.475,True
SigmaDock,7ZF0_DHR,42,5,5,0.3333333333333333,4.42765607477078,0.6411149825783972,1.8690357208251953,True,7,False,False,0.19047619047619047,False
SigmaDock,7ZHP_IQY,40,2,2,0.8,1.6493848884661177,0.6717948717948717,1.9961103200912476,True,2,False,True,0.8,True
SigmaDock,7ZL5_IWE,40,3,2,0.775,1.8434725755788737,0.6358974358974359,1.5838207006454468,True,29,True,True,0.775,True
SigmaDock,7ZOC_T8E,40,2,2,0.6,1.9601317042077895,0.9794871794871794,1.843361258506775,True,36,True,True,0.6,True
SigmaDock,7ZTL_BCN,41,14,7,0.1951219512195122,10.187026358976185,0.13048780487804879,1.7920554876327515,True,2,False,True,0.1951219512195122,False
SigmaDock,7ZU2_DHT,40,2,2,0.925,1.305236777831472,0.8576923076923076,1.0596548318862915,True,37,True,True,0.925,True
SigmaDock,7ZXV_45D,35,12,8,0.17142857142857143,10.12519350311999,0.146218487394958,1.6390389204025269,True,6,True,False,0.11428571428571428,False
SigmaDock,7ZZW_KKW,40,9,8,0.2,7.943764106266663,0.25256410256410255,1.9245984554290771,False,0,False,False,0.15,False
SigmaDock,8A1H_DLZ,40,8,7,0.225,7.157334823726534,0.30641025641025643,1.8982421159744263,True,3,False,False,0.1,True
SigmaDock,8A2D_KXY,40,25,8,0.125,21.203026933654453,0.038461538461538464,1.8228768110275269,True,1,False,False,0.025,True
SigmaDock,8AAU_LH0,40,8,7,0.35,6.110830587128234,0.3,1.8458997011184692,True,11,False,True,0.35,True
SigmaDock,8AEM_LVF,40,6,4,0.625,3.2299964724229224,0.5474358974358975,1.9881446361541748,True,25,True,True,0.625,True
SigmaDock,8AIE_M7L,40,13,8,0.25,9.684760077433316,0.18205128205128204,1.8748680353164673,True,3,False,True,0.25,True
SigmaDock,8AP0_PRP,40,12,8,0.3,8.368164554087397,0.16153846153846155,1.9952770471572876,False,0,False,True,0.3,False
SigmaDock,8AQL_PLG,40,4,3,0.7,2.404092719552477,0.5679487179487179,1.6164520978927612,True,4,False,True,0.7,True
SigmaDock,8AUH_L9I,40,17,10,0.15,13.870450184131089,0.12179487179487179,1.8863201141357422,True,5,False,False,0.05,False
SigmaDock,8AY3_OE3,41,9,4,0.4634146341463415,4.341305953075004,0.3463414634146341,1.7947291135787964,True,6,False,True,0.4634146341463415,True
SigmaDock,8B8H_OJQ,40,7,5,0.675,3.2620128568195206,0.47692307692307695,1.9730175733566284,True,21,True,True,0.675,True
SigmaDock,8BOM_QU6,40,2,2,0.775,1.7043159719022556,0.6423076923076924,1.6990125179290771,True,1,False,False,0.225,True
SigmaDock,8BTI_RFO,40,6,5,0.525,3.9736717383917273,0.5192307692307693,1.8161959648132324,True,22,True,True,0.525,True
SigmaDock,8C3N_ADP,40,3,3,0.675,2.160006023853965,0.7884615384615384,1.91630220413208,True,15,False,True,0.675,True
SigmaDock,8C5M_MTA,40,2,2,0.55,1.9900083082219462,0.691025641025641,1.8273836374282837,True,3,False,True,0.55,True
SigmaDock,8CNH_V6U,41,6,5,0.3902439024390244,4.27582212675067,0.47317073170731705,1.984089732170105,True,8,False,True,0.3902439024390244,True
SigmaDock,8CSD_C5P,40,18,10,0.225,13.743805145119309,0.15512820512820513,1.8610410690307617,False,0,False,False,0.075,False
SigmaDock,8D19_GSH,40,10,6,0.325,6.315199420470377,0.632051282051282,1.9837828874588013,False,0,False,False,0.075,False
SigmaDock,8D39_QDB,40,2,2,0.525,1.9975005204422753,0.9884615384615385,1.8675936460494995,True,11,False,False,0.475,True
SigmaDock,8D5D_5DK,40,4,3,0.825,1.8794401139606918,0.6858974358974359,1.9907541275024414,False,0,False,True,0.825,False
SigmaDock,8DHG_T78,40,20,8,0.125,16.177954696312263,0.09230769230769231,1.963349461555481,True,4,False,False,0.075,True
SigmaDock,8DKO_TFB,40,2,2,0.625,1.9378192408783848,0.9717948717948718,1.8975322246551514,True,6,False,False,0.375,True
SigmaDock,8DP2_UMA,40,33,7,0.05,31.383363915870042,0.01282051282051282,1.8919774293899536,False,0,False,False,0.05,False
SigmaDock,8DSC_NCA,40,5,5,0.375,4.0663071376535,0.5282051282051282,1.5996384620666504,True,28,True,True,0.375,True
SigmaDock,8EAB_VN2,40,30,6,0.1,26.615296253028006,0.02564102564102564,1.9419786930084229,False,0,False,True,0.1,False
SigmaDock,8EX2_Q2Q,40,5,2,0.875,1.7216661973046037,0.764102564102564,1.735139012336731,True,32,True,True,0.875,True
SigmaDock,8EXL_799,41,6,3,0.6341463414634146,3.0236634089881895,0.6890243902439024,1.8989441394805908,True,5,False,True,0.6341463414634146,True
SigmaDock,8EYE_X4I,41,4,4,0.4634146341463415,2.998253113717944,0.5597560975609757,1.98802649974823,True,1,False,True,0.4634146341463415,True
SigmaDock,8F4J_PHO,40,40,0,0.025,40.0,0.0,0.0,False,0,False,False,0.025,False
SigmaDock,8F8E_XJI,40,5,5,0.325,4.394917788424115,0.3243589743589744,1.9772870540618896,True,11,True,True,0.325,True
SigmaDock,8FAV_4Y5,40,4,3,0.775,2.062910998192773,0.676923076923077,1.7600072622299194,True,28,True,True,0.775,True
SigmaDock,8FLV_ZB9,40,4,4,0.375,3.5957295452565163,0.532051282051282,1.805198311805725,True,27,True,True,0.375,True
SigmaDock,8FO5_Y4U,40,5,3,0.45,3.4363691459355388,0.491025641025641,1.9242511987686157,True,11,False,False,0.275,True
SigmaDock,8G0V_YHT,40,12,7,0.325,8.050765055976713,0.24871794871794872,1.6589802503585815,False,0,False,False,0.075,False
SigmaDock,8G6P_API,40,18,10,0.15,14.797957396586831,0.1782051282051282,1.9833868741989136,True,15,True,False,0.125,True
SigmaDock,8GFD_ZHR,40,21,10,0.2,16.599362231244534,0.11153846153846154,1.9456504583358765,False,0,False,False,0.1,False
SigmaDock,8HFN_XGC,40,8,5,0.525,4.49743949711364,0.31025641025641026,1.8893786668777466,True,3,False,True,0.525,True
SigmaDock,8HO0_3ZI,40,7,6,0.425,4.838624851479918,0.4346153846153846,1.8722769021987915,False,0,False,False,0.025,False
SigmaDock,8SLG_G5A,40,3,3,0.9,1.48349040282257,0.9256410256410257,1.6902942657470703,True,6,False,True,0.9,True
Minimal,5SAK_ZRY,40,7,3,0.8,2.3325824788420184,0.6384615384615384,1.8764078617095947,True,29,True,True,0.8,True
Minimal,5SB2_1K2,40,3,3,0.75,1.9886096983055768,0.9307692307692308,1.9409611225128174,True,21,True,True,0.75,True
Minimal,5SD5_HWI,40,24,12,0.1,21.618338161253106,0.07564102564102564,1.9402533769607544,False,0,False,False,0.075,False
Minimal,5SIS_JSM,40,18,10,0.125,14.966880965261492,0.24102564102564103,1.9214433431625366,True,5,False,False,0.125,True
Minimal,6M2B_EZO,41,18,10,0.17073170731707318,14.489370805806802,0.15365853658536585,1.9390308856964111,True,1,False,False,0.07317073170731707,False
Minimal,6M73_FNR,40,9,6,0.35,5.460248416325711,0.47307692307692306,1.9234811067581177,True,5,False,True,0.35,True
Minimal,6T88_MWQ,40,6,5,0.4,4.598632978267702,0.7153846153846154,1.8855385780334473,True,9,False,True,0.4,True
Minimal,6TW5_9M2,40,21,12,0.15,17.94253129880886,0.07692307692307693,1.994206190109253,True,1,False,False,0.05,True
Minimal,6TW7_NZB,40,18,9,0.25,13.200986898710092,0.11666666666666667,1.9346263408660889,True,3,False,False,0.1,True
Minimal,6VTA_AKN,40,40,0,0.025,40.0,0.0,0.0,False,0,False,False,0.025,False
Minimal,6WTN_RXT,40,8,6,0.275,6.5480751969833975,0.24358974358974358,1.9694888591766357,True,5,False,False,0.175,True
Minimal,6XBO_5MC,40,6,4,0.475,3.7575741875588142,0.491025641025641,1.980325698852539,True,14,False,True,0.475,True
Minimal,6XCT_478,40,16,7,0.175,11.981505646160853,0.258974358974359,1.9975544214248657,True,9,False,False,0.175,True
Minimal,6XG5_TOP,40,10,7,0.325,7.073516514191045,0.3217948717948718,1.9424625635147095,True,16,True,True,0.325,True
Minimal,6XHT_V2V,40,24,6,0.275,16.58390913980995,0.15,1.998303771018982,True,1,False,True,0.275,True
Minimal,6XM9_V55,40,9,6,0.325,6.058956315097392,0.23333333333333334,1.6187388896942139,True,10,False,False,0.275,True
Minimal,6YJA_2BA,40,34,6,0.05,32.49009585424943,0.008974358974358974,1.9462376832962036,False,0,False,False,0.025,False
Minimal,6YMS_OZH,40,29,9,0.075,26.615296253028006,0.028205128205128206,1.988684892654419,True,1,False,False,0.05,True
Minimal,6YQV_8K2,41,5,5,0.3902439024390244,3.9161596504803673,0.6536585365853659,1.9423686265945435,True,30,True,True,0.3902439024390244,True
Minimal,6YQW_82I,40,8,7,0.275,6.50864848846977,0.2782051282051282,1.8983787298202515,True,7,False,False,0.125,True
Minimal,6YR2_T1C,40,25,7,0.15,20.342701059039076,0.05897435897435897,1.9935489892959595,True,3,False,True,0.15,True
Minimal,6YRV_PJ8,40,12,8,0.2,9.61946941552311,0.22179487179487178,1.957557201385498,True,5,False,True,0.2,True
Minimal,6YSP_PAL,40,8,7,0.35,5.737736378141079,0.7769230769230769,1.878363013267517,True,8,False,True,0.35,True
Minimal,6YT6_PKE,41,11,7,0.3902439024390244,6.933884581297998,0.34146341463414637,1.9370701313018799,True,8,False,False,0.0975609756097561,False
Minimal,6YYO_Q1K,41,9,6,0.21951219512195122,6.972137827965395,0.3146341463414634,1.9108741283416748,True,20,True,False,0.1951219512195122,True
Minimal,6Z0R_Q4H,41,9,7,0.3902439024390244,6.0567416347548635,0.2865853658536585,1.8833075761795044,True,16,True,True,0.3902439024390244,True
Minimal,6Z14_Q4Z,40,9,6,0.525,4.875260890981392,0.6064102564102564,1.8187166452407837,True,18,True,True,0.525,True
Minimal,6Z1C_7EY,40,8,5,0.375,5.415124222611625,0.5192307692307693,1.9194856882095337,True,11,True,True,0.375,True
Minimal,6Z2C_Q5E,40,26,7,0.175,21.008432371286595,0.07435897435897436,1.9115828275680542,True,4,True,True,0.175,True
Minimal,6Z4N_Q7B,40,21,12,0.1,18.57527329858289,0.08333333333333333,1.9962007999420166,False,0,False,False,0.05,False
Minimal,6ZAE_ACV,40,23,13,0.1,20.881938200936748,0.07948717948717948,1.9867581129074097,True,1,False,False,0.025,True
Minimal,6ZC3_JOR,41,14,8,0.36585365853658536,8.639154956066793,0.32439024390243903,1.8648769855499268,True,19,True,True,0.36585365853658536,True
Minimal,6ZCY_QF8,41,13,5,0.43902439024390244,6.4293574626225265,0.3146341463414634,1.7934637069702148,True,7,False,True,0.43902439024390244,True
Minimal,6ZK5_IMH,40,6,4,0.475,3.8168788384553523,0.4653846153846154,1.7619789838790894,True,1,False,False,0.25,False
Minimal,6ZPB_3D1,40,10,8,0.25,7.813437084434161,0.3230769230769231,1.8527567386627197,True,4,False,False,0.15,True
Minimal,7A1P_QW2,40,9,7,0.35,6.364650851977208,0.24358974358974358,1.9334365129470825,True,4,False,True,0.35,True
Minimal,7A9E_R4W,40,10,10,0.2,8.97528232576235,0.39615384615384613,1.8834428787231445,True,8,False,True,0.2,False
Minimal,7A9H_TPP,40,12,9,0.15,10.445643802497996,0.33076923076923076,1.9603627920150757,True,7,False,False,0.125,True
Minimal,7AFX_R9K,40,13,11,0.175,11.26318072395355,0.19615384615384615,1.9575823545455933,True,3,False,True,0.175,True
Minimal,7AKL_RK5,41,7,6,0.2926829268292683,5.433562282064659,0.3207317073170732,1.7453091144561768,True,18,True,True,0.2926829268292683,True
Minimal,7AN5_RDH,40,5,4,0.45,3.680067126672208,0.45384615384615384,1.9324731826782227,True,4,False,True,0.45,True
Minimal,7B2C_TP7,41,16,13,0.14634146341463414,14.245620092741133,0.21707317073170732,1.9986882209777832,False,0,False,False,0.0975609756097561,False
Minimal,7B94_ANP,40,11,10,0.175,9.15774843457959,0.4025641025641026,1.8229782581329346,True,2,False,False,0.15,True
Minimal,7BCP_GCO,40,10,9,0.2,8.60486306168229,0.45256410256410257,1.989675760269165,False,0,False,False,0.075,False
Minimal,7BJJ_TVW,40,10,7,0.225,8.015120419345362,0.2230769230769231,1.5129485130310059,True,8,False,False,0.15,True
Minimal,7BKA_4JC,40,3,3,0.5,2.3529942528290935,0.8192307692307692,1.9787338972091675,True,18,False,True,0.5,True
Minimal,7BMI_U4B,40,9,7,0.35,6.186805044793026,0.3038461538461538,1.6341016292572021,True,2,False,True,0.35,True
Minimal,7BNH_BEZ,40,10,8,0.2,8.40326857458379,0.3346153846153846,1.9161980152130127,True,19,False,True,0.2,True
Minimal,7BTT_F8R,40,22,7,0.15,17.33134281439057,0.12307692307692308,1.8652136325836182,True,4,False,False,0.1,True
Minimal,7C0U_FGO,40,32,6,0.075,29.53152021240154,0.020512820512820513,1.8954724073410034,True,1,False,True,0.075,True
Minimal,7C3U_AZG,41,6,6,0.3902439024390244,4.706475634654483,0.36097560975609755,1.807245135307312,False,0,False,False,0.21951219512195122,False
Minimal,7C8Q_DSG,40,10,8,0.2,8.368164554087393,0.45897435897435895,1.9329042434692383,True,5,False,True,0.2,True
Minimal,7CD9_FVR,40,30,5,0.175,24.772043570058816,0.05384615384615385,1.9952458143234253,False,0,False,True,0.175,False
Minimal,7CIJ_G0C,40,10,7,0.425,6.4845749510867865,0.4717948717948718,1.8792998790740967,True,2,False,False,0.1,True
Minimal,7CL8_TES,40,7,7,0.3,6.221774663933526,0.30512820512820515,1.943768858909607,True,2,False,False,0.1,True
Minimal,7CNQ_G8X,40,3,3,0.45,2.807120041628146,0.658974358974359,1.998668909072876,True,8,False,True,0.45,True
Minimal,7CNS_PMV,40,9,8,0.225,7.456691579645107,0.4794871794871795,1.977332353591919,False,0,False,False,0.175,False
Minimal,7CTM_BDP,40,14,10,0.175,11.488938253489422,0.15256410256410258,1.9836621284484863,True,2,False,False,0.125,True
Minimal,7CUO_PHB,40,4,3,0.575,2.5285420089072277,0.8461538461538461,1.7382994890213013,True,39,True,True,0.575,True
Minimal,7D5C_GV6,40,11,6,0.275,7.46806617678,0.382051282051282,1.9459021091461182,True,1,False,False,0.15,True
Minimal,7D6O_MTE,41,9,5,0.34146341463414637,5.8579482459319605,0.2939024390243902,1.9290530681610107,True,1,False,True,0.34146341463414637,True
Minimal,7DKT_GLF,40,5,4,0.55,2.9620537006293413,0.4346153846153846,1.9265758991241455,True,9,False,True,0.55,True
Minimal,7DQL_4CL,40,6,5,0.475,4.096275753270354,0.3217948717948718,1.9464157819747925,True,1,False,True,0.475,False
Minimal,7DUA_HJ0,41,9,6,0.4634146341463415,4.9810832943965355,0.4902439024390244,1.8452019691467285,True,17,True,False,0.24390243902439024,True
Minimal,7E4L_MDN,40,20,12,0.1,17.709349865911136,0.07948717948717948,1.970426082611084,True,13,False,False,0.075,True
Minimal,7EBG_J0L,40,6,4,0.475,4.035857999817089,0.4564102564102564,1.5630013942718506,True,3,False,False,0.1,True
Minimal,7ECR_SIN,40,3,3,0.5,2.568567607415556,0.5064102564102564,1.944394826889038,True,18,False,True,0.5,True
Minimal,7ED2_A3P,40,15,9,0.175,11.909363632446174,0.17564102564102563,1.8877285718917847,True,3,False,False,0.15,True
Minimal,7ELT_TYM,40,11,7,0.275,7.617392781395299,0.3576923076923077,1.9515949487686157,True,3,False,True,0.275,True
Minimal,7EPV_FDA,40,34,5,0.075,32.06785403228414,0.011538461538461539,1.921464204788208,False,0,False,False,0.025,False
Minimal,7ES1_UDP,40,10,7,0.325,6.910562577269197,0.4948717948717949,1.878051996231079,True,8,False,False,0.05,False
Minimal,7F51_BA7,40,18,11,0.125,15.521524222156653,0.21025641025641026,1.9620380401611328,True,3,False,False,0.075,True
Minimal,7F5D_EUO,40,16,11,0.125,13.870450184131089,0.1641025641025641,1.941051721572876,True,4,False,True,0.125,False
Minimal,7F8T_FAD,40,40,0,0.025,40.0,0.0,0.0,False,0,False,False,0.025,False
Minimal,7FB7_8NF,41,7,7,0.36585365853658536,5.675221551976259,0.23780487804878048,1.8049132823944092,True,14,True,True,0.36585365853658536,True
Minimal,7FHA_ADX,40,10,6,0.35,6.528627140806968,0.4064102564102564,1.9665217399597168,True,5,False,True,0.35,True
Minimal,7FRX_O88,40,19,12,0.1,17.027831123489904,0.10897435897435898,1.9007799625396729,True,4,False,False,0.075,True
Minimal,7FT9_4MB,40,15,10,0.175,12.491688625493758,0.2692307692307692,1.9361711740493774,True,8,False,False,0.075,True
Minimal,7JG0_GAR,40,13,9,0.2,10.014541186476945,0.28205128205128205,1.9806315898895264,True,6,True,True,0.2,True
Minimal,7JHQ_VAJ,40,14,8,0.2,10.367703218724392,0.25256410256410255,1.8264391422271729,True,5,False,True,0.2,True
Minimal,7JMV_4NC,40,7,6,0.375,4.8307331884920695,0.3858974358974359,1.6531201601028442,True,11,False,True,0.375,True
Minimal,7JXX_VP7,40,16,7,0.325,10.421859542315602,0.27692307692307694,1.6380242109298706,True,8,False,True,0.325,True
Minimal,7JY3_VUD,40,26,9,0.15,22.089847169794826,0.0782051282051282,1.910763144493103,False,0,False,True,0.15,False
Minimal,7K0V_VQP,40,5,3,0.475,2.8619348262011957,0.5705128205128205,1.9618083238601685,True,17,True,True,0.475,True
Minimal,7KB1_WBJ,40,7,4,0.65,3.2716665497940474,0.7538461538461538,1.9509987831115723,True,2,False,True,0.65,True
Minimal,7KC5_BJZ,40,15,7,0.225,10.497101447009744,0.3192307692307692,1.9139695167541504,True,16,True,True,0.225,True
Minimal,7KM8_WPD,40,15,11,0.125,12.837860388118811,0.25384615384615383,1.9758038520812988,True,1,False,False,0.05,True
Minimal,7KQU_YOF,40,6,6,0.325,4.881010562120681,0.4115384615384615,1.9837676286697388,True,1,False,True,0.325,True
Minimal,7KRU_ATP,40,4,2,0.775,1.9877534760884297,0.9243589743589744,1.7267158031463623,True,7,False,False,0.175,True
Minimal,7KZ9_XN7,40,4,3,0.65,2.5551520646644077,0.5025641025641026,1.9583600759506226,True,16,True,True,0.65,True
Minimal,7L00_XCJ,42,20,11,0.11904761904761904,16.81027184543583,0.16608594657375145,1.9907455444335938,True,5,False,True,0.11904761904761904,True
Minimal,7L03_F9F,40,3,3,0.525,2.550672150284318,0.9525641025641025,1.9162777662277222,True,27,True,True,0.525,True
Minimal,7L5F_XNG,40,13,8,0.225,9.585085464081747,0.32051282051282054,1.9935851097106934,True,3,False,True,0.225,False
Minimal,7L7C_XQ1,40,6,6,0.275,5.538054842101587,0.40512820512820513,1.8360460996627808,True,11,False,False,0.125,True
Minimal,7LCU_XTA,41,19,9,0.12195121951219512,15.514062387787463,0.11219512195121951,1.9780391454696655,True,3,False,False,0.0975609756097561,False
Minimal,7LEV_0JO,40,8,8,0.325,5.804532488877346,0.3435897435897436,1.8241066932678223,True,6,False,False,0.3,True
Minimal,7LJN_GTP,40,21,6,0.175,15.271155352600072,0.16153846153846155,1.9768986701965332,True,2,False,True,0.175,True
Minimal,7LMO_NYO,40,17,9,0.15,13.336665949369232,0.15897435897435896,1.991913080215454,True,6,False,True,0.15,True
Minimal,7LOE_Y84,40,6,4,0.35,4.561011703591784,0.2512820512820513,1.4335840940475464,True,15,True,True,0.35,True
Minimal,7LOU_IFM,41,11,9,0.1951219512195122,9.342426355652309,0.17560975609756097,1.9183452129364014,True,2,False,True,0.1951219512195122,True
Minimal,7LT0_ONJ,40,18,12,0.175,14.9560323997553,0.17435897435897435,1.9646769762039185,True,4,False,False,0.075,True
Minimal,7LZD_YHY,40,20,10,0.125,16.466317809005957,0.13076923076923078,1.97976553440094,True,2,False,False,0.05,True
Minimal,7M31_TDR,40,10,9,0.25,7.897277421434655,0.191025641025641,1.7850990295410156,True,5,False,True,0.25,True
Minimal,7M3H_YPV,41,10,8,0.2926829268292683,7.9328106559200755,0.3304878048780488,1.9689955711364746,True,12,True,True,0.2926829268292683,True
Minimal,7M6K_YRJ,40,27,10,0.075,24.510220062248635,0.03974358974358974,1.9918792247772217,False,0,False,False,0.05,False
Minimal,7MFP_Z7P,40,33,4,0.1,29.920365779907744,0.02564102564102564,1.9569332599639893,False,0,False,False,0.075,False
Minimal,7MGT_ZD4,41,11,8,0.1951219512195122,8.910981358435688,0.2634146341463415,1.9276474714279175,True,6,False,False,0.17073170731707318,True
Minimal,7MGY_ZD1,40,15,9,0.175,11.651924049701188,0.15512820512820513,1.917803406715393,False,0,False,False,0.075,False
Minimal,7MMH_ZJY,40,28,4,0.125,22.829302797145992,0.09358974358974359,1.9745527505874634,False,0,False,True,0.125,False
Minimal,7MOI_HPS,40,5,4,0.325,4.046284597728012,0.7294871794871794,1.962620496749878,True,31,True,True,0.325,True
Minimal,7MSR_DCA,41,29,9,0.07317073170731707,26.29926326624576,0.046341463414634146,1.9529718160629272,True,1,False,False,0.07317073170731707,True
Minimal,7MWN_WI5,40,32,6,0.075,29.53152021240154,0.02564102564102564,1.843076467514038,False,0,False,True,0.075,False
Minimal,7MWU_ZPM,40,6,5,0.4,4.438766935948376,0.708974358974359,1.9714293479919434,True,8,False,True,0.4,True
Minimal,7MY1_IPE,41,14,9,0.21951219512195122,10.30375810668176,0.5134146341463415,1.908718228340149,True,19,True,False,0.17073170731707318,True
Minimal,7MYU_ZR7,40,14,5,0.5,6.690397179553219,0.3282051282051282,1.9417115449905396,True,8,False,True,0.5,True
Minimal,7N03_ZRP,40,14,7,0.225,10.208352139929703,0.3564102564102564,1.9571669101715088,True,5,False,False,0.075,True
Minimal,7N4N_0BK,40,12,6,0.3,7.342256227534387,0.43846153846153846,1.918001413345337,True,6,False,False,0.275,True
Minimal,7N4W_P4V,40,10,6,0.4,6.164673216971826,0.26794871794871794,1.9820512533187866,True,9,True,True,0.4,True
Minimal,7N6F_0I1,40,14,6,0.225,9.301141974936183,0.4935897435897436,1.8887158632278442,True,2,False,False,0.2,True
Minimal,7N7B_T3F,40,24,11,0.125,21.023671129044693,0.05128205128205128,1.9574811458587646,False,0,False,False,0.075,False
Minimal,7N7H_CTP,40,8,7,0.5,4.822151361432131,0.6371794871794871,1.906007170677185,True,1,False,False,0.175,True
Minimal,7NF0_BYN,40,6,3,0.525,3.50992745201934,0.5782051282051283,1.9734656810760498,False,0,False,False,0.225,False
Minimal,7NF3_4LU,40,7,4,0.4,4.371756192278889,0.36538461538461536,1.982230305671692,False,0,False,True,0.4,False
Minimal,7NFB_GEN,40,3,2,0.525,2.2030392477543637,0.4653846153846154,1.5131512880325317,True,16,False,False,0.45,True
Minimal,7NGW_UAW,40,4,4,0.375,3.419343095373421,0.9230769230769231,1.9489169120788574,False,0,False,True,0.375,False
Minimal,7NLV_UJE,40,5,2,0.575,2.6177108502810644,0.8589743589743589,1.8221843242645264,True,17,True,False,0.35,True
Minimal,7NP6_UK8,40,7,5,0.35,5.199561012130264,0.5,1.802146315574646,True,8,True,True,0.35,True
Minimal,7NPL_UKZ,40,8,5,0.25,6.042871590121047,0.39871794871794874,1.7808908224105835,True,6,False,False,0.25,True
Minimal,7NR8_UOE,40,27,7,0.15,22.38070721008685,0.05,1.9354164600372314,True,2,False,False,0.1,True
Minimal,7NSW_HC4,40,2,2,0.525,1.9975005204422753,0.9769230769230769,1.9024994373321533,True,16,False,False,0.475,True
Minimal,7NU0_DCL,40,8,8,0.2,7.627904451206447,0.4346153846153846,1.8785163164138794,True,10,False,False,0.175,True
Minimal,7NUT_GLP,42,10,6,0.3333333333333333,6.4545776611097185,0.27409988385598144,1.8877390623092651,True,5,False,False,0.047619047619047616,False
Minimal,7NXO_UU8,40,19,12,0.175,15.921414490786216,0.1,1.9890072345733643,True,1,False,False,0.075,True
Minimal,7O0N_CDP,40,8,6,0.325,5.85050901976558,0.5576923076923077,1.9655554294586182,True,2,False,False,0.25,False
Minimal,7O1T_5X8,40,13,8,0.2,9.850240571504893,0.2987179487179487,1.9866305589675903,True,2,False,True,0.2,True
Minimal,7ODY_DGI,40,5,5,0.35,4.234926699311507,0.441025641025641,1.8222788572311401,True,9,True,True,0.35,True
Minimal,7OEO_V9Z,40,29,8,0.075,26.26940342364273,0.029487179487179487,1.9503755569458008,True,1,False,True,0.075,True
Minimal,7OFF_VCB,40,20,6,0.2,14.262784110768521,0.11923076923076924,1.982994556427002,True,4,False,False,0.15,True
Minimal,7OFK_VCH,40,16,11,0.175,12.841459792783963,0.3192307692307692,1.9811854362487793,True,4,False,False,0.175,True
Minimal,7OLI_8HG,41,16,9,0.17073170731707318,12.495954507667044,0.15853658536585366,1.9586822986602783,True,4,False,True,0.17073170731707318,True
Minimal,7OMX_CNA,40,31,7,0.075,28.525568221537043,0.016666666666666666,1.9831527471542358,False,0,False,False,0.05,False
Minimal,7OP9_06K,40,8,7,0.25,6.737695762837742,0.18717948717948718,1.880387783050537,True,1,False,True,0.25,False
Minimal,7OPG_06N,40,12,8,0.225,9.067529806553067,0.24615384615384617,1.9365202188491821,True,11,False,False,0.2,True
Minimal,7OSO_0V1,40,10,7,0.275,7.588037587775226,0.33205128205128204,1.9409528970718384,True,16,False,False,0.2,True
Minimal,7OZ9_NGK,40,22,12,0.125,19.360851782012556,0.13205128205128205,1.9066027402877808,False,0,False,False,0.075,False
Minimal,7OZC_G6S,40,10,8,0.2,8.140235429876416,0.3564102564102564,1.9807486534118652,False,0,False,False,0.025,False
Minimal,7P1F_KFN,40,14,10,0.2,11.512031345841216,0.32051282051282054,1.7980321645736694,True,8,True,False,0.1,False
Minimal,7P1M_4IU,40,15,11,0.225,11.788765612827074,0.2858974358974359,1.8854314088821411,True,4,False,False,0.025,False
Minimal,7P2I_MFU,40,10,10,0.2,9.077738136364975,0.35128205128205126,1.8512136936187744,True,6,False,True,0.2,True
Minimal,7P4C_5OV,40,8,5,0.375,5.286540317037234,0.4256410256410256,1.8481394052505493,True,9,True,True,0.375,True
Minimal,7P5T_5YG,40,9,9,0.2,8.014739315445357,0.391025641025641,1.9072623252868652,True,10,False,False,0.15,True
Minimal,7PGX_FMN,40,9,6,0.3,6.389558768055384,0.43333333333333335,1.8653547763824463,True,13,True,True,0.3,True
Minimal,7PIH_7QW,40,8,6,0.225,6.718482270977792,0.5038461538461538,1.9017561674118042,True,15,False,False,0.125,True
Minimal,7PJQ_OWH,40,6,6,0.325,4.987468349655527,0.6525641025641026,1.8890445232391357,True,6,False,True,0.325,True
Minimal,7PK0_BYC,40,40,0,0.025,40.0,0.0,0.0,False,0,False,False,0.025,False
Minimal,7PL1_SFG,40,10,7,0.55,5.143049866459972,0.5448717948717948,1.9520471096038818,True,2,False,True,0.55,True
Minimal,7POM_7VZ,40,11,8,0.325,7.575712138864934,0.4346153846153846,1.9358259439468384,True,17,True,True,0.325,True
Minimal,7PRI_7TI,40,19,10,0.15,15.887528212533342,0.1371794871794872,1.991468071937561,False,0,False,True,0.15,False
Minimal,7PRM_81I,40,6,4,0.475,3.7713327726313923,0.8256410256410256,1.9317307472229004,True,12,False,True,0.475,True
Minimal,7PT3_3KK,41,41,0,0.024390243902439025,41.00000000000001,0.0,0.0,False,0,False,False,0.024390243902439025,False
Minimal,7PUV_84Z,40,11,6,0.55,5.324419128313089,0.4,1.958046793937683,True,8,False,True,0.55,True
Minimal,7Q25_8J9,40,18,9,0.175,14.097894978876013,0.1987179487179487,1.93655526638031,True,1,False,False,0.075,True
Minimal,7Q27_8KC,40,21,6,0.2,14.855204991835738,0.20256410256410257,1.9606105089187622,False,0,False,False,0.075,False
Minimal,7Q2B_M6H,40,5,5,0.3,4.43130282954451,0.7551282051282051,1.986937403678894,True,21,False,False,0.25,True
Minimal,7Q5I_I0F,40,6,4,0.375,4.456362588129824,0.782051282051282,1.912023901939392,True,9,False,False,0.225,True
Minimal,7QE4_NGA,40,12,9,0.2,10.089826827841483,0.258974358974359,1.8777070045471191,True,12,False,False,0.1,True
Minimal,7QF4_RBF,40,8,4,0.65,3.5004225321055458,0.5435897435897435,1.9564869403839111,False,0,False,True,0.65,False
Minimal,7QFM_AY3,40,6,5,0.425,4.556413921745515,0.4358974358974359,1.976074457168579,True,17,True,True,0.425,True
Minimal,7QGP_DJ8,40,10,7,0.35,6.224725322670713,0.5987179487179487,1.9487078189849854,True,19,True,True,0.35,True
Minimal,7QHG_T3B,40,21,11,0.075,18.64802055189051,0.07307692307692308,1.9926011562347412,True,1,False,False,0.075,True
Minimal,7QHL_D5P,40,13,9,0.25,10.244971895235068,0.35128205128205126,1.9948396682739258,True,8,True,True,0.25,True
Minimal,7QPP_VDX,40,6,6,0.275,5.238395093393854,0.35128205128205126,1.876452088356018,True,3,False,False,0.25,False
Minimal,7QTA_URI,40,16,10,0.175,13.01998243028206,0.15256410256410258,1.974410891532898,True,2,False,True,0.175,False
Minimal,7R3D_APR,40,11,9,0.225,8.927737810607379,0.29615384615384616,1.9494162797927856,False,0,False,False,0.05,False
Minimal,7R59_I5F,40,7,4,0.4,4.05330783241233,0.37051282051282053,1.6167298555374146,True,7,False,False,0.375,True
Minimal,7R6J_2I7,40,27,10,0.125,23.945573489931835,0.04230769230769231,1.9773461818695068,False,0,False,False,0.05,False
Minimal,7R7R_AWJ,40,17,6,0.25,11.517185591178004,0.3282051282051282,1.9121596813201904,True,2,False,True,0.25,True
Minimal,7R9N_F97,40,16,9,0.25,11.64865806666971,0.191025641025641,1.9916932582855225,True,12,True,True,0.25,True
Minimal,7RC3_SAH,40,6,4,0.725,2.656728610572773,0.7294871794871794,1.8519350290298462,True,6,False,True,0.725,True
Minimal,7RH3_59O,41,31,8,0.07317073170731707,28.500658467359237,0.025609756097560974,1.9935617446899414,False,0,False,False,0.04878048780487805,False
Minimal,7RKW_5TV,40,20,12,0.1,17.559546976717296,0.07435897435897436,1.9736086130142212,False,0,False,False,0.1,False
Minimal,7RNI_60I,40,28,9,0.1,25.159928327404344,0.038461538461538464,1.9929364919662476,False,0,False,False,0.025,False
Minimal,7ROR_69X,40,9,6,0.325,6.41540707609363,0.49230769230769234,1.9242937564849854,True,2,False,False,0.15,True
Minimal,7ROU_66I,40,14,9,0.2,10.975375031838231,0.3871794871794872,1.9606274366378784,True,4,False,True,0.2,True
Minimal,7RSV_7IQ,40,5,4,0.5,3.402518744747232,0.6576923076923077,1.6348668336868286,True,26,True,True,0.5,True
Minimal,7RWS_4UR,41,34,6,0.07317073170731707,31.94850902141853,0.012195121951219513,1.9900602102279663,False,0,False,False,0.024390243902439025,False
Minimal,7RZL_NPO,40,9,8,0.225,7.857623377853785,0.33589743589743587,1.9927573204040527,False,0,False,False,0.125,False
Minimal,7SCW_GSP,40,5,3,0.575,3.0735425753539642,0.5923076923076923,1.8618764877319336,True,8,False,True,0.575,True
Minimal,7SDD_4IP,40,34,5,0.075,32.06785403228414,0.008974358974358974,1.96225106716156,False,0,False,False,0.025,False
Minimal,7SFO_98L,40,9,7,0.4,5.62341325190349,0.2743589743589744,1.9852330684661865,True,8,False,False,0.25,True
Minimal,7SIU_9ID,40,12,7,0.325,8.125336783895618,0.5282051282051282,1.988535761833191,True,9,True,True,0.325,True
Minimal,7SUC_COM,40,9,8,0.25,7.30609111813143,0.46794871794871795,1.9324078559875488,True,1,False,False,0.125,False
Minimal,7SZA_DUI,40,5,5,0.275,4.756723631568441,0.46923076923076923,1.9238848686218262,True,6,False,False,0.125,False
Minimal,7T0D_FPP,41,14,12,0.12195121951219512,12.407006074799156,0.20609756097560974,1.9866394996643066,False,0,False,False,0.04878048780487805,False
Minimal,7T1D_E7K,40,5,4,0.275,4.32780688678614,0.5423076923076923,1.9956382513046265,True,6,False,False,0.225,True
Minimal,7T3E_SLB,40,12,5,0.25,7.709753971831725,0.5166666666666667,1.9442346096038818,True,8,False,True,0.25,True
Minimal,7TB0_UD1,40,31,7,0.075,28.525568221537068,0.035897435897435895,1.9508825540542603,False,0,False,True,0.075,False
Minimal,7TBU_S3P,40,14,9,0.2,11.362420796466557,0.17307692307692307,1.9905788898468018,True,5,False,True,0.2,True
Minimal,7TE8_P0T,40,12,6,0.25,8.05518625554683,0.19487179487179487,1.8680405616760254,True,10,False,False,0.2,True
Minimal,7TH4_FFO,41,35,6,0.04878048780487805,33.471680435374694,0.014634146341463415,1.9436354637145996,False,0,False,False,0.024390243902439025,False
Minimal,7THI_PGA,40,7,7,0.25,6.378510964016455,0.4166666666666667,1.9319136142730713,True,13,True,False,0.125,True
Minimal,7TM6_GPJ,40,3,3,0.4,2.94623365229395,0.9474358974358974,1.9688827991485596,True,8,False,True,0.4,True
Minimal,7TOM_5AD,41,10,8,0.1951219512195122,8.273526443394317,0.174390243902439,1.880377173423767,True,3,False,False,0.024390243902439025,True
Minimal,7TS6_KMI,40,19,10,0.125,15.932963309579717,0.12179487179487179,1.8930954933166504,False,0,False,True,0.125,False
Minimal,7TSF_H4B,40,14,8,0.25,10.158309967991194,0.18333333333333332,1.9804129600524902,False,0,False,False,0.125,False
Minimal,7TUO_KL9,40,8,5,0.3,6.003815882949235,0.5653846153846154,1.915271520614624,True,9,False,False,0.15,True
Minimal,7TXK_LW8,40,6,4,0.35,4.233232739797026,0.7423076923076923,1.8459810018539429,True,14,False,False,0.3,True
Minimal,7TYP_KUR,40,24,9,0.125,20.4807739983888,0.06794871794871794,1.9533520936965942,True,1,False,False,0.025,False
Minimal,7U0U_FK5,40,40,0,0.025,40.0,0.0,0.0,False,0,False,False,0.025,False
Minimal,7U3J_L6U,40,36,4,0.05,34.82202253184499,0.008974358974358974,1.8916105031967163,False,0,False,False,0.025,False
Minimal,7UAS_MBU,42,34,4,0.09523809523809523,30.43794322750394,0.019744483159117306,1.893622636795044,True,2,False,False,0.07142857142857142,True
Minimal,7UAW_MF6,40,37,3,0.05,36.050018504433254,0.00641025641025641,1.6794337034225464,False,0,False,False,0.025,False
Minimal,7UJ4_OQ4,40,32,7,0.075,29.920365779907744,0.023076923076923078,1.9496712684631348,False,0,False,True,0.075,False
Minimal,7UJ5_DGL,40,5,3,0.575,2.9680929548170205,0.8602564102564103,1.9726988077163696,True,5,False,True,0.575,True
Minimal,7UJF_R3V,41,4,3,0.7073170731707317,2.329596972999071,0.9231707317073171,1.9521604776382446,True,15,False,True,0.7073170731707317,True
Minimal,7ULC_56B,40,20,7,0.175,14.626185755032099,0.2564102564102564,1.9076907634735107,True,1,False,True,0.175,True
Minimal,7UMW_NAD,40,26,10,0.1,22.973967099940708,0.06538461538461539,1.9668365716934204,False,0,False,False,0.05,False
Minimal,7UQ3_O2U,40,4,4,0.4,3.2842342005771155,0.44358974358974357,1.97016179561615,True,4,False,False,0.375,True
Minimal,7USH_82V,40,8,4,0.375,4.908700441687794,0.6705128205128205,1.9545961618423462,True,20,True,False,0.275,True
Minimal,7UTW_NAI,40,18,7,0.175,13.502477445550154,0.11025641025641025,1.9965574741363525,False,0,False,False,0.1,False
Minimal,7UXS_OJC,40,16,8,0.175,12.071578203683725,0.2012820512820513,1.9571785926818848,False,0,False,False,0.125,False
Minimal,7UY4_SMI,41,21,12,0.0975609756097561,18.363599964649197,0.10365853658536585,1.9784166812896729,True,1,False,False,0.04878048780487805,True
Minimal,7UYB_OK0,40,19,12,0.2,15.487752600221173,0.16282051282051282,1.952831745147705,True,5,False,True,0.2,True
Minimal,7V14_ORU,40,5,3,0.725,2.4508383148079282,0.8141025641025641,1.9562567472457886,True,6,False,True,0.725,True
Minimal,7V3N_AKG,41,4,4,0.4878048780487805,2.98150703408252,0.9048780487804878,1.902414083480835,True,17,False,True,0.4878048780487805,True
Minimal,7V3S_5I9,40,6,4,0.4,3.8316663313788446,0.732051282051282,1.887756586074829,True,14,False,True,0.4,True
Minimal,7V43_C4O,40,6,5,0.3,5.182413423381863,0.49743589743589745,1.5970264673233032,True,26,True,False,0.175,True
Minimal,7VB8_STL,40,5,4,0.45,3.3181471590155964,0.3474358974358974,1.961161732673645,True,30,True,True,0.45,True
Minimal,7VBU_6I4,40,6,4,0.425,4.053102400910951,0.5628205128205128,1.8636432886123657,True,4,False,True,0.425,False
Minimal,7VC5_9SF,40,6,5,0.3,5.0038790577912975,0.5256410256410257,1.742967963218689,True,13,True,True,0.3,True
Minimal,7VKZ_NOJ,40,4,3,0.525,2.9337141814941017,0.46025641025641023,1.9637466669082642,True,14,True,True,0.525,True
Minimal,7VQ9_ISY,40,17,14,0.125,15.52152422215666,0.18333333333333332,1.990763783454895,True,1,False,False,0.075,False
Minimal,7VWF_K55,40,15,10,0.225,10.99438476518971,0.2641025641025641,1.9229661226272583,True,2,False,True,0.225,True
Minimal,7VYJ_CA0,40,11,8,0.325,7.3982285703185475,0.517948717948718,1.8973736763000488,True,1,False,False,0.225,True
Minimal,7W05_GMP,40,9,8,0.2,7.635577676300028,0.3038461538461538,1.9840055704116821,True,9,False,False,0.175,True
Minimal,7W06_ITN,40,8,7,0.2,7.079385363483984,0.41410256410256413,1.886698842048645,True,9,False,True,0.2,True
Minimal,7WCF_ACP,40,18,11,0.15,14.992804126468073,0.23076923076923078,1.922586441040039,True,6,False,False,0.05,True
Minimal,7WDT_NGS,40,7,6,0.375,4.9769414488379775,0.632051282051282,1.9979948997497559,True,8,False,False,0.275,True
Minimal,7WJB_BGC,40,7,6,0.3,5.333120111614265,0.2205128205128205,1.8775653839111328,False,0,False,False,0.25,False
Minimal,7WKL_CAQ,40,2,2,0.525,1.9975005204422753,0.48846153846153845,1.8910479545593262,True,26,True,True,0.525,True
Minimal,7WL4_JFU,40,13,7,0.275,9.524954574159995,0.25769230769230766,1.9447906017303467,True,8,False,False,0.1,True
Minimal,7WPW_F15,40,11,5,0.4,6.285721737458772,0.5551282051282052,1.8534595966339111,True,16,True,True,0.4,True
Minimal,7WQQ_5Z6,40,4,4,0.45,3.319313797655581,0.4846153846153846,1.8818609714508057,True,21,True,True,0.45,True
Minimal,7WUX_6OI,41,26,13,0.07317073170731707,24.067608797720023,0.09146341463414634,1.9874348640441895,False,0,False,False,0.024390243902439025,False
Minimal,7WUY_76N,41,22,9,0.14634146341463414,17.790834737689586,0.14390243902439023,1.9844545125961304,False,0,False,True,0.14634146341463414,False
Minimal,7WY1_D0L,40,15,11,0.175,12.25171002495856,0.2153846153846154,1.9769740104675293,True,1,False,False,0.15,True
Minimal,7X5N_5M5,41,11,7,0.3170731707317073,7.0158703436317085,0.35609756097560974,1.9856393337249756,True,10,False,True,0.3170731707317073,True
Minimal,7X9K_8OG,40,14,8,0.225,9.863354638028177,0.2076923076923077,1.8118778467178345,True,5,False,False,0.15,True
Minimal,7XBV_APC,40,34,5,0.075,32.06785403228415,0.016666666666666666,1.900820016860962,True,1,False,False,0.025,True
Minimal,7XFA_D9J,40,29,9,0.075,26.615296253027996,0.026923076923076925,1.9676481485366821,False,0,False,False,0.05,False
Minimal,7XG5_PLP,40,10,7,0.3,7.048947489438001,0.35512820512820514,1.7714587450027466,True,2,False,False,0.175,False
Minimal,7XI7_4RI,40,17,8,0.225,12.470682951077839,0.17692307692307693,1.8609741926193237,True,9,True,True,0.225,True
Minimal,7XJN_NSD,40,2,2,0.575,1.97754189985451,0.4987179487179487,1.6785635948181152,True,20,False,True,0.575,True
Minimal,7XQZ_FPF,40,18,13,0.1,16.30866920459142,0.2512820512820513,1.8976049423217773,True,3,False,False,0.1,True
Minimal,7XRL_FWK,40,18,10,0.15,15.018772187496367,0.13846153846153847,1.7748136520385742,False,0,False,False,0.1,False
Minimal,7YZU_DO7,40,5,3,0.55,3.0183329441229163,0.7205128205128205,1.9316599369049072,True,8,False,False,0.3,True
Minimal,7Z1Q_NIO,40,7,6,0.375,5.290374982368089,0.47692307692307695,1.9566106796264648,True,27,True,False,0.225,True
Minimal,7Z2O_IAJ,40,5,3,0.75,2.3648688021884063,0.717948717948718,1.7895137071609497,True,3,False,True,0.75,False
Minimal,7Z7F_IF3,40,6,5,0.375,4.418666343148964,0.25769230769230766,1.7638614177703857,True,3,False,False,0.1,True
Minimal,7ZCC_OGA,40,9,8,0.275,7.267560620819038,0.37564102564102564,1.9534260034561157,True,4,False,True,0.275,True
Minimal,7ZDY_6MJ,40,9,5,0.325,5.670812376800742,0.34487179487179487,1.8738075494766235,True,5,False,True,0.325,True
Minimal,7ZF0_DHR,42,10,7,0.2619047619047619,7.446138632704239,0.4738675958188153,1.9459824562072754,True,7,False,True,0.2619047619047619,False
Minimal,7ZHP_IQY,40,12,7,0.275,8.1841921914572,0.3346153846153846,1.9868282079696655,True,4,False,True,0.275,True
Minimal,7ZL5_IWE,40,6,5,0.4,3.9975410825843776,0.5705128205128205,1.8364510536193848,True,23,True,True,0.4,True
Minimal,7ZOC_T8E,40,5,4,0.45,3.5903342200618424,0.75,1.939203143119812,True,23,True,False,0.275,True
Minimal,7ZTL_BCN,41,29,9,0.07317073170731707,26.29926326624576,0.04024390243902439,1.9036306142807007,True,1,False,False,0.024390243902439025,False
Minimal,7ZU2_DHT,40,4,3,0.5,2.591508884810824,0.41923076923076924,0.8016456961631775,True,19,True,True,0.5,True
Minimal,7ZXV_45D,35,10,9,0.17142857142857143,9.031049452260046,0.12605042016806722,1.9683314561843872,True,1,False,False,0.08571428571428572,True
Minimal,7ZZW_KKW,40,14,10,0.175,11.206625706894807,0.2358974358974359,1.9937406778335571,False,0,False,False,0.15,False
Minimal,8A1H_DLZ,40,7,5,0.425,4.270393764019326,0.6423076923076924,1.8209565877914429,True,13,True,True,0.425,True
Minimal,8A2D_KXY,40,34,5,0.075,32.06785403228414,0.01282051282051282,1.8414723873138428,False,0,False,False,0.025,False
Minimal,8AAU_LH0,40,6,4,0.425,3.925837016107194,0.33589743589743587,1.8924909830093384,True,6,False,False,0.325,True
Minimal,8AEM_LVF,40,7,5,0.425,4.944158181073014,0.29102564102564105,1.9926964044570923,True,12,True,True,0.425,True
Minimal,8AIE_M7L,40,17,9,0.175,13.479131119102023,0.14871794871794872,1.83249831199646,False,0,False,True,0.175,False
Minimal,8AP0_PRP,40,23,10,0.1,19.74007966990344,0.08076923076923077,1.9509501457214355,False,0,False,False,0.1,False
Minimal,8AQL_PLG,40,6,5,0.4,4.057192301644297,0.31666666666666665,1.9986510276794434,True,6,False,True,0.4,True
Minimal,8AUH_L9I,40,26,8,0.125,22.051652935788898,0.07051282051282051,1.84578537940979,True,1,False,False,0.1,False
Minimal,8AY3_OE3,41,17,9,0.14634146341463414,13.664297249069373,0.1524390243902439,1.9435213804244995,True,1,False,False,0.12195121951219512,False
Minimal,8B8H_OJQ,40,11,7,0.3,8.065910485848194,0.4282051282051282,1.9763189554214478,True,14,False,True,0.3,True
Minimal,8BOM_QU6,40,7,4,0.375,4.207280367678844,0.45256410256410257,1.8741947412490845,True,2,False,False,0.375,True
Minimal,8BTI_RFO,40,6,5,0.375,4.328779161141901,0.5269230769230769,1.742632269859314,True,21,True,True,0.375,True
Minimal,8C3N_ADP,40,10,5,0.3,6.384927372441843,0.39487179487179486,1.9398945569992065,True,15,True,False,0.175,False
Minimal,8C5M_MTA,40,8,5,0.475,4.777509864260588,0.4782051282051282,1.810072422027588,True,3,False,True,0.475,True
Minimal,8CNH_V6U,41,14,7,0.3170731707317073,8.82404235542974,0.3780487804878049,1.9917978048324585,True,5,False,True,0.3170731707317073,True
Minimal,8CSD_C5P,40,8,4,0.5,3.9599310137504062,0.5897435897435898,1.936905860900879,True,12,False,True,0.5,True
Minimal,8D19_GSH,40,25,8,0.1,21.33738588170249,0.15256410256410258,1.8896815776824951,False,0,False,False,0.1,False
Minimal,8D39_QDB,40,10,9,0.35,7.063982087194282,0.5653846153846154,1.9329251050949097,True,4,False,False,0.2,True
Minimal,8D5D_5DK,40,19,6,0.25,12.924995381333561,0.1858974358974359,1.8858568668365479,True,2,False,True,0.25,False
Minimal,8DHG_T78,40,19,9,0.175,14.787231273318582,0.14743589743589744,1.917405366897583,True,3,False,False,0.15,True
Minimal,8DKO_TFB,40,9,6,0.225,7.136924671767299,0.65,1.8077527284622192,True,9,True,False,0.025,False
Minimal,8DP2_UMA,40,36,4,0.05,34.82202253184499,0.00641025641025641,1.965486764907837,False,0,False,False,0.025,False
Minimal,8DSC_NCA,40,5,4,0.375,4.042532618343323,0.7538461538461538,1.9175537824630737,True,29,True,False,0.275,True
Minimal,8EAB_VN2,40,30,5,0.1,26.26940342364275,0.028205128205128206,1.9688836336135864,False,0,False,True,0.1,False
Minimal,8EX2_Q2Q,40,10,3,0.575,4.319069917580195,0.3564102564102564,1.9475915431976318,True,20,True,True,0.575,True
Minimal,8EXL_799,41,15,9,0.24390243902439024,10.904502847467835,0.16463414634146342,1.9406136274337769,True,1,False,True,0.24390243902439024,True
Minimal,8EYE_X4I,41,15,11,0.14634146341463414,12.849758228716016,0.2621951219512195,1.9215703010559082,True,1,False,False,0.12195121951219512,True
Minimal,8F4J_PHO,40,40,0,0.025,40.0,0.0,0.0,False,0,False,False,0.025,False
Minimal,8F8E_XJI,40,23,12,0.1,20.61055618742456,0.07435897435897436,1.936676025390625,False,0,False,False,0.025,False
Minimal,8FAV_4Y5,40,10,5,0.375,6.167726570385548,0.37051282051282053,1.8726577758789062,True,11,True,True,0.375,True
Minimal,8FLV_ZB9,40,11,8,0.225,8.924166739020821,0.25,1.9602402448654175,True,11,True,False,0.075,False
Minimal,8FO5_Y4U,40,7,6,0.275,5.884626965089338,0.382051282051282,1.8927301168441772,True,15,True,True,0.275,True
Minimal,8G0V_YHT,40,20,9,0.15,15.753136061132718,0.1564102564102564,1.9838966131210327,False,0,False,False,0.15,False
Minimal,8G6P_API,40,20,13,0.125,17.678729687886705,0.13846153846153847,1.9863635301589966,True,19,True,True,0.125,True
Minimal,8GFD_ZHR,40,36,4,0.05,34.82202253184501,0.00641025641025641,1.896909236907959,False,0,False,False,0.025,False
Minimal,8HFN_XGC,40,21,12,0.1,18.733741487504968,0.11794871794871795,1.9120110273361206,False,0,False,False,0.075,False
Minimal,8HO0_3ZI,40,12,9,0.15,10.415856572674095,0.1576923076923077,1.8658761978149414,True,2,False,False,0.075,False
Minimal,8SLG_G5A,40,5,4,0.475,3.460377422130466,0.6679487179487179,1.9895009994506836,True,3,False,True,0.475,True
Separate,5SAK_ZRY,40,5,4,0.825,2.014334038569256,0.6807692307692308,1.8357880115509033,True,28,True,True,0.825,True
Separate,5SB2_1K2,40,5,3,0.725,2.3926423529990646,0.8717948717948718,1.8838611841201782,True,21,True,True,0.725,True
Separate,5SD5_HWI,41,25,10,0.12195121951219512,21.434038704851616,0.06585365853658537,1.8763864040374756,True,1,False,False,0.024390243902439025,False
Separate,5SIS_JSM,41,17,10,0.1951219512195122,13.005596054858218,0.35609756097560974,1.9048100709915161,True,7,False,False,0.07317073170731707,True
Separate,6M2B_EZO,41,11,9,0.17073170731707318,9.188872808140541,0.2780487804878049,1.9892019033432007,True,8,False,False,0.17073170731707318,True
Separate,6M73_FNR,40,9,5,0.375,5.791868658422596,0.3923076923076923,1.9510586261749268,True,7,False,True,0.375,True
Separate,6T88_MWQ,40,6,5,0.35,4.8507810864206,0.7769230769230769,1.8375557661056519,True,13,False,False,0.15,True
Separate,6TW5_9M2,40,19,9,0.175,14.446575031500682,0.10256410256410256,1.985320806503296,False,0,False,False,0.15,False
Separate,6TW7_NZB,40,14,6,0.3,9.24513873696808,0.2230769230769231,1.9339195489883423,True,8,True,True,0.3,True
Separate,6VTA_AKN,40,40,0,0.025,40.0,0.0,0.0,False,0,False,False,0.025,False
Separate,6WTN_RXT,40,6,5,0.4,3.8821184062603025,0.31025641025641026,1.952772617340088,True,5,False,False,0.375,False
Separate,6XBO_5MC,40,5,3,0.6,2.7234999566941154,0.5230769230769231,1.9608166217803955,True,17,True,True,0.6,True
Separate,6XCT_478,40,16,8,0.225,11.548739440169582,0.17692307692307693,1.9790207147598267,True,1,False,False,0.175,True
Separate,6XG5_TOP,40,13,8,0.225,10.129342111211825,0.2512820512820513,1.8150198459625244,True,18,True,True,0.225,True
Separate,6XHT_V2V,40,19,7,0.25,13.140582470222249,0.2743589743589744,1.9667906761169434,True,4,False,True,0.25,True
Separate,6XM9_V55,40,10,7,0.3,6.989320642168695,0.20384615384615384,1.5867849588394165,True,13,True,True,0.3,True
Separate,6YJA_2BA,41,40,1,0.04878048780487805,39.63688044105051,0.0012195121951219512,1.888777732849121,False,0,False,False,0.024390243902439025,False
Separate,6YMS_OZH,40,29,9,0.075,26.61529625302798,0.03974358974358974,1.9774878025054932,False,0,False,False,0.025,False
Separate,6YQV_8K2,40,4,4,0.575,2.9688464320316235,0.717948717948718,1.9048808813095093,True,32,True,False,0.225,True
Separate,6YQW_82I,40,5,5,0.35,4.127945296806852,0.3128205128205128,1.310491681098938,True,15,True,True,0.35,True
Separate,6YR2_T1C,40,26,7,0.1,21.90298977791195,0.06025641025641026,1.983890175819397,False,0,False,True,0.1,False
Separate,6YRV_PJ8,40,19,7,0.175,13.82640199836377,0.1794871794871795,1.9120951890945435,True,5,False,False,0.175,True
Separate,6YSP_PAL,40,3,3,0.525,2.343702969192189,0.8948717948717949,1.975380539894104,True,12,False,True,0.525,True
Separate,6YT6_PKE,40,8,4,0.325,5.189408251772189,0.3935897435897436,1.964977741241455,True,11,True,False,0.225,True
Separate,6YYO_Q1K,41,7,5,0.3902439024390244,5.139844285549707,0.3182926829268293,1.9889390468597412,True,16,True,True,0.3902439024390244,True
Separate,6Z0R_Q4H,40,9,8,0.3,6.898815341438777,0.35512820512820514,1.5190114974975586,True,20,True,False,0.225,True
Separate,6Z14_Q4Z,40,5,4,0.625,3.114576379809387,0.7666666666666667,1.816396951675415,True,23,True,True,0.625,True
Separate,6Z1C_7EY,40,9,5,0.375,5.113110530243841,0.4935897435897436,1.988093614578247,True,11,False,False,0.325,True
Separate,6Z2C_Q5E,40,16,9,0.275,11.574195594226754,0.19487179487179487,1.9176545143127441,True,9,True,True,0.275,True
Separate,6Z4N_Q7B,40,22,9,0.125,18.302168743942335,0.11025641025641025,1.9629619121551514,False,0,False,False,0.025,False
Separate,6ZAE_ACV,40,27,10,0.075,24.510220062248635,0.057692307692307696,1.9568979740142822,False,0,False,False,0.025,False
Separate,6ZC3_JOR,40,17,7,0.225,11.780220666402718,0.20256410256410257,1.8402328491210938,True,12,True,True,0.225,True
Separate,6ZCY_QF8,40,10,3,0.6,4.182408655164073,0.44871794871794873,1.7441201210021973,True,13,True,True,0.6,True
Separate,6ZK5_IMH,40,7,4,0.425,4.0060548230503406,0.33589743589743587,1.9690121412277222,True,3,False,True,0.425,True
Separate,6ZPB_3D1,40,4,3,0.475,3.1157634456285277,0.5987179487179487,1.954613447189331,True,17,False,False,0.275,True
Separate,7A1P_QW2,41,6,3,0.4878048780487805,3.257965470459527,0.37926829268292683,1.9344813823699951,True,6,False,False,0.36585365853658536,True
Separate,7A9E_R4W,40,10,10,0.25,8.608715689769985,0.3282051282051282,1.970391869544983,True,8,False,False,0.075,False
Separate,7A9H_TPP,40,14,7,0.225,10.208352139929694,0.3474358974358974,1.9515403509140015,True,10,True,True,0.225,True
Separate,7AFX_R9K,40,15,11,0.15,12.882370147230711,0.2141025641025641,1.9165252447128296,True,3,False,False,0.125,True
Separate,7AKL_RK5,40,7,6,0.35,5.201389143462906,0.358974358974359,1.819369912147522,True,22,True,True,0.35,True
Separate,7AN5_RDH,40,6,5,0.375,4.4206446986372185,0.5192307692307693,1.910972237586975,False,0,False,False,0.075,False
Separate,7B2C_TP7,41,10,7,0.4146341463414634,6.263028630367958,0.6024390243902439,1.935951828956604,False,0,False,True,0.4146341463414634,False
Separate,7B94_ANP,40,8,7,0.375,5.529882777018524,0.5038461538461538,1.9780198335647583,True,4,False,True,0.375,True
Separate,7BCP_GCO,40,9,7,0.2,7.425541813131768,0.41025641025641024,1.9890917539596558,False,0,False,False,0.175,False
Separate,7BJJ_TVW,40,8,8,0.3,6.720346735701432,0.24743589743589745,1.9970488548278809,True,15,True,True,0.3,True
Separate,7BKA_4JC,41,9,6,0.34146341463414637,6.19268523330389,0.5085365853658537,1.9895049333572388,True,19,False,False,0.12195121951219512,True
Separate,7BMI_U4B,40,6,6,0.275,5.425296801830552,0.2653846153846154,1.9895148277282715,True,4,False,True,0.275,True
Separate,7BNH_BEZ,41,11,8,0.2682926829268293,8.485712657084935,0.38170731707317074,1.8665138483047485,True,14,False,True,0.2682926829268293,True
Separate,7BTT_F8R,40,18,9,0.175,13.93034380885993,0.22179487179487178,1.9351972341537476,True,4,False,True,0.175,True
Separate,7C0U_FGO,40,28,8,0.125,24.46784090618662,0.035897435897435895,1.9890207052230835,False,0,False,True,0.125,False
Separate,7C3U_AZG,40,6,6,0.45,4.590350352683184,0.36153846153846153,1.53657066822052,False,0,False,False,0.125,False
Separate,7C8Q_DSG,40,10,9,0.175,9.029650884874464,0.3038461538461538,1.9952934980392456,False,0,False,False,0.15,False
Separate,7CD9_FVR,40,24,8,0.125,20.043610745609406,0.10512820512820513,1.9783507585525513,False,0,False,True,0.125,False
Separate,7CIJ_G0C,40,9,6,0.3,6.521266747572616,0.3769230769230769,1.8415133953094482,True,5,False,True,0.3,True
Separate,7CL8_TES,41,6,5,0.34146341463414637,4.578222012106,0.38658536585365855,1.8435531854629517,True,3,False,False,0.07317073170731707,True
Separate,7CNQ_G8X,40,4,4,0.475,3.00857131065362,0.6884615384615385,1.9033156633377075,True,5,False,False,0.375,True
Separate,7CNS_PMV,40,12,8,0.175,9.60552935370186,0.4948717948717949,1.9014830589294434,True,1,False,False,0.1,False
Separate,7CTM_BDP,40,12,11,0.275,9.671413947996928,0.2128205128205128,1.8810083866119385,True,2,False,False,0.1,False
Separate,7CUO_PHB,40,2,2,0.55,1.9900083082219462,0.9602564102564103,1.6013902425765991,True,40,True,False,0.45,True
Separate,7D5C_GV6,40,14,7,0.375,8.633745382835603,0.2858974358974359,1.9744653701782227,False,0,False,True,0.375,False
Separate,7D6O_MTE,40,10,7,0.475,5.83628091940518,0.358974358974359,1.9812242984771729,True,7,False,True,0.475,True
Separate,7DKT_GLF,40,7,3,0.725,2.7914596180158466,0.6653846153846154,1.7532157897949219,True,7,False,True,0.725,True
Separate,7DQL_4CL,41,4,3,0.4878048780487805,2.970971549413817,0.36097560975609755,1.6976567506790161,True,1,False,True,0.4878048780487805,False
Separate,7DUA_HJ0,40,7,3,0.3,4.273629513289385,0.7769230769230769,1.7840464115142822,True,15,False,False,0.3,True
Separate,7E4L_MDN,40,20,15,0.1,18.57527329858287,0.08205128205128205,1.979677677154541,True,5,False,False,0.05,True
Separate,7EBG_J0L,41,4,3,0.4878048780487805,3.0624180248588493,0.4548780487804878,1.8882461786270142,True,19,True,True,0.4878048780487805,True
Separate,7ECR_SIN,40,3,3,0.45,2.6722391469741877,0.4948717948717949,1.8698498010635376,True,16,False,True,0.45,True
Separate,7ED2_A3P,40,15,7,0.275,9.860851371810323,0.14871794871794872,1.9324290752410889,True,1,False,True,0.275,True
Separate,7ELT_TYM,40,8,6,0.4,5.345978211771332,0.5,1.9474717378616333,True,6,False,True,0.4,True
Separate,7EPV_FDA,40,34,4,0.075,31.651099672006154,0.01282051282051282,1.918275237083435,False,0,False,False,0.025,False
Separate,7ES1_UDP,40,7,4,0.4,4.371756192278889,0.735897435897436,1.8949990272521973,True,16,False,True,0.4,True
Separate,7F51_BA7,40,12,9,0.25,9.210639872470605,0.4230769230769231,1.9941097497940063,True,5,False,True,0.25,True
Separate,7F5D_EUO,40,16,6,0.325,9.700089610458624,0.24743589743589745,1.9441226720809937,True,2,False,True,0.325,False
Separate,7F8T_FAD,40,37,3,0.05,36.05001850443324,0.0038461538461538464,1.9583115577697754,False,0,False,False,0.025,False
Separate,7FB7_8NF,40,7,4,0.45,3.6817147914723547,0.36666666666666664,1.6449421644210815,True,13,True,True,0.45,True
Separate,7FHA_ADX,41,14,6,0.24390243902439024,9.076285680515053,0.3353658536585366,1.9486947059631348,True,9,False,False,0.24390243902439024,True
Separate,7FRX_O88,40,19,11,0.15,15.960559759189456,0.17307692307692307,1.963171362876892,True,8,False,False,0.1,True
Separate,7FT9_4MB,40,14,9,0.2,11.044923584897417,0.3294871794871795,1.9462337493896484,True,23,True,True,0.2,True
Separate,7JG0_GAR,40,12,8,0.325,8.595344265089091,0.47692307692307695,1.984349250793457,True,2,False,False,0.1,True
Separate,7JHQ_VAJ,40,9,8,0.2,7.641116248455051,0.28846153846153844,1.8599748611450195,True,1,False,False,0.125,False
Separate,7JMV_4NC,40,4,3,0.575,2.7233666363700584,0.5871794871794872,1.7687549591064453,True,21,True,True,0.575,True
Separate,7JXX_VP7,40,9,7,0.3,6.3393460865486615,0.43846153846153846,1.8098883628845215,True,10,False,True,0.3,True
Separate,7JY3_VUD,40,27,6,0.125,22.532612801200543,0.05,1.7995834350585938,True,3,False,False,0.1,True
Separate,7K0V_VQP,40,2,2,0.65,1.9106560008522477,0.6717948717948717,1.9615938663482666,True,15,False,False,0.35,True
Separate,7KB1_WBJ,40,5,3,0.65,2.79939322757828,0.7192307692307692,1.8667452335357666,True,3,False,True,0.65,True
Separate,7KC5_BJZ,40,15,6,0.225,9.571167850430228,0.36153846153846153,1.8558731079101562,True,18,True,False,0.2,True
Separate,7KM8_WPD,40,11,6,0.25,7.830474575285381,0.34487179487179487,1.9438068866729736,True,3,False,True,0.25,True
Separate,7KQU_YOF,40,6,4,0.475,3.8168788384553523,0.5371794871794872,1.9998725652694702,True,6,False,True,0.475,True
Separate,7KRU_ATP,40,7,4,0.575,3.5770608420646974,0.7038461538461539,1.9213371276855469,True,7,False,True,0.575,True
Separate,7KZ9_XN7,40,5,5,0.4,3.8353383914805685,0.4564102564102564,1.9826319217681885,True,11,False,True,0.4,False
Separate,7L00_XCJ,40,10,7,0.35,7.014413041326813,0.4012820512820513,1.9657050371170044,True,9,False,True,0.35,True
Separate,7L03_F9F,40,6,5,0.35,4.546743554542268,0.9051282051282051,1.8448725938796997,True,21,False,False,0.175,True
Separate,7L5F_XNG,40,19,10,0.15,15.753136061132725,0.20256410256410257,1.933597445487976,True,1,False,False,0.1,False
Separate,7L7C_XQ1,40,5,4,0.4,4.085863432087923,0.47435897435897434,1.8238974809646606,True,16,True,True,0.4,True
Separate,7LCU_XTA,40,19,9,0.175,14.956032399755307,0.1858974358974359,1.9900296926498413,True,9,False,True,0.175,True
Separate,7LEV_0JO,40,9,4,0.3,5.331766594489402,0.26282051282051283,1.807958960533142,True,5,False,True,0.3,True
Separate,7LJN_GTP,40,20,6,0.225,13.948889899595025,0.19743589743589743,1.9885801076889038,True,2,False,False,0.075,True
Separate,7LMO_NYO,40,17,10,0.15,13.713901471699574,0.17051282051282052,1.9541795253753662,True,5,False,False,0.15,True
Separate,7LOE_Y84,41,5,4,0.3170731707317073,4.147732052816421,0.2426829268292683,0.9218788743019104,True,14,True,True,0.3170731707317073,True
Separate,7LOU_IFM,40,6,4,0.725,2.6567286105727725,0.5512820512820513,1.753395676612854,True,19,True,True,0.725,True
Separate,7LT0_ONJ,41,15,8,0.2682926829268293,10.480789277645314,0.3597560975609756,1.877185583114624,True,7,False,False,0.12195121951219512,True
Separate,7LZD_YHY,40,12,8,0.225,9.281345926964775,0.14615384615384616,1.988373041152954,False,0,False,False,0.15,False
Separate,7M31_TDR,41,11,8,0.2682926829268293,8.485712657084935,0.2,1.7520596981048584,True,4,False,False,0.14634146341463414,True
Separate,7M3H_YPV,40,11,9,0.25,8.60871568976998,0.38076923076923075,1.8428831100463867,True,11,True,True,0.25,True
Separate,7M6K_YRJ,41,25,10,0.0975609756097561,21.926994170605866,0.05,1.930917501449585,False,0,False,False,0.07317073170731707,False
Separate,7MFP_Z7P,40,32,6,0.075,29.53152021240154,0.020512820512820513,1.9821821451187134,False,0,False,False,0.025,False
Separate,7MGT_ZD4,41,10,6,0.24390243902439024,7.460822211810185,0.35365853658536583,1.927796483039856,True,4,False,False,0.17073170731707318,True
Separate,7MGY_ZD1,40,16,8,0.15,12.26059697272759,0.1794871794871795,1.8782033920288086,True,1,False,True,0.15,True
Separate,7MMH_ZJY,40,24,9,0.125,20.307527710912694,0.11923076923076924,1.9692937135696411,False,0,False,True,0.125,False
Separate,7MOI_HPS,40,5,5,0.4,4.319798586825102,0.6897435897435897,1.8335444927215576,True,28,True,True,0.4,True
Separate,7MSR_DCA,40,28,9,0.075,25.374571106079248,0.03461538461538462,1.963544487953186,True,1,False,False,0.05,False
Separate,7MWN_WI5,41,20,9,0.24390243902439024,14.808075235781912,0.1024390243902439,1.9666081666946411,False,0,False,False,0.07317073170731707,False
Separate,7MWU_ZPM,41,6,5,0.36585365853658536,4.5841291112551374,0.6792682926829269,1.9682013988494873,True,12,False,False,0.2926829268292683,True
Separate,7MY1_IPE,40,12,10,0.175,10.354410915864602,0.38461538461538464,1.9497703313827515,True,14,False,False,0.125,True
Separate,7MYU_ZR7,40,15,6,0.475,7.4858312472772885,0.30128205128205127,1.9925199747085571,True,6,False,True,0.475,True
Separate,7N03_ZRP,40,12,6,0.25,8.488297948024254,0.40384615384615385,1.9517772197723389,True,13,False,True,0.25,True
Separate,7N4N_0BK,40,8,7,0.35,5.865504841656306,0.5782051282051283,1.9708350896835327,True,5,False,True,0.35,True
Separate,7N4W_P4V,40,14,7,0.4,8.299681115622262,0.23717948717948717,1.8473695516586304,True,10,True,True,0.4,True
Separate,7N6F_0I1,40,16,9,0.15,12.860096011236362,0.23333333333333334,1.8846104145050049,True,1,False,False,0.1,True
Separate,7N7B_T3F,40,35,4,0.075,33.19872446248907,0.01282051282051282,1.9900075197219849,True,1,False,True,0.075,False
Separate,7N7H_CTP,40,8,7,0.25,6.360321738382125,0.6230769230769231,1.8778609037399292,False,0,False,False,0.075,False
Separate,7NF0_BYN,40,5,4,0.475,3.1826011461324284,0.4307692307692308,1.8996269702911377,False,0,False,False,0.375,False
Separate,7NF3_4LU,40,6,4,0.325,4.548425643867774,0.5692307692307692,1.991332769393921,False,0,False,False,0.275,False
Separate,7NFB_GEN,40,2,2,0.65,1.9106560008522477,0.5333333333333333,1.9946950674057007,True,13,False,False,0.35,True
Separate,7NGW_UAW,40,5,4,0.425,3.7699372353928284,0.882051282051282,1.7444665431976318,True,1,False,False,0.025,True
Separate,7NLV_UJE,40,3,2,0.875,1.551652456782203,0.9487179487179487,1.7878594398498535,True,25,True,True,0.875,True
Separate,7NP6_UK8,40,9,4,0.5,4.474138250267815,0.3717948717948718,1.9746477603912354,True,14,True,True,0.5,True
Separate,7NPL_UKZ,40,6,4,0.35,4.465985882291533,0.38846153846153847,1.9726896286010742,True,7,False,False,0.175,True
Separate,7NR8_UOE,40,17,9,0.175,13.594123424321594,0.16794871794871793,1.9896034002304077,True,2,False,True,0.175,True
Separate,7NSW_HC4,40,3,3,0.5,2.3529942528290935,0.8858974358974359,1.8642138242721558,True,17,False,False,0.45,True
Separate,7NU0_DCL,40,5,5,0.525,3.628428610599064,0.6756410256410257,1.977035403251648,True,24,True,True,0.525,True
Separate,7NUT_GLP,40,8,3,0.425,4.147328041289595,0.4012820512820513,1.9422694444656372,True,3,False,False,0.35,False
Separate,7NXO_UU8,40,25,9,0.1,21.618338161253114,0.06282051282051282,1.9222712516784668,False,0,False,False,0.05,False
Separate,7O0N_CDP,40,8,7,0.275,6.190015736526435,0.5371794871794872,1.9515169858932495,True,1,False,True,0.275,True
Separate,7O1T_5X8,40,10,8,0.275,7.9089480241706065,0.28717948717948716,1.9534775018692017,False,0,False,False,0.075,False
Separate,7ODY_DGI,40,6,4,0.525,3.864365853637129,0.491025641025641,1.8525173664093018,True,7,False,True,0.525,True
Separate,7OEO_V9Z,40,30,8,0.075,27.55388264840674,0.03461538461538462,1.9817783832550049,False,0,False,False,0.025,False
Separate,7OFF_VCB,40,15,10,0.25,11.49212658073683,0.19743589743589743,1.9108014106750488,True,6,False,True,0.25,True
Separate,7OFK_VCH,40,15,10,0.15,12.101258052110964,0.30128205128205127,1.9409987926483154,True,3,False,False,0.15,True
Separate,7OLI_8HG,40,13,8,0.325,8.702208071845224,0.35,1.7833088636398315,True,2,False,False,0.075,True
Separate,7OMX_CNA,40,32,5,0.1,28.901168281532648,0.019230769230769232,1.869434118270874,False,0,False,False,0.025,False
Separate,7OP9_06K,41,10,8,0.36585365853658536,6.932329366799393,0.2146341463414634,1.7807444334030151,True,2,False,False,0.07317073170731707,False
Separate,7OPG_06N,41,7,5,0.3170731707317073,5.058793520840485,0.4292682926829268,1.8797801733016968,True,15,True,False,0.2682926829268293,True
Separate,7OSO_0V1,40,12,7,0.2,9.229153520337887,0.31666666666666665,1.98253333568573,True,12,True,True,0.2,True
Separate,7OZ9_NGK,40,20,9,0.125,16.635557759421797,0.2205128205128205,1.9963661432266235,False,0,False,False,0.075,False
Separate,7OZC_G6S,40,9,8,0.225,7.456691579645104,0.4012820512820513,1.9940640926361084,False,0,False,False,0.1,False
Separate,7P1F_KFN,40,10,6,0.425,6.306200327073953,0.5705128205128205,1.9597272872924805,True,15,True,True,0.425,True
Separate,7P1M_4IU,40,12,10,0.175,10.273040236545185,0.3282051282051282,1.9868887662887573,True,6,False,True,0.175,True
Separate,7P2I_MFU,40,7,6,0.35,5.422482761231245,0.45384615384615384,1.9723275899887085,True,12,False,False,0.2,True
Separate,7P4C_5OV,40,6,4,0.575,3.5543675094010436,0.5794871794871795,1.9942060708999634,True,8,False,True,0.575,True
Separate,7P5T_5YG,40,7,6,0.25,6.1940647375152205,0.4948717948717949,1.9922785758972168,True,4,False,False,0.125,True
Separate,7PGX_FMN,40,10,9,0.175,8.852218329196699,0.43205128205128207,1.9388389587402344,True,11,False,False,0.1,True
Separate,7PIH_7QW,40,8,7,0.375,5.606088165913621,0.48717948717948717,1.9724050760269165,True,9,True,False,0.225,False
Separate,7PJQ_OWH,41,6,6,0.3170731707317073,4.856289460025343,0.5487804878048781,1.9214125871658325,True,8,False,False,0.12195121951219512,False
Separate,7PK0_BYC,40,40,0,0.025,40.0,0.0,0.0,False,0,False,False,0.025,False
Separate,7PL1_SFG,40,7,5,0.5,4.224728805265689,0.7461538461538462,1.8657900094985962,True,3,False,True,0.5,True
Separate,7POM_7VZ,40,8,4,0.45,4.346858381296628,0.6987179487179487,1.9556742906570435,True,15,False,True,0.45,True
Separate,7PRI_7TI,40,21,11,0.125,18.064313456871893,0.09487179487179487,1.9906039237976074,True,3,True,False,0.075,False
Separate,7PRM_81I,40,6,6,0.25,5.524934346777844,0.7858974358974359,1.9699206352233887,True,12,False,False,0.2,True
Separate,7PT3_3KK,40,30,6,0.075,26.84235497389022,0.047435897435897434,1.8879607915878296,False,0,False,False,0.05,False
Separate,7PUV_84Z,40,11,7,0.275,7.830682148808695,0.36025641025641025,1.974131464958191,True,8,True,True,0.275,True
Separate,7Q25_8J9,40,25,8,0.15,20.610556187424542,0.10384615384615385,1.9995074272155762,True,2,False,False,0.1,True
Separate,7Q27_8KC,41,22,10,0.17073170731707318,17.710587787853985,0.17560975609756097,1.99853515625,False,0,False,False,0.04878048780487805,False
Separate,7Q2B_M6H,40,4,4,0.6,2.63072754999609,0.8525641025641025,1.9233415126800537,True,31,True,False,0.3,True
Separate,7Q5I_I0F,40,4,3,0.425,3.1430869094678795,0.8397435897435898,1.8502238988876343,True,5,False,False,0.35,True
Separate,7QE4_NGA,40,10,8,0.2,8.140235429876416,0.32564102564102565,1.8734920024871826,True,10,True,True,0.2,True
Separate,7QF4_RBF,40,6,2,0.85,1.9286410758914678,0.7205128205128205,1.9723687171936035,False,0,False,True,0.85,False
Separate,7QFM_AY3,40,8,7,0.375,5.643870254709401,0.38333333333333336,1.972802758216858,True,14,False,False,0.175,True
Separate,7QGP_DJ8,40,6,4,0.775,2.4008641401201833,0.7166666666666667,1.8753862380981445,True,22,True,True,0.775,True
Separate,7QHG_T3B,40,17,10,0.2,13.597895967367954,0.15,1.9737271070480347,True,2,False,False,0.075,True
Separate,7QHL_D5P,40,10,5,0.3,6.708726985965216,0.5397435897435897,1.938114047050476,True,13,False,False,0.175,True
Separate,7QPP_VDX,40,6,5,0.35,4.859764694397454,0.41923076923076924,1.893760323524475,True,5,False,True,0.35,True
Separate,7QTA_URI,40,15,10,0.175,12.413029967288374,0.23846153846153847,1.9111517667770386,True,6,False,False,0.1,True
Separate,7R3D_APR,40,13,11,0.175,11.041859327767645,0.30256410256410254,1.9444999694824219,True,2,False,False,0.025,False
Separate,7R59_I5F,40,4,3,0.675,2.4835073748828855,0.632051282051282,1.9444115161895752,True,20,True,True,0.675,True
Separate,7R6J_2I7,40,22,9,0.125,18.147351216640935,0.08717948717948718,1.9696251153945923,True,2,False,False,0.1,False
Separate,7R7R_AWJ,40,14,5,0.375,7.593362110169171,0.3192307692307692,1.9531117677688599,True,2,False,True,0.375,True
Separate,7R9N_F97,40,17,6,0.35,10.190216939906536,0.16794871794871793,1.9840039014816284,True,13,True,True,0.35,True
Separate,7RC3_SAH,40,3,3,0.725,2.156370027502672,0.8141025641025641,1.9582431316375732,True,9,False,True,0.725,True
Separate,7RH3_59O,40,27,10,0.125,23.945573489931824,0.052564102564102565,1.9687578678131104,False,0,False,True,0.125,False
Separate,7RKW_5TV,40,17,12,0.15,14.698195665205018,0.1294871794871795,1.9990071058273315,False,0,False,True,0.15,False
Separate,7RNI_60I,40,31,6,0.075,28.154849466120357,0.04358974358974359,1.9068379402160645,True,3,False,False,0.075,True
Separate,7ROR_69X,40,10,6,0.35,6.74936568750851,0.5102564102564102,1.9688301086425781,False,0,False,True,0.35,False
Separate,7ROU_66I,40,14,6,0.45,7.2486758192522736,0.44871794871794873,1.9575897455215454,True,1,False,True,0.45,True
Separate,7RSV_7IQ,40,7,3,0.425,3.476377323714869,0.6974358974358974,1.8866995573043823,True,19,False,False,0.425,True
Separate,7RWS_4UR,40,33,6,0.075,30.97550520044235,0.01282051282051282,1.9857330322265625,True,2,False,False,0.05,True
Separate,7RZL_NPO,40,10,9,0.2,8.60486306168229,0.3192307692307692,1.9576325416564941,False,0,False,True,0.2,False
Separate,7SCW_GSP,40,5,3,0.675,2.7026855048619507,0.7076923076923077,1.9736948013305664,True,12,False,True,0.675,True
Separate,7SDD_4IP,40,38,2,0.05,37.321319661472344,0.0038461538461538464,1.8482578992843628,True,1,False,False,0.025,False
Separate,7SFO_98L,40,10,4,0.35,5.707613411991176,0.37051282051282053,1.8670997619628906,True,19,True,True,0.35,True
Separate,7SIU_9ID,40,13,7,0.35,8.36209898962261,0.39871794871794874,1.7313727140426636,True,11,True,True,0.35,True
Separate,7SUC_COM,40,12,7,0.175,9.15774843457959,0.4,1.9825326204299927,True,1,False,False,0.05,False
Separate,7SZA_DUI,40,3,3,0.625,2.2452484054226516,0.5448717948717948,1.8986921310424805,True,9,False,True,0.625,False
Separate,7T0D_FPP,40,13,11,0.2,10.733319483142703,0.3717948717948718,1.9533172845840454,False,0,False,True,0.2,False
Separate,7T1D_E7K,40,9,8,0.275,6.9656877454953285,0.3269230769230769,1.999107003211975,True,7,False,False,0.175,True
Separate,7T3E_SLB,40,9,7,0.25,7.072271073024099,0.7153846153846154,1.9730185270309448,True,6,False,False,0.2,True
Separate,7TB0_UD1,40,26,10,0.1,23.16996114536674,0.04358974358974359,1.9780795574188232,False,0,False,False,0.05,False
Separate,7TBU_S3P,40,12,7,0.25,8.389767533760853,0.23717948717948717,1.9923717975616455,True,7,False,True,0.25,True
Separate,7TE8_P0T,40,12,7,0.25,8.389767533760857,0.20897435897435898,1.9111018180847168,True,11,True,False,0.05,True
Separate,7TH4_FFO,40,31,8,0.075,28.901168281532673,0.019230769230769232,1.9060959815979004,False,0,False,False,0.025,False
Separate,7THI_PGA,40,7,6,0.25,6.104979907241101,0.4128205128205128,1.9779531955718994,True,11,False,False,0.1,True
Separate,7TM6_GPJ,40,4,3,0.375,3.255451212828178,0.9358974358974359,1.8036731481552124,True,8,False,True,0.375,True
Separate,7TOM_5AD,40,11,8,0.225,8.350354204843002,0.2064102564102564,1.969586968421936,True,2,False,False,0.05,True
Separate,7TS6_KMI,40,21,10,0.125,17.678729687886705,0.07179487179487179,1.9874963760375977,False,0,False,True,0.125,False
Separate,7TSF_H4B,40,11,6,0.3,7.297528085814902,0.2935897435897436,1.9837749004364014,False,0,False,False,0.2,False
Separate,7TUO_KL9,40,10,8,0.35,7.362729365139083,0.4128205128205128,1.913966417312622,True,1,False,False,0.125,False
Separate,7TXK_LW8,40,7,3,0.525,3.7198344403275234,0.7487179487179487,1.984942078590393,True,14,False,False,0.125,True
Separate,7TYP_KUR,40,23,9,0.125,19.36085178201257,0.07307692307692308,1.929711103439331,True,1,False,False,0.1,True
Separate,7U0U_FK5,40,40,0,0.025,40.0,0.0,0.0,False,0,False,False,0.025,False
Separate,7U3J_L6U,40,36,4,0.05,34.82202253184499,0.007692307692307693,1.9452685117721558,False,0,False,False,0.025,False
Separate,7UAS_MBU,40,35,4,0.075,33.19872446248907,0.010256410256410256,1.951593041419983,False,0,False,False,0.025,False
Separate,7UAW_MF6,40,28,6,0.125,23.634376421639082,0.03333333333333333,1.942228078842163,False,0,False,False,0.075,False
Separate,7UJ4_OQ4,40,37,3,0.05,36.05001850443324,0.0038461538461538464,1.930667757987976,False,0,False,False,0.025,False
Separate,7UJ5_DGL,41,6,4,0.3170731707317073,4.376071216894287,0.8414634146341463,1.8621153831481934,True,11,False,True,0.3170731707317073,True
Separate,7UJF_R3V,40,5,5,0.6,3.273403152091762,0.8243589743589743,1.9956891536712646,True,9,False,True,0.6,True
Separate,7ULC_56B,40,9,5,0.375,4.943037019769988,0.6358974358974359,1.9633163213729858,True,3,False,False,0.35,True
Separate,7UMW_NAD,40,22,10,0.125,18.70135009517526,0.09487179487179487,1.9614628553390503,False,0,False,False,0.05,False
Separate,7UQ3_O2U,41,3,2,0.6097560975609756,2.1384747293675757,0.5024390243902439,1.9258320331573486,True,7,False,True,0.6097560975609756,True
Separate,7USH_82V,40,11,6,0.35,6.908518534792234,0.4076923076923077,1.9290019273757935,True,19,False,False,0.225,True
Separate,7UTW_NAI,40,21,10,0.125,17.418806642857295,0.15,1.9253747463226318,False,0,False,False,0.025,False
Separate,7UXS_OJC,40,19,10,0.15,14.992804126468073,0.191025641025641,1.9115896224975586,False,0,False,False,0.025,False
Separate,7UY4_SMI,40,23,11,0.125,19.874062409713236,0.11538461538461539,1.9588435888290405,False,0,False,False,0.05,False
Separate,7UYB_OK0,40,23,9,0.1,19.649753981383782,0.0858974358974359,1.9662775993347168,True,2,False,False,0.1,True
Separate,7V14_ORU,40,4,2,0.6,2.3593286082650216,0.8935897435897436,1.8883458375930786,True,15,False,True,0.6,True
Separate,7V3N_AKG,40,6,6,0.7,2.9670624123867837,0.823076923076923,1.836785078048706,True,13,False,True,0.7,True
Separate,7V3S_5I9,40,6,4,0.55,3.361312840730131,0.6884615384615385,1.7969927787780762,True,17,True,True,0.55,True
Separate,7V43_C4O,41,5,5,0.2682926829268293,4.855705581944182,0.44878048780487806,1.5115406513214111,True,19,True,False,0.21951219512195122,False
Separate,7VB8_STL,41,7,5,0.34146341463414637,5.269009843237891,0.3182926829268293,1.770692229270935,True,30,True,False,0.17073170731707318,True
Separate,7VBU_6I4,40,5,5,0.575,3.185513074674757,0.38846153846153847,1.688544750213623,True,22,True,True,0.575,True
Separate,7VC5_9SF,40,6,5,0.275,5.12081618662465,0.5038461538461538,1.8307054042816162,True,8,False,False,0.15,True
Separate,7VKZ_NOJ,40,3,3,0.425,2.7507791292600308,0.7192307692307692,1.911690592765808,True,12,False,False,0.425,True
Separate,7VQ9_ISY,40,24,12,0.075,21.802767151387027,0.07692307692307693,1.9740195274353027,True,1,False,False,0.05,False
Separate,7VWF_K55,40,8,6,0.3,5.78464617940837,0.6,1.9632304906845093,True,4,False,True,0.3,True
Separate,7VYJ_CA0,40,7,4,0.525,4.1345635627879656,0.6166666666666667,1.87543523311615,False,0,False,True,0.525,False
Separate,7W05_GMP,40,16,9,0.15,13.05199407768523,0.16666666666666666,1.9132978916168213,True,3,False,False,0.05,False
Separate,7W06_ITN,40,10,7,0.25,7.81126935732316,0.3525641025641026,1.9480879306793213,True,8,False,False,0.175,False
Separate,7WCF_ACP,40,16,9,0.25,11.689044778228293,0.2846153846153846,1.96282958984375,True,8,False,False,0.075,True
Separate,7WDT_NGS,40,10,7,0.35,6.453132556953456,0.4782051282051282,1.9002139568328857,True,6,False,False,0.05,True
Separate,7WJB_BGC,40,9,4,0.475,4.945988385775169,0.2846153846153846,1.949316143989563,False,0,False,True,0.475,False
Separate,7WKL_CAQ,40,4,4,0.5,3.2053502818977875,0.4653846153846154,1.7848188877105713,True,32,True,False,0.05,False
Separate,7WL4_JFU,40,14,10,0.175,11.834371804560206,0.2935897435897436,1.9386075735092163,True,9,False,True,0.175,True
Separate,7WPW_F15,40,15,9,0.175,11.42296385078975,0.32564102564102565,1.9750345945358276,True,12,True,False,0.15,True
Separate,7WQQ_5Z6,40,2,2,0.5,2.0,0.48717948717948717,1.9902478456497192,True,17,False,False,0.5,True
Separate,7WUX_6OI,40,22,13,0.1,19.908484980780134,0.11538461538461539,1.9831039905548096,False,0,False,True,0.1,False
Separate,7WUY_76N,40,26,11,0.075,23.675311988068536,0.04487179487179487,1.9388179779052734,False,0,False,False,0.025,False
Separate,7WY1_D0L,41,17,10,0.1951219512195122,13.204235171888955,0.17073170731707318,1.9858837127685547,True,1,False,False,0.04878048780487805,True
Separate,7X5N_5M5,41,7,3,0.7560975609756098,2.580756128428166,0.802439024390244,1.7149016857147217,True,11,False,True,0.7560975609756098,True
Separate,7X9K_8OG,40,10,9,0.175,8.71574574016908,0.2948717948717949,1.9492028951644897,True,9,True,True,0.175,True
Separate,7XBV_APC,41,24,10,0.12195121951219512,20.458655496832097,0.06585365853658537,1.9718904495239258,False,0,False,False,0.04878048780487805,False
Separate,7XFA_D9J,40,26,11,0.1,23.47504319416974,0.046153846153846156,1.992632269859314,True,1,False,False,0.05,False
Separate,7XG5_PLP,41,6,4,0.7073170731707317,2.7941214204034655,0.5353658536585366,1.931930422782898,True,2,False,True,0.7073170731707317,True
Separate,7XI7_4RI,40,11,6,0.375,6.392419544967381,0.41025641025641024,1.7371350526809692,True,18,True,True,0.375,True
Separate,7XJN_NSD,40,3,3,0.475,2.5793200860758736,0.48717948717948717,1.7822965383529663,True,23,False,True,0.475,True
Separate,7XQZ_FPF,40,16,13,0.125,14.148467437326751,0.2,1.9742554426193237,True,3,False,False,0.05,True
Separate,7XRL_FWK,40,25,7,0.175,19.859656932150703,0.05897435897435897,1.9253689050674438,False,0,False,False,0.075,False
Separate,7YZU_DO7,40,5,5,0.4,3.7011457097970126,0.7538461538461538,1.9905095100402832,True,4,False,False,0.1,True
Separate,7Z1Q_NIO,40,4,2,0.525,2.426353475907562,0.7423076923076923,1.8665746450424194,True,39,True,True,0.525,True
Separate,7Z2O_IAJ,40,3,3,0.825,1.79182626253456,0.8025641025641026,1.5886030197143555,True,2,False,True,0.825,False
Separate,7Z7F_IF3,40,7,5,0.475,4.516267811769648,0.28205128205128205,1.6720067262649536,True,3,False,False,0.15,True
Separate,7ZCC_OGA,41,9,7,0.3170731707317073,6.418328940767257,0.4426829268292683,1.8036627769470215,True,6,False,False,0.24390243902439024,False
Separate,7ZDY_6MJ,40,6,5,0.275,5.12081618662465,0.4217948717948718,1.6906404495239258,True,4,False,False,0.225,True
Separate,7ZF0_DHR,40,7,6,0.375,5.106461346552134,0.48717948717948717,1.9168452024459839,True,9,False,True,0.375,True
Separate,7ZHP_IQY,41,20,8,0.21951219512195122,14.483716426882896,0.1378048780487805,1.9200105667114258,False,0,False,True,0.21951219512195122,False
Separate,7ZL5_IWE,41,4,3,0.8292682926829268,1.8747973339537816,0.7134146341463414,1.938199758529663,True,22,True,True,0.8292682926829268,True
Separate,7ZOC_T8E,40,5,4,0.325,4.190039925445233,0.8256410256410256,1.9803426265716553,True,31,True,False,0.275,True
Separate,7ZTL_BCN,40,23,13,0.125,20.574919707010537,0.05384615384615385,1.8969662189483643,False,0,False,True,0.125,False
Separate,7ZU2_DHT,40,2,2,0.675,1.8787018413051881,0.55,0.9694729447364807,True,27,True,True,0.675,True
Separate,7ZXV_45D,35,16,10,0.17142857142857143,13.588356681228536,0.0907563025210084,1.9483883380889893,True,3,False,False,0.05714285714285714,True
Separate,7ZZW_KKW,40,15,11,0.2,12.095842418891328,0.1858974358974359,1.9678441286087036,True,3,False,True,0.2,True
Separate,8A1H_DLZ,40,14,8,0.25,9.72927883440965,0.23974358974358975,1.9996812343597412,True,3,False,True,0.25,True
Separate,8A2D_KXY,40,36,3,0.075,34.36947495228962,0.008974358974358974,1.8286466598510742,False,0,False,False,0.025,False
Separate,8AAU_LH0,40,6,4,0.375,3.8745151169848353,0.391025641025641,1.923114538192749,True,14,True,True,0.375,True
Separate,8AEM_LVF,40,12,7,0.525,5.972012034905905,0.3576923076923077,1.8166409730911255,True,18,True,True,0.525,True
Separate,8AIE_M7L,40,13,7,0.2,9.763010924038289,0.2358974358974359,1.8967558145523071,True,4,False,False,0.15,False
Separate,8AP0_PRP,40,24,11,0.125,21.023671129044693,0.07051282051282051,1.9669080972671509,False,0,False,False,0.075,False
Separate,8AQL_PLG,40,5,3,0.55,2.802406970901281,0.8294871794871795,1.9157402515411377,True,10,False,True,0.55,True
Separate,8AUH_L9I,40,27,11,0.075,24.83294948360108,0.04487179487179487,1.8375202417373657,False,0,False,False,0.05,False
Separate,8AY3_OE3,40,10,5,0.45,5.637523465662371,0.2948717948717949,1.9808714389801025,True,7,False,True,0.45,True
Separate,8B8H_OJQ,40,11,8,0.325,7.965673991868497,0.3217948717948718,1.9325371980667114,True,16,True,True,0.325,True
Separate,8BOM_QU6,40,6,3,0.425,3.445602767246472,0.41025641025641024,1.9614546298980713,True,7,False,True,0.425,True
Separate,8BTI_RFO,40,8,6,0.55,4.46954355257888,0.4205128205128205,1.8994604349136353,True,23,True,True,0.55,True
Separate,8C3N_ADP,41,7,6,0.4146341463414634,4.785806203444889,0.6646341463414634,1.9551527500152588,True,22,True,True,0.4146341463414634,True
Separate,8C5M_MTA,41,8,7,0.43902439024390244,5.523716203608035,0.41341463414634144,1.6992179155349731,True,6,False,True,0.43902439024390244,True
Separate,8CNH_V6U,41,12,8,0.24390243902439024,8.774528057741314,0.21341463414634146,1.9160174131393433,True,5,False,True,0.24390243902439024,True
Separate,8CSD_C5P,41,14,5,0.3902439024390244,7.560740894365798,0.39390243902439026,1.9979385137557983,True,8,False,False,0.1951219512195122,False
Separate,8D19_GSH,40,19,8,0.225,13.76760989623585,0.20384615384615384,1.98421311378479,False,0,False,True,0.225,False
Separate,8D39_QDB,40,8,6,0.375,5.678058493299233,0.7230769230769231,1.9095039367675781,True,5,False,True,0.375,True
Separate,8D5D_5DK,40,17,6,0.2,11.475472756282159,0.21923076923076923,1.9916092157363892,True,4,False,True,0.2,True
Separate,8DHG_T78,40,24,6,0.15,18.98041122505421,0.07051282051282051,1.9303933382034302,True,1,False,False,0.1,False
Separate,8DKO_TFB,40,7,4,0.475,4.095236140573815,0.658974358974359,1.9923151731491089,True,6,False,True,0.475,True
Separate,8DP2_UMA,40,39,1,0.05,38.637453156993885,0.001282051282051282,1.8532578945159912,False,0,False,False,0.025,False
Separate,8DSC_NCA,40,5,4,0.45,3.4944721787832242,0.5794871794871795,1.7129080295562744,True,30,True,True,0.45,True
Separate,8EAB_VN2,41,39,2,0.04878048780487805,38.31908027068616,0.007317073170731708,1.9510281085968018,False,0,False,True,0.04878048780487805,False
Separate,8EX2_Q2Q,40,8,3,0.525,3.7075668294569,0.6743589743589744,1.9574769735336304,True,27,True,True,0.525,True
Separate,8EXL_799,40,16,7,0.25,10.929526230665951,0.2141025641025641,1.9713962078094482,True,2,False,False,0.1,True
Separate,8EYE_X4I,40,12,10,0.2,9.755934321786098,0.30512820512820515,1.9720522165298462,True,4,False,False,0.075,True
Separate,8F4J_PHO,40,40,0,0.025,40.0,0.0,0.0,False,0,False,False,0.025,False
Separate,8F8E_XJI,41,24,8,0.17073170731707318,18.472117930698307,0.1,1.9581801891326904,True,1,False,False,0.04878048780487805,True
Separate,8FAV_4Y5,40,10,5,0.35,5.974827152795275,0.3333333333333333,1.9354525804519653,True,13,True,True,0.35,True
Separate,8FLV_ZB9,41,9,7,0.2682926829268293,7.153739800129046,0.37682926829268293,1.7987197637557983,True,17,True,False,0.0975609756097561,False
Separate,8FO5_Y4U,42,3,3,0.7380952380952381,2.071977790485957,0.8478513356562137,1.9356478452682495,True,35,True,True,0.7380952380952381,True
Separate,8G0V_YHT,41,27,7,0.0975609756097561,22.972381631168098,0.03414634146341464,1.7277278900146484,False,0,False,False,0.024390243902439025,False
Separate,8G6P_API,40,17,12,0.15,14.605642898023037,0.12307692307692308,1.9894428253173828,True,11,False,False,0.125,True
Separate,8GFD_ZHR,40,34,5,0.075,32.06785403228414,0.011538461538461539,1.9597139358520508,True,1,False,False,0.025,False
Separate,8HFN_XGC,40,15,5,0.4,8.233158904502979,0.3717948717948718,1.9989193677902222,True,1,False,True,0.4,True
Separate,8HO0_3ZI,40,7,7,0.275,6.2052348508561845,0.35128205128205126,1.8726706504821777,False,0,False,False,0.05,False
Separate,8SLG_G5A,40,4,3,0.75,2.1964042157970987,0.6820512820512821,1.9636212587356567,True,1,False,False,0.075,False
