complex,seed,rmsd
5SAK_ZRY,0,0.5114
5SAK_ZRY,1,0.5712
5SAK_ZRY,10,0.4441
5SAK_ZRY,100,0.6140
5SAK_ZRY,101,1.0729
5SAK_ZRY,102,0.6692
5SAK_ZRY,103,0.3741
5SAK_ZRY,104,0.8914
5SAK_ZRY,105,2.2687
5SAK_ZRY,106,1.0043
5SAK_ZRY,107,6.6534
5SAK_ZRY,108,6.4764
5SAK_ZRY,109,0.4765
5SAK_ZRY,11,0.5705
5SAK_ZRY,110,0.8787
5SAK_ZRY,111,7.0388
5SAK_ZRY,112,0.6023
5SAK_ZRY,113,0.8758
5SAK_ZRY,114,6.4515
5SAK_ZRY,115,0.8523
5SAK_ZRY,116,0.5592
5SAK_ZRY,117,0.6613
5SAK_ZRY,118,6.7034
5SAK_ZRY,119,0.5106
5SAK_ZRY,12,0.5370
5SAK_ZRY,120,6.3078
5SAK_ZRY,121,0.4570
5SAK_ZRY,122,1.8388
5SAK_ZRY,123,0.6268
5SAK_ZRY,124,6.0066
5SAK_ZRY,125,6.6117
5SAK_ZRY,126,0.7045
5SAK_ZRY,127,0.2579
5SAK_ZRY,128,0.4471
5SAK_ZRY,129,0.5270
5SAK_ZRY,13,2.5299
5SAK_ZRY,130,6.5107
5SAK_ZRY,131,0.5959
5SAK_ZRY,132,0.4501
5SAK_ZRY,133,1.1279
5SAK_ZRY,134,0.4248
5SAK_ZRY,135,0.4558
5SAK_ZRY,136,6.7602
5SAK_ZRY,137,0.7048
5SAK_ZRY,138,1.1962
5SAK_ZRY,139,0.6218
5SAK_ZRY,14,0.4721
5SAK_ZRY,15,2.8609
5SAK_ZRY,16,6.3257
5SAK_ZRY,17,0.3197
5SAK_ZRY,18,6.5263
5SAK_ZRY,19,0.5683
5SAK_ZRY,2,0.9226
5SAK_ZRY,20,0.7225
5SAK_ZRY,21,2.5427
5SAK_ZRY,22,0.4600
5SAK_ZRY,23,0.4302
5SAK_ZRY,24,0.5750
5SAK_ZRY,25,0.5469
5SAK_ZRY,26,0.7925
5SAK_ZRY,27,0.7256
5SAK_ZRY,28,0.6228
5SAK_ZRY,29,6.9607
5SAK_ZRY,3,0.5418
5SAK_ZRY,30,0.4943
5SAK_ZRY,31,1.2213
5SAK_ZRY,32,0.6885
5SAK_ZRY,33,6.6327
5SAK_ZRY,34,0.6909
5SAK_ZRY,35,0.5090
5SAK_ZRY,36,0.4991
5SAK_ZRY,37,0.8043
5SAK_ZRY,38,0.4876
5SAK_ZRY,39,0.4823
5SAK_ZRY,4,0.7182
5SAK_ZRY,40,1.6490
5SAK_ZRY,41,6.3666
5SAK_ZRY,42,1.1005
5SAK_ZRY,43,0.8210
5SAK_ZRY,44,6.5619
5SAK_ZRY,45,0.8118
5SAK_ZRY,46,0.8283
5SAK_ZRY,47,6.5713
5SAK_ZRY,48,0.4765
5SAK_ZRY,49,0.6149
5SAK_ZRY,5,0.6290
5SAK_ZRY,50,0.4954
5SAK_ZRY,51,6.3076
5SAK_ZRY,52,6.4595
5SAK_ZRY,53,0.9390
5SAK_ZRY,54,0.4965
5SAK_ZRY,55,6.3841
5SAK_ZRY,56,0.7074
5SAK_ZRY,57,6.4107
5SAK_ZRY,58,0.8284
5SAK_ZRY,59,0.5826
5SAK_ZRY,6,0.8833
5SAK_ZRY,60,0.5779
5SAK_ZRY,61,0.5538
5SAK_ZRY,62,0.9580
5SAK_ZRY,63,0.7302
5SAK_ZRY,64,0.4389
5SAK_ZRY,65,6.4232
5SAK_ZRY,66,0.5148
5SAK_ZRY,67,6.9691
5SAK_ZRY,68,0.5296
5SAK_ZRY,69,1.2432
5SAK_ZRY,7,0.8187
5SAK_ZRY,70,1.5160
5SAK_ZRY,71,0.6645
5SAK_ZRY,72,0.5019
5SAK_ZRY,73,0.5666
5SAK_ZRY,74,0.7931
5SAK_ZRY,75,0.5413
5SAK_ZRY,76,6.5658
5SAK_ZRY,77,0.5316
5SAK_ZRY,78,1.0824
5SAK_ZRY,79,0.6885
5SAK_ZRY,8,0.3949
5SAK_ZRY,80,0.5960
5SAK_ZRY,81,0.7697
5SAK_ZRY,82,6.8351
5SAK_ZRY,83,2.1092
5SAK_ZRY,84,0.6546
5SAK_ZRY,85,2.5641
5SAK_ZRY,86,0.8345
5SAK_ZRY,87,0.7496
5SAK_ZRY,88,0.5049
5SAK_ZRY,89,0.5679
5SAK_ZRY,9,0.5591
5SAK_ZRY,90,0.8640
5SAK_ZRY,91,0.6981
5SAK_ZRY,92,0.4176
5SAK_ZRY,93,1.5095
5SAK_ZRY,94,1.0784
5SAK_ZRY,95,0.6459
5SAK_ZRY,96,0.6033
5SAK_ZRY,97,6.8674
5SAK_ZRY,98,6.5401
5SAK_ZRY,99,0.9382
5SB2_1K2,0,0.5483
5SB2_1K2,1,0.5384
5SB2_1K2,10,0.5957
5SB2_1K2,100,1.3502
5SB2_1K2,101,1.4503
5SB2_1K2,102,0.5293
5SB2_1K2,103,0.6300
5SB2_1K2,104,1.2554
5SB2_1K2,105,0.8523
5SB2_1K2,106,1.9276
5SB2_1K2,107,0.6380
5SB2_1K2,108,1.0905
5SB2_1K2,109,1.2263
5SB2_1K2,11,0.7463
5SB2_1K2,110,0.9347
5SB2_1K2,111,1.3075
5SB2_1K2,112,0.5525
5SB2_1K2,113,1.0185
5SB2_1K2,114,0.7367
5SB2_1K2,115,0.4895
5SB2_1K2,116,1.4062
5SB2_1K2,117,1.3505
5SB2_1K2,118,0.7283
5SB2_1K2,119,1.2206
5SB2_1K2,12,1.5265
5SB2_1K2,120,1.3859
5SB2_1K2,121,0.7824
5SB2_1K2,122,1.5361
5SB2_1K2,123,1.1001
5SB2_1K2,124,0.4927
5SB2_1K2,125,2.1236
5SB2_1K2,126,0.4422
5SB2_1K2,127,0.5073
5SB2_1K2,128,1.7812
5SB2_1K2,129,0.8777
5SB2_1K2,13,0.8040
5SB2_1K2,130,1.2910
5SB2_1K2,131,0.5396
5SB2_1K2,132,1.2579
5SB2_1K2,133,0.8701
5SB2_1K2,134,0.4192
5SB2_1K2,135,0.6398
5SB2_1K2,136,2.0421
5SB2_1K2,137,0.6813
5SB2_1K2,138,0.4871
5SB2_1K2,139,0.5852
5SB2_1K2,14,0.8088
5SB2_1K2,15,1.2004
5SB2_1K2,16,1.9819
5SB2_1K2,17,1.4569
5SB2_1K2,18,0.4200
5SB2_1K2,19,1.3845
5SB2_1K2,2,1.0454
5SB2_1K2,20,1.6289
5SB2_1K2,21,2.0814
5SB2_1K2,22,2.5937
5SB2_1K2,23,0.6584
5SB2_1K2,24,0.6551
5SB2_1K2,25,0.8962
5SB2_1K2,26,2.3397
5SB2_1K2,27,1.6885
5SB2_1K2,28,1.0349
5SB2_1K2,29,0.3778
5SB2_1K2,3,1.3271
5SB2_1K2,30,0.8249
5SB2_1K2,31,0.6170
5SB2_1K2,32,1.5848
5SB2_1K2,33,0.9466
5SB2_1K2,34,0.8346
5SB2_1K2,35,0.8968
5SB2_1K2,36,1.4020
5SB2_1K2,37,1.8946
5SB2_1K2,38,0.8227
5SB2_1K2,39,0.4931
5SB2_1K2,4,1.0226
5SB2_1K2,40,1.3324
5SB2_1K2,41,1.5065
5SB2_1K2,42,1.5193
5SB2_1K2,43,1.7843
5SB2_1K2,44,1.4043
5SB2_1K2,45,0.7521
5SB2_1K2,46,1.4457
5SB2_1K2,47,0.4696
5SB2_1K2,48,0.8477
5SB2_1K2,49,0.7652
5SB2_1K2,5,1.7222
5SB2_1K2,50,0.5624
5SB2_1K2,51,0.5864
5SB2_1K2,52,0.6938
5SB2_1K2,53,1.1749
5SB2_1K2,54,1.5212
5SB2_1K2,55,0.6447
5SB2_1K2,56,0.8659
5SB2_1K2,57,0.6915
5SB2_1K2,58,1.2130
5SB2_1K2,59,0.8840
5SB2_1K2,6,0.4917
5SB2_1K2,60,1.6517
5SB2_1K2,61,0.3276
5SB2_1K2,62,0.6124
5SB2_1K2,63,0.4612
5SB2_1K2,64,1.2672
5SB2_1K2,65,0.7306
5SB2_1K2,66,1.8902
5SB2_1K2,67,1.5561
5SB2_1K2,68,0.6016
5SB2_1K2,69,0.6010
5SB2_1K2,7,1.8374
5SB2_1K2,70,1.6561
5SB2_1K2,71,1.6297
5SB2_1K2,72,1.8263
5SB2_1K2,73,1.6730
5SB2_1K2,74,0.7835
5SB2_1K2,75,1.2761
5SB2_1K2,75,0.4762
5SB2_1K2,76,1.6149
5SB2_1K2,77,0.7937
5SB2_1K2,78,0.7314
5SB2_1K2,79,1.8955
5SB2_1K2,8,0.5091
5SB2_1K2,80,1.6885
5SB2_1K2,81,0.5520
5SB2_1K2,82,0.5423
5SB2_1K2,83,1.6075
5SB2_1K2,84,2.2150
5SB2_1K2,85,0.6465
5SB2_1K2,86,1.2251
5SB2_1K2,87,0.3834
5SB2_1K2,88,1.5267
5SB2_1K2,89,1.3368
5SB2_1K2,9,0.5585
5SB2_1K2,90,2.3678
5SB2_1K2,91,0.7596
5SB2_1K2,92,0.8332
5SB2_1K2,93,2.3851
5SB2_1K2,94,1.6966
5SB2_1K2,95,0.4446
5SB2_1K2,96,0.6141
5SB2_1K2,97,1.8579
5SB2_1K2,98,1.0511
5SB2_1K2,99,0.4731
5SD5_HWI,0,5.0919
5SD5_HWI,1,3.7994
5SD5_HWI,10,2.8768
5SD5_HWI,100,4.5118
5SD5_HWI,101,3.0843
5SD5_HWI,102,4.2377
5SD5_HWI,103,3.9589
5SD5_HWI,104,2.8987
5SD5_HWI,105,3.1381
5SD5_HWI,106,1.4495
5SD5_HWI,107,3.2519
5SD5_HWI,108,3.5777
5SD5_HWI,109,4.0084
5SD5_HWI,11,4.8227
5SD5_HWI,110,3.2227
5SD5_HWI,111,3.3131
5SD5_HWI,112,3.4063
5SD5_HWI,113,2.3862
5SD5_HWI,114,2.6572
5SD5_HWI,115,2.9975
5SD5_HWI,116,3.5756
5SD5_HWI,117,3.1817
5SD5_HWI,118,3.8879
5SD5_HWI,119,2.8932
5SD5_HWI,12,3.4147
5SD5_HWI,120,2.3022
5SD5_HWI,121,4.2748
5SD5_HWI,122,5.0426
5SD5_HWI,123,2.8282
5SD5_HWI,124,4.7464
5SD5_HWI,125,2.7063
5SD5_HWI,126,5.0133
5SD5_HWI,127,4.8578
5SD5_HWI,128,2.5220
5SD5_HWI,129,2.8314
5SD5_HWI,13,2.8063
5SD5_HWI,130,3.2775
5SD5_HWI,131,3.4565
5SD5_HWI,132,1.9323
5SD5_HWI,133,3.2856
5SD5_HWI,134,2.8862
5SD5_HWI,135,5.1085
5SD5_HWI,136,5.0241
5SD5_HWI,137,2.8941
5SD5_HWI,138,5.0110
5SD5_HWI,139,1.9824
5SD5_HWI,14,3.1991
5SD5_HWI,15,3.6961
5SD5_HWI,16,2.7158
5SD5_HWI,17,4.7618
5SD5_HWI,18,2.8922
5SD5_HWI,19,4.3589
5SD5_HWI,2,4.9216
5SD5_HWI,20,2.8489
5SD5_HWI,21,2.8196
5SD5_HWI,22,4.3436
5SD5_HWI,23,1.5446
5SD5_HWI,24,2.9960
5SD5_HWI,25,2.4889
5SD5_HWI,26,3.4923
5SD5_HWI,27,3.7941
5SD5_HWI,28,3.7267
5SD5_HWI,29,1.2941
5SD5_HWI,3,4.4854
5SD5_HWI,30,3.0934
5SD5_HWI,31,2.7887
5SD5_HWI,32,2.9028
5SD5_HWI,33,3.9192
5SD5_HWI,34,2.9582
5SD5_HWI,35,5.1355
5SD5_HWI,36,2.2602
5SD5_HWI,37,5.0867
5SD5_HWI,38,2.4737
5SD5_HWI,39,4.2031
5SD5_HWI,4,2.3562
5SD5_HWI,4,3.6331
5SD5_HWI,40,3.8930
5SD5_HWI,41,2.6682
5SD5_HWI,42,3.5970
5SD5_HWI,43,2.5579
5SD5_HWI,44,1.2702
5SD5_HWI,45,3.4407
5SD5_HWI,46,2.1082
5SD5_HWI,47,2.7806
5SD5_HWI,48,3.2460
5SD5_HWI,49,5.0458
5SD5_HWI,5,3.8465
5SD5_HWI,50,1.6452
5SD5_HWI,51,3.8387
5SD5_HWI,52,4.8671
5SD5_HWI,53,3.0099
5SD5_HWI,54,3.0452
5SD5_HWI,55,2.7126
5SD5_HWI,56,1.5978
5SD5_HWI,57,4.7555
5SD5_HWI,58,2.7907
5SD5_HWI,59,3.2543
5SD5_HWI,6,3.2029
5SD5_HWI,60,2.4305
5SD5_HWI,61,2.8348
5SD5_HWI,62,4.6440
5SD5_HWI,63,4.9248
5SD5_HWI,64,2.6850
5SD5_HWI,65,3.1938
5SD5_HWI,66,3.5830
5SD5_HWI,67,3.2510
5SD5_HWI,68,3.6273
5SD5_HWI,69,3.1846
5SD5_HWI,7,5.3299
5SD5_HWI,70,3.6433
5SD5_HWI,71,2.5648
5SD5_HWI,72,2.9232
5SD5_HWI,73,3.0235
5SD5_HWI,74,4.0427
5SD5_HWI,75,2.3529
5SD5_HWI,76,3.1501
5SD5_HWI,77,2.1806
5SD5_HWI,78,4.4302
5SD5_HWI,79,3.6852
5SD5_HWI,8,2.4014
5SD5_HWI,80,2.9668
5SD5_HWI,81,4.3035
5SD5_HWI,82,2.7812
5SD5_HWI,83,2.9655
5SD5_HWI,84,2.6456
5SD5_HWI,85,2.4210
5SD5_HWI,86,3.4233
5SD5_HWI,87,4.9678
5SD5_HWI,88,2.8806
5SD5_HWI,89,2.2101
5SD5_HWI,9,3.1069
5SD5_HWI,90,2.8554
5SD5_HWI,91,4.6173
5SD5_HWI,92,3.7614
5SD5_HWI,93,4.1770
5SD5_HWI,94,3.0332
5SD5_HWI,95,3.1090
5SD5_HWI,96,1.6141
5SD5_HWI,97,4.3597
5SD5_HWI,98,3.3542
5SD5_HWI,99,2.9736
5SIS_JSM,0,1.0222
5SIS_JSM,1,2.0679
5SIS_JSM,10,2.2288
5SIS_JSM,100,2.1141
5SIS_JSM,101,1.8979
5SIS_JSM,102,1.3115
5SIS_JSM,103,0.7599
5SIS_JSM,104,1.0645
5SIS_JSM,105,1.4706
5SIS_JSM,106,2.8598
5SIS_JSM,107,1.4032
5SIS_JSM,108,1.3041
5SIS_JSM,109,1.2191
5SIS_JSM,11,3.3376
5SIS_JSM,110,1.3962
5SIS_JSM,111,1.4904
5SIS_JSM,112,1.3231
5SIS_JSM,113,1.8346
5SIS_JSM,114,1.2180
5SIS_JSM,115,1.8232
5SIS_JSM,116,1.3403
5SIS_JSM,117,1.4542
5SIS_JSM,118,2.9297
5SIS_JSM,119,1.0459
5SIS_JSM,12,2.3622
5SIS_JSM,120,1.2794
5SIS_JSM,121,1.8791
5SIS_JSM,122,1.6108
5SIS_JSM,123,1.5626
5SIS_JSM,124,1.8041
5SIS_JSM,125,1.8443
5SIS_JSM,126,1.6392
5SIS_JSM,127,1.2812
5SIS_JSM,128,1.3665
5SIS_JSM,129,2.7763
5SIS_JSM,13,1.7699
5SIS_JSM,130,1.0228
5SIS_JSM,131,2.0416
5SIS_JSM,132,1.0761
5SIS_JSM,133,2.4955
5SIS_JSM,134,1.3928
5SIS_JSM,135,1.2429
5SIS_JSM,136,1.5352
5SIS_JSM,137,1.0979
5SIS_JSM,138,1.2401
5SIS_JSM,139,2.6214
5SIS_JSM,14,1.1410
5SIS_JSM,15,1.4691
5SIS_JSM,16,2.2098
5SIS_JSM,17,0.9262
5SIS_JSM,18,3.2937
5SIS_JSM,19,2.7198
5SIS_JSM,2,1.2290
5SIS_JSM,20,2.1227
5SIS_JSM,21,2.3887
5SIS_JSM,22,1.5600
5SIS_JSM,23,0.8893
5SIS_JSM,24,1.0446
5SIS_JSM,25,1.3755
5SIS_JSM,26,1.3763
5SIS_JSM,27,1.6277
5SIS_JSM,28,1.1893
5SIS_JSM,29,1.0934
5SIS_JSM,3,1.5992
5SIS_JSM,30,1.8759
5SIS_JSM,31,2.8193
5SIS_JSM,32,3.0828
5SIS_JSM,32,1.5476
5SIS_JSM,33,1.2308
5SIS_JSM,34,1.4123
5SIS_JSM,35,1.8358
5SIS_JSM,36,2.8111
5SIS_JSM,37,1.5377
5SIS_JSM,38,1.6147
5SIS_JSM,39,1.5200
5SIS_JSM,4,1.6409
5SIS_JSM,40,2.1544
5SIS_JSM,41,3.0844
5SIS_JSM,42,1.4554
5SIS_JSM,43,1.0519
5SIS_JSM,44,1.8239
5SIS_JSM,45,1.6180
5SIS_JSM,46,1.6084
5SIS_JSM,47,1.2218
5SIS_JSM,48,1.8445
5SIS_JSM,49,1.2367
5SIS_JSM,5,2.9767
5SIS_JSM,50,2.0579
5SIS_JSM,51,1.1626
5SIS_JSM,52,1.2886
5SIS_JSM,53,1.5345
5SIS_JSM,54,2.1061
5SIS_JSM,55,1.7201
5SIS_JSM,56,1.2124
5SIS_JSM,57,1.2969
5SIS_JSM,58,1.2257
5SIS_JSM,59,1.0968
5SIS_JSM,6,1.6310
5SIS_JSM,60,1.4885
5SIS_JSM,61,3.9696
5SIS_JSM,62,1.1354
5SIS_JSM,63,1.4239
5SIS_JSM,64,3.0504
5SIS_JSM,65,2.8418
5SIS_JSM,66,1.5081
5SIS_JSM,67,2.9770
5SIS_JSM,68,1.8407
5SIS_JSM,69,1.3394
5SIS_JSM,7,2.4301
5SIS_JSM,70,1.4945
5SIS_JSM,71,1.8002
5SIS_JSM,72,1.2670
5SIS_JSM,73,1.3416
5SIS_JSM,74,1.2832
5SIS_JSM,75,1.1715
5SIS_JSM,76,1.0244
5SIS_JSM,77,1.5769
5SIS_JSM,78,2.5406
5SIS_JSM,79,9.8683
5SIS_JSM,8,1.4292
5SIS_JSM,80,1.9536
5SIS_JSM,81,1.2926
5SIS_JSM,82,2.0313
5SIS_JSM,83,0.7853
5SIS_JSM,84,1.3593
5SIS_JSM,85,1.5432
5SIS_JSM,86,1.0541
5SIS_JSM,87,1.4398
5SIS_JSM,88,1.6204
5SIS_JSM,89,1.2923
5SIS_JSM,9,1.3382
5SIS_JSM,90,0.9564
5SIS_JSM,91,1.2259
5SIS_JSM,92,1.8251
5SIS_JSM,93,1.8784
5SIS_JSM,94,1.6527
5SIS_JSM,95,1.9061
5SIS_JSM,96,1.5415
5SIS_JSM,97,2.3583
5SIS_JSM,98,1.6864
5SIS_JSM,99,1.4776
6M2B_EZO,0,2.7004
6M2B_EZO,1,2.2865
6M2B_EZO,10,0.8564
6M2B_EZO,100,2.4099
6M2B_EZO,101,1.8691
6M2B_EZO,102,2.5042
6M2B_EZO,103,1.5902
6M2B_EZO,104,2.6936
6M2B_EZO,105,2.5330
6M2B_EZO,106,0.7024
6M2B_EZO,107,3.1710
6M2B_EZO,108,2.1215
6M2B_EZO,109,0.8619
6M2B_EZO,11,2.9044
6M2B_EZO,110,3.5404
6M2B_EZO,111,2.0723
6M2B_EZO,112,3.3940
6M2B_EZO,113,2.1614
6M2B_EZO,114,8.9065
6M2B_EZO,115,1.5862
6M2B_EZO,116,2.7902
6M2B_EZO,117,2.7355
6M2B_EZO,118,0.3435
6M2B_EZO,119,2.6698
6M2B_EZO,12,3.3678
6M2B_EZO,120,9.0836
6M2B_EZO,121,1.7739
6M2B_EZO,122,2.6961
6M2B_EZO,123,3.0056
6M2B_EZO,124,1.6533
6M2B_EZO,125,2.1325
6M2B_EZO,126,2.9242
6M2B_EZO,127,1.5918
6M2B_EZO,128,0.7318
6M2B_EZO,129,1.6331
6M2B_EZO,13,1.8904
6M2B_EZO,130,2.1381
6M2B_EZO,131,1.8461
6M2B_EZO,132,1.4245
6M2B_EZO,133,2.6125
6M2B_EZO,134,9.0895
6M2B_EZO,135,0.9283
6M2B_EZO,136,2.2126
6M2B_EZO,137,1.6230
6M2B_EZO,138,2.7988
6M2B_EZO,139,1.6886
6M2B_EZO,14,1.5370
6M2B_EZO,15,1.6784
6M2B_EZO,16,2.0918
6M2B_EZO,17,1.9285
6M2B_EZO,18,1.7223
6M2B_EZO,19,1.5742
6M2B_EZO,2,2.0542
6M2B_EZO,20,2.7938
6M2B_EZO,21,3.1342
6M2B_EZO,22,2.2772
6M2B_EZO,23,2.6064
6M2B_EZO,24,2.4464
6M2B_EZO,25,2.7301
6M2B_EZO,26,1.9733
6M2B_EZO,27,1.7472
6M2B_EZO,28,1.1664
6M2B_EZO,29,2.0416
6M2B_EZO,3,1.6211
6M2B_EZO,30,3.2335
6M2B_EZO,31,1.5911
6M2B_EZO,31,2.9358
6M2B_EZO,32,2.7977
6M2B_EZO,33,2.6158
6M2B_EZO,34,2.7514
6M2B_EZO,35,1.4549
6M2B_EZO,36,2.9181
6M2B_EZO,37,0.5142
6M2B_EZO,38,2.0461
6M2B_EZO,39,1.2253
6M2B_EZO,4,2.9109
6M2B_EZO,40,1.0887
6M2B_EZO,41,2.9630
6M2B_EZO,42,3.4980
6M2B_EZO,43,1.9470
6M2B_EZO,44,2.7106
6M2B_EZO,45,2.0196
6M2B_EZO,46,1.7409
6M2B_EZO,47,1.2943
6M2B_EZO,48,1.6487
6M2B_EZO,49,3.0442
6M2B_EZO,5,1.6334
6M2B_EZO,50,1.7265
6M2B_EZO,51,1.1581
6M2B_EZO,52,1.9069
6M2B_EZO,53,1.7267
6M2B_EZO,54,1.8879
6M2B_EZO,55,2.5255
6M2B_EZO,56,1.6896
6M2B_EZO,57,1.9396
6M2B_EZO,58,8.9323
6M2B_EZO,59,0.7923
6M2B_EZO,6,2.2530
6M2B_EZO,60,1.9301
6M2B_EZO,61,1.5407
6M2B_EZO,62,9.1895
6M2B_EZO,63,1.6146
6M2B_EZO,64,2.8197
6M2B_EZO,65,2.0811
6M2B_EZO,66,2.8076
6M2B_EZO,67,1.8416
6M2B_EZO,68,1.6227
6M2B_EZO,69,0.9947
6M2B_EZO,7,2.3379
6M2B_EZO,70,1.0399
6M2B_EZO,71,2.5364
6M2B_EZO,72,8.8212
6M2B_EZO,73,2.1486
6M2B_EZO,74,1.6092
6M2B_EZO,75,2.6243
6M2B_EZO,76,2.2979
6M2B_EZO,77,2.7785
6M2B_EZO,78,1.4915
6M2B_EZO,79,1.6645
6M2B_EZO,8,2.8612
6M2B_EZO,80,2.7661
6M2B_EZO,81,1.9648
6M2B_EZO,82,2.3001
6M2B_EZO,83,1.7302
6M2B_EZO,83,0.7408
6M2B_EZO,84,2.8317
6M2B_EZO,85,2.5342
6M2B_EZO,86,2.8522
6M2B_EZO,87,1.9673
6M2B_EZO,88,1.3887
6M2B_EZO,89,3.0192
6M2B_EZO,9,2.1421
6M2B_EZO,90,1.5547
6M2B_EZO,91,2.0471
6M2B_EZO,92,2.1275
6M2B_EZO,93,8.4298
6M2B_EZO,94,0.8692
6M2B_EZO,95,2.6345
6M2B_EZO,96,8.8280
6M2B_EZO,97,2.0605
6M2B_EZO,98,1.6459
6M2B_EZO,99,1.7650
6M73_FNR,0,3.5604
6M73_FNR,1,0.9962
6M73_FNR,10,2.0115
6M73_FNR,100,1.5385
6M73_FNR,101,4.4891
6M73_FNR,102,4.6189
6M73_FNR,103,4.6471
6M73_FNR,104,4.7174
6M73_FNR,105,4.4575
6M73_FNR,106,4.4032
6M73_FNR,107,1.0918
6M73_FNR,108,1.0637
6M73_FNR,109,4.6654
6M73_FNR,11,2.6339
6M73_FNR,110,4.5503
6M73_FNR,111,4.6479
6M73_FNR,112,3.0254
6M73_FNR,113,1.2422
6M73_FNR,114,1.2607
6M73_FNR,115,1.2146
6M73_FNR,116,4.6578
6M73_FNR,117,4.7376
6M73_FNR,118,2.5736
6M73_FNR,119,0.8413
6M73_FNR,12,4.6616
6M73_FNR,120,1.0059
6M73_FNR,121,1.7159
6M73_FNR,122,1.1352
6M73_FNR,123,1.4045
6M73_FNR,124,4.6582
6M73_FNR,125,4.2405
6M73_FNR,126,4.7041
6M73_FNR,127,2.4424
6M73_FNR,128,4.0906
6M73_FNR,129,1.0373
6M73_FNR,13,1.1028
6M73_FNR,130,4.5034
6M73_FNR,131,1.0673
6M73_FNR,132,1.4698
6M73_FNR,133,4.6092
6M73_FNR,134,0.9834
6M73_FNR,135,1.6207
6M73_FNR,136,1.1306
6M73_FNR,137,0.6239
6M73_FNR,138,0.9850
6M73_FNR,139,1.0825
6M73_FNR,14,2.1358
6M73_FNR,15,1.3641
6M73_FNR,16,1.1034
6M73_FNR,17,1.2766
6M73_FNR,18,4.4771
6M73_FNR,19,4.8610
6M73_FNR,2,4.1435
6M73_FNR,20,1.1972
6M73_FNR,21,4.6561
6M73_FNR,22,4.6245
6M73_FNR,23,4.6104
6M73_FNR,24,1.3113
6M73_FNR,25,1.3065
6M73_FNR,26,4.6466
6M73_FNR,27,0.9931
6M73_FNR,28,1.0947
6M73_FNR,29,0.9933
6M73_FNR,3,4.8413
6M73_FNR,30,4.6738
6M73_FNR,31,1.2032
6M73_FNR,32,1.4526
6M73_FNR,33,4.6956
6M73_FNR,34,4.6041
6M73_FNR,35,0.8673
6M73_FNR,36,4.7471
6M73_FNR,37,2.7588
6M73_FNR,38,4.6770
6M73_FNR,39,4.6870
6M73_FNR,4,1.1724
6M73_FNR,40,4.7276
6M73_FNR,41,1.0955
6M73_FNR,42,4.5147
6M73_FNR,43,0.8658
6M73_FNR,44,1.9944
6M73_FNR,45,4.5569
6M73_FNR,46,4.6009
6M73_FNR,47,1.1024
6M73_FNR,48,0.8800
6M73_FNR,49,4.6527
6M73_FNR,5,1.1497
6M73_FNR,50,1.4157
6M73_FNR,51,2.7064
6M73_FNR,52,1.3671
6M73_FNR,53,1.0574
6M73_FNR,54,1.0970
6M73_FNR,55,3.3089
6M73_FNR,56,1.0419
6M73_FNR,57,1.3445
6M73_FNR,58,1.0632
6M73_FNR,59,4.6946
6M73_FNR,6,0.7650
6M73_FNR,60,4.6968
6M73_FNR,61,0.8677
6M73_FNR,62,4.2798
6M73_FNR,63,1.2385
6M73_FNR,64,1.0821
6M73_FNR,65,1.2694
6M73_FNR,66,1.1460
6M73_FNR,67,1.4879
6M73_FNR,68,1.4233
6M73_FNR,69,1.0410
6M73_FNR,7,1.1210
6M73_FNR,70,4.7562
6M73_FNR,71,1.9461
6M73_FNR,72,1.1824
6M73_FNR,73,0.6010
6M73_FNR,74,4.5184
6M73_FNR,75,1.0009
6M73_FNR,76,1.0409
6M73_FNR,77,1.2930
6M73_FNR,78,4.5930
6M73_FNR,79,4.7156
6M73_FNR,8,1.0651
6M73_FNR,80,4.6064
6M73_FNR,81,1.2710
6M73_FNR,82,4.7303
6M73_FNR,83,1.1263
6M73_FNR,84,1.0720
6M73_FNR,85,1.4856
6M73_FNR,86,1.2051
6M73_FNR,87,0.6415
6M73_FNR,88,4.8438
6M73_FNR,89,1.2475
6M73_FNR,9,4.7166
6M73_FNR,90,4.6757
6M73_FNR,91,0.8862
6M73_FNR,92,4.6882
6M73_FNR,93,4.6869
6M73_FNR,94,3.0602
6M73_FNR,95,1.0353
6M73_FNR,96,0.6408
6M73_FNR,97,4.1117
6M73_FNR,98,1.8305
6M73_FNR,99,1.0661
6T88_MWQ,0,1.7337
6T88_MWQ,1,1.6008
6T88_MWQ,10,1.3095
6T88_MWQ,100,1.5660
6T88_MWQ,101,1.5530
6T88_MWQ,102,0.7193
6T88_MWQ,103,1.5694
6T88_MWQ,104,1.5156
6T88_MWQ,105,1.1041
6T88_MWQ,106,1.3120
6T88_MWQ,107,1.2198
6T88_MWQ,108,1.0554
6T88_MWQ,109,1.0459
6T88_MWQ,11,0.4609
6T88_MWQ,110,1.9779
6T88_MWQ,111,1.0688
6T88_MWQ,112,1.6199
6T88_MWQ,113,1.3529
6T88_MWQ,114,1.4745
6T88_MWQ,115,1.1583
6T88_MWQ,116,1.5067
6T88_MWQ,117,1.2062
6T88_MWQ,118,1.6246
6T88_MWQ,119,1.1675
6T88_MWQ,12,1.1705
6T88_MWQ,120,1.4057
6T88_MWQ,121,0.9345
6T88_MWQ,122,0.7192
6T88_MWQ,123,1.7371
6T88_MWQ,124,1.0849
6T88_MWQ,125,1.2397
6T88_MWQ,126,1.0794
6T88_MWQ,127,1.1420
6T88_MWQ,128,1.7090
6T88_MWQ,129,1.5285
6T88_MWQ,13,1.6849
6T88_MWQ,130,0.6534
6T88_MWQ,131,1.8464
6T88_MWQ,132,1.9886
6T88_MWQ,133,1.6114
6T88_MWQ,134,1.6342
6T88_MWQ,135,1.5387
6T88_MWQ,136,1.2813
6T88_MWQ,137,1.1213
6T88_MWQ,138,1.1654
6T88_MWQ,139,1.4477
6T88_MWQ,14,1.6177
6T88_MWQ,15,1.4429
6T88_MWQ,16,1.6484
6T88_MWQ,17,1.1599
6T88_MWQ,18,1.5801
6T88_MWQ,19,1.3604
6T88_MWQ,2,1.1885
6T88_MWQ,20,1.0947
6T88_MWQ,21,0.7396
6T88_MWQ,22,1.5141
6T88_MWQ,23,1.2817
6T88_MWQ,24,1.3614
6T88_MWQ,25,1.8073
6T88_MWQ,26,1.3799
6T88_MWQ,27,1.2730
6T88_MWQ,28,1.0771
6T88_MWQ,29,1.9290
6T88_MWQ,3,4.7343
6T88_MWQ,30,1.0652
6T88_MWQ,31,2.4908
6T88_MWQ,32,1.1807
6T88_MWQ,33,0.9578
6T88_MWQ,34,0.9027
6T88_MWQ,35,0.5225
6T88_MWQ,36,1.0943
6T88_MWQ,37,1.1203
6T88_MWQ,38,0.8145
6T88_MWQ,39,1.4904
6T88_MWQ,4,1.0538
6T88_MWQ,40,1.3525
6T88_MWQ,41,1.1961
6T88_MWQ,42,1.5779
6T88_MWQ,43,1.6691
6T88_MWQ,44,0.7561
6T88_MWQ,45,0.9387
6T88_MWQ,46,1.8857
6T88_MWQ,47,0.6431
6T88_MWQ,48,2.7754
6T88_MWQ,49,1.8389
6T88_MWQ,5,1.2013
6T88_MWQ,50,0.7877
6T88_MWQ,51,0.8937
6T88_MWQ,52,0.9093
6T88_MWQ,53,0.7610
6T88_MWQ,54,1.5912
6T88_MWQ,55,1.1851
6T88_MWQ,56,1.3580
6T88_MWQ,56,0.8579
6T88_MWQ,57,1.4951
6T88_MWQ,58,1.5451
6T88_MWQ,59,1.5795
6T88_MWQ,6,1.1810
6T88_MWQ,60,1.3314
6T88_MWQ,61,0.8591
6T88_MWQ,62,0.8394
6T88_MWQ,63,1.2845
6T88_MWQ,64,0.5568
6T88_MWQ,65,0.7545
6T88_MWQ,66,1.5754
6T88_MWQ,67,1.7325
6T88_MWQ,68,1.3522
6T88_MWQ,69,1.4594
6T88_MWQ,7,1.5278
6T88_MWQ,70,0.6987
6T88_MWQ,71,0.5829
6T88_MWQ,72,1.6322
6T88_MWQ,73,1.6217
6T88_MWQ,74,0.9761
6T88_MWQ,75,1.3881
6T88_MWQ,76,1.3746
6T88_MWQ,77,1.1988
6T88_MWQ,78,1.6748
6T88_MWQ,79,1.2462
6T88_MWQ,8,1.2994
6T88_MWQ,80,0.9469
6T88_MWQ,81,1.6001
6T88_MWQ,82,1.3225
6T88_MWQ,83,1.5514
6T88_MWQ,84,0.5108
6T88_MWQ,85,0.4390
6T88_MWQ,86,1.5883
6T88_MWQ,87,1.2324
6T88_MWQ,88,1.0795
6T88_MWQ,89,1.5854
6T88_MWQ,9,1.5220
6T88_MWQ,90,1.1577
6T88_MWQ,91,1.1533
6T88_MWQ,92,1.3040
6T88_MWQ,93,1.7301
6T88_MWQ,94,0.7280
6T88_MWQ,95,1.4905
6T88_MWQ,96,0.5548
6T88_MWQ,97,1.2764
6T88_MWQ,98,1.1789
6T88_MWQ,99,1.0445
6TW5_9M2,0,4.3749
6TW5_9M2,1,6.5638
6TW5_9M2,10,7.2708
6TW5_9M2,100,7.2585
6TW5_9M2,101,7.0700
6TW5_9M2,102,7.0444
6TW5_9M2,103,6.8992
6TW5_9M2,104,7.2268
6TW5_9M2,105,2.8431
6TW5_9M2,106,5.9143
6TW5_9M2,107,7.8220
6TW5_9M2,108,7.4916
6TW5_9M2,109,7.1672
6TW5_9M2,11,6.9842
6TW5_9M2,110,6.7469
6TW5_9M2,111,6.7001
6TW5_9M2,112,6.7631
6TW5_9M2,113,6.1221
6TW5_9M2,114,7.4484
6TW5_9M2,115,4.7415
6TW5_9M2,116,6.9328
6TW5_9M2,117,3.2561
6TW5_9M2,118,6.8507
6TW5_9M2,119,2.8437
6TW5_9M2,12,6.4614
6TW5_9M2,120,2.4316
6TW5_9M2,121,4.3198
6TW5_9M2,122,2.3605
6TW5_9M2,123,6.8961
6TW5_9M2,124,7.0075
6TW5_9M2,125,7.1032
6TW5_9M2,126,6.8173
6TW5_9M2,127,7.5781
6TW5_9M2,128,2.9264
6TW5_9M2,129,6.9898
6TW5_9M2,13,7.0368
6TW5_9M2,130,7.0446
6TW5_9M2,131,1.7474
6TW5_9M2,132,2.8617
6TW5_9M2,133,6.8184
6TW5_9M2,134,6.9503
6TW5_9M2,135,2.8693
6TW5_9M2,136,7.1811
6TW5_9M2,137,4.2061
6TW5_9M2,138,2.2678
6TW5_9M2,139,8.2050
6TW5_9M2,14,6.9100
6TW5_9M2,15,4.4740
6TW5_9M2,16,6.4475
6TW5_9M2,17,6.2300
6TW5_9M2,18,6.6174
6TW5_9M2,19,7.6047
6TW5_9M2,2,6.7975
6TW5_9M2,20,1.9515
6TW5_9M2,21,7.7352
6TW5_9M2,22,7.2693
6TW5_9M2,23,7.2113
6TW5_9M2,24,2.4591
6TW5_9M2,25,4.2696
6TW5_9M2,26,7.2749
6TW5_9M2,27,7.1125
6TW5_9M2,28,7.1534
6TW5_9M2,29,3.1470
6TW5_9M2,3,7.6714
6TW5_9M2,30,7.2168
6TW5_9M2,31,7.1532
6TW5_9M2,32,6.9054
6TW5_9M2,33,7.1033
6TW5_9M2,34,6.5298
6TW5_9M2,35,7.1057
6TW5_9M2,36,3.9237
6TW5_9M2,37,5.5935
6TW5_9M2,38,7.0554
6TW5_9M2,39,7.1021
6TW5_9M2,4,6.4806
6TW5_9M2,40,5.5849
6TW5_9M2,41,7.0131
6TW5_9M2,42,1.7180
6TW5_9M2,43,7.9657
6TW5_9M2,44,7.2651
6TW5_9M2,45,7.9789
6TW5_9M2,46,6.7026
6TW5_9M2,47,6.6746
6TW5_9M2,48,2.1040
6TW5_9M2,49,7.2844
6TW5_9M2,5,6.9792
6TW5_9M2,50,6.9560
6TW5_9M2,51,6.9999
6TW5_9M2,52,6.7090
6TW5_9M2,53,3.0458
6TW5_9M2,54,3.2840
6TW5_9M2,55,6.9266
6TW5_9M2,56,6.8456
6TW5_9M2,57,6.9626
6TW5_9M2,58,6.9777
6TW5_9M2,59,7.7848
6TW5_9M2,6,1.7102
6TW5_9M2,60,2.6999
6TW5_9M2,61,7.1375
6TW5_9M2,62,1.1823
6TW5_9M2,63,6.4977
6TW5_9M2,64,7.2569
6TW5_9M2,65,6.5346
6TW5_9M2,66,3.1272
6TW5_9M2,67,6.6587
6TW5_9M2,68,7.1775
6TW5_9M2,69,7.2766
6TW5_9M2,7,7.0685
6TW5_9M2,70,2.4101
6TW5_9M2,71,6.3212
6TW5_9M2,72,7.8337
6TW5_9M2,73,7.0306
6TW5_9M2,74,7.3313
6TW5_9M2,75,6.9425
6TW5_9M2,76,7.0877
6TW5_9M2,77,7.6418
6TW5_9M2,78,6.9107
6TW5_9M2,79,7.0844
6TW5_9M2,8,8.0508
6TW5_9M2,80,7.8689
6TW5_9M2,81,6.6987
6TW5_9M2,82,7.4095
6TW5_9M2,83,2.8354
6TW5_9M2,84,6.5691
6TW5_9M2,85,5.9363
6TW5_9M2,86,7.0700
6TW5_9M2,87,7.3600
6TW5_9M2,88,7.3287
6TW5_9M2,89,7.4754
6TW5_9M2,9,7.0412
6TW5_9M2,90,6.9794
6TW5_9M2,91,6.4034
6TW5_9M2,92,6.7665
6TW5_9M2,93,4.1447
6TW5_9M2,94,7.0627
6TW5_9M2,95,1.8495
6TW5_9M2,96,5.9748
6TW5_9M2,97,7.0752
6TW5_9M2,98,7.1140
6TW5_9M2,99,1.6877
6TW7_NZB,0,3.1781
6TW7_NZB,1,1.4480
6TW7_NZB,10,1.9526
6TW7_NZB,100,4.5552
6TW7_NZB,101,4.1828
6TW7_NZB,102,4.0795
6TW7_NZB,103,3.0703
6TW7_NZB,104,4.5374
6TW7_NZB,105,3.0539
6TW7_NZB,106,4.0370
6TW7_NZB,107,3.1343
6TW7_NZB,108,1.4927
6TW7_NZB,109,3.2766
6TW7_NZB,11,2.6495
6TW7_NZB,110,3.5945
6TW7_NZB,111,3.6371
6TW7_NZB,112,1.9312
6TW7_NZB,113,3.1161
6TW7_NZB,114,2.7794
6TW7_NZB,115,1.6491
6TW7_NZB,116,2.5574
6TW7_NZB,117,1.2371
6TW7_NZB,118,2.3370
6TW7_NZB,119,4.3702
6TW7_NZB,12,3.0388
6TW7_NZB,120,2.9826
6TW7_NZB,121,3.0400
6TW7_NZB,122,1.5522
6TW7_NZB,123,4.3792
6TW7_NZB,124,1.2457
6TW7_NZB,125,2.5769
6TW7_NZB,126,6.8042
6TW7_NZB,127,2.7324
6TW7_NZB,128,3.5266
6TW7_NZB,129,1.3529
6TW7_NZB,13,1.6251
6TW7_NZB,130,4.0150
6TW7_NZB,131,1.8496
6TW7_NZB,132,1.7651
6TW7_NZB,133,4.4024
6TW7_NZB,134,1.4090
6TW7_NZB,135,4.5526
6TW7_NZB,136,2.7296
6TW7_NZB,137,3.3166
6TW7_NZB,138,3.1106
6TW7_NZB,139,4.6658
6TW7_NZB,14,1.3817
6TW7_NZB,15,1.5793
6TW7_NZB,16,2.8482
6TW7_NZB,17,5.1183
6TW7_NZB,18,4.2441
6TW7_NZB,19,1.9382
6TW7_NZB,2,3.9062
6TW7_NZB,20,1.0223
6TW7_NZB,21,4.8403
6TW7_NZB,22,1.4451
6TW7_NZB,23,1.7947
6TW7_NZB,24,3.5575
6TW7_NZB,25,1.6250
6TW7_NZB,26,3.2234
6TW7_NZB,27,4.3900
6TW7_NZB,28,2.5529
6TW7_NZB,29,1.3959
6TW7_NZB,3,2.3544
6TW7_NZB,30,2.7987
6TW7_NZB,31,4.1320
6TW7_NZB,32,3.1893
6TW7_NZB,33,1.7748
6TW7_NZB,34,2.6661
6TW7_NZB,35,3.3094
6TW7_NZB,36,1.3385
6TW7_NZB,37,2.7693
6TW7_NZB,38,4.4876
6TW7_NZB,39,2.3228
6TW7_NZB,4,1.5792
6TW7_NZB,40,2.6515
6TW7_NZB,41,1.5720
6TW7_NZB,42,3.8063
6TW7_NZB,43,2.6043
6TW7_NZB,44,2.6551
6TW7_NZB,45,3.1022
6TW7_NZB,46,4.2221
6TW7_NZB,47,2.5087
6TW7_NZB,48,3.0386
6TW7_NZB,49,2.8729
6TW7_NZB,5,3.1545
6TW7_NZB,50,5.4863
6TW7_NZB,51,1.9088
6TW7_NZB,52,1.2119
6TW7_NZB,53,2.7963
6TW7_NZB,54,3.7682
6TW7_NZB,55,2.1004
6TW7_NZB,56,5.8914
6TW7_NZB,57,3.7286
6TW7_NZB,58,2.5917
6TW7_NZB,59,3.1209
6TW7_NZB,6,4.6972
6TW7_NZB,60,1.3233
6TW7_NZB,61,3.0552
6TW7_NZB,62,5.2287
6TW7_NZB,63,1.6838
6TW7_NZB,64,2.6964
6TW7_NZB,65,1.6851
6TW7_NZB,66,2.7178
6TW7_NZB,67,1.6315
6TW7_NZB,68,1.5220
6TW7_NZB,69,5.1528
6TW7_NZB,7,2.8150
6TW7_NZB,70,4.3586
6TW7_NZB,71,3.0781
6TW7_NZB,72,1.2980
6TW7_NZB,73,1.2270
6TW7_NZB,74,3.0194
6TW7_NZB,75,3.6197
6TW7_NZB,76,2.4115
6TW7_NZB,77,1.5797
6TW7_NZB,78,1.5055
6TW7_NZB,79,1.1831
6TW7_NZB,8,3.4576
6TW7_NZB,80,1.5534
6TW7_NZB,81,3.8774
6TW7_NZB,82,1.9597
6TW7_NZB,83,1.5751
6TW7_NZB,84,3.2484
6TW7_NZB,85,4.1242
6TW7_NZB,86,2.2354
6TW7_NZB,87,2.6603
6TW7_NZB,88,3.5000
6TW7_NZB,89,4.1125
6TW7_NZB,9,2.3078
6TW7_NZB,90,1.1708
6TW7_NZB,91,1.9286
6TW7_NZB,92,2.3180
6TW7_NZB,93,2.8120
6TW7_NZB,94,4.4351
6TW7_NZB,95,2.9099
6TW7_NZB,96,2.9232
6TW7_NZB,97,1.6571
6TW7_NZB,98,4.8659
6TW7_NZB,99,1.5422
6VTA_AKN,0,2.7981
6VTA_AKN,1,5.7949
6VTA_AKN,10,8.2994
6VTA_AKN,100,3.8581
6VTA_AKN,101,3.2297
6VTA_AKN,102,8.2900
6VTA_AKN,103,7.7860
6VTA_AKN,104,4.1152
6VTA_AKN,105,8.5856
6VTA_AKN,106,7.6751
6VTA_AKN,107,4.8042
6VTA_AKN,108,5.0933
6VTA_AKN,109,5.6485
6VTA_AKN,11,10.0267
6VTA_AKN,110,8.3513
6VTA_AKN,111,3.4642
6VTA_AKN,112,4.5459
6VTA_AKN,113,8.3552
6VTA_AKN,114,7.6393
6VTA_AKN,115,7.1314
6VTA_AKN,116,4.9707
6VTA_AKN,117,7.9849
6VTA_AKN,118,5.8592
6VTA_AKN,119,8.2630
6VTA_AKN,12,7.4235
6VTA_AKN,120,6.5874
6VTA_AKN,121,8.0832
6VTA_AKN,122,4.8365
6VTA_AKN,123,6.5309
6VTA_AKN,124,5.0548
6VTA_AKN,125,5.1307
6VTA_AKN,126,5.4323
6VTA_AKN,127,8.0479
6VTA_AKN,128,7.0279
6VTA_AKN,129,5.0152
6VTA_AKN,13,9.1115
6VTA_AKN,130,5.9099
6VTA_AKN,131,8.0279
6VTA_AKN,132,4.4811
6VTA_AKN,133,5.0826
6VTA_AKN,134,7.3346
6VTA_AKN,135,4.7983
6VTA_AKN,136,4.0501
6VTA_AKN,137,4.6764
6VTA_AKN,138,6.6087
6VTA_AKN,139,4.9303
6VTA_AKN,14,8.0436
6VTA_AKN,15,3.4679
6VTA_AKN,16,3.8578
6VTA_AKN,17,8.2693
6VTA_AKN,18,5.4192
6VTA_AKN,19,5.7631
6VTA_AKN,2,4.0869
6VTA_AKN,20,5.1829
6VTA_AKN,21,8.3744
6VTA_AKN,22,7.9927
6VTA_AKN,23,5.3356
6VTA_AKN,24,4.3142
6VTA_AKN,25,7.9578
6VTA_AKN,26,7.5532
6VTA_AKN,27,5.5030
6VTA_AKN,28,7.0562
6VTA_AKN,29,8.7682
6VTA_AKN,3,4.2755
6VTA_AKN,30,7.3206
6VTA_AKN,31,7.3312
6VTA_AKN,32,7.6757
6VTA_AKN,33,5.7215
6VTA_AKN,34,8.2083
6VTA_AKN,35,4.8757
6VTA_AKN,36,4.8806
6VTA_AKN,37,3.6805
6VTA_AKN,38,3.9463
6VTA_AKN,39,8.1920
6VTA_AKN,4,7.6720
6VTA_AKN,40,5.4564
6VTA_AKN,41,3.9521
6VTA_AKN,42,7.8452
6VTA_AKN,43,3.8030
6VTA_AKN,44,6.3405
6VTA_AKN,45,7.7781
6VTA_AKN,46,3.0783
6VTA_AKN,47,5.5030
6VTA_AKN,48,3.9010
6VTA_AKN,49,7.8091
6VTA_AKN,5,6.0147
6VTA_AKN,50,9.3399
6VTA_AKN,51,7.8780
6VTA_AKN,52,7.6301
6VTA_AKN,53,3.9982
6VTA_AKN,54,2.7915
6VTA_AKN,55,5.4019
6VTA_AKN,56,3.7422
6VTA_AKN,57,7.2440
6VTA_AKN,58,4.9577
6VTA_AKN,59,8.3452
6VTA_AKN,6,7.4562
6VTA_AKN,60,7.6834
6VTA_AKN,61,7.8472
6VTA_AKN,62,8.1952
6VTA_AKN,63,8.2429
6VTA_AKN,64,8.0937
6VTA_AKN,65,7.4082
6VTA_AKN,66,3.1396
6VTA_AKN,67,8.0877
6VTA_AKN,68,8.4139
6VTA_AKN,69,5.2760
6VTA_AKN,7,3.6901
6VTA_AKN,70,5.3310
6VTA_AKN,71,8.3425
6VTA_AKN,72,7.2563
6VTA_AKN,73,5.4270
6VTA_AKN,74,8.5424
6VTA_AKN,75,6.1568
6VTA_AKN,76,8.5669
6VTA_AKN,77,7.6721
6VTA_AKN,78,4.0696
6VTA_AKN,79,5.2271
6VTA_AKN,8,3.3489
6VTA_AKN,80,4.8326
6VTA_AKN,81,7.8189
6VTA_AKN,82,5.2939
6VTA_AKN,83,8.2658
6VTA_AKN,84,4.7267
6VTA_AKN,85,8.4674
6VTA_AKN,86,5.0743
6VTA_AKN,87,3.9748
6VTA_AKN,88,7.9578
6VTA_AKN,89,7.2519
6VTA_AKN,9,4.7809
6VTA_AKN,90,5.6298
6VTA_AKN,91,5.3267
6VTA_AKN,92,6.9336
6VTA_AKN,93,8.2880
6VTA_AKN,94,8.2996
6VTA_AKN,95,8.1554
6VTA_AKN,96,2.9987
6VTA_AKN,97,3.2301
6VTA_AKN,98,5.0747
6VTA_AKN,99,3.2233
6WTN_RXT,0,0.4812
6WTN_RXT,1,0.5938
6WTN_RXT,10,2.4081
6WTN_RXT,100,0.9777
6WTN_RXT,101,3.0303
6WTN_RXT,102,3.3716
6WTN_RXT,103,2.8911
6WTN_RXT,104,2.1932
6WTN_RXT,105,2.0470
6WTN_RXT,106,1.2031
6WTN_RXT,107,3.3709
6WTN_RXT,108,2.6807
6WTN_RXT,109,2.4426
6WTN_RXT,11,1.3812
6WTN_RXT,110,1.9652
6WTN_RXT,111,2.3894
6WTN_RXT,112,0.5383
6WTN_RXT,113,1.9649
6WTN_RXT,114,0.9690
6WTN_RXT,115,0.6757
6WTN_RXT,116,0.8394
6WTN_RXT,117,0.8618
6WTN_RXT,118,0.9399
6WTN_RXT,119,0.7536
6WTN_RXT,12,2.5065
6WTN_RXT,120,1.9121
6WTN_RXT,121,0.6973
6WTN_RXT,122,1.8772
6WTN_RXT,123,1.6447
6WTN_RXT,124,0.9482
6WTN_RXT,125,0.9684
6WTN_RXT,126,2.4192
6WTN_RXT,127,2.8118
6WTN_RXT,127,0.7097
6WTN_RXT,128,1.6999
6WTN_RXT,129,0.7112
6WTN_RXT,13,0.9332
6WTN_RXT,130,1.0371
6WTN_RXT,131,1.9391
6WTN_RXT,132,0.9058
6WTN_RXT,133,0.8192
6WTN_RXT,134,0.7278
6WTN_RXT,135,2.5708
6WTN_RXT,136,0.5832
6WTN_RXT,137,2.0077
6WTN_RXT,138,0.5264
6WTN_RXT,139,2.8875
6WTN_RXT,14,2.7969
6WTN_RXT,15,1.6120
6WTN_RXT,16,0.9939
6WTN_RXT,17,2.8320
6WTN_RXT,18,3.3506
6WTN_RXT,19,3.3672
6WTN_RXT,2,2.2218
6WTN_RXT,20,2.0043
6WTN_RXT,21,2.9954
6WTN_RXT,22,1.0431
6WTN_RXT,23,2.6656
6WTN_RXT,24,1.2210
6WTN_RXT,25,2.9932
6WTN_RXT,26,2.8311
6WTN_RXT,27,0.6107
6WTN_RXT,28,2.4481
6WTN_RXT,29,2.8207
6WTN_RXT,3,1.2468
6WTN_RXT,30,2.8152
6WTN_RXT,31,2.9421
6WTN_RXT,32,2.5599
6WTN_RXT,33,2.8639
6WTN_RXT,34,0.9902
6WTN_RXT,35,0.6034
6WTN_RXT,36,2.0246
6WTN_RXT,37,2.8246
6WTN_RXT,38,0.7546
6WTN_RXT,39,0.7170
6WTN_RXT,4,0.9531
6WTN_RXT,40,1.2207
6WTN_RXT,41,0.6064
6WTN_RXT,42,2.2233
6WTN_RXT,43,0.8001
6WTN_RXT,44,0.8782
6WTN_RXT,45,1.1024
6WTN_RXT,46,3.4754
6WTN_RXT,47,2.0449
6WTN_RXT,48,2.3495
6WTN_RXT,49,1.5845
6WTN_RXT,5,2.0744
6WTN_RXT,50,0.7036
6WTN_RXT,51,0.9161
6WTN_RXT,52,1.9294
6WTN_RXT,53,1.7064
6WTN_RXT,54,2.6996
6WTN_RXT,55,3.6341
6WTN_RXT,56,1.9598
6WTN_RXT,57,1.0828
6WTN_RXT,58,3.5320
6WTN_RXT,59,1.9405
6WTN_RXT,6,0.8510
6WTN_RXT,60,2.7164
6WTN_RXT,61,2.2166
6WTN_RXT,62,0.7239
6WTN_RXT,63,2.1310
6WTN_RXT,64,1.2829
6WTN_RXT,65,1.9248
6WTN_RXT,66,1.4428
6WTN_RXT,67,2.6727
6WTN_RXT,68,1.0954
6WTN_RXT,69,1.1859
6WTN_RXT,7,2.9281
6WTN_RXT,70,2.0206
6WTN_RXT,71,1.6128
6WTN_RXT,72,3.6808
6WTN_RXT,73,0.5412
6WTN_RXT,74,1.7738
6WTN_RXT,75,2.1118
6WTN_RXT,76,2.9534
6WTN_RXT,77,0.5378
6WTN_RXT,78,0.5967
6WTN_RXT,79,2.9845
6WTN_RXT,8,2.8903
6WTN_RXT,80,2.4855
6WTN_RXT,81,1.3672
6WTN_RXT,82,2.5181
6WTN_RXT,83,2.5816
6WTN_RXT,84,2.9358
6WTN_RXT,85,0.5321
6WTN_RXT,86,2.7818
6WTN_RXT,87,1.4691
6WTN_RXT,88,2.8289
6WTN_RXT,89,1.5537
6WTN_RXT,9,2.6626
6WTN_RXT,90,0.6621
6WTN_RXT,91,1.8631
6WTN_RXT,92,0.4305
6WTN_RXT,93,0.8100
6WTN_RXT,94,1.0336
6WTN_RXT,95,1.7890
6WTN_RXT,96,0.5134
6WTN_RXT,97,0.8036
6WTN_RXT,98,0.7941
6WTN_RXT,99,2.3986
6XBO_5MC,0,1.1859
6XBO_5MC,1,2.1787
6XBO_5MC,10,0.7801
6XBO_5MC,100,1.9820
6XBO_5MC,101,1.0317
6XBO_5MC,102,1.0300
6XBO_5MC,103,1.8597
6XBO_5MC,104,1.2558
6XBO_5MC,105,2.1959
6XBO_5MC,106,0.9821
6XBO_5MC,107,2.0364
6XBO_5MC,108,2.1394
6XBO_5MC,109,2.0272
6XBO_5MC,11,2.0778
6XBO_5MC,110,1.2607
6XBO_5MC,111,2.5149
6XBO_5MC,112,1.8793
6XBO_5MC,113,1.1623
6XBO_5MC,114,0.7220
6XBO_5MC,115,2.0517
6XBO_5MC,116,1.1099
6XBO_5MC,117,1.7211
6XBO_5MC,118,2.0573
6XBO_5MC,119,0.6835
6XBO_5MC,12,0.8162
6XBO_5MC,120,4.1398
6XBO_5MC,121,1.7637
6XBO_5MC,122,1.0507
6XBO_5MC,123,1.3156
6XBO_5MC,124,1.2811
6XBO_5MC,125,1.5819
6XBO_5MC,126,3.5145
6XBO_5MC,127,1.1491
6XBO_5MC,128,1.1024
6XBO_5MC,129,2.0905
6XBO_5MC,13,2.3531
6XBO_5MC,130,2.2067
6XBO_5MC,131,2.0683
6XBO_5MC,132,1.3685
6XBO_5MC,133,1.3644
6XBO_5MC,134,2.6771
6XBO_5MC,135,0.9006
6XBO_5MC,136,2.4201
6XBO_5MC,137,1.1221
6XBO_5MC,138,1.1246
6XBO_5MC,139,1.7747
6XBO_5MC,14,1.2389
6XBO_5MC,15,1.4994
6XBO_5MC,16,1.3014
6XBO_5MC,17,1.1380
6XBO_5MC,18,1.2429
6XBO_5MC,19,1.4714
6XBO_5MC,2,0.9280
6XBO_5MC,20,2.6208
6XBO_5MC,21,1.6420
6XBO_5MC,22,1.0264
6XBO_5MC,23,1.3931
6XBO_5MC,24,1.0421
6XBO_5MC,25,1.3992
6XBO_5MC,26,1.1828
6XBO_5MC,27,2.1677
6XBO_5MC,28,1.2855
6XBO_5MC,29,2.1544
6XBO_5MC,3,1.0527
6XBO_5MC,30,2.0951
6XBO_5MC,31,1.0774
6XBO_5MC,32,1.6152
6XBO_5MC,33,3.8701
6XBO_5MC,34,0.5377
6XBO_5MC,35,0.8438
6XBO_5MC,36,1.8475
6XBO_5MC,37,1.9281
6XBO_5MC,38,0.9264
6XBO_5MC,39,2.2523
6XBO_5MC,4,2.5331
6XBO_5MC,40,2.1578
6XBO_5MC,41,1.3576
6XBO_5MC,42,2.0778
6XBO_5MC,43,0.9100
6XBO_5MC,44,1.7528
6XBO_5MC,45,0.8098
6XBO_5MC,46,0.6436
6XBO_5MC,47,1.7083
6XBO_5MC,48,1.1036
6XBO_5MC,49,2.1690
6XBO_5MC,5,1.9783
6XBO_5MC,50,1.5501
6XBO_5MC,51,1.1775
6XBO_5MC,52,1.0047
6XBO_5MC,53,1.1348
6XBO_5MC,54,1.0214
6XBO_5MC,55,1.9208
6XBO_5MC,56,1.9720
6XBO_5MC,57,1.6975
6XBO_5MC,58,1.0538
6XBO_5MC,59,1.2831
6XBO_5MC,6,2.0927
6XBO_5MC,60,2.7440
6XBO_5MC,61,2.0970
6XBO_5MC,61,0.8533
6XBO_5MC,62,2.1885
6XBO_5MC,63,2.5127
6XBO_5MC,64,2.0928
6XBO_5MC,65,2.3237
6XBO_5MC,66,1.4616
6XBO_5MC,67,1.9548
6XBO_5MC,68,2.7711
6XBO_5MC,69,1.0531
6XBO_5MC,7,1.0436
6XBO_5MC,70,1.0580
6XBO_5MC,71,1.1255
6XBO_5MC,72,1.7198
6XBO_5MC,73,1.9305
6XBO_5MC,74,1.9424
6XBO_5MC,75,2.1108
6XBO_5MC,76,1.3718
6XBO_5MC,77,1.7657
6XBO_5MC,78,1.2323
6XBO_5MC,79,1.1458
6XBO_5MC,8,1.3171
6XBO_5MC,80,1.6220
6XBO_5MC,81,1.5630
6XBO_5MC,82,1.0696
6XBO_5MC,83,2.7195
6XBO_5MC,84,1.0608
6XBO_5MC,85,1.1436
6XBO_5MC,86,1.8687
6XBO_5MC,87,1.9080
6XBO_5MC,88,1.6958
6XBO_5MC,89,0.8310
6XBO_5MC,9,2.2532
6XBO_5MC,90,1.7008
6XBO_5MC,91,2.1606
6XBO_5MC,92,2.0752
6XBO_5MC,93,1.8321
6XBO_5MC,94,2.5850
6XBO_5MC,95,1.5584
6XBO_5MC,96,2.5262
6XBO_5MC,97,1.3303
6XBO_5MC,98,1.1942
6XBO_5MC,99,0.8897
6XCT_478,0,5.1670
6XCT_478,1,1.0798
6XCT_478,10,3.3486
6XCT_478,100,1.8256
6XCT_478,101,4.9125
6XCT_478,102,4.9652
6XCT_478,103,8.9299
6XCT_478,104,5.3380
6XCT_478,105,8.6936
6XCT_478,106,4.7276
6XCT_478,107,1.3404
6XCT_478,108,1.4155
6XCT_478,109,1.1257
6XCT_478,11,4.6659
6XCT_478,110,1.4907
6XCT_478,111,1.5712
6XCT_478,112,2.2178
6XCT_478,113,4.4782
6XCT_478,114,1.5214
6XCT_478,115,1.4367
6XCT_478,116,5.1647
6XCT_478,117,1.6779
6XCT_478,118,0.7102
6XCT_478,119,8.8341
6XCT_478,12,5.0522
6XCT_478,120,8.7168
6XCT_478,121,4.4516
6XCT_478,122,1.0270
6XCT_478,123,3.4728
6XCT_478,124,1.2434
6XCT_478,125,1.4152
6XCT_478,126,1.7281
6XCT_478,127,1.6971
6XCT_478,128,4.7229
6XCT_478,129,4.8465
6XCT_478,13,5.2373
6XCT_478,130,8.8290
6XCT_478,131,4.9436
6XCT_478,132,3.5496
6XCT_478,133,1.9730
6XCT_478,134,1.2963
6XCT_478,135,1.5666
6XCT_478,136,1.4521
6XCT_478,137,2.9319
6XCT_478,138,1.5054
6XCT_478,139,1.1244
6XCT_478,14,4.7445
6XCT_478,15,4.5566
6XCT_478,16,1.2178
6XCT_478,17,4.7421
6XCT_478,18,8.0499
6XCT_478,19,4.7634
6XCT_478,2,4.4240
6XCT_478,20,2.1181
6XCT_478,21,4.5804
6XCT_478,22,1.3793
6XCT_478,23,4.5671
6XCT_478,24,4.9363
6XCT_478,25,0.9462
6XCT_478,26,4.4146
6XCT_478,27,4.6957
6XCT_478,28,4.2118
6XCT_478,29,1.2981
6XCT_478,3,4.6563
6XCT_478,30,4.2213
6XCT_478,31,4.4077
6XCT_478,32,4.7528
6XCT_478,33,1.9084
6XCT_478,34,4.8289
6XCT_478,35,4.5502
6XCT_478,36,8.6775
6XCT_478,37,1.1077
6XCT_478,38,7.3174
6XCT_478,39,1.1959
6XCT_478,4,4.3520
6XCT_478,40,4.7999
6XCT_478,41,5.0344
6XCT_478,42,1.7587
6XCT_478,43,4.6772
6XCT_478,44,1.1544
6XCT_478,45,4.5253
6XCT_478,46,1.3778
6XCT_478,47,8.7514
6XCT_478,48,4.6455
6XCT_478,49,7.6763
6XCT_478,5,6.0880
6XCT_478,50,9.0473
6XCT_478,51,1.7104
6XCT_478,52,4.6790
6XCT_478,53,5.0088
6XCT_478,54,7.8717
6XCT_478,55,8.8532
6XCT_478,56,4.7459
6XCT_478,57,7.3934
6XCT_478,58,1.1790
6XCT_478,59,1.1083
6XCT_478,6,4.6751
6XCT_478,60,2.5023
6XCT_478,61,0.9400
6XCT_478,62,8.8846
6XCT_478,63,1.0411
6XCT_478,64,6.8913
6XCT_478,65,2.5748
6XCT_478,66,6.1387
6XCT_478,67,8.6901
6XCT_478,68,3.3999
6XCT_478,69,1.9005
6XCT_478,7,1.9407
6XCT_478,70,1.6739
6XCT_478,71,4.6460
6XCT_478,72,7.0885
6XCT_478,73,4.8430
6XCT_478,74,4.0822
6XCT_478,75,1.1023
6XCT_478,76,1.9026
6XCT_478,77,8.6747
6XCT_478,78,1.9995
6XCT_478,79,4.4578
6XCT_478,8,2.3853
6XCT_478,80,5.2144
6XCT_478,81,4.9330
6XCT_478,82,4.9169
6XCT_478,83,1.2768
6XCT_478,84,1.7194
6XCT_478,85,5.7225
6XCT_478,86,3.8271
6XCT_478,87,3.3506
6XCT_478,88,5.3863
6XCT_478,89,1.3360
6XCT_478,9,4.5604
6XCT_478,90,4.9159
6XCT_478,91,3.6220
6XCT_478,92,8.9918
6XCT_478,93,0.9612
6XCT_478,94,4.9796
6XCT_478,95,4.7356
6XCT_478,96,1.5521
6XCT_478,97,1.2549
6XCT_478,98,8.6432
6XCT_478,99,4.9832
6XG5_TOP,0,1.3455
6XG5_TOP,1,1.8306
6XG5_TOP,10,2.3438
6XG5_TOP,100,1.5552
6XG5_TOP,101,0.8068
6XG5_TOP,102,0.9521
6XG5_TOP,103,0.6954
6XG5_TOP,104,0.8619
6XG5_TOP,105,1.5389
6XG5_TOP,106,1.1697
6XG5_TOP,107,1.6449
6XG5_TOP,108,0.5631
6XG5_TOP,109,1.8875
6XG5_TOP,11,2.1651
6XG5_TOP,110,0.4318
6XG5_TOP,111,1.6906
6XG5_TOP,112,1.9847
6XG5_TOP,113,0.8214
6XG5_TOP,114,2.0959
6XG5_TOP,115,0.8471
6XG5_TOP,116,3.3773
6XG5_TOP,117,1.7315
6XG5_TOP,118,1.3350
6XG5_TOP,119,1.0537
6XG5_TOP,12,0.6738
6XG5_TOP,120,1.0885
6XG5_TOP,121,2.0231
6XG5_TOP,122,1.4522
6XG5_TOP,123,4.1788
6XG5_TOP,124,0.7225
6XG5_TOP,125,1.7734
6XG5_TOP,126,1.2654
6XG5_TOP,127,1.0752
6XG5_TOP,128,1.6173
6XG5_TOP,129,1.3996
6XG5_TOP,13,0.6358
6XG5_TOP,130,1.5387
6XG5_TOP,131,1.8345
6XG5_TOP,132,1.9623
6XG5_TOP,133,1.1599
6XG5_TOP,134,0.7623
6XG5_TOP,135,2.2299
6XG5_TOP,136,1.2943
6XG5_TOP,137,0.8488
6XG5_TOP,138,1.7062
6XG5_TOP,139,2.3503
6XG5_TOP,14,0.6335
6XG5_TOP,15,2.5359
6XG5_TOP,16,1.1363
6XG5_TOP,17,2.3348
6XG5_TOP,18,2.3271
6XG5_TOP,19,2.7534
6XG5_TOP,2,0.5635
6XG5_TOP,20,2.4748
6XG5_TOP,21,2.1805
6XG5_TOP,22,2.0327
6XG5_TOP,23,2.3073
6XG5_TOP,24,0.6310
6XG5_TOP,25,1.0369
6XG5_TOP,26,1.2080
6XG5_TOP,27,1.8456
6XG5_TOP,28,2.3149
6XG5_TOP,29,1.8359
6XG5_TOP,3,1.6972
6XG5_TOP,30,0.7661
6XG5_TOP,31,1.1038
6XG5_TOP,32,1.9999
6XG5_TOP,33,1.6417
6XG5_TOP,34,1.5981
6XG5_TOP,35,0.8062
6XG5_TOP,36,2.2020
6XG5_TOP,37,0.8299
6XG5_TOP,38,1.1972
6XG5_TOP,39,1.6554
6XG5_TOP,4,0.6358
6XG5_TOP,40,2.2943
6XG5_TOP,41,1.4013
6XG5_TOP,42,1.5648
6XG5_TOP,43,2.1088
6XG5_TOP,44,1.2854
6XG5_TOP,45,0.8843
6XG5_TOP,46,1.5396
6XG5_TOP,47,1.0184
6XG5_TOP,48,1.6816
6XG5_TOP,49,2.6062
6XG5_TOP,5,0.9745
6XG5_TOP,50,1.0524
6XG5_TOP,51,1.4459
6XG5_TOP,52,0.9788
6XG5_TOP,53,1.4957
6XG5_TOP,54,1.8600
6XG5_TOP,55,1.2996
6XG5_TOP,56,0.9726
6XG5_TOP,57,3.0155
6XG5_TOP,58,1.4006
6XG5_TOP,59,0.5684
6XG5_TOP,6,1.6100
6XG5_TOP,60,0.6613
6XG5_TOP,61,1.0326
6XG5_TOP,62,2.0811
6XG5_TOP,63,2.2583
6XG5_TOP,64,1.9106
6XG5_TOP,65,0.6197
6XG5_TOP,66,2.2428
6XG5_TOP,67,0.8695
6XG5_TOP,68,1.5871
6XG5_TOP,69,1.5754
6XG5_TOP,7,2.3466
6XG5_TOP,70,1.0724
6XG5_TOP,71,1.7302
6XG5_TOP,72,1.2886
6XG5_TOP,73,1.3174
6XG5_TOP,74,1.4861
6XG5_TOP,75,3.8488
6XG5_TOP,76,2.1946
6XG5_TOP,77,0.7779
6XG5_TOP,78,1.9005
6XG5_TOP,79,0.8198
6XG5_TOP,8,0.6021
6XG5_TOP,80,2.1024
6XG5_TOP,81,1.5170
6XG5_TOP,82,1.6408
6XG5_TOP,83,2.0108
6XG5_TOP,84,1.8654
6XG5_TOP,85,2.1184
6XG5_TOP,86,1.6470
6XG5_TOP,87,2.1457
6XG5_TOP,88,1.3336
6XG5_TOP,89,2.4918
6XG5_TOP,9,1.3259
6XG5_TOP,90,1.1484
6XG5_TOP,91,1.7330
6XG5_TOP,92,0.5517
6XG5_TOP,93,1.2781
6XG5_TOP,94,2.0713
6XG5_TOP,95,2.3197
6XG5_TOP,96,1.7844
6XG5_TOP,97,0.8449
6XG5_TOP,98,2.4230
6XG5_TOP,99,0.6995
6XHT_V2V,0,8.6097
6XHT_V2V,1,1.2511
6XHT_V2V,10,8.0159
6XHT_V2V,100,2.6472
6XHT_V2V,101,8.7320
6XHT_V2V,102,8.8491
6XHT_V2V,103,8.9296
6XHT_V2V,103,1.9646
6XHT_V2V,104,2.0938
6XHT_V2V,105,1.8943
6XHT_V2V,106,2.1116
6XHT_V2V,107,8.5901
6XHT_V2V,108,8.5250
6XHT_V2V,109,1.3123
6XHT_V2V,11,8.6731
6XHT_V2V,110,8.8401
6XHT_V2V,111,1.8292
6XHT_V2V,112,5.6979
6XHT_V2V,113,2.7332
6XHT_V2V,114,1.4786
6XHT_V2V,115,2.2088
6XHT_V2V,116,1.7121
6XHT_V2V,117,1.6432
6XHT_V2V,118,1.7430
6XHT_V2V,119,2.0751
6XHT_V2V,12,8.5067
6XHT_V2V,120,2.0387
6XHT_V2V,121,0.9439
6XHT_V2V,122,2.2290
6XHT_V2V,123,8.5573
6XHT_V2V,124,1.2450
6XHT_V2V,125,8.5609
6XHT_V2V,126,3.0433
6XHT_V2V,127,8.5431
6XHT_V2V,128,2.4594
6XHT_V2V,129,1.9780
6XHT_V2V,13,1.3489
6XHT_V2V,130,8.8519
6XHT_V2V,131,8.8481
6XHT_V2V,132,2.1356
6XHT_V2V,133,2.0505
6XHT_V2V,134,2.4465
6XHT_V2V,135,8.5466
6XHT_V2V,136,1.8106
6XHT_V2V,137,8.3652
6XHT_V2V,138,2.8527
6XHT_V2V,139,2.1158
6XHT_V2V,14,8.3068
6XHT_V2V,15,1.9248
6XHT_V2V,16,1.7225
6XHT_V2V,17,2.0678
6XHT_V2V,18,8.7099
6XHT_V2V,19,8.4751
6XHT_V2V,2,3.5100
6XHT_V2V,20,2.0643
6XHT_V2V,21,1.7871
6XHT_V2V,22,8.6524
6XHT_V2V,23,8.5010
6XHT_V2V,24,2.3173
6XHT_V2V,25,1.2875
6XHT_V2V,26,2.7290
6XHT_V2V,27,1.4579
6XHT_V2V,28,1.3357
6XHT_V2V,29,1.4865
6XHT_V2V,3,1.2740
6XHT_V2V,30,8.9089
6XHT_V2V,31,1.6007
6XHT_V2V,32,8.3958
6XHT_V2V,33,1.9122
6XHT_V2V,34,5.1479
6XHT_V2V,35,7.9427
6XHT_V2V,36,8.7293
6XHT_V2V,37,1.6789
6XHT_V2V,38,2.0862
6XHT_V2V,39,1.6811
6XHT_V2V,4,1.2192
6XHT_V2V,40,2.0882
6XHT_V2V,41,7.3842
6XHT_V2V,42,8.4718
6XHT_V2V,43,1.1673
6XHT_V2V,44,8.5125
6XHT_V2V,45,8.8251
6XHT_V2V,46,1.9197
6XHT_V2V,47,8.5489
6XHT_V2V,48,1.4667
6XHT_V2V,49,1.7416
6XHT_V2V,5,2.4176
6XHT_V2V,50,8.7749
6XHT_V2V,51,8.1585
6XHT_V2V,52,4.8585
6XHT_V2V,53,1.5799
6XHT_V2V,54,8.6016
6XHT_V2V,55,8.3637
6XHT_V2V,56,8.5752
6XHT_V2V,57,2.3580
6XHT_V2V,58,1.2156
6XHT_V2V,59,1.0631
6XHT_V2V,6,1.7469
6XHT_V2V,60,8.2730
6XHT_V2V,61,8.1979
6XHT_V2V,62,1.6290
6XHT_V2V,63,6.6872
6XHT_V2V,64,8.4660
6XHT_V2V,65,1.4063
6XHT_V2V,66,1.7316
6XHT_V2V,67,2.1389
6XHT_V2V,68,2.2446
6XHT_V2V,69,8.4420
6XHT_V2V,7,2.1121
6XHT_V2V,70,7.9279
6XHT_V2V,71,2.0841
6XHT_V2V,72,1.9574
6XHT_V2V,73,8.9817
6XHT_V2V,74,2.2025
6XHT_V2V,75,1.4425
6XHT_V2V,76,3.9297
6XHT_V2V,77,2.6991
6XHT_V2V,78,1.5760
6XHT_V2V,79,2.0169
6XHT_V2V,8,8.3609
6XHT_V2V,80,9.0048
6XHT_V2V,81,1.8961
6XHT_V2V,82,1.6240
6XHT_V2V,83,2.5297
6XHT_V2V,84,8.5474
6XHT_V2V,85,2.4943
6XHT_V2V,86,3.2052
6XHT_V2V,87,1.3090
6XHT_V2V,88,8.8451
6XHT_V2V,89,1.4724
6XHT_V2V,9,8.9935
6XHT_V2V,90,2.0956
6XHT_V2V,91,1.6265
6XHT_V2V,92,0.9453
6XHT_V2V,93,1.9279
6XHT_V2V,94,1.3515
6XHT_V2V,95,8.4414
6XHT_V2V,96,2.0692
6XHT_V2V,97,2.8837
6XHT_V2V,98,8.5780
6XHT_V2V,99,1.4277
6XM9_V55,0,4.1064
6XM9_V55,1,4.3911
6XM9_V55,10,2.7335
6XM9_V55,100,3.7809
6XM9_V55,101,1.4512
6XM9_V55,102,3.7491
6XM9_V55,103,3.0760
6XM9_V55,104,2.7005
6XM9_V55,105,0.8090
6XM9_V55,106,0.9167
6XM9_V55,107,2.8885
6XM9_V55,108,1.1569
6XM9_V55,109,1.2643
6XM9_V55,11,4.1156
6XM9_V55,110,3.3193
6XM9_V55,111,4.0801
6XM9_V55,112,4.4507
6XM9_V55,113,3.4772
6XM9_V55,114,4.5612
6XM9_V55,115,0.8886
6XM9_V55,116,0.8965
6XM9_V55,117,2.8272
6XM9_V55,118,3.7228
6XM9_V55,119,1.0824
6XM9_V55,12,2.5626
6XM9_V55,120,2.6574
6XM9_V55,121,2.0562
6XM9_V55,122,1.3589
6XM9_V55,123,2.7793
6XM9_V55,124,2.9002
6XM9_V55,125,1.1636
6XM9_V55,126,3.8372
6XM9_V55,127,1.5707
6XM9_V55,128,1.5152
6XM9_V55,129,2.6556
6XM9_V55,13,0.8791
6XM9_V55,130,2.8321
6XM9_V55,131,2.7767
6XM9_V55,132,4.6200
6XM9_V55,133,2.7543
6XM9_V55,134,4.0623
6XM9_V55,135,2.1812
6XM9_V55,136,1.0413
6XM9_V55,137,4.6217
6XM9_V55,138,3.9188
6XM9_V55,139,2.7284
6XM9_V55,14,3.8567
6XM9_V55,15,3.4917
6XM9_V55,16,2.7448
6XM9_V55,17,4.5066
6XM9_V55,18,3.9448
6XM9_V55,19,3.6863
6XM9_V55,2,3.7121
6XM9_V55,20,2.7452
6XM9_V55,21,1.7813
6XM9_V55,22,4.5586
6XM9_V55,23,1.5333
6XM9_V55,24,1.6046
6XM9_V55,25,2.6779
6XM9_V55,26,1.6364
6XM9_V55,27,2.7973
6XM9_V55,28,4.2054
6XM9_V55,29,0.5186
6XM9_V55,3,1.6197
6XM9_V55,30,3.2046
6XM9_V55,31,0.8367
6XM9_V55,32,1.8774
6XM9_V55,33,0.8081
6XM9_V55,34,3.8432
6XM9_V55,35,4.2497
6XM9_V55,36,3.7467
6XM9_V55,37,2.7526
6XM9_V55,38,2.7739
6XM9_V55,39,0.8466
6XM9_V55,4,4.0931
6XM9_V55,40,4.0693
6XM9_V55,41,2.8267
6XM9_V55,42,2.7647
6XM9_V55,43,4.6026
6XM9_V55,44,3.8311
6XM9_V55,45,4.3255
6XM9_V55,46,2.7505
6XM9_V55,47,0.8287
6XM9_V55,48,1.4568
6XM9_V55,49,2.7211
6XM9_V55,5,3.6001
6XM9_V55,50,2.2106
6XM9_V55,51,3.9542
6XM9_V55,52,4.3490
6XM9_V55,52,2.8016
6XM9_V55,53,0.8256
6XM9_V55,54,2.7275
6XM9_V55,55,2.7688
6XM9_V55,56,2.7998
6XM9_V55,57,4.3949
6XM9_V55,58,3.2030
6XM9_V55,59,1.0865
6XM9_V55,6,2.7521
6XM9_V55,60,3.7746
6XM9_V55,61,3.9097
6XM9_V55,62,1.5300
6XM9_V55,63,2.7121
6XM9_V55,64,4.5491
6XM9_V55,65,2.8150
6XM9_V55,66,4.0891
6XM9_V55,67,0.8597
6XM9_V55,68,4.4803
6XM9_V55,69,3.9316
6XM9_V55,7,2.5682
6XM9_V55,70,0.8109
6XM9_V55,71,2.7112
6XM9_V55,72,0.7038
6XM9_V55,73,2.7395
6XM9_V55,74,2.1226
6XM9_V55,75,4.5231
6XM9_V55,76,1.0904
6XM9_V55,77,3.7341
6XM9_V55,78,1.6374
6XM9_V55,79,0.9047
6XM9_V55,8,3.7193
6XM9_V55,80,3.8497
6XM9_V55,81,4.2171
6XM9_V55,82,2.6759
6XM9_V55,83,2.7022
6XM9_V55,84,1.8039
6XM9_V55,85,2.7557
6XM9_V55,86,3.6806
6XM9_V55,87,1.7710
6XM9_V55,88,2.8029
6XM9_V55,89,0.9593
6XM9_V55,9,1.2622
6XM9_V55,90,2.5278
6XM9_V55,91,0.8724
6XM9_V55,92,2.7033
6XM9_V55,93,2.7334
6XM9_V55,94,2.5963
6XM9_V55,95,0.9190
6XM9_V55,96,3.7057
6XM9_V55,97,3.8007
6XM9_V55,98,2.7771
6XM9_V55,99,1.9480
6YJA_2BA,0,4.8708
6YJA_2BA,1,2.1751
6YJA_2BA,10,4.8909
6YJA_2BA,100,2.7342
6YJA_2BA,100,3.4708
6YJA_2BA,101,3.6545
6YJA_2BA,102,2.7943
6YJA_2BA,103,1.4395
6YJA_2BA,104,6.2175
6YJA_2BA,105,4.1029
6YJA_2BA,106,3.6458
6YJA_2BA,107,3.4910
6YJA_2BA,108,3.1327
6YJA_2BA,109,2.9719
6YJA_2BA,11,2.2247
6YJA_2BA,110,3.4319
6YJA_2BA,111,3.2863
6YJA_2BA,112,4.2753
6YJA_2BA,113,3.7578
6YJA_2BA,114,5.0737
6YJA_2BA,115,4.3771
6YJA_2BA,116,4.2105
6YJA_2BA,117,2.3753
6YJA_2BA,118,3.1129
6YJA_2BA,119,2.9405
6YJA_2BA,12,2.2893
6YJA_2BA,120,2.7383
6YJA_2BA,121,3.5824
6YJA_2BA,122,4.4214
6YJA_2BA,123,5.5841
6YJA_2BA,124,3.8874
6YJA_2BA,125,4.6464
6YJA_2BA,126,4.2865
6YJA_2BA,127,4.0280
6YJA_2BA,128,4.3115
6YJA_2BA,129,3.6162
6YJA_2BA,13,5.1538
6YJA_2BA,130,2.7430
6YJA_2BA,131,3.2546
6YJA_2BA,132,4.9143
6YJA_2BA,133,4.2201
6YJA_2BA,134,3.5541
6YJA_2BA,135,5.0475
6YJA_2BA,136,4.0070
6YJA_2BA,137,4.2064
6YJA_2BA,138,3.9860
6YJA_2BA,139,4.0831
6YJA_2BA,14,2.3697
6YJA_2BA,15,5.1694
6YJA_2BA,16,3.9809
6YJA_2BA,17,2.9719
6YJA_2BA,18,1.8378
6YJA_2BA,19,6.0099
6YJA_2BA,2,3.6264
6YJA_2BA,20,3.0752
6YJA_2BA,21,3.6023
6YJA_2BA,22,3.6495
6YJA_2BA,23,3.0766
6YJA_2BA,24,4.8455
6YJA_2BA,25,3.0295
6YJA_2BA,26,5.0081
6YJA_2BA,27,6.3694
6YJA_2BA,28,5.0924
6YJA_2BA,29,3.7039
6YJA_2BA,3,3.7026
6YJA_2BA,30,2.1635
6YJA_2BA,31,3.4786
6YJA_2BA,32,3.7144
6YJA_2BA,33,4.3526
6YJA_2BA,34,3.3875
6YJA_2BA,35,1.8101
6YJA_2BA,36,2.6418
6YJA_2BA,37,4.6071
6YJA_2BA,38,4.3577
6YJA_2BA,39,4.3642
6YJA_2BA,4,5.5876
6YJA_2BA,40,2.8832
6YJA_2BA,41,4.1741
6YJA_2BA,42,5.5138
6YJA_2BA,43,4.8804
6YJA_2BA,44,4.6534
6YJA_2BA,45,4.9987
6YJA_2BA,46,3.5855
6YJA_2BA,47,3.4505
6YJA_2BA,48,3.3690
6YJA_2BA,49,2.9114
6YJA_2BA,5,4.7244
6YJA_2BA,50,4.8769
6YJA_2BA,51,3.2826
6YJA_2BA,52,3.5948
6YJA_2BA,53,4.1976
6YJA_2BA,54,4.4964
6YJA_2BA,55,5.3187
6YJA_2BA,56,3.2835
6YJA_2BA,57,2.3128
6YJA_2BA,58,3.0424
6YJA_2BA,59,3.5870
6YJA_2BA,6,2.4682
6YJA_2BA,60,5.2237
6YJA_2BA,61,3.5037
6YJA_2BA,62,3.4857
6YJA_2BA,63,3.4200
6YJA_2BA,64,3.0690
6YJA_2BA,65,3.4722
6YJA_2BA,66,3.3226
6YJA_2BA,67,4.7106
6YJA_2BA,68,2.8916
6YJA_2BA,69,5.2511
6YJA_2BA,7,3.7934
6YJA_2BA,7,4.4133
6YJA_2BA,70,3.5856
6YJA_2BA,71,4.5691
6YJA_2BA,72,3.9277
6YJA_2BA,73,4.5670
6YJA_2BA,74,4.2646
6YJA_2BA,75,3.2578
6YJA_2BA,76,4.9904
6YJA_2BA,77,3.4455
6YJA_2BA,78,5.4341
6YJA_2BA,79,2.5225
6YJA_2BA,8,3.6261
6YJA_2BA,80,4.8830
6YJA_2BA,81,2.7087
6YJA_2BA,82,3.9654
6YJA_2BA,83,2.1525
6YJA_2BA,84,4.2382
6YJA_2BA,85,3.6447
6YJA_2BA,86,2.7077
6YJA_2BA,87,4.1190
6YJA_2BA,88,2.9322
6YJA_2BA,89,3.4604
6YJA_2BA,9,5.5635
6YJA_2BA,90,4.7018
6YJA_2BA,91,6.3384
6YJA_2BA,92,4.5883
6YJA_2BA,93,3.4640
6YJA_2BA,94,2.8941
6YJA_2BA,95,4.7089
6YJA_2BA,96,3.9025
6YJA_2BA,97,3.2084
6YJA_2BA,98,3.5833
6YJA_2BA,99,4.3675
6YMS_OZH,0,6.5268
6YMS_OZH,1,8.8425
6YMS_OZH,10,7.3388
6YMS_OZH,100,6.7477
6YMS_OZH,101,7.0670
6YMS_OZH,102,6.4179
6YMS_OZH,103,5.7547
6YMS_OZH,104,7.0713
6YMS_OZH,105,5.9700
6YMS_OZH,106,7.9678
6YMS_OZH,107,7.5826
6YMS_OZH,108,8.6012
6YMS_OZH,109,6.7260
6YMS_OZH,11,8.5258
6YMS_OZH,110,9.1202
6YMS_OZH,111,7.6024
6YMS_OZH,112,7.4720
6YMS_OZH,113,7.0922
6YMS_OZH,114,6.7778
6YMS_OZH,115,7.9202
6YMS_OZH,116,6.7790
6YMS_OZH,117,7.0761
6YMS_OZH,118,6.5832
6YMS_OZH,119,4.2340
6YMS_OZH,12,7.3243
6YMS_OZH,120,8.6712
6YMS_OZH,121,9.2336
6YMS_OZH,122,7.0889
6YMS_OZH,123,7.5276
6YMS_OZH,124,7.4523
6YMS_OZH,125,6.8647
6YMS_OZH,126,7.2112
6YMS_OZH,127,6.5841
6YMS_OZH,128,8.0788
6YMS_OZH,129,7.7177
6YMS_OZH,13,6.9021
6YMS_OZH,130,8.7214
6YMS_OZH,131,8.7450
6YMS_OZH,132,6.8223
6YMS_OZH,133,7.1552
6YMS_OZH,134,7.6328
6YMS_OZH,135,8.1566
6YMS_OZH,136,8.7797
6YMS_OZH,137,7.3412
6YMS_OZH,138,7.5039
6YMS_OZH,139,6.7285
6YMS_OZH,14,7.9213
6YMS_OZH,15,5.7804
6YMS_OZH,16,8.8476
6YMS_OZH,17,6.8009
6YMS_OZH,18,8.2913
6YMS_OZH,19,7.0852
6YMS_OZH,2,6.1934
6YMS_OZH,20,5.8076
6YMS_OZH,21,6.0789
6YMS_OZH,22,7.7010
6YMS_OZH,23,7.2254
6YMS_OZH,24,7.1616
6YMS_OZH,25,7.8920
6YMS_OZH,26,5.9708
6YMS_OZH,27,8.0496
6YMS_OZH,28,7.5582
6YMS_OZH,29,8.4533
6YMS_OZH,3,9.0774
6YMS_OZH,30,8.2630
6YMS_OZH,31,7.2261
6YMS_OZH,32,7.5137
6YMS_OZH,33,7.8601
6YMS_OZH,34,7.4833
6YMS_OZH,35,7.4866
6YMS_OZH,36,6.0454
6YMS_OZH,37,7.9833
6YMS_OZH,38,8.6217
6YMS_OZH,39,8.3365
6YMS_OZH,4,6.8541
6YMS_OZH,40,8.3982
6YMS_OZH,41,6.9618
6YMS_OZH,42,7.0152
6YMS_OZH,43,7.6585
6YMS_OZH,44,8.2404
6YMS_OZH,45,7.2467
6YMS_OZH,46,8.2016
6YMS_OZH,47,7.4180
6YMS_OZH,48,7.0578
6YMS_OZH,49,6.6931
6YMS_OZH,5,6.0840
6YMS_OZH,50,7.8235
6YMS_OZH,51,7.1186
6YMS_OZH,52,6.6453
6YMS_OZH,53,7.6599
6YMS_OZH,54,7.3225
6YMS_OZH,55,7.4054
6YMS_OZH,56,6.2150
6YMS_OZH,57,7.0127
6YMS_OZH,58,7.5066
6YMS_OZH,59,6.9421
6YMS_OZH,6,6.7117
6YMS_OZH,60,7.2065
6YMS_OZH,61,7.0104
6YMS_OZH,62,8.5142
6YMS_OZH,63,5.8345
6YMS_OZH,64,6.8785
6YMS_OZH,64,6.8634
6YMS_OZH,65,8.0127
6YMS_OZH,66,6.7686
6YMS_OZH,67,9.0929
6YMS_OZH,68,8.8057
6YMS_OZH,69,6.7952
6YMS_OZH,7,7.1240
6YMS_OZH,70,7.6678
6YMS_OZH,71,7.2975
6YMS_OZH,72,8.1747
6YMS_OZH,73,7.9124
6YMS_OZH,74,2.7178
6YMS_OZH,75,8.4257
6YMS_OZH,76,6.8702
6YMS_OZH,77,6.2719
6YMS_OZH,78,7.3723
6YMS_OZH,79,6.2893
6YMS_OZH,8,7.3762
6YMS_OZH,80,7.1343
6YMS_OZH,81,8.9661
6YMS_OZH,82,7.2200
6YMS_OZH,83,6.3834
6YMS_OZH,84,7.2112
6YMS_OZH,85,7.2773
6YMS_OZH,86,7.1334
6YMS_OZH,87,8.0319
6YMS_OZH,88,8.0897
6YMS_OZH,89,9.1491
6YMS_OZH,9,6.6309
6YMS_OZH,90,6.6340
6YMS_OZH,91,7.6194
6YMS_OZH,92,8.0158
6YMS_OZH,93,7.2872
6YMS_OZH,94,7.8109
6YMS_OZH,95,8.2829
6YMS_OZH,96,7.5960
6YMS_OZH,97,7.5462
6YMS_OZH,98,8.6873
6YMS_OZH,99,6.8011
6YQV_8K2,0,1.1639
6YQV_8K2,1,1.8548
6YQV_8K2,10,1.1279
6YQV_8K2,100,1.7708
6YQV_8K2,101,1.5550
6YQV_8K2,102,0.4530
6YQV_8K2,103,2.0891
6YQV_8K2,104,1.0787
6YQV_8K2,105,1.7744
6YQV_8K2,106,1.6107
6YQV_8K2,107,0.6511
6YQV_8K2,108,0.2510
6YQV_8K2,109,1.4964
6YQV_8K2,11,1.1449
6YQV_8K2,110,0.6761
6YQV_8K2,111,1.5234
6YQV_8K2,112,1.1912
6YQV_8K2,113,0.7846
6YQV_8K2,114,1.8433
6YQV_8K2,115,1.5529
6YQV_8K2,116,2.1635
6YQV_8K2,117,1.5872
6YQV_8K2,118,1.8676
6YQV_8K2,119,1.8765
6YQV_8K2,12,1.8965
6YQV_8K2,120,1.9416
6YQV_8K2,121,1.8890
6YQV_8K2,122,0.6999
6YQV_8K2,123,1.9615
6YQV_8K2,124,1.6093
6YQV_8K2,125,1.8244
6YQV_8K2,126,1.8757
6YQV_8K2,127,0.4688
6YQV_8K2,128,0.7243
6YQV_8K2,129,1.5078
6YQV_8K2,13,0.7487
6YQV_8K2,130,1.2530
6YQV_8K2,131,0.9649
6YQV_8K2,132,0.7416
6YQV_8K2,133,1.9064
6YQV_8K2,134,1.8527
6YQV_8K2,135,1.5065
6YQV_8K2,136,1.9611
6YQV_8K2,137,1.5156
6YQV_8K2,138,0.9648
6YQV_8K2,139,2.0559
6YQV_8K2,14,1.6766
6YQV_8K2,15,1.8651
6YQV_8K2,16,0.8334
6YQV_8K2,17,1.5228
6YQV_8K2,18,1.7201
6YQV_8K2,19,1.5359
6YQV_8K2,2,1.8874
6YQV_8K2,20,0.8402
6YQV_8K2,21,1.6362
6YQV_8K2,22,0.8109
6YQV_8K2,23,1.8849
6YQV_8K2,24,1.9343
6YQV_8K2,25,1.8201
6YQV_8K2,26,0.9330
6YQV_8K2,27,1.4717
6YQV_8K2,28,1.8718
6YQV_8K2,29,1.8954
6YQV_8K2,3,1.7266
6YQV_8K2,30,1.4768
6YQV_8K2,31,1.5807
6YQV_8K2,32,1.6447
6YQV_8K2,33,1.5597
6YQV_8K2,34,0.9457
6YQV_8K2,35,0.3368
6YQV_8K2,36,1.9744
6YQV_8K2,37,1.9447
6YQV_8K2,38,0.5023
6YQV_8K2,39,1.6977
6YQV_8K2,4,1.8253
6YQV_8K2,40,1.8061
6YQV_8K2,41,1.8628
6YQV_8K2,42,1.6420
6YQV_8K2,43,1.9421
6YQV_8K2,44,1.8354
6YQV_8K2,45,1.5593
6YQV_8K2,46,1.1514
6YQV_8K2,47,1.4290
6YQV_8K2,48,1.3904
6YQV_8K2,49,1.5892
6YQV_8K2,5,1.8771
6YQV_8K2,50,4.0990
6YQV_8K2,51,1.5233
6YQV_8K2,52,1.5925
6YQV_8K2,53,0.7093
6YQV_8K2,54,1.5575
6YQV_8K2,55,1.1138
6YQV_8K2,56,1.5369
6YQV_8K2,57,0.4798
6YQV_8K2,58,1.5093
6YQV_8K2,59,1.1156
6YQV_8K2,6,1.8365
6YQV_8K2,60,1.5698
6YQV_8K2,61,4.3510
6YQV_8K2,62,1.5342
6YQV_8K2,63,1.8913
6YQV_8K2,64,1.2581
6YQV_8K2,65,0.6436
6YQV_8K2,66,0.7405
6YQV_8K2,67,1.2583
6YQV_8K2,68,1.1274
6YQV_8K2,69,1.5095
6YQV_8K2,7,1.9636
6YQV_8K2,70,0.3101
6YQV_8K2,71,0.9298
6YQV_8K2,72,1.8396
6YQV_8K2,72,1.5954
6YQV_8K2,73,1.1945
6YQV_8K2,74,1.7073
6YQV_8K2,75,0.4277
6YQV_8K2,76,1.9210
6YQV_8K2,77,1.2013
6YQV_8K2,78,1.8431
6YQV_8K2,79,0.3618
6YQV_8K2,8,0.3780
6YQV_8K2,80,0.5116
6YQV_8K2,81,1.4028
6YQV_8K2,82,1.8689
6YQV_8K2,83,1.4126
6YQV_8K2,84,1.1764
6YQV_8K2,85,1.1362
6YQV_8K2,86,1.3911
6YQV_8K2,87,1.8507
6YQV_8K2,88,1.5262
6YQV_8K2,89,0.4169
6YQV_8K2,9,0.5617
6YQV_8K2,90,1.7752
6YQV_8K2,91,0.2524
6YQV_8K2,92,1.6454
6YQV_8K2,93,1.3732
6YQV_8K2,94,0.4043
6YQV_8K2,95,1.6779
6YQV_8K2,96,1.8442
6YQV_8K2,97,1.5592
6YQV_8K2,98,1.1338
6YQV_8K2,99,0.1625
6YQW_82I,0,1.2205
6YQW_82I,1,0.7855
6YQW_82I,10,0.3018
6YQW_82I,100,0.6939
6YQW_82I,101,2.7174
6YQW_82I,102,1.1917
6YQW_82I,103,3.3052
6YQW_82I,104,2.8897
6YQW_82I,105,1.3484
6YQW_82I,106,2.3993
6YQW_82I,107,0.4252
6YQW_82I,108,0.6525
6YQW_82I,109,2.2337
6YQW_82I,11,0.3047
6YQW_82I,110,0.5369
6YQW_82I,111,1.6661
6YQW_82I,112,2.8360
6YQW_82I,113,2.8142
6YQW_82I,114,2.7238
6YQW_82I,115,1.1702
6YQW_82I,116,3.4053
6YQW_82I,117,0.7011
6YQW_82I,118,3.3937
6YQW_82I,119,0.3728
6YQW_82I,12,0.6102
6YQW_82I,120,3.3979
6YQW_82I,121,2.7375
6YQW_82I,122,2.6646
6YQW_82I,123,2.7259
6YQW_82I,124,2.7394
6YQW_82I,125,1.3738
6YQW_82I,126,2.8641
6YQW_82I,127,3.4695
6YQW_82I,128,2.6701
6YQW_82I,129,0.5068
6YQW_82I,13,2.5915
6YQW_82I,130,2.8739
6YQW_82I,131,2.7009
6YQW_82I,132,0.2555
6YQW_82I,133,3.6603
6YQW_82I,134,2.8944
6YQW_82I,135,2.8951
6YQW_82I,136,2.2774
6YQW_82I,137,2.8337
6YQW_82I,138,1.2976
6YQW_82I,139,2.8189
6YQW_82I,14,2.7036
6YQW_82I,15,0.4782
6YQW_82I,16,0.4005
6YQW_82I,17,1.8542
6YQW_82I,18,2.7996
6YQW_82I,19,0.8650
6YQW_82I,2,0.4174
6YQW_82I,20,3.4067
6YQW_82I,21,3.4759
6YQW_82I,22,3.4955
6YQW_82I,23,1.7124
6YQW_82I,24,2.6900
6YQW_82I,25,2.7449
6YQW_82I,26,1.8918
6YQW_82I,27,2.6805
6YQW_82I,28,3.5759
6YQW_82I,29,2.8783
6YQW_82I,3,2.7155
6YQW_82I,30,0.3747
6YQW_82I,31,0.3626
6YQW_82I,32,1.5278
6YQW_82I,33,3.5586
6YQW_82I,34,2.8271
6YQW_82I,35,1.5224
6YQW_82I,36,0.3309
6YQW_82I,37,0.4960
6YQW_82I,38,2.8182
6YQW_82I,39,2.0711
6YQW_82I,4,3.1116
6YQW_82I,40,3.4752
6YQW_82I,41,2.9896
6YQW_82I,42,3.8033
6YQW_82I,43,0.9604
6YQW_82I,44,0.6874
6YQW_82I,45,1.2511
6YQW_82I,46,3.4135
6YQW_82I,47,2.9456
6YQW_82I,48,0.3905
6YQW_82I,49,3.2568
6YQW_82I,5,3.5131
6YQW_82I,50,0.3506
6YQW_82I,51,0.4658
6YQW_82I,52,2.6841
6YQW_82I,53,1.8198
6YQW_82I,54,0.2457
6YQW_82I,55,2.7566
6YQW_82I,56,1.1632
6YQW_82I,57,0.3486
6YQW_82I,58,0.4877
6YQW_82I,59,0.5987
6YQW_82I,6,2.8484
6YQW_82I,60,0.2790
6YQW_82I,61,3.5334
6YQW_82I,62,0.8143
6YQW_82I,63,2.5225
6YQW_82I,64,0.4604
6YQW_82I,65,2.9832
6YQW_82I,66,2.8778
6YQW_82I,67,0.3410
6YQW_82I,68,2.5918
6YQW_82I,69,1.3146
6YQW_82I,7,2.7697
6YQW_82I,70,2.6664
6YQW_82I,71,2.7120
6YQW_82I,72,2.7555
6YQW_82I,73,3.5842
6YQW_82I,74,2.4898
6YQW_82I,75,0.5227
6YQW_82I,76,3.5017
6YQW_82I,77,1.7627
6YQW_82I,78,2.6940
6YQW_82I,79,0.6054
6YQW_82I,8,2.7724
6YQW_82I,80,2.8154
6YQW_82I,81,2.7588
6YQW_82I,82,0.3467
6YQW_82I,83,2.7758
6YQW_82I,84,0.2927
6YQW_82I,85,2.8925
6YQW_82I,86,3.1975
6YQW_82I,87,2.7664
6YQW_82I,88,1.6927
6YQW_82I,89,0.7729
6YQW_82I,9,0.7185
6YQW_82I,90,0.7739
6YQW_82I,91,2.6921
6YQW_82I,92,0.4171
6YQW_82I,93,0.8785
6YQW_82I,94,0.2821
6YQW_82I,95,3.6055
6YQW_82I,96,2.8664
6YQW_82I,97,1.5339
6YQW_82I,98,2.7630
6YQW_82I,99,2.2961
6YR2_T1C,0,3.9696
6YR2_T1C,1,2.8355
6YR2_T1C,10,4.6756
6YR2_T1C,100,2.1735
6YR2_T1C,101,1.7820
6YR2_T1C,102,4.6213
6YR2_T1C,103,3.3998
6YR2_T1C,104,1.2909
6YR2_T1C,105,2.1214
6YR2_T1C,106,3.4259
6YR2_T1C,107,3.2315
6YR2_T1C,108,2.3739
6YR2_T1C,109,1.6121
6YR2_T1C,11,3.1031
6YR2_T1C,110,4.3166
6YR2_T1C,111,2.7366
6YR2_T1C,112,1.6091
6YR2_T1C,113,1.6520
6YR2_T1C,114,3.1451
6YR2_T1C,115,4.2787
6YR2_T1C,116,3.9486
6YR2_T1C,117,10.5636
6YR2_T1C,118,2.7387
6YR2_T1C,119,4.0854
6YR2_T1C,12,3.7371
6YR2_T1C,120,2.9301
6YR2_T1C,121,1.6124
6YR2_T1C,122,3.6793
6YR2_T1C,123,3.7585
6YR2_T1C,124,3.6594
6YR2_T1C,125,4.8031
6YR2_T1C,126,2.6346
6YR2_T1C,127,1.0629
6YR2_T1C,128,3.9816
6YR2_T1C,129,2.8431
6YR2_T1C,13,3.8257
6YR2_T1C,130,1.2047
6YR2_T1C,131,3.1534
6YR2_T1C,132,2.2074
6YR2_T1C,133,2.6293
6YR2_T1C,134,1.6772
6YR2_T1C,135,4.3154
6YR2_T1C,136,2.8706
6YR2_T1C,137,1.4268
6YR2_T1C,138,3.2015
6YR2_T1C,139,3.9898
6YR2_T1C,14,1.8248
6YR2_T1C,15,3.6594
6YR2_T1C,16,3.0671
6YR2_T1C,17,2.5927
6YR2_T1C,18,4.3477
6YR2_T1C,19,10.4451
6YR2_T1C,2,1.4356
6YR2_T1C,20,3.8711
6YR2_T1C,21,3.2143
6YR2_T1C,22,3.9707
6YR2_T1C,23,2.9418
6YR2_T1C,24,1.5743
6YR2_T1C,25,3.2037
6YR2_T1C,26,1.2057
6YR2_T1C,27,4.6758
6YR2_T1C,28,3.0315
6YR2_T1C,29,3.5044
6YR2_T1C,3,4.2346
6YR2_T1C,30,2.1153
6YR2_T1C,31,1.8513
6YR2_T1C,32,2.3980
6YR2_T1C,33,3.8338
6YR2_T1C,34,3.3799
6YR2_T1C,35,1.2458
6YR2_T1C,36,10.1634
6YR2_T1C,37,2.3272
6YR2_T1C,38,1.7445
6YR2_T1C,39,3.8725
6YR2_T1C,4,3.0051
6YR2_T1C,40,4.1041
6YR2_T1C,41,4.4912
6YR2_T1C,42,3.2534
6YR2_T1C,43,2.0922
6YR2_T1C,44,3.3078
6YR2_T1C,45,3.5140
6YR2_T1C,46,2.5417
6YR2_T1C,47,1.3888
6YR2_T1C,48,2.0547
6YR2_T1C,49,10.5605
6YR2_T1C,5,1.9125
6YR2_T1C,50,4.4087
6YR2_T1C,51,1.5868
6YR2_T1C,52,3.9956
6YR2_T1C,53,2.5955
6YR2_T1C,54,1.7423
6YR2_T1C,55,3.9965
6YR2_T1C,56,3.5375
6YR2_T1C,57,1.1025
6YR2_T1C,58,4.0991
6YR2_T1C,59,4.4156
6YR2_T1C,6,1.5094
6YR2_T1C,60,3.0810
6YR2_T1C,61,2.8511
6YR2_T1C,62,3.6119
6YR2_T1C,63,3.8433
6YR2_T1C,64,2.1198
6YR2_T1C,65,2.0797
6YR2_T1C,66,3.8874
6YR2_T1C,67,2.1208
6YR2_T1C,68,2.4662
6YR2_T1C,69,3.5787
6YR2_T1C,7,3.2956
6YR2_T1C,70,3.9215
6YR2_T1C,71,2.9035
6YR2_T1C,72,3.7269
6YR2_T1C,73,3.1182
6YR2_T1C,74,9.3131
6YR2_T1C,75,1.3733
6YR2_T1C,76,1.5936
6YR2_T1C,77,3.3417
6YR2_T1C,78,1.8658
6YR2_T1C,79,4.6262
6YR2_T1C,8,4.2860
6YR2_T1C,80,1.9530
6YR2_T1C,81,2.4668
6YR2_T1C,82,1.9365
6YR2_T1C,83,4.2193
6YR2_T1C,84,4.6254
6YR2_T1C,85,1.9417
6YR2_T1C,86,1.7396
6YR2_T1C,87,10.7019
6YR2_T1C,88,4.1503
6YR2_T1C,89,4.0561
6YR2_T1C,9,2.5332
6YR2_T1C,90,2.7062
6YR2_T1C,91,3.4341
6YR2_T1C,92,3.3682
6YR2_T1C,93,3.3055
6YR2_T1C,94,2.8961
6YR2_T1C,95,1.4736
6YR2_T1C,96,2.5460
6YR2_T1C,97,2.7609
6YR2_T1C,98,3.7999
6YR2_T1C,99,2.6023
6YRV_PJ8,0,2.3127
6YRV_PJ8,1,3.6912
6YRV_PJ8,10,1.2407
6YRV_PJ8,100,1.2386
6YRV_PJ8,101,1.9689
6YRV_PJ8,102,4.2865
6YRV_PJ8,103,4.5892
6YRV_PJ8,104,4.6129
6YRV_PJ8,105,1.2278
6YRV_PJ8,106,1.5655
6YRV_PJ8,107,1.2726
6YRV_PJ8,108,3.9314
6YRV_PJ8,109,1.8311
6YRV_PJ8,11,2.2063
6YRV_PJ8,110,1.4926
6YRV_PJ8,111,1.1729
6YRV_PJ8,112,1.3782
6YRV_PJ8,113,1.5998
6YRV_PJ8,114,2.3495
6YRV_PJ8,115,1.8145
6YRV_PJ8,116,2.1044
6YRV_PJ8,117,1.6448
6YRV_PJ8,118,1.3070
6YRV_PJ8,119,2.4328
6YRV_PJ8,12,3.2354
6YRV_PJ8,120,1.3232
6YRV_PJ8,121,1.4603
6YRV_PJ8,122,1.4874
6YRV_PJ8,123,2.3287
6YRV_PJ8,124,2.0134
6YRV_PJ8,125,1.2943
6YRV_PJ8,126,1.7570
6YRV_PJ8,127,1.3889
6YRV_PJ8,128,2.5610
6YRV_PJ8,129,3.7259
6YRV_PJ8,13,1.4053
6YRV_PJ8,130,1.4896
6YRV_PJ8,131,1.6533
6YRV_PJ8,132,5.6426
6YRV_PJ8,133,2.3150
6YRV_PJ8,134,5.0111
6YRV_PJ8,135,2.1366
6YRV_PJ8,136,1.1966
6YRV_PJ8,137,1.5677
6YRV_PJ8,138,5.6670
6YRV_PJ8,139,2.9147
6YRV_PJ8,14,1.1513
6YRV_PJ8,15,1.4337
6YRV_PJ8,16,2.7206
6YRV_PJ8,17,3.0653
6YRV_PJ8,18,1.5820
6YRV_PJ8,19,1.1842
6YRV_PJ8,2,1.4509
6YRV_PJ8,20,2.3056
6YRV_PJ8,21,1.5831
6YRV_PJ8,22,4.5384
6YRV_PJ8,23,1.1512
6YRV_PJ8,24,1.4012
6YRV_PJ8,25,2.4248
6YRV_PJ8,26,1.2491
6YRV_PJ8,27,1.5743
6YRV_PJ8,28,1.4049
6YRV_PJ8,29,3.0788
6YRV_PJ8,3,3.6785
6YRV_PJ8,30,2.5737
6YRV_PJ8,31,2.7642
6YRV_PJ8,32,1.3484
6YRV_PJ8,33,4.5009
6YRV_PJ8,34,1.8000
6YRV_PJ8,35,1.8294
6YRV_PJ8,36,3.1983
6YRV_PJ8,37,1.6082
6YRV_PJ8,38,2.0423
6YRV_PJ8,39,1.3062
6YRV_PJ8,4,1.8670
6YRV_PJ8,40,2.7345
6YRV_PJ8,41,1.5932
6YRV_PJ8,42,1.6608
6YRV_PJ8,43,0.8213
6YRV_PJ8,44,1.7278
6YRV_PJ8,45,1.9277
6YRV_PJ8,46,1.6548
6YRV_PJ8,47,1.6641
6YRV_PJ8,48,1.7397
6YRV_PJ8,49,3.3272
6YRV_PJ8,5,2.8091
6YRV_PJ8,50,1.3416
6YRV_PJ8,51,2.5513
6YRV_PJ8,52,1.3187
6YRV_PJ8,53,1.8635
6YRV_PJ8,54,1.3048
6YRV_PJ8,55,2.4159
6YRV_PJ8,56,1.2189
6YRV_PJ8,57,1.2094
6YRV_PJ8,58,1.2590
6YRV_PJ8,59,3.3289
6YRV_PJ8,6,1.4992
6YRV_PJ8,60,3.5244
6YRV_PJ8,61,1.6251
6YRV_PJ8,62,1.5142
6YRV_PJ8,63,2.0007
6YRV_PJ8,64,2.1366
6YRV_PJ8,65,1.4326
6YRV_PJ8,66,2.4726
6YRV_PJ8,67,1.4886
6YRV_PJ8,68,2.2532
6YRV_PJ8,69,2.4288
6YRV_PJ8,7,2.4117
6YRV_PJ8,70,2.3374
6YRV_PJ8,71,0.8783
6YRV_PJ8,72,0.8878
6YRV_PJ8,73,2.0058
6YRV_PJ8,74,1.6852
6YRV_PJ8,75,4.1804
6YRV_PJ8,76,3.9867
6YRV_PJ8,77,1.4655
6YRV_PJ8,78,3.5833
6YRV_PJ8,79,3.3731
6YRV_PJ8,8,1.3213
6YRV_PJ8,80,1.4827
6YRV_PJ8,81,1.8675
6YRV_PJ8,82,1.5459
6YRV_PJ8,83,1.5811
6YRV_PJ8,84,1.2430
6YRV_PJ8,85,1.3412
6YRV_PJ8,86,3.8643
6YRV_PJ8,87,1.8513
6YRV_PJ8,88,4.9081
6YRV_PJ8,89,5.4214
6YRV_PJ8,9,3.6598
6YRV_PJ8,90,1.0616
6YRV_PJ8,91,2.9101
6YRV_PJ8,92,1.5505
6YRV_PJ8,93,1.7068
6YRV_PJ8,94,1.0475
6YRV_PJ8,95,3.4035
6YRV_PJ8,96,1.8940
6YRV_PJ8,97,1.1116
6YRV_PJ8,98,4.6931
6YRV_PJ8,99,1.8283
6YSP_PAL,0,1.6220
6YSP_PAL,1,0.9129
6YSP_PAL,10,1.5410
6YSP_PAL,100,1.5315
6YSP_PAL,101,0.4486
6YSP_PAL,102,1.2500
6YSP_PAL,103,1.5129
6YSP_PAL,104,1.5235
6YSP_PAL,105,1.3643
6YSP_PAL,106,1.0227
6YSP_PAL,107,1.0184
6YSP_PAL,108,1.6524
6YSP_PAL,109,1.4509
6YSP_PAL,11,1.3029
6YSP_PAL,110,1.0536
6YSP_PAL,111,0.9259
6YSP_PAL,112,1.0937
6YSP_PAL,113,1.4363
6YSP_PAL,114,1.0948
6YSP_PAL,115,1.1998
6YSP_PAL,116,1.4760
6YSP_PAL,117,1.2294
6YSP_PAL,118,0.7878
6YSP_PAL,119,1.1373
6YSP_PAL,12,1.4658
6YSP_PAL,120,2.0839
6YSP_PAL,121,0.6148
6YSP_PAL,122,1.1723
6YSP_PAL,123,1.2966
6YSP_PAL,124,1.4773
6YSP_PAL,125,2.0014
6YSP_PAL,126,1.3707
6YSP_PAL,127,1.1385
6YSP_PAL,128,1.1292
6YSP_PAL,129,1.2224
6YSP_PAL,13,0.9100
6YSP_PAL,130,1.5379
6YSP_PAL,131,1.3642
6YSP_PAL,132,0.9489
6YSP_PAL,133,1.5333
6YSP_PAL,134,0.6429
6YSP_PAL,135,1.3001
6YSP_PAL,136,1.5973
6YSP_PAL,137,0.9426
6YSP_PAL,138,1.4402
6YSP_PAL,139,1.3105
6YSP_PAL,14,1.2213
6YSP_PAL,15,1.1365
6YSP_PAL,16,1.0218
6YSP_PAL,17,1.2544
6YSP_PAL,18,1.4032
6YSP_PAL,19,0.8974
6YSP_PAL,2,1.3880
6YSP_PAL,20,1.2937
6YSP_PAL,21,1.2231
6YSP_PAL,22,0.8484
6YSP_PAL,23,0.9682
6YSP_PAL,24,0.8643
6YSP_PAL,25,0.9542
6YSP_PAL,26,1.5386
6YSP_PAL,27,1.3534
6YSP_PAL,28,0.7912
6YSP_PAL,29,1.0851
6YSP_PAL,3,1.4810
6YSP_PAL,30,1.3320
6YSP_PAL,31,1.0504
6YSP_PAL,32,1.6056
6YSP_PAL,33,1.7377
6YSP_PAL,34,1.4665
6YSP_PAL,35,1.0301
6YSP_PAL,36,1.0492
6YSP_PAL,37,1.0364
6YSP_PAL,38,2.2849
6YSP_PAL,39,0.8498
6YSP_PAL,4,1.1993
6YSP_PAL,40,1.1941
6YSP_PAL,41,0.4830
6YSP_PAL,42,1.3602
6YSP_PAL,43,1.9421
6YSP_PAL,44,1.2150
6YSP_PAL,45,1.4793
6YSP_PAL,46,1.1830
6YSP_PAL,47,1.2552
6YSP_PAL,48,1.0566
6YSP_PAL,49,1.3078
6YSP_PAL,5,1.1206
6YSP_PAL,50,1.1739
6YSP_PAL,51,0.9758
6YSP_PAL,52,1.2352
6YSP_PAL,53,1.2575
6YSP_PAL,54,1.1794
6YSP_PAL,55,1.5626
6YSP_PAL,56,1.3315
6YSP_PAL,57,1.2282
6YSP_PAL,58,0.8308
6YSP_PAL,59,1.2948
6YSP_PAL,6,1.5674
6YSP_PAL,60,1.6025
6YSP_PAL,61,1.0506
6YSP_PAL,62,1.5526
6YSP_PAL,63,1.2028
6YSP_PAL,64,1.4629
6YSP_PAL,65,0.9562
6YSP_PAL,66,1.3221
6YSP_PAL,67,0.8616
6YSP_PAL,68,1.4811
6YSP_PAL,69,1.2210
6YSP_PAL,7,0.9448
6YSP_PAL,70,0.9318
6YSP_PAL,71,1.5522
6YSP_PAL,72,1.1398
6YSP_PAL,73,1.2087
6YSP_PAL,74,1.5103
6YSP_PAL,75,1.3333
6YSP_PAL,76,1.2015
6YSP_PAL,77,1.6251
6YSP_PAL,78,1.2185
6YSP_PAL,79,1.2312
6YSP_PAL,8,1.3991
6YSP_PAL,80,1.3832
6YSP_PAL,81,2.1306
6YSP_PAL,82,1.2381
6YSP_PAL,83,0.9944
6YSP_PAL,84,1.4529
6YSP_PAL,85,0.8989
6YSP_PAL,86,0.6316
6YSP_PAL,87,1.2457
6YSP_PAL,88,1.0623
6YSP_PAL,89,0.7456
6YSP_PAL,9,0.9530
6YSP_PAL,90,1.5495
6YSP_PAL,91,2.1701
6YSP_PAL,92,0.3920
6YSP_PAL,93,0.7771
6YSP_PAL,94,1.5155
6YSP_PAL,95,0.8239
6YSP_PAL,96,1.2235
6YSP_PAL,97,1.6755
6YSP_PAL,98,1.0256
6YSP_PAL,99,1.4638
6YT6_PKE,0,2.9247
6YT6_PKE,1,1.4462
6YT6_PKE,10,2.0782
6YT6_PKE,100,0.9952
6YT6_PKE,101,1.6077
6YT6_PKE,102,0.9171
6YT6_PKE,103,1.3978
6YT6_PKE,104,2.6504
6YT6_PKE,105,2.9912
6YT6_PKE,106,2.9051
6YT6_PKE,107,1.2582
6YT6_PKE,108,2.2843
6YT6_PKE,109,1.3563
6YT6_PKE,11,1.6383
6YT6_PKE,110,1.8297
6YT6_PKE,111,1.1493
6YT6_PKE,112,2.7293
6YT6_PKE,113,1.6587
6YT6_PKE,114,2.5541
6YT6_PKE,115,2.6499
6YT6_PKE,116,3.1040
6YT6_PKE,117,1.2125
6YT6_PKE,118,1.3330
6YT6_PKE,119,2.8988
6YT6_PKE,12,1.4288
6YT6_PKE,120,2.7742
6YT6_PKE,121,1.8425
6YT6_PKE,122,2.4100
6YT6_PKE,123,2.5912
6YT6_PKE,124,2.2328
6YT6_PKE,125,1.4290
6YT6_PKE,126,1.2943
6YT6_PKE,127,2.0670
6YT6_PKE,128,1.9338
6YT6_PKE,129,1.5091
6YT6_PKE,13,1.7963
6YT6_PKE,130,2.7361
6YT6_PKE,131,2.6103
6YT6_PKE,132,2.5314
6YT6_PKE,133,2.8693
6YT6_PKE,134,1.7631
6YT6_PKE,135,3.1738
6YT6_PKE,136,4.5740
6YT6_PKE,137,2.1826
6YT6_PKE,138,1.1724
6YT6_PKE,139,2.3891
6YT6_PKE,14,1.5994
6YT6_PKE,15,2.6759
6YT6_PKE,16,2.5585
6YT6_PKE,17,4.5962
6YT6_PKE,18,1.2001
6YT6_PKE,19,1.7965
6YT6_PKE,2,0.7890
6YT6_PKE,20,2.6918
6YT6_PKE,21,1.6379
6YT6_PKE,22,2.7636
6YT6_PKE,23,0.8607
6YT6_PKE,24,2.2017
6YT6_PKE,25,1.1719
6YT6_PKE,26,2.5337
6YT6_PKE,27,2.5209
6YT6_PKE,28,1.5742
6YT6_PKE,29,1.4987
6YT6_PKE,3,1.8654
6YT6_PKE,30,1.9044
6YT6_PKE,31,2.0228
6YT6_PKE,32,2.4462
6YT6_PKE,33,2.5411
6YT6_PKE,34,1.8178
6YT6_PKE,35,3.0307
6YT6_PKE,36,2.5071
6YT6_PKE,37,2.4429
6YT6_PKE,38,2.6709
6YT6_PKE,39,2.9926
6YT6_PKE,4,1.3117
6YT6_PKE,40,2.9568
6YT6_PKE,41,1.5048
6YT6_PKE,42,2.4859
6YT6_PKE,43,1.6035
6YT6_PKE,44,1.1621
6YT6_PKE,45,2.1801
6YT6_PKE,46,2.6167
6YT6_PKE,47,1.6295
6YT6_PKE,48,3.0236
6YT6_PKE,49,2.3241
6YT6_PKE,5,1.5225
6YT6_PKE,50,2.2847
6YT6_PKE,51,2.7355
6YT6_PKE,52,1.2434
6YT6_PKE,53,2.7696
6YT6_PKE,54,1.2985
6YT6_PKE,55,2.4639
6YT6_PKE,56,2.5852
6YT6_PKE,57,2.8506
6YT6_PKE,58,2.6279
6YT6_PKE,59,3.1673
6YT6_PKE,6,1.2804
6YT6_PKE,60,2.7087
6YT6_PKE,61,2.9952
6YT6_PKE,62,2.4741
6YT6_PKE,63,2.9660
6YT6_PKE,64,3.0064
6YT6_PKE,65,1.2620
6YT6_PKE,66,2.7013
6YT6_PKE,67,2.7463
6YT6_PKE,68,2.7234
6YT6_PKE,69,1.2024
6YT6_PKE,7,1.1274
6YT6_PKE,70,2.4223
6YT6_PKE,71,0.7422
6YT6_PKE,72,1.8789
6YT6_PKE,73,1.2388
6YT6_PKE,74,0.8609
6YT6_PKE,75,2.5271
6YT6_PKE,76,4.1223
6YT6_PKE,77,2.5782
6YT6_PKE,78,2.8222
6YT6_PKE,79,2.9196
6YT6_PKE,8,2.2456
6YT6_PKE,80,3.6314
6YT6_PKE,81,1.6426
6YT6_PKE,82,2.8596
6YT6_PKE,83,2.8470
6YT6_PKE,84,2.9908
6YT6_PKE,85,1.2224
6YT6_PKE,86,1.7350
6YT6_PKE,87,2.2263
6YT6_PKE,88,0.6723
6YT6_PKE,89,2.6506
6YT6_PKE,9,1.9633
6YT6_PKE,90,1.7874
6YT6_PKE,91,2.5408
6YT6_PKE,92,1.4543
6YT6_PKE,93,2.4221
6YT6_PKE,94,2.7638
6YT6_PKE,95,1.2796
6YT6_PKE,96,1.7568
6YT6_PKE,97,5.3751
6YT6_PKE,98,3.3662
6YT6_PKE,99,2.5854
6YYO_Q1K,0,7.1966
6YYO_Q1K,1,7.1080
6YYO_Q1K,10,1.1944
6YYO_Q1K,100,1.0336
6YYO_Q1K,101,1.9024
6YYO_Q1K,102,1.2645
6YYO_Q1K,103,1.0333
6YYO_Q1K,104,7.2737
6YYO_Q1K,105,1.6505
6YYO_Q1K,106,7.0848
6YYO_Q1K,107,7.1546
6YYO_Q1K,108,1.2954
6YYO_Q1K,109,7.1786
6YYO_Q1K,11,7.1117
6YYO_Q1K,110,7.1340
6YYO_Q1K,111,7.1480
6YYO_Q1K,112,1.8443
6YYO_Q1K,113,2.0015
6YYO_Q1K,114,2.3055
6YYO_Q1K,115,0.9262
6YYO_Q1K,116,1.3392
6YYO_Q1K,117,2.0799
6YYO_Q1K,118,1.5041
6YYO_Q1K,119,7.0564
6YYO_Q1K,12,1.9861
6YYO_Q1K,120,7.1700
6YYO_Q1K,121,1.2348
6YYO_Q1K,122,7.0758
6YYO_Q1K,123,1.0293
6YYO_Q1K,124,1.7823
6YYO_Q1K,125,7.2062
6YYO_Q1K,126,7.1280
6YYO_Q1K,127,1.6784
6YYO_Q1K,128,1.9958
6YYO_Q1K,129,7.0148
6YYO_Q1K,13,1.6384
6YYO_Q1K,130,7.2832
6YYO_Q1K,131,6.8765
6YYO_Q1K,132,1.0734
6YYO_Q1K,133,7.2089
6YYO_Q1K,134,1.0266
6YYO_Q1K,135,0.9840
6YYO_Q1K,136,1.8377
6YYO_Q1K,137,7.1187
6YYO_Q1K,138,1.3770
6YYO_Q1K,139,7.1849
6YYO_Q1K,14,2.1735
6YYO_Q1K,15,1.1678
6YYO_Q1K,16,1.1935
6YYO_Q1K,17,7.0745
6YYO_Q1K,18,7.1140
6YYO_Q1K,19,7.0997
6YYO_Q1K,2,1.2276
6YYO_Q1K,20,7.1417
6YYO_Q1K,21,7.1581
6YYO_Q1K,22,7.2375
6YYO_Q1K,23,6.5210
6YYO_Q1K,24,7.0845
6YYO_Q1K,25,7.1300
6YYO_Q1K,26,7.1966
6YYO_Q1K,27,7.2777
6YYO_Q1K,27,7.0651
6YYO_Q1K,28,7.2954
6YYO_Q1K,29,2.3103
6YYO_Q1K,3,6.6111
6YYO_Q1K,30,0.9381
6YYO_Q1K,31,1.2790
6YYO_Q1K,32,1.4967
6YYO_Q1K,33,1.2112
6YYO_Q1K,34,1.8603
6YYO_Q1K,35,6.9746
6YYO_Q1K,36,0.9964
6YYO_Q1K,37,7.2143
6YYO_Q1K,38,7.1770
6YYO_Q1K,39,1.7121
6YYO_Q1K,4,6.0595
6YYO_Q1K,40,7.2269
6YYO_Q1K,41,7.0822
6YYO_Q1K,42,7.3466
6YYO_Q1K,43,1.0501
6YYO_Q1K,44,0.7995
6YYO_Q1K,45,0.8364
6YYO_Q1K,46,1.2255
6YYO_Q1K,47,6.9698
6YYO_Q1K,48,7.0924
6YYO_Q1K,49,1.7883
6YYO_Q1K,5,0.7410
6YYO_Q1K,50,1.8940
6YYO_Q1K,51,1.6747
6YYO_Q1K,52,0.8566
6YYO_Q1K,53,0.8522
6YYO_Q1K,54,1.1416
6YYO_Q1K,55,6.4615
6YYO_Q1K,56,7.1989
6YYO_Q1K,57,0.5253
6YYO_Q1K,58,7.3438
6YYO_Q1K,59,7.0560
6YYO_Q1K,6,1.2994
6YYO_Q1K,60,1.0369
6YYO_Q1K,61,1.2451
6YYO_Q1K,62,2.1005
6YYO_Q1K,63,7.0268
6YYO_Q1K,64,1.8211
6YYO_Q1K,65,7.2093
6YYO_Q1K,66,1.7260
6YYO_Q1K,67,7.2492
6YYO_Q1K,68,7.2454
6YYO_Q1K,69,7.2675
6YYO_Q1K,7,0.9509
6YYO_Q1K,70,6.9419
6YYO_Q1K,71,7.1494
6YYO_Q1K,72,1.1478
6YYO_Q1K,73,0.9635
6YYO_Q1K,74,6.7949
6YYO_Q1K,75,7.1661
6YYO_Q1K,76,7.2631
6YYO_Q1K,77,1.9524
6YYO_Q1K,78,7.2712
6YYO_Q1K,79,1.8396
6YYO_Q1K,8,1.1262
6YYO_Q1K,80,1.2902
6YYO_Q1K,81,0.7915
6YYO_Q1K,82,7.1385
6YYO_Q1K,83,6.6983
6YYO_Q1K,84,7.0619
6YYO_Q1K,85,7.2485
6YYO_Q1K,86,1.9270
6YYO_Q1K,87,0.9537
6YYO_Q1K,88,7.0176
6YYO_Q1K,89,7.2704
6YYO_Q1K,9,0.9885
6YYO_Q1K,90,1.0914
6YYO_Q1K,91,1.0013
6YYO_Q1K,92,2.2871
6YYO_Q1K,93,6.5790
6YYO_Q1K,94,0.9818
6YYO_Q1K,95,7.1234
6YYO_Q1K,96,6.7357
6YYO_Q1K,97,1.1864
6YYO_Q1K,98,1.8611
6YYO_Q1K,99,1.7520
6Z0R_Q4H,0,2.3359
6Z0R_Q4H,1,3.1939
6Z0R_Q4H,10,3.1523
6Z0R_Q4H,100,3.1412
6Z0R_Q4H,101,3.2707
6Z0R_Q4H,102,3.2329
6Z0R_Q4H,103,3.7347
6Z0R_Q4H,104,2.8194
6Z0R_Q4H,105,2.8890
6Z0R_Q4H,106,3.2602
6Z0R_Q4H,107,2.5044
6Z0R_Q4H,108,2.0221
6Z0R_Q4H,109,2.2784
6Z0R_Q4H,11,0.5575
6Z0R_Q4H,110,0.4392
6Z0R_Q4H,111,3.1437
6Z0R_Q4H,112,1.4695
6Z0R_Q4H,113,3.2154
6Z0R_Q4H,113,3.3535
6Z0R_Q4H,114,3.2504
6Z0R_Q4H,115,3.1358
6Z0R_Q4H,116,0.8912
6Z0R_Q4H,117,2.6201
6Z0R_Q4H,118,3.0022
6Z0R_Q4H,119,3.2884
6Z0R_Q4H,12,0.7814
6Z0R_Q4H,120,3.2811
6Z0R_Q4H,121,3.1253
6Z0R_Q4H,122,2.9350
6Z0R_Q4H,123,3.0839
6Z0R_Q4H,124,2.1379
6Z0R_Q4H,125,3.4661
6Z0R_Q4H,125,2.4105
6Z0R_Q4H,126,1.9555
6Z0R_Q4H,127,3.2986
6Z0R_Q4H,128,0.5352
6Z0R_Q4H,129,2.5304
6Z0R_Q4H,13,0.7391
6Z0R_Q4H,130,2.7859
6Z0R_Q4H,131,3.2855
6Z0R_Q4H,132,3.2673
6Z0R_Q4H,133,1.7508
6Z0R_Q4H,134,2.8076
6Z0R_Q4H,135,2.6360
6Z0R_Q4H,136,3.2769
6Z0R_Q4H,137,2.3108
6Z0R_Q4H,138,2.3458
6Z0R_Q4H,139,2.2814
6Z0R_Q4H,14,1.2121
6Z0R_Q4H,15,0.5408
6Z0R_Q4H,16,1.9656
6Z0R_Q4H,17,2.4766
6Z0R_Q4H,18,2.7553
6Z0R_Q4H,19,2.9999
6Z0R_Q4H,2,0.9256
6Z0R_Q4H,20,2.4039
6Z0R_Q4H,21,2.3195
6Z0R_Q4H,22,1.3966
6Z0R_Q4H,23,0.6495
6Z0R_Q4H,24,3.1353
6Z0R_Q4H,25,2.4477
6Z0R_Q4H,26,1.1608
6Z0R_Q4H,27,1.7551
6Z0R_Q4H,28,2.7850
6Z0R_Q4H,29,1.4213
6Z0R_Q4H,3,3.1314
6Z0R_Q4H,30,1.2503
6Z0R_Q4H,31,0.5347
6Z0R_Q4H,32,2.4161
6Z0R_Q4H,33,2.9293
6Z0R_Q4H,34,3.2548
6Z0R_Q4H,35,0.6354
6Z0R_Q4H,36,0.5725
6Z0R_Q4H,37,2.9224
6Z0R_Q4H,38,0.5401
6Z0R_Q4H,39,2.7292
6Z0R_Q4H,4,3.2818
6Z0R_Q4H,40,2.6505
6Z0R_Q4H,41,3.2614
6Z0R_Q4H,42,3.2139
6Z0R_Q4H,43,2.4799
6Z0R_Q4H,44,1.6687
6Z0R_Q4H,45,3.1224
6Z0R_Q4H,46,2.3461
6Z0R_Q4H,47,3.0457
6Z0R_Q4H,48,0.6132
6Z0R_Q4H,49,3.0340
6Z0R_Q4H,5,1.7689
6Z0R_Q4H,50,1.8916
6Z0R_Q4H,51,0.7709
6Z0R_Q4H,52,3.2745
6Z0R_Q4H,53,1.8112
6Z0R_Q4H,54,2.4794
6Z0R_Q4H,55,2.2690
6Z0R_Q4H,56,1.1331
6Z0R_Q4H,57,3.2200
6Z0R_Q4H,58,0.8331
6Z0R_Q4H,59,0.9460
6Z0R_Q4H,6,1.3574
6Z0R_Q4H,60,1.9846
6Z0R_Q4H,61,3.2810
6Z0R_Q4H,62,2.6455
6Z0R_Q4H,63,1.6652
6Z0R_Q4H,64,2.2972
6Z0R_Q4H,65,2.6732
6Z0R_Q4H,66,1.9625
6Z0R_Q4H,67,3.2114
6Z0R_Q4H,68,1.0828
6Z0R_Q4H,69,2.3731
6Z0R_Q4H,7,0.6146
6Z0R_Q4H,70,0.5901
6Z0R_Q4H,71,1.6484
6Z0R_Q4H,72,3.2073
6Z0R_Q4H,73,1.3667
6Z0R_Q4H,74,1.1155
6Z0R_Q4H,75,3.2682
6Z0R_Q4H,76,3.2484
6Z0R_Q4H,77,1.3003
6Z0R_Q4H,78,2.3317
6Z0R_Q4H,79,0.6122
6Z0R_Q4H,8,1.7410
6Z0R_Q4H,80,0.6910
6Z0R_Q4H,81,0.6481
6Z0R_Q4H,82,2.7686
6Z0R_Q4H,83,2.3891
6Z0R_Q4H,84,3.2689
6Z0R_Q4H,85,2.9118
6Z0R_Q4H,86,0.6141
6Z0R_Q4H,87,3.2814
6Z0R_Q4H,88,0.9273
6Z0R_Q4H,89,0.6784
6Z0R_Q4H,9,2.5468
6Z0R_Q4H,90,1.9298
6Z0R_Q4H,91,3.1685
6Z0R_Q4H,92,3.2850
6Z0R_Q4H,93,1.5094
6Z0R_Q4H,94,2.2134
6Z0R_Q4H,95,2.3417
6Z0R_Q4H,96,2.5157
6Z0R_Q4H,97,3.2566
6Z0R_Q4H,98,0.5514
6Z0R_Q4H,99,1.5204
6Z14_Q4Z,0,1.4023
6Z14_Q4Z,1,1.1782
6Z14_Q4Z,10,1.3189
6Z14_Q4Z,100,1.1694
6Z14_Q4Z,101,1.6939
6Z14_Q4Z,102,1.7658
6Z14_Q4Z,103,5.7221
6Z14_Q4Z,104,1.3932
6Z14_Q4Z,105,1.4571
6Z14_Q4Z,106,1.2998
6Z14_Q4Z,107,0.9500
6Z14_Q4Z,108,1.0698
6Z14_Q4Z,109,1.4002
6Z14_Q4Z,11,2.2534
6Z14_Q4Z,110,1.4234
6Z14_Q4Z,111,1.4687
6Z14_Q4Z,112,1.3853
6Z14_Q4Z,113,1.4959
6Z14_Q4Z,114,1.4187
6Z14_Q4Z,115,1.5935
6Z14_Q4Z,116,1.4587
6Z14_Q4Z,117,2.2020
6Z14_Q4Z,118,6.3801
6Z14_Q4Z,119,1.5145
6Z14_Q4Z,12,1.4516
6Z14_Q4Z,120,1.2961
6Z14_Q4Z,121,1.4703
6Z14_Q4Z,122,1.2306
6Z14_Q4Z,123,2.1170
6Z14_Q4Z,124,1.4558
6Z14_Q4Z,125,1.2750
6Z14_Q4Z,126,1.3027
6Z14_Q4Z,127,1.3970
6Z14_Q4Z,128,1.2270
6Z14_Q4Z,129,1.8564
6Z14_Q4Z,13,2.2837
6Z14_Q4Z,130,1.8325
6Z14_Q4Z,131,1.4695
6Z14_Q4Z,132,1.0544
6Z14_Q4Z,133,6.6596
6Z14_Q4Z,134,2.3274
6Z14_Q4Z,135,1.5069
6Z14_Q4Z,136,2.2914
6Z14_Q4Z,137,1.1525
6Z14_Q4Z,138,2.5281
6Z14_Q4Z,139,1.2351
6Z14_Q4Z,14,1.4417
6Z14_Q4Z,15,1.1187
6Z14_Q4Z,16,1.4241
6Z14_Q4Z,17,0.9467
6Z14_Q4Z,18,1.3405
6Z14_Q4Z,19,2.7294
6Z14_Q4Z,2,1.7000
6Z14_Q4Z,20,1.7674
6Z14_Q4Z,21,1.0447
6Z14_Q4Z,22,1.2154
6Z14_Q4Z,23,1.0823
6Z14_Q4Z,24,1.3691
6Z14_Q4Z,25,1.2513
6Z14_Q4Z,26,2.7252
6Z14_Q4Z,27,2.4452
6Z14_Q4Z,28,1.5864
6Z14_Q4Z,29,1.3779
6Z14_Q4Z,3,1.4574
6Z14_Q4Z,30,2.7524
6Z14_Q4Z,31,1.4827
6Z14_Q4Z,32,1.7167
6Z14_Q4Z,33,1.7364
6Z14_Q4Z,34,1.4075
6Z14_Q4Z,35,1.3289
6Z14_Q4Z,36,1.3524
6Z14_Q4Z,37,2.0440
6Z14_Q4Z,38,1.6991
6Z14_Q4Z,39,0.7010
6Z14_Q4Z,4,1.2235
6Z14_Q4Z,40,1.2563
6Z14_Q4Z,41,1.9438
6Z14_Q4Z,42,1.3837
6Z14_Q4Z,43,1.4766
6Z14_Q4Z,44,1.4144
6Z14_Q4Z,45,2.4469
6Z14_Q4Z,46,1.3463
6Z14_Q4Z,47,1.7910
6Z14_Q4Z,48,1.4312
6Z14_Q4Z,49,1.5574
6Z14_Q4Z,5,1.2525
6Z14_Q4Z,50,1.8232
6Z14_Q4Z,51,1.0860
6Z14_Q4Z,52,1.1429
6Z14_Q4Z,53,1.9386
6Z14_Q4Z,54,5.2449
6Z14_Q4Z,55,5.6401
6Z14_Q4Z,56,1.7134
6Z14_Q4Z,57,2.5697
6Z14_Q4Z,58,1.4946
6Z14_Q4Z,59,1.4274
6Z14_Q4Z,6,1.9278
6Z14_Q4Z,60,1.5362
6Z14_Q4Z,61,1.7163
6Z14_Q4Z,62,1.5171
6Z14_Q4Z,63,1.2491
6Z14_Q4Z,64,2.7945
6Z14_Q4Z,65,3.2199
6Z14_Q4Z,66,1.2547
6Z14_Q4Z,67,1.1848
6Z14_Q4Z,68,1.4681
6Z14_Q4Z,69,1.3646
6Z14_Q4Z,7,2.3179
6Z14_Q4Z,70,1.3343
6Z14_Q4Z,71,3.8786
6Z14_Q4Z,72,1.2308
6Z14_Q4Z,73,1.0515
6Z14_Q4Z,74,1.2302
6Z14_Q4Z,75,1.2973
6Z14_Q4Z,76,1.3614
6Z14_Q4Z,77,1.4612
6Z14_Q4Z,78,0.9137
6Z14_Q4Z,79,1.7565
6Z14_Q4Z,8,1.6260
6Z14_Q4Z,80,1.3583
6Z14_Q4Z,81,1.2292
6Z14_Q4Z,82,1.4072
6Z14_Q4Z,83,1.2760
6Z14_Q4Z,84,1.9733
6Z14_Q4Z,85,1.2645
6Z14_Q4Z,86,1.2600
6Z14_Q4Z,87,2.7698
6Z14_Q4Z,88,2.9257
6Z14_Q4Z,89,2.4727
6Z14_Q4Z,9,1.3301
6Z14_Q4Z,90,0.6474
6Z14_Q4Z,91,1.2482
6Z14_Q4Z,92,1.9929
6Z14_Q4Z,93,1.2012
6Z14_Q4Z,94,1.7079
6Z14_Q4Z,95,1.2901
6Z14_Q4Z,96,1.2697
6Z14_Q4Z,97,1.6168
6Z14_Q4Z,98,1.5884
6Z14_Q4Z,99,1.0781
6Z1C_7EY,0,5.5164
6Z1C_7EY,1,1.2670
6Z1C_7EY,10,2.3765
6Z1C_7EY,100,1.2599
6Z1C_7EY,101,1.0956
6Z1C_7EY,102,1.1317
6Z1C_7EY,103,1.0704
6Z1C_7EY,104,0.9924
6Z1C_7EY,105,1.0659
6Z1C_7EY,106,2.0487
6Z1C_7EY,107,2.5162
6Z1C_7EY,108,2.8596
6Z1C_7EY,109,0.6587
6Z1C_7EY,11,3.3173
6Z1C_7EY,110,2.3766
6Z1C_7EY,111,1.2838
6Z1C_7EY,112,1.3644
6Z1C_7EY,113,2.5098
6Z1C_7EY,114,2.5087
6Z1C_7EY,115,6.5244
6Z1C_7EY,116,1.7666
6Z1C_7EY,117,2.7227
6Z1C_7EY,118,0.7989
6Z1C_7EY,119,1.1613
6Z1C_7EY,12,0.9932
6Z1C_7EY,120,1.0136
6Z1C_7EY,121,2.7796
6Z1C_7EY,122,1.0654
6Z1C_7EY,123,4.8609
6Z1C_7EY,124,2.6387
6Z1C_7EY,125,1.5399
6Z1C_7EY,126,1.2907
6Z1C_7EY,127,1.0468
6Z1C_7EY,128,2.5160
6Z1C_7EY,129,3.8622
6Z1C_7EY,13,0.8177
6Z1C_7EY,130,2.3906
6Z1C_7EY,131,0.9049
6Z1C_7EY,132,1.1061
6Z1C_7EY,133,0.7934
6Z1C_7EY,134,1.1927
6Z1C_7EY,135,1.2266
6Z1C_7EY,136,1.0790
6Z1C_7EY,137,2.9484
6Z1C_7EY,138,1.0741
6Z1C_7EY,139,0.7681
6Z1C_7EY,14,0.7175
6Z1C_7EY,15,0.9197
6Z1C_7EY,16,0.9840
6Z1C_7EY,17,0.6434
6Z1C_7EY,18,2.0662
6Z1C_7EY,19,1.5748
6Z1C_7EY,2,2.8867
6Z1C_7EY,20,1.1218
6Z1C_7EY,21,0.9719
6Z1C_7EY,22,0.8802
6Z1C_7EY,23,1.1226
6Z1C_7EY,24,0.8902
6Z1C_7EY,25,0.8020
6Z1C_7EY,26,0.8110
6Z1C_7EY,27,1.2478
6Z1C_7EY,28,5.2650
6Z1C_7EY,29,1.1016
6Z1C_7EY,3,2.4293
6Z1C_7EY,30,1.0326
6Z1C_7EY,31,4.6668
6Z1C_7EY,32,0.8984
6Z1C_7EY,33,1.2661
6Z1C_7EY,34,1.0947
6Z1C_7EY,35,1.0260
6Z1C_7EY,36,4.9888
6Z1C_7EY,37,2.7593
6Z1C_7EY,38,0.9006
6Z1C_7EY,39,0.8279
6Z1C_7EY,4,2.3127
6Z1C_7EY,40,2.2230
6Z1C_7EY,41,1.4116
6Z1C_7EY,42,0.9437
6Z1C_7EY,43,1.2011
6Z1C_7EY,44,1.3586
6Z1C_7EY,45,2.3544
6Z1C_7EY,46,2.2561
6Z1C_7EY,47,1.1014
6Z1C_7EY,48,1.1929
6Z1C_7EY,49,2.2919
6Z1C_7EY,5,1.3817
6Z1C_7EY,50,1.3906
6Z1C_7EY,51,2.4267
6Z1C_7EY,52,0.8503
6Z1C_7EY,53,1.0832
6Z1C_7EY,54,0.9587
6Z1C_7EY,55,1.0313
6Z1C_7EY,56,2.7643
6Z1C_7EY,57,1.3124
6Z1C_7EY,58,1.8530
6Z1C_7EY,59,0.7923
6Z1C_7EY,6,2.2149
6Z1C_7EY,60,1.5643
6Z1C_7EY,61,1.0493
6Z1C_7EY,62,0.7016
6Z1C_7EY,63,2.6267
6Z1C_7EY,64,0.8254
6Z1C_7EY,65,2.0401
6Z1C_7EY,66,2.4677
6Z1C_7EY,67,0.6016
6Z1C_7EY,68,2.2553
6Z1C_7EY,69,1.1476
6Z1C_7EY,7,0.9389
6Z1C_7EY,70,0.9689
6Z1C_7EY,71,0.6315
6Z1C_7EY,72,2.6074
6Z1C_7EY,73,0.9214
6Z1C_7EY,74,4.6210
6Z1C_7EY,75,1.3137
6Z1C_7EY,76,6.6497
6Z1C_7EY,77,5.6295
6Z1C_7EY,78,2.6260
6Z1C_7EY,79,0.5907
6Z1C_7EY,8,0.7468
6Z1C_7EY,80,6.0770
6Z1C_7EY,81,2.5037
6Z1C_7EY,82,1.1818
6Z1C_7EY,83,1.8225
6Z1C_7EY,84,1.1998
6Z1C_7EY,85,0.8680
6Z1C_7EY,86,0.6098
6Z1C_7EY,87,1.3897
6Z1C_7EY,88,1.2615
6Z1C_7EY,89,2.2426
6Z1C_7EY,9,0.8385
6Z1C_7EY,90,0.6246
6Z1C_7EY,91,2.3712
6Z1C_7EY,92,1.2861
6Z1C_7EY,93,0.9602
6Z1C_7EY,94,1.1240
6Z1C_7EY,95,2.2726
6Z1C_7EY,96,5.0266
6Z1C_7EY,97,0.9233
6Z1C_7EY,98,4.2864
6Z1C_7EY,99,1.0352
6Z2C_Q5E,0,2.4906
6Z2C_Q5E,1,1.9348
6Z2C_Q5E,10,1.4164
6Z2C_Q5E,100,3.4263
6Z2C_Q5E,101,2.6352
6Z2C_Q5E,102,2.8666
6Z2C_Q5E,103,2.5934
6Z2C_Q5E,104,2.3037
6Z2C_Q5E,105,2.0343
6Z2C_Q5E,106,1.3653
6Z2C_Q5E,107,2.6789
6Z2C_Q5E,108,2.9387
6Z2C_Q5E,109,2.6065
6Z2C_Q5E,11,1.0451
6Z2C_Q5E,110,3.0225
6Z2C_Q5E,111,3.5528
6Z2C_Q5E,112,2.9039
6Z2C_Q5E,113,2.6549
6Z2C_Q5E,114,1.2286
6Z2C_Q5E,115,2.0151
6Z2C_Q5E,116,3.1069
6Z2C_Q5E,117,2.7586
6Z2C_Q5E,118,1.0671
6Z2C_Q5E,119,3.2547
6Z2C_Q5E,12,2.3853
6Z2C_Q5E,120,2.1503
6Z2C_Q5E,121,1.4584
6Z2C_Q5E,122,3.3046
6Z2C_Q5E,123,2.4339
6Z2C_Q5E,124,3.1370
6Z2C_Q5E,125,2.4369
6Z2C_Q5E,126,1.9970
6Z2C_Q5E,127,2.6788
6Z2C_Q5E,128,1.5673
6Z2C_Q5E,129,2.3289
6Z2C_Q5E,13,1.3799
6Z2C_Q5E,130,3.2122
6Z2C_Q5E,131,3.3910
6Z2C_Q5E,132,1.5629
6Z2C_Q5E,133,3.5510
6Z2C_Q5E,134,0.8091
6Z2C_Q5E,135,2.8393
6Z2C_Q5E,136,2.7104
6Z2C_Q5E,137,2.7049
6Z2C_Q5E,138,2.8544
6Z2C_Q5E,139,1.8061
6Z2C_Q5E,14,1.5392
6Z2C_Q5E,15,2.2847
6Z2C_Q5E,16,2.9207
6Z2C_Q5E,17,3.3367
6Z2C_Q5E,18,2.3159
6Z2C_Q5E,19,2.3795
6Z2C_Q5E,2,1.2885
6Z2C_Q5E,20,3.1078
6Z2C_Q5E,21,1.5392
6Z2C_Q5E,22,1.5811
6Z2C_Q5E,23,2.6941
6Z2C_Q5E,24,3.1615
6Z2C_Q5E,25,1.6465
6Z2C_Q5E,26,2.5222
6Z2C_Q5E,27,4.5857
6Z2C_Q5E,28,2.6347
6Z2C_Q5E,29,3.0574
6Z2C_Q5E,3,3.8005
6Z2C_Q5E,30,1.8779
6Z2C_Q5E,31,2.4725
6Z2C_Q5E,32,2.5237
6Z2C_Q5E,33,2.8699
6Z2C_Q5E,34,2.7061
6Z2C_Q5E,35,2.5784
6Z2C_Q5E,36,1.1745
6Z2C_Q5E,37,3.1418
6Z2C_Q5E,38,2.2316
6Z2C_Q5E,39,2.9230
6Z2C_Q5E,4,3.2000
6Z2C_Q5E,40,2.3381
6Z2C_Q5E,41,1.7534
6Z2C_Q5E,42,2.6462
6Z2C_Q5E,43,3.5467
6Z2C_Q5E,44,3.1618
6Z2C_Q5E,45,2.5978
6Z2C_Q5E,46,2.3605
6Z2C_Q5E,47,2.6373
6Z2C_Q5E,48,3.2698
6Z2C_Q5E,49,1.9212
6Z2C_Q5E,5,2.4009
6Z2C_Q5E,50,3.1142
6Z2C_Q5E,51,3.2059
6Z2C_Q5E,52,2.2225
6Z2C_Q5E,53,1.6895
6Z2C_Q5E,54,3.2450
6Z2C_Q5E,55,2.4046
6Z2C_Q5E,56,2.8803
6Z2C_Q5E,57,3.4020
6Z2C_Q5E,58,2.4428
6Z2C_Q5E,59,2.5279
6Z2C_Q5E,6,1.0855
6Z2C_Q5E,60,2.1866
6Z2C_Q5E,61,2.1274
6Z2C_Q5E,62,2.8377
6Z2C_Q5E,63,2.6671
6Z2C_Q5E,64,3.2199
6Z2C_Q5E,65,1.7764
6Z2C_Q5E,66,2.3008
6Z2C_Q5E,67,2.5151
6Z2C_Q5E,68,1.3351
6Z2C_Q5E,69,1.9227
6Z2C_Q5E,7,3.0157
6Z2C_Q5E,70,2.1401
6Z2C_Q5E,71,2.7347
6Z2C_Q5E,72,2.1222
6Z2C_Q5E,73,2.5364
6Z2C_Q5E,74,2.8789
6Z2C_Q5E,75,2.4476
6Z2C_Q5E,76,2.3235
6Z2C_Q5E,77,2.3275
6Z2C_Q5E,78,3.5360
6Z2C_Q5E,79,3.4093
6Z2C_Q5E,8,3.1086
6Z2C_Q5E,80,2.4805
6Z2C_Q5E,81,2.4770
6Z2C_Q5E,82,2.6453
6Z2C_Q5E,83,2.5494
6Z2C_Q5E,84,3.0358
6Z2C_Q5E,85,2.8502
6Z2C_Q5E,86,2.9681
6Z2C_Q5E,87,3.0284
6Z2C_Q5E,88,2.7514
6Z2C_Q5E,89,2.2360
6Z2C_Q5E,9,2.4553
6Z2C_Q5E,90,2.9859
6Z2C_Q5E,91,3.2659
6Z2C_Q5E,92,1.8841
6Z2C_Q5E,93,1.1270
6Z2C_Q5E,94,2.3039
6Z2C_Q5E,95,2.6684
6Z2C_Q5E,96,1.7868
6Z2C_Q5E,97,1.6113
6Z2C_Q5E,98,2.3475
6Z2C_Q5E,99,3.5535
6Z4N_Q7B,0,4.0961
6Z4N_Q7B,1,5.8941
6Z4N_Q7B,10,4.3076
6Z4N_Q7B,100,4.4377
6Z4N_Q7B,101,3.7492
6Z4N_Q7B,102,4.0951
6Z4N_Q7B,103,4.7688
6Z4N_Q7B,104,2.8310
6Z4N_Q7B,105,4.3446
6Z4N_Q7B,106,4.0994
6Z4N_Q7B,107,4.4570
6Z4N_Q7B,108,4.6072
6Z4N_Q7B,109,4.0987
6Z4N_Q7B,11,4.3277
6Z4N_Q7B,110,4.2288
6Z4N_Q7B,111,4.7963
6Z4N_Q7B,112,4.8341
6Z4N_Q7B,113,5.0054
6Z4N_Q7B,114,4.9840
6Z4N_Q7B,115,4.6360
6Z4N_Q7B,116,4.6196
6Z4N_Q7B,117,4.7496
6Z4N_Q7B,118,4.1128
6Z4N_Q7B,119,4.4113
6Z4N_Q7B,12,4.7308
6Z4N_Q7B,120,3.5756
6Z4N_Q7B,121,4.5418
6Z4N_Q7B,122,3.8686
6Z4N_Q7B,123,4.5890
6Z4N_Q7B,124,1.8834
6Z4N_Q7B,125,1.5573
6Z4N_Q7B,126,2.5333
6Z4N_Q7B,127,5.6945
6Z4N_Q7B,128,4.3622
6Z4N_Q7B,129,4.9574
6Z4N_Q7B,13,4.1049
6Z4N_Q7B,130,4.0454
6Z4N_Q7B,131,3.4165
6Z4N_Q7B,132,4.2692
6Z4N_Q7B,133,4.9592
6Z4N_Q7B,134,4.6323
6Z4N_Q7B,135,4.4362
6Z4N_Q7B,136,4.7048
6Z4N_Q7B,137,4.3386
6Z4N_Q7B,138,1.6754
6Z4N_Q7B,139,4.8556
6Z4N_Q7B,14,4.6125
6Z4N_Q7B,15,1.4692
6Z4N_Q7B,16,1.4727
6Z4N_Q7B,17,4.5908
6Z4N_Q7B,18,4.8757
6Z4N_Q7B,19,4.3296
6Z4N_Q7B,2,4.6776
6Z4N_Q7B,20,4.4808
6Z4N_Q7B,21,3.2515
6Z4N_Q7B,22,2.4025
6Z4N_Q7B,23,4.6947
6Z4N_Q7B,24,3.9572
6Z4N_Q7B,25,4.0883
6Z4N_Q7B,26,4.0621
6Z4N_Q7B,27,4.5678
6Z4N_Q7B,28,3.6703
6Z4N_Q7B,29,4.0748
6Z4N_Q7B,3,4.2176
6Z4N_Q7B,30,4.0221
6Z4N_Q7B,31,4.1351
6Z4N_Q7B,32,4.6532
6Z4N_Q7B,33,4.8466
6Z4N_Q7B,34,4.5772
6Z4N_Q7B,35,4.6309
6Z4N_Q7B,36,4.9312
6Z4N_Q7B,37,4.5312
6Z4N_Q7B,38,3.7731
6Z4N_Q7B,39,1.5020
6Z4N_Q7B,4,4.1815
6Z4N_Q7B,40,4.0972
6Z4N_Q7B,41,4.7015
6Z4N_Q7B,42,4.3514
6Z4N_Q7B,43,2.8667
6Z4N_Q7B,44,4.9617
6Z4N_Q7B,45,4.2915
6Z4N_Q7B,46,5.1021
6Z4N_Q7B,47,4.3354
6Z4N_Q7B,48,3.8512
6Z4N_Q7B,49,4.1687
6Z4N_Q7B,5,4.5822
6Z4N_Q7B,50,1.3708
6Z4N_Q7B,51,4.1307
6Z4N_Q7B,52,4.2159
6Z4N_Q7B,53,5.1808
6Z4N_Q7B,54,4.1289
6Z4N_Q7B,55,3.6087
6Z4N_Q7B,56,4.7887
6Z4N_Q7B,57,3.8492
6Z4N_Q7B,58,4.6500
6Z4N_Q7B,59,4.7223
6Z4N_Q7B,6,5.1154
6Z4N_Q7B,60,4.0791
6Z4N_Q7B,61,4.1694
6Z4N_Q7B,62,4.2948
6Z4N_Q7B,63,3.9566
6Z4N_Q7B,64,3.8678
6Z4N_Q7B,65,4.5118
6Z4N_Q7B,66,4.5021
6Z4N_Q7B,67,4.4347
6Z4N_Q7B,68,4.6448
6Z4N_Q7B,69,4.6971
6Z4N_Q7B,7,3.9335
6Z4N_Q7B,70,2.0939
6Z4N_Q7B,71,5.4386
6Z4N_Q7B,72,4.8365
6Z4N_Q7B,73,3.6094
6Z4N_Q7B,74,4.0298
6Z4N_Q7B,75,4.5599
6Z4N_Q7B,76,1.5320
6Z4N_Q7B,77,2.0094
6Z4N_Q7B,78,4.4021
6Z4N_Q7B,79,3.4647
6Z4N_Q7B,8,5.0432
6Z4N_Q7B,80,2.2921
6Z4N_Q7B,81,4.3648
6Z4N_Q7B,82,5.2914
6Z4N_Q7B,83,4.3654
6Z4N_Q7B,84,2.5995
6Z4N_Q7B,85,3.9714
6Z4N_Q7B,86,4.4769
6Z4N_Q7B,87,4.1866
6Z4N_Q7B,88,4.1036
6Z4N_Q7B,89,4.8570
6Z4N_Q7B,9,4.4979
6Z4N_Q7B,90,1.4435
6Z4N_Q7B,91,1.6371
6Z4N_Q7B,92,5.1872
6Z4N_Q7B,93,4.5336
6Z4N_Q7B,94,4.2119
6Z4N_Q7B,95,4.3988
6Z4N_Q7B,96,1.7861
6Z4N_Q7B,97,4.5452
6Z4N_Q7B,98,3.3435
6Z4N_Q7B,99,2.9430
6ZAE_ACV,0,2.5544
6ZAE_ACV,1,2.8615
6ZAE_ACV,10,1.9421
6ZAE_ACV,100,2.9848
6ZAE_ACV,101,8.5700
6ZAE_ACV,102,8.4200
6ZAE_ACV,103,1.8999
6ZAE_ACV,104,8.5853
6ZAE_ACV,105,8.7707
6ZAE_ACV,106,2.7501
6ZAE_ACV,107,1.6831
6ZAE_ACV,108,3.0155
6ZAE_ACV,109,2.9834
6ZAE_ACV,11,2.4790
6ZAE_ACV,110,2.9130
6ZAE_ACV,111,7.5210
6ZAE_ACV,112,2.0137
6ZAE_ACV,113,3.0261
6ZAE_ACV,114,2.5767
6ZAE_ACV,115,2.1408
6ZAE_ACV,116,2.2287
6ZAE_ACV,117,2.6496
6ZAE_ACV,118,2.1648
6ZAE_ACV,119,2.8600
6ZAE_ACV,12,2.3640
6ZAE_ACV,120,8.3159
6ZAE_ACV,121,1.6224
6ZAE_ACV,122,8.5971
6ZAE_ACV,123,2.1309
6ZAE_ACV,124,8.5638
6ZAE_ACV,125,2.4884
6ZAE_ACV,126,9.1961
6ZAE_ACV,127,8.6027
6ZAE_ACV,128,2.2181
6ZAE_ACV,129,9.1424
6ZAE_ACV,13,8.5906
6ZAE_ACV,130,8.3806
6ZAE_ACV,131,8.9029
6ZAE_ACV,132,2.8166
6ZAE_ACV,133,8.8295
6ZAE_ACV,134,2.0083
6ZAE_ACV,135,8.6337
6ZAE_ACV,136,2.9536
6ZAE_ACV,137,3.0093
6ZAE_ACV,138,1.9103
6ZAE_ACV,139,1.8636
6ZAE_ACV,14,2.2576
6ZAE_ACV,15,8.6186
6ZAE_ACV,16,3.1451
6ZAE_ACV,17,8.8400
6ZAE_ACV,18,2.1725
6ZAE_ACV,19,8.7414
6ZAE_ACV,2,2.2802
6ZAE_ACV,20,8.1856
6ZAE_ACV,21,1.8333
6ZAE_ACV,22,2.2759
6ZAE_ACV,23,8.8011
6ZAE_ACV,24,2.7698
6ZAE_ACV,25,8.7087
6ZAE_ACV,26,8.7702
6ZAE_ACV,27,8.6541
6ZAE_ACV,28,8.6110
6ZAE_ACV,29,2.2645
6ZAE_ACV,3,3.0059
6ZAE_ACV,30,2.4627
6ZAE_ACV,31,8.4148
6ZAE_ACV,32,8.8143
6ZAE_ACV,33,9.0800
6ZAE_ACV,34,2.2442
6ZAE_ACV,35,8.2265
6ZAE_ACV,36,3.0876
6ZAE_ACV,37,2.4437
6ZAE_ACV,38,3.0860
6ZAE_ACV,39,7.8036
6ZAE_ACV,4,1.9180
6ZAE_ACV,40,8.9883
6ZAE_ACV,41,2.8692
6ZAE_ACV,42,8.6773
6ZAE_ACV,43,2.7061
6ZAE_ACV,44,8.5806
6ZAE_ACV,45,8.5826
6ZAE_ACV,46,2.6111
6ZAE_ACV,47,2.6890
6ZAE_ACV,48,2.4010
6ZAE_ACV,49,1.6042
6ZAE_ACV,5,8.6525
6ZAE_ACV,50,2.6753
6ZAE_ACV,51,8.4250
6ZAE_ACV,52,2.8677
6ZAE_ACV,53,9.2000
6ZAE_ACV,54,8.5179
6ZAE_ACV,55,2.9105
6ZAE_ACV,56,2.5323
6ZAE_ACV,57,2.1629
6ZAE_ACV,58,2.6796
6ZAE_ACV,59,8.6691
6ZAE_ACV,6,8.9749
6ZAE_ACV,60,8.6782
6ZAE_ACV,61,2.6450
6ZAE_ACV,62,2.0573
6ZAE_ACV,63,7.9583
6ZAE_ACV,64,9.0063
6ZAE_ACV,65,2.1884
6ZAE_ACV,66,2.6523
6ZAE_ACV,67,1.8152
6ZAE_ACV,68,2.1006
6ZAE_ACV,69,2.5767
6ZAE_ACV,7,8.6677
6ZAE_ACV,70,8.6914
6ZAE_ACV,71,2.0567
6ZAE_ACV,72,7.7751
6ZAE_ACV,73,9.0110
6ZAE_ACV,74,8.9635
6ZAE_ACV,75,2.5017
6ZAE_ACV,76,2.4714
6ZAE_ACV,77,2.1390
6ZAE_ACV,78,2.1871
6ZAE_ACV,79,2.3436
6ZAE_ACV,8,2.7144
6ZAE_ACV,80,8.5396
6ZAE_ACV,81,8.3755
6ZAE_ACV,82,2.6099
6ZAE_ACV,83,2.1233
6ZAE_ACV,84,2.9127
6ZAE_ACV,85,2.9278
6ZAE_ACV,86,2.6650
6ZAE_ACV,87,4.4880
6ZAE_ACV,88,2.5259
6ZAE_ACV,89,2.6906
6ZAE_ACV,9,2.1994
6ZAE_ACV,90,8.9117
6ZAE_ACV,91,8.4619
6ZAE_ACV,92,8.6063
6ZAE_ACV,93,1.7312
6ZAE_ACV,94,8.6081
6ZAE_ACV,95,8.9855
6ZAE_ACV,96,8.7890
6ZAE_ACV,97,2.7137
6ZAE_ACV,98,2.7473
6ZAE_ACV,99,8.8169
6ZC3_JOR,0,0.7569
6ZC3_JOR,1,4.3138
6ZC3_JOR,10,2.4687
6ZC3_JOR,100,3.9141
6ZC3_JOR,101,1.7462
6ZC3_JOR,102,3.3216
6ZC3_JOR,103,3.1805
6ZC3_JOR,104,3.8032
6ZC3_JOR,105,4.1646
6ZC3_JOR,106,4.1033
6ZC3_JOR,107,4.3944
6ZC3_JOR,108,2.1256
6ZC3_JOR,109,4.3755
6ZC3_JOR,11,3.6651
6ZC3_JOR,110,3.5344
6ZC3_JOR,111,2.4496
6ZC3_JOR,112,3.2775
6ZC3_JOR,113,1.2693
6ZC3_JOR,114,4.3240
6ZC3_JOR,115,4.3632
6ZC3_JOR,116,4.5096
6ZC3_JOR,117,3.7315
6ZC3_JOR,118,1.6452
6ZC3_JOR,119,4.5473
6ZC3_JOR,12,2.0343
6ZC3_JOR,120,2.2844
6ZC3_JOR,121,4.4973
6ZC3_JOR,122,4.4363
6ZC3_JOR,123,0.8732
6ZC3_JOR,124,4.0104
6ZC3_JOR,125,2.0642
6ZC3_JOR,126,4.3176
6ZC3_JOR,127,2.1514
6ZC3_JOR,128,4.5018
6ZC3_JOR,129,1.1067
6ZC3_JOR,13,3.7562
6ZC3_JOR,130,1.7684
6ZC3_JOR,131,4.1631
6ZC3_JOR,132,1.4076
6ZC3_JOR,133,1.8280
6ZC3_JOR,134,1.0345
6ZC3_JOR,135,3.9311
6ZC3_JOR,136,3.9197
6ZC3_JOR,137,3.4792
6ZC3_JOR,138,1.1449
6ZC3_JOR,139,1.0778
6ZC3_JOR,14,2.8707
6ZC3_JOR,15,3.6620
6ZC3_JOR,16,4.5722
6ZC3_JOR,17,1.2146
6ZC3_JOR,18,2.8886
6ZC3_JOR,19,4.3352
6ZC3_JOR,2,1.8126
6ZC3_JOR,20,3.0136
6ZC3_JOR,21,1.3404
6ZC3_JOR,22,1.4839
6ZC3_JOR,23,4.3364
6ZC3_JOR,24,2.9445
6ZC3_JOR,25,1.3558
6ZC3_JOR,26,1.5292
6ZC3_JOR,27,4.2017
6ZC3_JOR,28,2.4350
6ZC3_JOR,29,4.1840
6ZC3_JOR,3,1.7890
6ZC3_JOR,30,2.3539
6ZC3_JOR,31,4.3036
6ZC3_JOR,32,1.8072
6ZC3_JOR,33,3.2432
6ZC3_JOR,34,3.1407
6ZC3_JOR,35,3.6211
6ZC3_JOR,36,4.1999
6ZC3_JOR,37,1.5361
6ZC3_JOR,38,1.5722
6ZC3_JOR,39,1.5048
6ZC3_JOR,4,4.4119
6ZC3_JOR,40,4.9753
6ZC3_JOR,41,4.4024
6ZC3_JOR,42,1.0406
6ZC3_JOR,43,4.5470
6ZC3_JOR,44,3.7855
6ZC3_JOR,45,4.7059
6ZC3_JOR,46,2.5805
6ZC3_JOR,47,4.2932
6ZC3_JOR,48,2.7845
6ZC3_JOR,49,4.3668
6ZC3_JOR,5,2.1444
6ZC3_JOR,50,4.2285
6ZC3_JOR,51,1.9083
6ZC3_JOR,52,3.2065
6ZC3_JOR,53,4.3738
6ZC3_JOR,54,1.5427
6ZC3_JOR,55,4.4620
6ZC3_JOR,56,2.0182
6ZC3_JOR,57,3.3765
6ZC3_JOR,58,4.2949
6ZC3_JOR,59,4.4124
6ZC3_JOR,6,3.6482
6ZC3_JOR,60,1.6420
6ZC3_JOR,61,1.1307
6ZC3_JOR,62,4.5058
6ZC3_JOR,63,4.4248
6ZC3_JOR,64,4.3358
6ZC3_JOR,65,2.0495
6ZC3_JOR,66,3.2439
6ZC3_JOR,67,1.8851
6ZC3_JOR,68,4.2397
6ZC3_JOR,69,4.3294
6ZC3_JOR,7,1.4403
6ZC3_JOR,70,3.6210
6ZC3_JOR,70,0.7855
6ZC3_JOR,71,3.5703
6ZC3_JOR,72,0.9397
6ZC3_JOR,73,3.4654
6ZC3_JOR,74,2.2907
6ZC3_JOR,75,3.9233
6ZC3_JOR,76,3.7554
6ZC3_JOR,77,4.2771
6ZC3_JOR,78,4.4353
6ZC3_JOR,79,1.5549
6ZC3_JOR,8,0.9945
6ZC3_JOR,80,5.4570
6ZC3_JOR,81,2.5840
6ZC3_JOR,82,2.8828
6ZC3_JOR,83,4.4138
6ZC3_JOR,84,2.5777
6ZC3_JOR,85,1.2667
6ZC3_JOR,86,3.4044
6ZC3_JOR,87,1.3799
6ZC3_JOR,88,4.3412
6ZC3_JOR,89,4.6052
6ZC3_JOR,9,3.0319
6ZC3_JOR,90,1.7076
6ZC3_JOR,91,3.2826
6ZC3_JOR,92,2.5333
6ZC3_JOR,93,4.0558
6ZC3_JOR,94,4.2654
6ZC3_JOR,95,4.2661
6ZC3_JOR,96,4.4662
6ZC3_JOR,97,3.9027
6ZC3_JOR,98,4.5765
6ZC3_JOR,99,1.4834
6ZCY_QF8,0,1.3955
6ZCY_QF8,1,1.4035
6ZCY_QF8,10,1.2735
6ZCY_QF8,100,2.5969
6ZCY_QF8,101,0.9169
6ZCY_QF8,102,1.4658
6ZCY_QF8,103,0.9242
6ZCY_QF8,104,2.1382
6ZCY_QF8,105,1.4536
6ZCY_QF8,106,0.9077
6ZCY_QF8,107,3.2139
6ZCY_QF8,108,2.7825
6ZCY_QF8,109,7.5865
6ZCY_QF8,11,6.7278
6ZCY_QF8,110,1.6981
6ZCY_QF8,111,3.9348
6ZCY_QF8,112,2.7733
6ZCY_QF8,113,1.8546
6ZCY_QF8,114,1.0271
6ZCY_QF8,115,1.6704
6ZCY_QF8,116,5.4843
6ZCY_QF8,117,0.8102
6ZCY_QF8,118,0.8929
6ZCY_QF8,119,1.9927
6ZCY_QF8,12,1.2239
6ZCY_QF8,120,0.8073
6ZCY_QF8,121,1.4070
6ZCY_QF8,122,1.1207
6ZCY_QF8,123,0.8668
6ZCY_QF8,124,5.7664
6ZCY_QF8,125,3.6287
6ZCY_QF8,126,2.8037
6ZCY_QF8,127,1.2340
6ZCY_QF8,128,2.0251
6ZCY_QF8,129,1.1163
6ZCY_QF8,13,1.8242
6ZCY_QF8,130,1.2858
6ZCY_QF8,131,0.5419
6ZCY_QF8,132,2.2966
6ZCY_QF8,133,1.3299
6ZCY_QF8,134,1.6135
6ZCY_QF8,135,1.0526
6ZCY_QF8,136,2.2856
6ZCY_QF8,137,0.9886
6ZCY_QF8,138,0.5197
6ZCY_QF8,139,0.8009
6ZCY_QF8,14,0.5248
6ZCY_QF8,15,0.9213
6ZCY_QF8,16,1.0806
6ZCY_QF8,17,2.0938
6ZCY_QF8,18,2.8133
6ZCY_QF8,19,2.6390
6ZCY_QF8,2,0.6368
6ZCY_QF8,20,0.8143
6ZCY_QF8,21,0.4822
6ZCY_QF8,22,1.0281
6ZCY_QF8,23,0.9053
6ZCY_QF8,24,0.6746
6ZCY_QF8,25,1.0815
6ZCY_QF8,26,1.1808
6ZCY_QF8,27,1.0948
6ZCY_QF8,28,1.5973
6ZCY_QF8,29,1.6979
6ZCY_QF8,3,0.9428
6ZCY_QF8,30,1.1545
6ZCY_QF8,31,0.8820
6ZCY_QF8,32,2.1754
6ZCY_QF8,33,0.5670
6ZCY_QF8,34,1.3860
6ZCY_QF8,35,2.7715
6ZCY_QF8,36,1.8131
6ZCY_QF8,37,7.6319
6ZCY_QF8,38,1.2310
6ZCY_QF8,39,2.6224
6ZCY_QF8,4,1.2910
6ZCY_QF8,40,1.4697
6ZCY_QF8,41,0.8574
6ZCY_QF8,42,0.9097
6ZCY_QF8,43,1.6734
6ZCY_QF8,44,2.3405
6ZCY_QF8,45,2.2590
6ZCY_QF8,46,2.8384
6ZCY_QF8,47,6.1409
6ZCY_QF8,48,1.4592
6ZCY_QF8,49,1.2437
6ZCY_QF8,5,1.7928
6ZCY_QF8,50,0.9508
6ZCY_QF8,51,1.6863
6ZCY_QF8,52,0.8270
6ZCY_QF8,53,1.5825
6ZCY_QF8,54,1.8409
6ZCY_QF8,55,6.1311
6ZCY_QF8,56,2.9847
6ZCY_QF8,57,1.3698
6ZCY_QF8,58,0.5180
6ZCY_QF8,59,1.6320
6ZCY_QF8,6,0.8695
6ZCY_QF8,60,0.9110
6ZCY_QF8,61,1.3383
6ZCY_QF8,62,1.6373
6ZCY_QF8,63,3.0506
6ZCY_QF8,64,2.7624
6ZCY_QF8,65,0.5951
6ZCY_QF8,66,0.4516
6ZCY_QF8,67,5.7982
6ZCY_QF8,68,0.7400
6ZCY_QF8,69,0.7944
6ZCY_QF8,7,0.6345
6ZCY_QF8,70,0.9738
6ZCY_QF8,71,0.5867
6ZCY_QF8,72,7.4698
6ZCY_QF8,73,0.3040
6ZCY_QF8,74,3.5729
6ZCY_QF8,75,0.9359
6ZCY_QF8,76,1.2785
6ZCY_QF8,77,6.3355
6ZCY_QF8,78,2.4776
6ZCY_QF8,79,2.6690
6ZCY_QF8,8,1.5062
6ZCY_QF8,80,2.7394
6ZCY_QF8,81,1.1287
6ZCY_QF8,82,1.4220
6ZCY_QF8,83,2.3994
6ZCY_QF8,84,0.7005
6ZCY_QF8,85,1.1483
6ZCY_QF8,86,0.9783
6ZCY_QF8,87,1.8897
6ZCY_QF8,88,0.9209
6ZCY_QF8,89,1.7187
6ZCY_QF8,9,0.8307
6ZCY_QF8,90,1.2063
6ZCY_QF8,91,0.5005
6ZCY_QF8,92,1.1087
6ZCY_QF8,93,1.2269
6ZCY_QF8,94,1.7106
6ZCY_QF8,95,1.0083
6ZCY_QF8,96,2.8448
6ZCY_QF8,97,1.4789
6ZCY_QF8,98,2.3726
6ZCY_QF8,99,1.2864
6ZK5_IMH,0,2.8432
6ZK5_IMH,1,1.9627
6ZK5_IMH,10,2.3017
6ZK5_IMH,100,5.5168
6ZK5_IMH,101,1.6702
6ZK5_IMH,102,2.8435
6ZK5_IMH,103,1.9986
6ZK5_IMH,104,3.2303
6ZK5_IMH,105,2.1554
6ZK5_IMH,106,2.0233
6ZK5_IMH,107,2.0111
6ZK5_IMH,108,1.9608
6ZK5_IMH,109,3.0512
6ZK5_IMH,11,2.6732
6ZK5_IMH,110,1.1665
6ZK5_IMH,111,1.4275
6ZK5_IMH,112,0.8928
6ZK5_IMH,113,2.1229
6ZK5_IMH,114,2.9470
6ZK5_IMH,115,2.0080
6ZK5_IMH,116,0.8479
6ZK5_IMH,117,2.2793
6ZK5_IMH,118,1.3380
6ZK5_IMH,119,2.0426
6ZK5_IMH,12,2.2927
6ZK5_IMH,120,1.1835
6ZK5_IMH,121,1.6695
6ZK5_IMH,122,0.8557
6ZK5_IMH,123,0.8900
6ZK5_IMH,124,1.0066
6ZK5_IMH,125,2.1080
6ZK5_IMH,126,1.0175
6ZK5_IMH,127,5.6614
6ZK5_IMH,128,2.0088
6ZK5_IMH,129,2.0486
6ZK5_IMH,13,0.6782
6ZK5_IMH,130,2.1753
6ZK5_IMH,131,2.4126
6ZK5_IMH,132,2.4835
6ZK5_IMH,133,2.5178
6ZK5_IMH,134,2.9913
6ZK5_IMH,135,1.2541
6ZK5_IMH,136,2.5056
6ZK5_IMH,137,2.9816
6ZK5_IMH,138,2.2411
6ZK5_IMH,139,1.9458
6ZK5_IMH,14,2.3944
6ZK5_IMH,15,1.0414
6ZK5_IMH,16,2.2410
6ZK5_IMH,17,2.1650
6ZK5_IMH,18,2.9707
6ZK5_IMH,19,2.9479
6ZK5_IMH,2,1.4625
6ZK5_IMH,20,1.8320
6ZK5_IMH,21,1.0816
6ZK5_IMH,22,1.9365
6ZK5_IMH,23,1.3855
6ZK5_IMH,24,1.0888
6ZK5_IMH,25,0.8513
6ZK5_IMH,26,1.8715
6ZK5_IMH,27,1.2060
6ZK5_IMH,28,0.7662
6ZK5_IMH,29,1.9905
6ZK5_IMH,3,2.6567
6ZK5_IMH,30,2.8253
6ZK5_IMH,31,0.9510
6ZK5_IMH,32,1.2113
6ZK5_IMH,33,2.4993
6ZK5_IMH,34,2.7310
6ZK5_IMH,35,1.7731
6ZK5_IMH,36,2.1161
6ZK5_IMH,37,2.7802
6ZK5_IMH,38,2.5013
6ZK5_IMH,39,2.0658
6ZK5_IMH,4,1.9866
6ZK5_IMH,40,1.6915
6ZK5_IMH,41,5.7278
6ZK5_IMH,42,0.7983
6ZK5_IMH,43,1.9784
6ZK5_IMH,44,2.2651
6ZK5_IMH,45,1.5785
6ZK5_IMH,46,0.8601
6ZK5_IMH,47,2.0160
6ZK5_IMH,48,2.3898
6ZK5_IMH,49,3.0564
6ZK5_IMH,5,2.1779
6ZK5_IMH,50,1.1464
6ZK5_IMH,51,2.0502
6ZK5_IMH,52,2.0573
6ZK5_IMH,53,1.5265
6ZK5_IMH,54,1.5100
6ZK5_IMH,55,2.1320
6ZK5_IMH,56,2.2776
6ZK5_IMH,57,2.2200
6ZK5_IMH,58,2.8705
6ZK5_IMH,59,0.8631
6ZK5_IMH,6,1.3227
6ZK5_IMH,60,2.1347
6ZK5_IMH,61,1.9336
6ZK5_IMH,62,2.9822
6ZK5_IMH,63,1.2026
6ZK5_IMH,64,1.3077
6ZK5_IMH,65,2.2726
6ZK5_IMH,66,1.0498
6ZK5_IMH,67,2.0644
6ZK5_IMH,68,1.9550
6ZK5_IMH,69,0.8905
6ZK5_IMH,7,1.0876
6ZK5_IMH,70,1.9996
6ZK5_IMH,71,2.2013
6ZK5_IMH,72,3.1663
6ZK5_IMH,73,2.3592
6ZK5_IMH,74,0.7184
6ZK5_IMH,75,2.2073
6ZK5_IMH,76,1.0040
6ZK5_IMH,77,1.1606
6ZK5_IMH,78,1.1667
6ZK5_IMH,79,0.8266
6ZK5_IMH,8,2.2223
6ZK5_IMH,80,0.8535
6ZK5_IMH,81,2.3879
6ZK5_IMH,82,0.7218
6ZK5_IMH,83,5.5202
6ZK5_IMH,84,2.0766
6ZK5_IMH,85,2.1059
6ZK5_IMH,86,2.5013
6ZK5_IMH,87,1.9112
6ZK5_IMH,88,2.0790
6ZK5_IMH,89,2.6794
6ZK5_IMH,9,2.0695
6ZK5_IMH,90,1.2212
6ZK5_IMH,91,1.6938
6ZK5_IMH,92,0.9335
6ZK5_IMH,93,1.5703
6ZK5_IMH,94,2.1765
6ZK5_IMH,95,1.3546
6ZK5_IMH,96,2.6232
6ZK5_IMH,97,2.3381
6ZK5_IMH,98,2.7050
6ZK5_IMH,99,2.2656
6ZPB_3D1,0,1.5734
6ZPB_3D1,1,2.4008
6ZPB_3D1,10,1.4770
6ZPB_3D1,100,1.4792
6ZPB_3D1,101,1.4271
6ZPB_3D1,102,1.0525
6ZPB_3D1,103,2.1980
6ZPB_3D1,104,2.6419
6ZPB_3D1,105,1.8388
6ZPB_3D1,106,2.3050
6ZPB_3D1,107,0.6640
6ZPB_3D1,108,2.1630
6ZPB_3D1,109,1.5298
6ZPB_3D1,11,1.4143
6ZPB_3D1,110,2.0347
6ZPB_3D1,111,2.2817
6ZPB_3D1,112,2.2412
6ZPB_3D1,113,0.8229
6ZPB_3D1,114,2.1482
6ZPB_3D1,115,0.9203
6ZPB_3D1,116,2.6625
6ZPB_3D1,117,2.3352
6ZPB_3D1,118,1.1740
6ZPB_3D1,119,2.3164
6ZPB_3D1,12,0.8373
6ZPB_3D1,120,1.3857
6ZPB_3D1,121,0.4887
6ZPB_3D1,122,1.2064
6ZPB_3D1,123,0.8210
6ZPB_3D1,124,1.2368
6ZPB_3D1,125,1.2993
6ZPB_3D1,126,2.2253
6ZPB_3D1,127,1.0434
6ZPB_3D1,128,2.2701
6ZPB_3D1,129,2.3034
6ZPB_3D1,13,1.2107
6ZPB_3D1,130,0.8414
6ZPB_3D1,131,2.1077
6ZPB_3D1,132,1.2891
6ZPB_3D1,133,1.3937
6ZPB_3D1,134,2.5049
6ZPB_3D1,135,2.3245
6ZPB_3D1,136,1.1959
6ZPB_3D1,137,2.2984
6ZPB_3D1,138,2.2906
6ZPB_3D1,139,1.4681
6ZPB_3D1,14,1.5208
6ZPB_3D1,15,0.8858
6ZPB_3D1,16,1.2517
6ZPB_3D1,17,1.0370
6ZPB_3D1,18,1.1123
6ZPB_3D1,19,0.6944
6ZPB_3D1,2,1.8234
6ZPB_3D1,20,2.5457
6ZPB_3D1,21,0.7425
6ZPB_3D1,22,2.6004
6ZPB_3D1,23,0.8406
6ZPB_3D1,24,0.6067
6ZPB_3D1,25,0.6451
6ZPB_3D1,26,2.2340
6ZPB_3D1,27,0.7996
6ZPB_3D1,28,1.0635
6ZPB_3D1,29,0.8154
6ZPB_3D1,3,0.9490
6ZPB_3D1,30,2.2954
6ZPB_3D1,31,1.1510
6ZPB_3D1,32,1.2028
6ZPB_3D1,33,1.8543
6ZPB_3D1,34,1.5143
6ZPB_3D1,35,1.1561
6ZPB_3D1,36,0.7270
6ZPB_3D1,37,1.4472
6ZPB_3D1,38,1.4394
6ZPB_3D1,39,2.2605
6ZPB_3D1,4,2.2950
6ZPB_3D1,40,1.9001
6ZPB_3D1,41,2.4937
6ZPB_3D1,42,1.1242
6ZPB_3D1,43,2.3345
6ZPB_3D1,44,0.2001
6ZPB_3D1,45,1.7014
6ZPB_3D1,46,0.9902
6ZPB_3D1,47,0.8790
6ZPB_3D1,48,0.7876
6ZPB_3D1,49,0.8374
6ZPB_3D1,5,0.9346
6ZPB_3D1,50,2.7327
6ZPB_3D1,51,1.8387
6ZPB_3D1,52,1.4523
6ZPB_3D1,53,2.6991
6ZPB_3D1,54,2.4316
6ZPB_3D1,55,2.1891
6ZPB_3D1,56,2.0835
6ZPB_3D1,57,1.1448
6ZPB_3D1,58,1.3099
6ZPB_3D1,59,2.0801
6ZPB_3D1,6,2.2845
6ZPB_3D1,60,0.5229
6ZPB_3D1,61,1.3077
6ZPB_3D1,62,2.0416
6ZPB_3D1,63,2.8104
6ZPB_3D1,63,1.4432
6ZPB_3D1,64,2.2594
6ZPB_3D1,65,1.0566
6ZPB_3D1,66,1.6807
6ZPB_3D1,67,1.1320
6ZPB_3D1,68,2.4288
6ZPB_3D1,69,2.1267
6ZPB_3D1,7,1.5507
6ZPB_3D1,70,2.5022
6ZPB_3D1,71,1.4923
6ZPB_3D1,72,2.1639
6ZPB_3D1,73,0.9797
6ZPB_3D1,74,2.3193
6ZPB_3D1,75,0.9658
6ZPB_3D1,76,2.3875
6ZPB_3D1,77,1.7599
6ZPB_3D1,78,2.4102
6ZPB_3D1,79,2.2415
6ZPB_3D1,8,1.0904
6ZPB_3D1,80,0.6968
6ZPB_3D1,81,1.5556
6ZPB_3D1,82,2.5921
6ZPB_3D1,83,1.6089
6ZPB_3D1,84,2.5205
6ZPB_3D1,85,2.8495
6ZPB_3D1,86,1.5005
6ZPB_3D1,87,1.3223
6ZPB_3D1,88,0.5249
6ZPB_3D1,89,0.9878
6ZPB_3D1,9,0.7212
6ZPB_3D1,90,1.1597
6ZPB_3D1,91,1.5012
6ZPB_3D1,92,1.3519
6ZPB_3D1,93,1.0194
6ZPB_3D1,94,1.2384
6ZPB_3D1,95,1.4955
6ZPB_3D1,96,0.8991
6ZPB_3D1,97,1.6092
6ZPB_3D1,98,1.4753
6ZPB_3D1,99,1.4392
7A1P_QW2,0,4.1404
7A1P_QW2,1,3.6943
7A1P_QW2,10,4.2710
7A1P_QW2,100,4.4306
7A1P_QW2,101,4.3600
7A1P_QW2,102,4.4488
7A1P_QW2,103,4.3098
7A1P_QW2,104,4.2239
7A1P_QW2,105,4.2012
7A1P_QW2,106,4.3476
7A1P_QW2,107,4.3051
7A1P_QW2,108,1.4385
7A1P_QW2,109,1.2239
7A1P_QW2,11,4.3114
7A1P_QW2,110,0.9691
7A1P_QW2,111,5.0934
7A1P_QW2,112,1.0056
7A1P_QW2,113,4.2346
7A1P_QW2,114,1.3995
7A1P_QW2,115,1.0647
7A1P_QW2,116,4.2601
7A1P_QW2,117,4.3303
7A1P_QW2,118,2.3979
7A1P_QW2,119,0.9577
7A1P_QW2,12,1.4432
7A1P_QW2,120,3.8197
7A1P_QW2,121,4.1722
7A1P_QW2,122,4.2753
7A1P_QW2,123,0.8424
7A1P_QW2,124,3.9904
7A1P_QW2,125,4.2267
7A1P_QW2,126,4.3546
7A1P_QW2,127,1.2271
7A1P_QW2,128,1.1990
7A1P_QW2,129,4.1025
7A1P_QW2,13,1.0337
7A1P_QW2,130,4.2378
7A1P_QW2,131,4.2434
7A1P_QW2,132,1.1235
7A1P_QW2,133,4.2621
7A1P_QW2,134,4.2379
7A1P_QW2,135,4.3084
7A1P_QW2,136,1.3155
7A1P_QW2,137,1.3866
7A1P_QW2,138,4.0649
7A1P_QW2,139,1.3457
7A1P_QW2,14,4.2590
7A1P_QW2,15,4.3745
7A1P_QW2,16,1.4312
7A1P_QW2,17,1.0844
7A1P_QW2,18,4.3530
7A1P_QW2,19,4.0564
7A1P_QW2,2,4.1752
7A1P_QW2,20,4.3753
7A1P_QW2,21,1.5274
7A1P_QW2,22,0.9839
7A1P_QW2,23,4.2573
7A1P_QW2,24,4.2723
7A1P_QW2,25,1.0699
7A1P_QW2,26,1.3800
7A1P_QW2,27,1.0781
7A1P_QW2,28,1.0607
7A1P_QW2,29,4.1482
7A1P_QW2,3,4.0402
7A1P_QW2,30,4.4670
7A1P_QW2,31,4.2676
7A1P_QW2,32,4.0938
7A1P_QW2,33,4.8702
7A1P_QW2,34,4.1111
7A1P_QW2,35,0.9193
7A1P_QW2,36,1.2794
7A1P_QW2,37,4.1015
7A1P_QW2,38,1.2477
7A1P_QW2,38,1.5025
7A1P_QW2,39,4.0698
7A1P_QW2,4,4.2445
7A1P_QW2,40,4.5169
7A1P_QW2,41,1.6744
7A1P_QW2,42,1.0271
7A1P_QW2,43,4.1293
7A1P_QW2,44,4.3214
7A1P_QW2,45,1.0202
7A1P_QW2,46,4.2025
7A1P_QW2,47,4.1514
7A1P_QW2,48,4.0595
7A1P_QW2,49,4.4185
7A1P_QW2,5,1.6390
7A1P_QW2,50,4.2302
7A1P_QW2,51,1.9368
7A1P_QW2,52,1.0471
7A1P_QW2,53,4.9369
7A1P_QW2,54,4.3137
7A1P_QW2,55,4.0823
7A1P_QW2,56,4.2589
7A1P_QW2,57,1.1817
7A1P_QW2,58,4.2998
7A1P_QW2,59,4.2424
7A1P_QW2,6,4.6221
7A1P_QW2,60,4.2482
7A1P_QW2,61,4.0780
7A1P_QW2,62,4.2809
7A1P_QW2,63,4.0543
7A1P_QW2,64,4.8875
7A1P_QW2,65,4.2617
7A1P_QW2,66,1.4372
7A1P_QW2,67,4.2322
7A1P_QW2,68,4.2843
7A1P_QW2,69,4.1499
7A1P_QW2,7,4.0736
7A1P_QW2,70,4.3773
7A1P_QW2,71,4.3725
7A1P_QW2,72,1.0045
7A1P_QW2,73,1.1324
7A1P_QW2,74,1.3437
7A1P_QW2,75,1.3366
7A1P_QW2,76,3.9521
7A1P_QW2,77,4.1634
7A1P_QW2,78,4.1897
7A1P_QW2,79,3.0037
7A1P_QW2,8,0.6179
7A1P_QW2,80,1.0772
7A1P_QW2,81,4.0457
7A1P_QW2,82,4.3020
7A1P_QW2,83,1.3795
7A1P_QW2,84,4.3905
7A1P_QW2,85,4.3397
7A1P_QW2,86,4.1465
7A1P_QW2,87,3.9989
7A1P_QW2,88,4.3283
7A1P_QW2,89,1.4691
7A1P_QW2,9,4.3008
7A1P_QW2,90,4.1395
7A1P_QW2,91,1.0351
7A1P_QW2,92,4.1894
7A1P_QW2,93,1.3327
7A1P_QW2,94,1.5128
7A1P_QW2,95,4.2966
7A1P_QW2,96,4.1684
7A1P_QW2,97,4.1581
7A1P_QW2,98,1.4047
7A1P_QW2,99,3.1908
7A9E_R4W,0,1.4564
7A9E_R4W,1,2.9637
7A9E_R4W,10,2.6746
7A9E_R4W,100,1.6657
7A9E_R4W,101,1.9283
7A9E_R4W,102,1.8342
7A9E_R4W,103,2.6570
7A9E_R4W,104,2.0733
7A9E_R4W,105,2.2556
7A9E_R4W,106,2.4403
7A9E_R4W,107,2.8391
7A9E_R4W,108,2.9770
7A9E_R4W,109,1.4846
7A9E_R4W,11,0.9886
7A9E_R4W,110,2.7755
7A9E_R4W,111,2.9736
7A9E_R4W,112,2.8412
7A9E_R4W,113,1.7770
7A9E_R4W,114,2.8560
7A9E_R4W,115,2.8214
7A9E_R4W,116,2.3804
7A9E_R4W,117,2.9490
7A9E_R4W,118,1.7406
7A9E_R4W,119,2.2242
7A9E_R4W,12,2.4906
7A9E_R4W,120,2.6114
7A9E_R4W,121,2.7175
7A9E_R4W,122,2.8004
7A9E_R4W,123,2.9152
7A9E_R4W,124,2.9953
7A9E_R4W,125,2.6879
7A9E_R4W,126,2.3085
7A9E_R4W,127,1.6993
7A9E_R4W,128,1.7414
7A9E_R4W,129,1.7763
7A9E_R4W,13,2.4776
7A9E_R4W,130,2.6210
7A9E_R4W,131,2.2710
7A9E_R4W,132,1.7102
7A9E_R4W,133,1.3586
7A9E_R4W,134,2.8960
7A9E_R4W,135,2.5511
7A9E_R4W,136,2.3766
7A9E_R4W,137,2.5293
7A9E_R4W,138,1.4134
7A9E_R4W,139,2.3437
7A9E_R4W,14,2.8215
7A9E_R4W,15,1.3031
7A9E_R4W,16,1.4724
7A9E_R4W,17,2.5278
7A9E_R4W,18,1.8527
7A9E_R4W,19,2.7738
7A9E_R4W,2,1.9676
7A9E_R4W,20,2.5572
7A9E_R4W,21,2.7183
7A9E_R4W,22,2.2896
7A9E_R4W,23,2.5099
7A9E_R4W,24,1.9368
7A9E_R4W,25,2.9163
7A9E_R4W,26,2.6879
7A9E_R4W,27,2.8406
7A9E_R4W,28,2.5665
7A9E_R4W,29,1.6702
7A9E_R4W,3,2.3152
7A9E_R4W,30,2.5423
7A9E_R4W,31,2.8529
7A9E_R4W,32,2.9239
7A9E_R4W,33,2.4005
7A9E_R4W,34,2.7480
7A9E_R4W,35,2.5130
7A9E_R4W,36,2.8559
7A9E_R4W,37,2.0752
7A9E_R4W,38,2.0283
7A9E_R4W,39,2.5602
7A9E_R4W,4,2.3158
7A9E_R4W,40,1.2728
7A9E_R4W,41,2.5124
7A9E_R4W,42,2.8446
7A9E_R4W,43,1.6536
7A9E_R4W,44,2.8464
7A9E_R4W,45,1.5872
7A9E_R4W,46,2.9312
7A9E_R4W,47,1.9141
7A9E_R4W,48,2.3018
7A9E_R4W,49,2.8017
7A9E_R4W,5,1.5192
7A9E_R4W,50,1.7568
7A9E_R4W,51,2.3270
7A9E_R4W,52,2.0472
7A9E_R4W,53,2.8460
7A9E_R4W,54,2.3223
7A9E_R4W,55,2.8158
7A9E_R4W,56,2.1925
7A9E_R4W,57,1.9760
7A9E_R4W,58,2.7907
7A9E_R4W,59,2.1170
7A9E_R4W,6,2.9306
7A9E_R4W,60,2.0447
7A9E_R4W,61,2.3838
7A9E_R4W,62,2.4187
7A9E_R4W,63,2.7238
7A9E_R4W,64,1.2555
7A9E_R4W,65,1.3493
7A9E_R4W,66,2.6185
7A9E_R4W,67,2.0684
7A9E_R4W,68,2.8768
7A9E_R4W,69,2.4465
7A9E_R4W,7,2.4170
7A9E_R4W,70,2.9962
7A9E_R4W,71,2.6954
7A9E_R4W,72,2.5699
7A9E_R4W,73,1.8705
7A9E_R4W,74,2.8353
7A9E_R4W,75,2.4530
7A9E_R4W,76,2.6986
7A9E_R4W,77,1.8240
7A9E_R4W,78,2.7149
7A9E_R4W,79,2.6689
7A9E_R4W,8,2.4255
7A9E_R4W,80,2.6863
7A9E_R4W,81,2.4318
7A9E_R4W,82,2.0799
7A9E_R4W,83,2.9077
7A9E_R4W,84,1.8270
7A9E_R4W,85,2.2657
7A9E_R4W,86,2.0673
7A9E_R4W,87,1.8688
7A9E_R4W,88,2.7145
7A9E_R4W,89,1.8442
7A9E_R4W,9,2.4898
7A9E_R4W,90,2.6377
7A9E_R4W,91,2.0641
7A9E_R4W,92,2.8994
7A9E_R4W,93,2.9971
7A9E_R4W,94,2.0594
7A9E_R4W,95,2.5249
7A9E_R4W,96,1.7129
7A9E_R4W,97,2.4203
7A9E_R4W,98,2.7985
7A9E_R4W,99,2.9094
7A9H_TPP,0,1.6862
7A9H_TPP,1,1.6121
7A9H_TPP,10,1.6871
7A9H_TPP,100,2.5478
7A9H_TPP,101,2.2267
7A9H_TPP,102,2.1729
7A9H_TPP,103,2.3798
7A9H_TPP,104,2.5779
7A9H_TPP,105,1.3248
7A9H_TPP,106,1.8042
7A9H_TPP,107,1.9860
7A9H_TPP,108,2.1461
7A9H_TPP,109,1.8306
7A9H_TPP,11,0.9684
7A9H_TPP,110,2.0030
7A9H_TPP,111,1.9298
7A9H_TPP,112,1.2362
7A9H_TPP,113,1.7341
7A9H_TPP,114,1.9621
7A9H_TPP,115,1.5267
7A9H_TPP,116,1.0415
7A9H_TPP,117,1.8183
7A9H_TPP,118,1.5562
7A9H_TPP,119,2.0913
7A9H_TPP,12,2.0036
7A9H_TPP,120,1.7349
7A9H_TPP,121,1.4542
7A9H_TPP,122,2.1758
7A9H_TPP,123,2.0634
7A9H_TPP,124,1.4842
7A9H_TPP,125,2.4320
7A9H_TPP,126,1.2383
7A9H_TPP,127,1.6720
7A9H_TPP,128,2.3459
7A9H_TPP,129,2.3700
7A9H_TPP,13,2.4435
7A9H_TPP,130,1.6113
7A9H_TPP,131,1.8418
7A9H_TPP,132,2.1581
7A9H_TPP,133,2.1999
7A9H_TPP,134,1.5058
7A9H_TPP,135,1.8949
7A9H_TPP,136,1.8845
7A9H_TPP,137,1.6469
7A9H_TPP,138,1.0240
7A9H_TPP,139,1.8058
7A9H_TPP,14,1.5324
7A9H_TPP,15,2.0387
7A9H_TPP,16,0.9572
7A9H_TPP,17,1.8402
7A9H_TPP,18,1.6059
7A9H_TPP,19,1.7215
7A9H_TPP,2,0.8232
7A9H_TPP,20,1.8438
7A9H_TPP,21,1.9170
7A9H_TPP,22,1.3189
7A9H_TPP,23,1.9474
7A9H_TPP,24,1.8627
7A9H_TPP,25,1.9894
7A9H_TPP,26,2.1007
7A9H_TPP,27,1.8222
7A9H_TPP,28,1.7867
7A9H_TPP,29,1.1069
7A9H_TPP,3,2.1145
7A9H_TPP,30,1.6862
7A9H_TPP,31,2.1252
7A9H_TPP,32,1.5332
7A9H_TPP,33,1.7530
7A9H_TPP,34,2.2576
7A9H_TPP,35,1.6307
7A9H_TPP,36,1.5631
7A9H_TPP,37,2.1511
7A9H_TPP,38,2.7320
7A9H_TPP,39,1.6422
7A9H_TPP,4,2.0971
7A9H_TPP,40,1.7458
7A9H_TPP,41,2.1230
7A9H_TPP,42,2.2435
7A9H_TPP,43,2.0980
7A9H_TPP,44,2.2480
7A9H_TPP,45,2.3990
7A9H_TPP,46,1.4869
7A9H_TPP,47,1.2910
7A9H_TPP,48,1.6136
7A9H_TPP,49,1.7506
7A9H_TPP,5,2.1540
7A9H_TPP,50,2.2710
7A9H_TPP,51,1.6950
7A9H_TPP,52,1.7078
7A9H_TPP,53,1.6571
7A9H_TPP,54,1.6852
7A9H_TPP,55,1.6761
7A9H_TPP,56,2.2446
7A9H_TPP,57,1.0953
7A9H_TPP,58,1.2837
7A9H_TPP,59,2.0227
7A9H_TPP,6,1.0935
7A9H_TPP,60,1.0334
7A9H_TPP,61,2.0734
7A9H_TPP,62,2.1384
7A9H_TPP,63,2.0879
7A9H_TPP,64,1.2951
7A9H_TPP,65,2.2109
7A9H_TPP,66,2.1822
7A9H_TPP,67,0.6101
7A9H_TPP,68,1.6685
7A9H_TPP,69,1.6842
7A9H_TPP,7,1.3197
7A9H_TPP,70,1.7392
7A9H_TPP,71,2.1330
7A9H_TPP,72,1.9171
7A9H_TPP,73,1.6364
7A9H_TPP,74,1.7591
7A9H_TPP,75,1.5782
7A9H_TPP,76,1.5759
7A9H_TPP,77,2.0862
7A9H_TPP,78,1.5480
7A9H_TPP,79,1.3833
7A9H_TPP,8,2.7342
7A9H_TPP,80,1.5324
7A9H_TPP,81,1.5895
7A9H_TPP,82,2.2076
7A9H_TPP,83,2.1699
7A9H_TPP,84,1.4100
7A9H_TPP,85,1.2206
7A9H_TPP,86,1.5260
7A9H_TPP,87,2.0779
7A9H_TPP,88,1.5103
7A9H_TPP,89,1.6616
7A9H_TPP,9,1.5836
7A9H_TPP,90,2.4730
7A9H_TPP,91,1.5014
7A9H_TPP,92,1.2320
7A9H_TPP,93,2.4845
7A9H_TPP,94,1.7200
7A9H_TPP,95,1.6775
7A9H_TPP,96,2.1764
7A9H_TPP,97,0.8973
7A9H_TPP,98,1.5448
7A9H_TPP,99,1.9799
7AFX_R9K,0,5.0990
7AFX_R9K,1,5.2535
7AFX_R9K,10,5.0614
7AFX_R9K,100,4.9800
7AFX_R9K,101,2.3359
7AFX_R9K,102,1.7948
7AFX_R9K,103,5.8391
7AFX_R9K,104,5.0635
7AFX_R9K,105,0.9580
7AFX_R9K,106,5.2381
7AFX_R9K,107,5.0453
7AFX_R9K,108,5.2521
7AFX_R9K,109,0.6547
7AFX_R9K,11,6.2654
7AFX_R9K,110,1.7831
7AFX_R9K,111,5.2051
7AFX_R9K,112,5.1500
7AFX_R9K,113,4.5327
7AFX_R9K,114,5.7481
7AFX_R9K,115,4.9807
7AFX_R9K,116,5.2362
7AFX_R9K,117,3.7421
7AFX_R9K,118,4.8601
7AFX_R9K,119,5.0313
7AFX_R9K,12,5.1243
7AFX_R9K,120,0.9165
7AFX_R9K,121,0.6310
7AFX_R9K,122,5.1832
7AFX_R9K,123,0.8926
7AFX_R9K,124,5.2020
7AFX_R9K,125,2.9774
7AFX_R9K,126,5.2977
7AFX_R9K,127,5.2622
7AFX_R9K,128,5.0033
7AFX_R9K,129,1.3606
7AFX_R9K,13,5.3962
7AFX_R9K,130,5.1958
7AFX_R9K,131,5.0211
7AFX_R9K,132,2.6093
7AFX_R9K,133,5.0444
7AFX_R9K,134,5.0598
7AFX_R9K,135,4.0440
7AFX_R9K,136,5.1554
7AFX_R9K,137,5.3363
7AFX_R9K,138,5.0538
7AFX_R9K,139,5.1597
7AFX_R9K,14,1.2383
7AFX_R9K,15,5.0187
7AFX_R9K,16,4.4099
7AFX_R9K,17,5.2066
7AFX_R9K,18,1.1620
7AFX_R9K,19,3.3825
7AFX_R9K,2,5.2878
7AFX_R9K,20,1.8054
7AFX_R9K,21,5.1427
7AFX_R9K,22,5.0663
7AFX_R9K,23,5.2203
7AFX_R9K,24,0.9633
7AFX_R9K,25,5.1738
7AFX_R9K,26,4.8988
7AFX_R9K,27,5.0863
7AFX_R9K,28,3.2366
7AFX_R9K,29,2.5141
7AFX_R9K,3,1.9013
7AFX_R9K,30,5.1870
7AFX_R9K,31,5.7062
7AFX_R9K,32,5.2808
7AFX_R9K,33,5.1679
7AFX_R9K,34,5.1593
7AFX_R9K,35,5.2582
7AFX_R9K,36,1.0653
7AFX_R9K,37,5.3678
7AFX_R9K,38,3.6758
7AFX_R9K,39,5.3706
7AFX_R9K,4,0.9779
7AFX_R9K,40,5.3590
7AFX_R9K,41,5.2139
7AFX_R9K,42,3.8814
7AFX_R9K,43,5.4720
7AFX_R9K,44,5.0901
7AFX_R9K,45,1.7257
7AFX_R9K,46,5.4790
7AFX_R9K,47,5.0012
7AFX_R9K,48,5.1197
7AFX_R9K,49,0.6222
7AFX_R9K,5,5.1275
7AFX_R9K,50,5.0687
7AFX_R9K,51,3.6857
7AFX_R9K,51,5.1745
7AFX_R9K,52,4.9045
7AFX_R9K,53,5.0649
7AFX_R9K,54,1.6493
7AFX_R9K,55,5.4453
7AFX_R9K,56,5.7821
7AFX_R9K,57,5.0687
7AFX_R9K,58,0.3332
7AFX_R9K,59,3.3817
7AFX_R9K,6,5.2385
7AFX_R9K,60,1.6756
7AFX_R9K,61,1.6820
7AFX_R9K,62,5.1599
7AFX_R9K,63,5.3596
7AFX_R9K,64,5.2952
7AFX_R9K,65,5.0085
7AFX_R9K,66,5.2302
7AFX_R9K,67,5.4266
7AFX_R9K,68,5.1870
7AFX_R9K,69,5.2076
7AFX_R9K,7,5.4552
7AFX_R9K,70,5.0559
7AFX_R9K,71,2.6072
7AFX_R9K,72,4.8618
7AFX_R9K,73,5.0936
7AFX_R9K,74,5.0227
7AFX_R9K,75,4.9723
7AFX_R9K,76,5.2601
7AFX_R9K,77,1.6626
7AFX_R9K,78,5.1362
7AFX_R9K,79,1.6805
7AFX_R9K,8,5.2822
7AFX_R9K,80,5.3125
7AFX_R9K,81,5.2667
7AFX_R9K,82,5.0046
7AFX_R9K,83,2.3342
7AFX_R9K,84,5.3943
7AFX_R9K,85,5.3874
7AFX_R9K,86,5.0823
7AFX_R9K,87,1.8632
7AFX_R9K,88,5.0868
7AFX_R9K,89,5.5540
7AFX_R9K,9,5.2193
7AFX_R9K,90,5.1125
7AFX_R9K,91,5.7613
7AFX_R9K,92,5.1731
7AFX_R9K,93,3.4817
7AFX_R9K,94,5.1951
7AFX_R9K,95,1.7994
7AFX_R9K,96,5.1915
7AFX_R9K,97,4.9813
7AFX_R9K,98,0.8146
7AFX_R9K,99,5.4227
7AKL_RK5,0,0.3296
7AKL_RK5,1,0.8682
7AKL_RK5,10,2.0652
7AKL_RK5,100,0.4581
7AKL_RK5,101,0.7029
7AKL_RK5,102,0.7572
7AKL_RK5,103,0.3856
7AKL_RK5,104,0.3231
7AKL_RK5,105,1.9695
7AKL_RK5,106,0.4054
7AKL_RK5,107,0.4100
7AKL_RK5,108,6.5983
7AKL_RK5,109,0.5704
7AKL_RK5,11,0.8252
7AKL_RK5,110,0.3934
7AKL_RK5,111,0.3704
7AKL_RK5,112,1.1402
7AKL_RK5,113,0.2409
7AKL_RK5,114,0.3569
7AKL_RK5,115,0.3712
7AKL_RK5,116,2.0465
7AKL_RK5,117,0.5479
7AKL_RK5,118,6.8016
7AKL_RK5,119,6.9533
7AKL_RK5,12,0.4985
7AKL_RK5,120,0.7670
7AKL_RK5,121,6.6619
7AKL_RK5,122,0.8202
7AKL_RK5,123,0.4843
7AKL_RK5,124,0.3078
7AKL_RK5,125,2.0506
7AKL_RK5,126,0.3779
7AKL_RK5,127,6.5555
7AKL_RK5,128,6.6201
7AKL_RK5,129,0.5164
7AKL_RK5,13,0.4927
7AKL_RK5,130,0.2568
7AKL_RK5,131,0.9893
7AKL_RK5,132,2.1041
7AKL_RK5,133,0.6225
7AKL_RK5,134,0.5323
7AKL_RK5,135,0.5877
7AKL_RK5,136,1.3071
7AKL_RK5,137,0.5741
7AKL_RK5,138,1.4755
7AKL_RK5,139,2.0358
7AKL_RK5,14,6.5892
7AKL_RK5,15,2.1538
7AKL_RK5,16,6.5739
7AKL_RK5,17,0.4700
7AKL_RK5,18,2.2562
7AKL_RK5,19,0.3974
7AKL_RK5,2,2.2039
7AKL_RK5,20,2.2056
7AKL_RK5,21,0.3852
7AKL_RK5,22,0.4276
7AKL_RK5,23,0.9299
7AKL_RK5,24,2.3331
7AKL_RK5,25,0.4749
7AKL_RK5,26,0.4233
7AKL_RK5,27,0.3826
7AKL_RK5,28,2.0955
7AKL_RK5,29,0.9385
7AKL_RK5,3,1.1149
7AKL_RK5,30,0.3876
7AKL_RK5,31,2.0678
7AKL_RK5,32,0.3051
7AKL_RK5,33,2.4563
7AKL_RK5,34,2.1775
7AKL_RK5,35,0.6075
7AKL_RK5,36,0.3727
7AKL_RK5,37,1.1504
7AKL_RK5,38,2.1348
7AKL_RK5,39,0.4056
7AKL_RK5,4,1.0766
7AKL_RK5,40,0.4366
7AKL_RK5,41,1.1859
7AKL_RK5,42,0.3911
7AKL_RK5,43,1.0332
7AKL_RK5,44,0.3976
7AKL_RK5,45,0.4726
7AKL_RK5,46,0.5991
7AKL_RK5,47,0.2411
7AKL_RK5,48,1.4820
7AKL_RK5,49,2.1887
7AKL_RK5,5,0.4763
7AKL_RK5,50,0.6872
7AKL_RK5,51,0.3196
7AKL_RK5,52,0.6974
7AKL_RK5,53,6.5881
7AKL_RK5,54,6.7538
7AKL_RK5,55,0.4177
7AKL_RK5,56,6.7321
7AKL_RK5,57,1.8645
7AKL_RK5,58,0.5741
7AKL_RK5,59,0.3791
7AKL_RK5,6,2.0024
7AKL_RK5,60,6.5687
7AKL_RK5,61,6.7273
7AKL_RK5,62,0.9743
7AKL_RK5,63,0.5275
7AKL_RK5,64,1.6537
7AKL_RK5,65,6.6407
7AKL_RK5,66,2.2170
7AKL_RK5,67,0.3053
7AKL_RK5,68,0.2984
7AKL_RK5,69,6.5971
7AKL_RK5,7,0.3563
7AKL_RK5,70,0.7487
7AKL_RK5,71,6.6990
7AKL_RK5,72,0.4134
7AKL_RK5,73,0.2944
7AKL_RK5,74,0.2747
7AKL_RK5,75,0.3837
7AKL_RK5,76,6.6316
7AKL_RK5,77,1.2423
7AKL_RK5,78,0.4375
7AKL_RK5,79,0.4727
7AKL_RK5,8,0.5570
7AKL_RK5,80,0.8394
7AKL_RK5,81,0.5068
7AKL_RK5,82,0.3697
7AKL_RK5,83,0.9327
7AKL_RK5,84,0.3637
7AKL_RK5,85,6.5358
7AKL_RK5,86,6.5633
7AKL_RK5,87,6.8671
7AKL_RK5,88,6.5383
7AKL_RK5,89,0.6548
7AKL_RK5,9,0.2854
7AKL_RK5,90,6.8599
7AKL_RK5,91,0.3875
7AKL_RK5,92,0.3517
7AKL_RK5,93,2.0605
7AKL_RK5,94,0.4034
7AKL_RK5,95,0.3399
7AKL_RK5,96,6.5039
7AKL_RK5,97,0.5442
7AKL_RK5,98,0.3164
7AKL_RK5,99,0.7855
7AN5_RDH,0,5.3790
7AN5_RDH,1,1.6209
7AN5_RDH,10,5.2559
7AN5_RDH,100,1.2788
7AN5_RDH,101,5.3842
7AN5_RDH,102,5.7342
7AN5_RDH,103,5.3605
7AN5_RDH,104,1.5277
7AN5_RDH,105,5.4162
7AN5_RDH,106,5.3781
7AN5_RDH,107,5.5853
7AN5_RDH,108,5.4038
7AN5_RDH,109,5.3735
7AN5_RDH,11,1.0970
7AN5_RDH,110,1.6272
7AN5_RDH,111,1.4683
7AN5_RDH,112,5.4394
7AN5_RDH,113,5.3886
7AN5_RDH,114,5.7886
7AN5_RDH,115,5.2721
7AN5_RDH,116,5.7462
7AN5_RDH,117,2.4091
7AN5_RDH,118,5.6299
7AN5_RDH,119,4.7101
7AN5_RDH,12,1.1610
7AN5_RDH,120,5.4404
7AN5_RDH,121,5.3258
7AN5_RDH,122,5.4066
7AN5_RDH,123,5.6333
7AN5_RDH,124,1.3403
7AN5_RDH,125,1.6032
7AN5_RDH,126,5.2370
7AN5_RDH,127,1.2931
7AN5_RDH,128,5.2787
7AN5_RDH,129,0.9580
7AN5_RDH,13,5.3813
7AN5_RDH,130,5.4080
7AN5_RDH,131,5.6280
7AN5_RDH,132,1.3371
7AN5_RDH,133,5.3511
7AN5_RDH,134,5.4856
7AN5_RDH,135,1.5258
7AN5_RDH,136,5.2937
7AN5_RDH,137,5.3378
7AN5_RDH,138,5.1954
7AN5_RDH,139,5.4991
7AN5_RDH,14,5.3821
7AN5_RDH,15,5.3302
7AN5_RDH,16,5.2913
7AN5_RDH,17,5.4270
7AN5_RDH,18,5.4007
7AN5_RDH,19,5.2307
7AN5_RDH,2,1.1085
7AN5_RDH,20,1.4833
7AN5_RDH,21,5.2873
7AN5_RDH,22,5.3759
7AN5_RDH,23,5.2583
7AN5_RDH,24,5.5966
7AN5_RDH,25,5.4124
7AN5_RDH,26,2.0450
7AN5_RDH,27,5.4719
7AN5_RDH,28,1.4739
7AN5_RDH,29,0.9285
7AN5_RDH,3,5.3408
7AN5_RDH,30,5.2061
7AN5_RDH,31,5.5785
7AN5_RDH,32,1.3458
7AN5_RDH,33,5.4315
7AN5_RDH,34,5.1529
7AN5_RDH,35,5.5740
7AN5_RDH,36,5.2902
7AN5_RDH,37,5.4179
7AN5_RDH,38,5.3270
7AN5_RDH,39,5.2763
7AN5_RDH,4,1.5103
7AN5_RDH,40,5.2365
7AN5_RDH,41,5.4210
7AN5_RDH,42,5.4375
7AN5_RDH,43,1.5278
7AN5_RDH,44,5.7524
7AN5_RDH,45,5.2751
7AN5_RDH,46,5.3443
7AN5_RDH,47,5.2407
7AN5_RDH,48,5.4710
7AN5_RDH,49,5.3779
7AN5_RDH,5,5.4030
7AN5_RDH,50,5.4007
7AN5_RDH,51,1.2621
7AN5_RDH,52,5.4762
7AN5_RDH,53,5.7583
7AN5_RDH,54,5.2967
7AN5_RDH,55,5.4183
7AN5_RDH,56,1.5553
7AN5_RDH,57,5.3849
7AN5_RDH,58,2.0535
7AN5_RDH,59,5.3704
7AN5_RDH,6,5.2719
7AN5_RDH,60,5.3364
7AN5_RDH,61,5.4319
7AN5_RDH,62,5.3395
7AN5_RDH,63,1.4772
7AN5_RDH,64,5.2639
7AN5_RDH,65,5.4472
7AN5_RDH,66,1.1611
7AN5_RDH,67,5.3505
7AN5_RDH,68,1.8456
7AN5_RDH,69,5.2490
7AN5_RDH,7,1.4769
7AN5_RDH,70,1.1327
7AN5_RDH,71,5.3771
7AN5_RDH,72,1.3024
7AN5_RDH,73,5.4865
7AN5_RDH,74,5.3667
7AN5_RDH,75,5.7838
7AN5_RDH,76,5.2438
7AN5_RDH,77,1.2203
7AN5_RDH,78,5.4572
7AN5_RDH,79,5.4747
7AN5_RDH,8,5.4864
7AN5_RDH,80,5.3950
7AN5_RDH,81,5.4732
7AN5_RDH,82,5.4471
7AN5_RDH,83,5.5053
7AN5_RDH,84,5.3184
7AN5_RDH,85,5.4372
7AN5_RDH,86,5.3162
7AN5_RDH,87,5.6426
7AN5_RDH,88,4.8171
7AN5_RDH,89,5.2806
7AN5_RDH,9,5.2476
7AN5_RDH,90,5.4016
7AN5_RDH,91,1.5346
7AN5_RDH,92,5.3371
7AN5_RDH,93,5.4095
7AN5_RDH,94,5.3987
7AN5_RDH,95,5.1498
7AN5_RDH,96,5.5585
7AN5_RDH,97,1.4045
7AN5_RDH,98,5.4619
7AN5_RDH,99,5.5873
7B2C_TP7,0,2.1548
7B2C_TP7,1,2.5335
7B2C_TP7,10,1.7006
7B2C_TP7,100,1.8704
7B2C_TP7,101,2.4211
7B2C_TP7,102,2.6012
7B2C_TP7,103,1.9219
7B2C_TP7,104,2.3131
7B2C_TP7,105,1.1747
7B2C_TP7,106,1.8145
7B2C_TP7,107,2.1488
7B2C_TP7,108,2.6306
7B2C_TP7,109,1.6059
7B2C_TP7,11,1.8680
7B2C_TP7,110,2.2644
7B2C_TP7,111,2.1042
7B2C_TP7,112,1.4284
7B2C_TP7,113,2.4031
7B2C_TP7,114,2.5365
7B2C_TP7,115,2.7322
7B2C_TP7,116,1.2795
7B2C_TP7,117,1.3578
7B2C_TP7,118,2.2621
7B2C_TP7,119,1.6410
7B2C_TP7,12,1.5889
7B2C_TP7,120,2.5753
7B2C_TP7,121,1.5090
7B2C_TP7,122,1.7407
7B2C_TP7,123,2.2542
7B2C_TP7,124,1.7403
7B2C_TP7,125,2.1001
7B2C_TP7,126,1.7523
7B2C_TP7,127,2.5887
7B2C_TP7,128,1.7219
7B2C_TP7,129,1.8900
7B2C_TP7,13,1.7850
7B2C_TP7,13,2.2786
7B2C_TP7,130,1.7756
7B2C_TP7,131,1.9932
7B2C_TP7,132,2.5375
7B2C_TP7,133,2.4796
7B2C_TP7,134,2.5731
7B2C_TP7,135,2.4293
7B2C_TP7,136,1.7595
7B2C_TP7,137,1.4912
7B2C_TP7,138,2.8656
7B2C_TP7,139,3.6665
7B2C_TP7,14,2.0287
7B2C_TP7,15,1.6758
7B2C_TP7,16,1.5175
7B2C_TP7,17,2.9267
7B2C_TP7,18,1.8702
7B2C_TP7,19,2.8734
7B2C_TP7,2,2.4121
7B2C_TP7,20,2.9454
7B2C_TP7,21,1.7482
7B2C_TP7,22,3.0084
7B2C_TP7,23,2.3039
7B2C_TP7,24,2.5465
7B2C_TP7,25,1.6839
7B2C_TP7,26,1.9369
7B2C_TP7,27,2.5958
7B2C_TP7,28,2.6102
7B2C_TP7,29,1.4424
7B2C_TP7,3,2.1137
7B2C_TP7,30,2.0978
7B2C_TP7,31,3.3188
7B2C_TP7,32,1.9222
7B2C_TP7,33,2.1314
7B2C_TP7,34,2.3731
7B2C_TP7,35,1.9128
7B2C_TP7,36,2.5640
7B2C_TP7,37,2.8162
7B2C_TP7,38,2.0734
7B2C_TP7,39,1.8619
7B2C_TP7,4,3.2614
7B2C_TP7,40,2.2314
7B2C_TP7,41,2.4190
7B2C_TP7,41,2.5188
7B2C_TP7,42,2.4119
7B2C_TP7,43,1.8200
7B2C_TP7,44,1.9631
7B2C_TP7,45,1.7254
7B2C_TP7,46,2.5274
7B2C_TP7,47,1.7407
7B2C_TP7,48,3.2242
7B2C_TP7,49,1.8713
7B2C_TP7,5,1.8100
7B2C_TP7,50,2.0930
7B2C_TP7,51,1.6996
7B2C_TP7,52,1.7542
7B2C_TP7,53,3.3945
7B2C_TP7,54,1.5375
7B2C_TP7,55,3.3741
7B2C_TP7,56,1.6553
7B2C_TP7,57,1.5142
7B2C_TP7,58,1.3426
7B2C_TP7,59,1.7891
7B2C_TP7,6,1.5282
7B2C_TP7,60,2.4806
7B2C_TP7,61,2.0890
7B2C_TP7,62,2.7241
7B2C_TP7,63,1.4545
7B2C_TP7,64,1.8665
7B2C_TP7,65,1.8815
7B2C_TP7,66,2.0880
7B2C_TP7,67,2.2587
7B2C_TP7,68,1.4062
7B2C_TP7,69,1.8960
7B2C_TP7,7,1.6948
7B2C_TP7,70,1.5683
7B2C_TP7,71,2.6736
7B2C_TP7,72,2.1673
7B2C_TP7,73,2.5374
7B2C_TP7,74,1.8908
7B2C_TP7,75,1.8691
7B2C_TP7,76,1.7339
7B2C_TP7,77,3.4305
7B2C_TP7,78,2.1176
7B2C_TP7,79,1.2468
7B2C_TP7,8,2.7209
7B2C_TP7,80,2.0584
7B2C_TP7,81,2.1631
7B2C_TP7,82,2.0021
7B2C_TP7,83,1.5140
7B2C_TP7,84,2.2014
7B2C_TP7,85,1.3731
7B2C_TP7,86,1.9362
7B2C_TP7,87,1.4868
7B2C_TP7,88,2.3445
7B2C_TP7,89,2.2527
7B2C_TP7,9,2.6886
7B2C_TP7,90,2.0195
7B2C_TP7,91,2.0591
7B2C_TP7,92,2.7986
7B2C_TP7,93,1.2798
7B2C_TP7,94,3.0576
7B2C_TP7,95,1.5710
7B2C_TP7,96,2.7883
7B2C_TP7,97,1.7117
7B2C_TP7,98,3.3664
7B2C_TP7,99,2.4818
7B94_ANP,0,1.5329
7B94_ANP,1,2.6241
7B94_ANP,10,2.4312
7B94_ANP,100,1.9323
7B94_ANP,101,1.9373
7B94_ANP,102,2.0279
7B94_ANP,103,1.0862
7B94_ANP,104,2.1152
7B94_ANP,105,2.2291
7B94_ANP,106,2.1288
7B94_ANP,107,2.1343
7B94_ANP,108,1.3355
7B94_ANP,109,1.8505
7B94_ANP,11,2.1486
7B94_ANP,110,1.6310
7B94_ANP,111,1.8097
7B94_ANP,112,1.9239
7B94_ANP,113,2.3152
7B94_ANP,114,2.1654
7B94_ANP,115,1.9564
7B94_ANP,116,2.1349
7B94_ANP,117,1.9991
7B94_ANP,118,2.1947
7B94_ANP,119,2.4981
7B94_ANP,12,1.8331
7B94_ANP,120,2.8612
7B94_ANP,121,1.3528
7B94_ANP,122,1.8766
7B94_ANP,123,1.9366
7B94_ANP,124,1.3960
7B94_ANP,125,2.7612
7B94_ANP,126,1.7585
7B94_ANP,127,1.4462
7B94_ANP,128,1.6714
7B94_ANP,129,1.4209
7B94_ANP,13,1.7843
7B94_ANP,130,1.9036
7B94_ANP,131,2.0387
7B94_ANP,132,1.4355
7B94_ANP,133,1.7381
7B94_ANP,134,2.3087
7B94_ANP,135,2.5135
7B94_ANP,136,2.0226
7B94_ANP,137,2.0485
7B94_ANP,138,1.8542
7B94_ANP,139,2.1825
7B94_ANP,14,1.9961
7B94_ANP,15,1.9222
7B94_ANP,16,1.6880
7B94_ANP,17,1.9603
7B94_ANP,18,1.1240
7B94_ANP,19,2.0860
7B94_ANP,2,2.4617
7B94_ANP,20,1.7974
7B94_ANP,21,1.4692
7B94_ANP,22,2.1526
7B94_ANP,23,1.9113
7B94_ANP,24,1.9256
7B94_ANP,25,2.0406
7B94_ANP,26,2.6649
7B94_ANP,27,2.1260
7B94_ANP,28,2.3496
7B94_ANP,29,2.8502
7B94_ANP,3,2.0880
7B94_ANP,30,1.3634
7B94_ANP,31,2.2630
7B94_ANP,32,1.8488
7B94_ANP,33,2.4881
7B94_ANP,34,2.0633
7B94_ANP,35,2.6553
7B94_ANP,36,2.2353
7B94_ANP,37,1.8256
7B94_ANP,38,2.5840
7B94_ANP,39,1.5615
7B94_ANP,4,2.5671
7B94_ANP,40,2.2039
7B94_ANP,41,1.9673
7B94_ANP,42,1.8976
7B94_ANP,43,2.6373
7B94_ANP,44,2.0435
7B94_ANP,45,1.8924
7B94_ANP,46,2.3842
7B94_ANP,47,1.8889
7B94_ANP,48,1.6997
7B94_ANP,49,2.4033
7B94_ANP,5,1.8950
7B94_ANP,50,2.5262
7B94_ANP,51,1.7363
7B94_ANP,52,2.2394
7B94_ANP,53,2.0324
7B94_ANP,54,1.8754
7B94_ANP,55,2.3889
7B94_ANP,56,1.1778
7B94_ANP,57,1.9433
7B94_ANP,58,1.9309
7B94_ANP,59,2.2227
7B94_ANP,6,2.3602
7B94_ANP,60,1.5537
7B94_ANP,61,1.8499
7B94_ANP,62,1.9998
7B94_ANP,63,2.1038
7B94_ANP,64,2.6165
7B94_ANP,65,2.4617
7B94_ANP,66,2.4718
7B94_ANP,67,2.6482
7B94_ANP,68,1.7018
7B94_ANP,69,2.1218
7B94_ANP,7,2.1913
7B94_ANP,70,2.4031
7B94_ANP,71,2.5314
7B94_ANP,72,1.6366
7B94_ANP,73,2.1421
7B94_ANP,74,1.8069
7B94_ANP,75,1.9502
7B94_ANP,76,1.8972
7B94_ANP,77,1.7901
7B94_ANP,78,1.9679
7B94_ANP,79,2.1238
7B94_ANP,8,1.2394
7B94_ANP,80,1.5116
7B94_ANP,81,1.9718
7B94_ANP,82,2.1087
7B94_ANP,83,2.0042
7B94_ANP,84,2.0244
7B94_ANP,85,1.7596
7B94_ANP,86,2.0466
7B94_ANP,87,2.0510
7B94_ANP,88,2.0789
7B94_ANP,89,1.8290
7B94_ANP,9,1.8774
7B94_ANP,90,1.8846
7B94_ANP,91,1.9255
7B94_ANP,92,2.0776
7B94_ANP,93,2.5527
7B94_ANP,94,2.0238
7B94_ANP,95,1.6558
7B94_ANP,96,1.7960
7B94_ANP,97,1.7352
7B94_ANP,98,1.9723
7B94_ANP,99,1.4696
7BCP_GCO,0,1.7795
7BCP_GCO,1,2.2800
7BCP_GCO,10,2.4281
7BCP_GCO,100,2.3177
7BCP_GCO,101,1.9569
7BCP_GCO,102,2.5040
7BCP_GCO,103,4.6690
7BCP_GCO,104,4.3492
7BCP_GCO,105,1.8296
7BCP_GCO,106,1.4903
7BCP_GCO,107,4.3120
7BCP_GCO,108,1.5345
7BCP_GCO,109,4.5999
7BCP_GCO,11,2.0321
7BCP_GCO,110,2.0351
7BCP_GCO,111,1.2543
7BCP_GCO,112,1.7108
7BCP_GCO,113,4.6479
7BCP_GCO,114,1.7164
7BCP_GCO,115,2.1637
7BCP_GCO,116,2.0178
7BCP_GCO,117,2.0987
7BCP_GCO,118,4.6598
7BCP_GCO,119,1.9213
7BCP_GCO,12,4.5315
7BCP_GCO,120,2.0253
7BCP_GCO,121,1.8010
7BCP_GCO,122,1.7138
7BCP_GCO,123,2.2549
7BCP_GCO,124,2.2565
7BCP_GCO,125,2.0096
7BCP_GCO,126,4.4065
7BCP_GCO,127,1.8966
7BCP_GCO,128,4.4692
7BCP_GCO,129,1.9678
7BCP_GCO,13,1.6284
7BCP_GCO,130,1.9173
7BCP_GCO,131,2.2204
7BCP_GCO,132,2.5823
7BCP_GCO,133,1.6558
7BCP_GCO,134,1.8881
7BCP_GCO,135,1.8953
7BCP_GCO,136,1.5033
7BCP_GCO,137,4.0756
7BCP_GCO,138,1.1460
7BCP_GCO,139,1.4986
7BCP_GCO,14,1.9052
7BCP_GCO,15,1.9001
7BCP_GCO,16,4.6757
7BCP_GCO,17,1.3441
7BCP_GCO,18,1.5085
7BCP_GCO,19,1.9579
7BCP_GCO,2,1.3270
7BCP_GCO,20,2.4588
7BCP_GCO,21,1.9978
7BCP_GCO,22,1.2271
7BCP_GCO,23,1.6875
7BCP_GCO,24,4.7091
7BCP_GCO,25,2.2079
7BCP_GCO,26,2.1110
7BCP_GCO,27,2.0590
7BCP_GCO,28,4.7344
7BCP_GCO,29,1.6180
7BCP_GCO,3,4.4699
7BCP_GCO,30,1.8790
7BCP_GCO,31,1.4781
7BCP_GCO,32,1.5728
7BCP_GCO,33,2.0276
7BCP_GCO,34,1.8645
7BCP_GCO,35,1.5647
7BCP_GCO,36,1.8849
7BCP_GCO,37,2.0877
7BCP_GCO,38,1.7505
7BCP_GCO,39,1.9223
7BCP_GCO,4,2.3671
7BCP_GCO,40,1.2839
7BCP_GCO,41,4.7419
7BCP_GCO,42,1.5114
7BCP_GCO,43,4.6233
7BCP_GCO,44,2.0004
7BCP_GCO,45,4.8298
7BCP_GCO,46,1.8597
7BCP_GCO,47,1.9358
7BCP_GCO,48,2.5509
7BCP_GCO,49,1.5577
7BCP_GCO,5,2.1697
7BCP_GCO,50,1.7790
7BCP_GCO,51,2.1918
7BCP_GCO,52,2.0984
7BCP_GCO,53,4.9960
7BCP_GCO,54,2.4416
7BCP_GCO,55,2.2837
7BCP_GCO,56,2.1239
7BCP_GCO,57,1.9581
7BCP_GCO,58,1.5682
7BCP_GCO,59,1.4812
7BCP_GCO,6,2.1785
7BCP_GCO,60,1.5219
7BCP_GCO,61,1.9486
7BCP_GCO,62,2.1721
7BCP_GCO,63,2.0575
7BCP_GCO,64,1.6700
7BCP_GCO,65,2.2283
7BCP_GCO,66,1.6888
7BCP_GCO,67,2.0707
7BCP_GCO,68,1.6381
7BCP_GCO,69,2.0130
7BCP_GCO,7,1.7983
7BCP_GCO,70,1.9341
7BCP_GCO,71,1.8594
7BCP_GCO,72,2.2577
7BCP_GCO,73,1.8617
7BCP_GCO,74,2.1747
7BCP_GCO,75,1.6208
7BCP_GCO,76,1.6345
7BCP_GCO,77,1.4802
7BCP_GCO,78,1.9389
7BCP_GCO,79,2.0393
7BCP_GCO,8,1.9832
7BCP_GCO,80,1.8996
7BCP_GCO,81,1.3458
7BCP_GCO,82,2.0790
7BCP_GCO,83,2.2246
7BCP_GCO,84,2.3174
7BCP_GCO,85,1.8881
7BCP_GCO,86,2.0405
7BCP_GCO,87,2.0684
7BCP_GCO,88,1.9273
7BCP_GCO,89,2.2137
7BCP_GCO,9,1.7183
7BCP_GCO,90,2.2654
7BCP_GCO,91,2.0941
7BCP_GCO,92,1.9590
7BCP_GCO,93,1.8832
7BCP_GCO,94,2.1196
7BCP_GCO,95,1.7725
7BCP_GCO,96,1.9884
7BCP_GCO,97,1.8651
7BCP_GCO,98,1.5030
7BCP_GCO,99,4.8624
7BJJ_TVW,0,0.3753
7BJJ_TVW,1,2.5473
7BJJ_TVW,10,3.4374
7BJJ_TVW,100,2.9986
7BJJ_TVW,101,2.9190
7BJJ_TVW,102,0.3507
7BJJ_TVW,103,2.9936
7BJJ_TVW,104,2.9618
7BJJ_TVW,105,3.5632
7BJJ_TVW,106,3.1693
7BJJ_TVW,107,2.3401
7BJJ_TVW,108,2.7059
7BJJ_TVW,109,2.7679
7BJJ_TVW,11,2.9704
7BJJ_TVW,110,2.8117
7BJJ_TVW,111,0.2890
7BJJ_TVW,112,1.4644
7BJJ_TVW,113,2.8575
7BJJ_TVW,114,3.1259
7BJJ_TVW,115,1.9823
7BJJ_TVW,116,1.2193
7BJJ_TVW,117,2.7898
7BJJ_TVW,118,0.3760
7BJJ_TVW,119,2.6136
7BJJ_TVW,12,0.2878
7BJJ_TVW,120,2.9586
7BJJ_TVW,121,2.4309
7BJJ_TVW,122,2.8787
7BJJ_TVW,123,1.0411
7BJJ_TVW,124,0.2740
7BJJ_TVW,125,3.2929
7BJJ_TVW,126,2.7805
7BJJ_TVW,127,3.6513
7BJJ_TVW,128,2.6466
7BJJ_TVW,129,3.4032
7BJJ_TVW,13,2.5627
7BJJ_TVW,130,0.3028
7BJJ_TVW,131,3.0020
7BJJ_TVW,132,3.3625
7BJJ_TVW,133,2.4131
7BJJ_TVW,134,1.8396
7BJJ_TVW,135,3.7046
7BJJ_TVW,136,2.7271
7BJJ_TVW,137,2.0322
7BJJ_TVW,138,1.5326
7BJJ_TVW,139,2.4839
7BJJ_TVW,14,1.4606
7BJJ_TVW,15,3.7886
7BJJ_TVW,16,2.7787
7BJJ_TVW,17,1.5222
7BJJ_TVW,18,2.4043
7BJJ_TVW,19,1.3903
7BJJ_TVW,2,0.4332
7BJJ_TVW,20,2.5756
7BJJ_TVW,21,1.3525
7BJJ_TVW,22,2.4336
7BJJ_TVW,23,2.7226
7BJJ_TVW,24,0.6245
7BJJ_TVW,25,3.8275
7BJJ_TVW,26,2.9164
7BJJ_TVW,27,2.5070
7BJJ_TVW,28,3.2053
7BJJ_TVW,29,2.5855
7BJJ_TVW,3,2.7706
7BJJ_TVW,30,2.7571
7BJJ_TVW,31,2.9168
7BJJ_TVW,32,0.6247
7BJJ_TVW,33,2.9234
7BJJ_TVW,34,2.3994
7BJJ_TVW,35,2.6646
7BJJ_TVW,36,0.3123
7BJJ_TVW,37,3.3955
7BJJ_TVW,38,2.6826
7BJJ_TVW,39,0.4563
7BJJ_TVW,4,2.8305
7BJJ_TVW,40,2.6817
7BJJ_TVW,41,2.4299
7BJJ_TVW,42,2.7366
7BJJ_TVW,43,2.3983
7BJJ_TVW,44,2.7255
7BJJ_TVW,45,2.5579
7BJJ_TVW,46,2.5021
7BJJ_TVW,47,2.8051
7BJJ_TVW,48,2.4551
7BJJ_TVW,49,2.4271
7BJJ_TVW,5,2.5180
7BJJ_TVW,50,3.7588
7BJJ_TVW,51,2.4787
7BJJ_TVW,52,0.2026
7BJJ_TVW,53,2.8263
7BJJ_TVW,54,0.5224
7BJJ_TVW,55,2.4544
7BJJ_TVW,56,2.8468
7BJJ_TVW,57,2.5947
7BJJ_TVW,58,2.9713
7BJJ_TVW,59,0.5335
7BJJ_TVW,6,1.3668
7BJJ_TVW,60,2.4269
7BJJ_TVW,61,0.5024
7BJJ_TVW,62,1.0180
7BJJ_TVW,63,2.5986
7BJJ_TVW,64,3.4131
7BJJ_TVW,65,2.4052
7BJJ_TVW,66,2.4491
7BJJ_TVW,67,3.4672
7BJJ_TVW,68,2.9990
7BJJ_TVW,69,2.8902
7BJJ_TVW,7,0.3050
7BJJ_TVW,70,2.9348
7BJJ_TVW,71,3.7620
7BJJ_TVW,72,2.7583
7BJJ_TVW,73,0.8886
7BJJ_TVW,74,1.9942
7BJJ_TVW,75,0.3526
7BJJ_TVW,76,2.4044
7BJJ_TVW,77,2.4135
7BJJ_TVW,78,2.4037
7BJJ_TVW,79,3.5430
7BJJ_TVW,8,0.2559
7BJJ_TVW,80,2.9703
7BJJ_TVW,81,2.7664
7BJJ_TVW,82,2.9446
7BJJ_TVW,83,2.4194
7BJJ_TVW,84,0.7478
7BJJ_TVW,85,3.3180
7BJJ_TVW,86,0.3432
7BJJ_TVW,87,0.3491
7BJJ_TVW,88,3.1478
7BJJ_TVW,89,1.5211
7BJJ_TVW,9,3.1860
7BJJ_TVW,90,0.7271
7BJJ_TVW,91,3.5204
7BJJ_TVW,92,2.7770
7BJJ_TVW,93,2.9949
7BJJ_TVW,94,3.2425
7BJJ_TVW,95,2.7916
7BJJ_TVW,96,0.2557
7BJJ_TVW,97,3.0041
7BJJ_TVW,98,2.4260
7BJJ_TVW,99,2.9530
7BKA_4JC,0,0.7842
7BKA_4JC,1,1.2917
7BKA_4JC,10,1.3390
7BKA_4JC,100,1.2671
7BKA_4JC,101,1.4482
7BKA_4JC,102,1.2349
7BKA_4JC,103,0.5551
7BKA_4JC,104,4.3219
7BKA_4JC,105,1.2592
7BKA_4JC,106,0.8126
7BKA_4JC,107,0.6063
7BKA_4JC,108,3.6374
7BKA_4JC,109,3.1634
7BKA_4JC,11,1.5044
7BKA_4JC,110,2.0386
7BKA_4JC,111,2.1428
7BKA_4JC,112,2.3768
7BKA_4JC,113,1.3467
7BKA_4JC,114,2.5748
7BKA_4JC,115,0.5176
7BKA_4JC,116,1.8617
7BKA_4JC,117,1.1094
7BKA_4JC,118,0.8847
7BKA_4JC,119,1.1577
7BKA_4JC,12,2.0438
7BKA_4JC,120,1.4244
7BKA_4JC,121,0.7849
7BKA_4JC,122,1.0219
7BKA_4JC,123,4.4994
7BKA_4JC,124,1.0813
7BKA_4JC,125,1.1838
7BKA_4JC,126,1.1228
7BKA_4JC,127,2.0046
7BKA_4JC,128,4.5545
7BKA_4JC,129,1.3768
7BKA_4JC,13,1.3633
7BKA_4JC,130,1.6764
7BKA_4JC,131,1.8070
7BKA_4JC,132,1.1054
7BKA_4JC,133,1.3962
7BKA_4JC,134,1.6374
7BKA_4JC,135,1.2103
7BKA_4JC,136,4.8784
7BKA_4JC,137,1.0495
7BKA_4JC,138,0.8236
7BKA_4JC,139,0.6075
7BKA_4JC,14,4.4619
7BKA_4JC,15,0.5814
7BKA_4JC,15,1.7788
7BKA_4JC,16,0.6372
7BKA_4JC,17,1.7028
7BKA_4JC,18,0.6471
7BKA_4JC,19,1.1446
7BKA_4JC,2,1.1709
7BKA_4JC,20,0.9395
7BKA_4JC,21,1.0821
7BKA_4JC,22,1.5082
7BKA_4JC,23,1.3565
7BKA_4JC,24,1.2552
7BKA_4JC,25,1.4787
7BKA_4JC,26,1.0989
7BKA_4JC,27,1.1484
7BKA_4JC,28,1.2615
7BKA_4JC,29,1.0468
7BKA_4JC,3,1.2209
7BKA_4JC,30,1.1388
7BKA_4JC,31,1.4959
7BKA_4JC,32,1.1550
7BKA_4JC,33,0.8008
7BKA_4JC,34,1.4747
7BKA_4JC,35,1.1115
7BKA_4JC,36,1.3300
7BKA_4JC,37,3.5723
7BKA_4JC,38,4.7344
7BKA_4JC,39,1.2665
7BKA_4JC,4,1.0038
7BKA_4JC,40,4.9731
7BKA_4JC,41,1.1691
7BKA_4JC,42,1.2976
7BKA_4JC,43,0.8858
7BKA_4JC,44,1.0595
7BKA_4JC,45,1.8328
7BKA_4JC,46,1.2319
7BKA_4JC,47,0.5774
7BKA_4JC,48,0.9466
7BKA_4JC,49,2.0330
7BKA_4JC,5,1.2475
7BKA_4JC,50,1.2254
7BKA_4JC,51,1.1710
7BKA_4JC,52,1.6132
7BKA_4JC,53,0.7681
7BKA_4JC,54,1.2950
7BKA_4JC,55,1.1918
7BKA_4JC,56,1.2661
7BKA_4JC,57,0.5388
7BKA_4JC,58,1.2665
7BKA_4JC,59,0.8386
7BKA_4JC,6,4.9310
7BKA_4JC,60,2.2027
7BKA_4JC,61,1.0655
7BKA_4JC,62,3.4111
7BKA_4JC,63,1.3219
7BKA_4JC,64,1.1599
7BKA_4JC,65,1.1969
7BKA_4JC,66,1.6913
7BKA_4JC,67,1.0261
7BKA_4JC,68,1.0659
7BKA_4JC,69,1.2262
7BKA_4JC,7,4.9891
7BKA_4JC,70,1.1723
7BKA_4JC,71,4.4545
7BKA_4JC,72,1.1956
7BKA_4JC,73,1.1084
7BKA_4JC,74,0.9509
7BKA_4JC,75,0.3859
7BKA_4JC,76,0.6252
7BKA_4JC,77,1.1015
7BKA_4JC,78,1.0967
7BKA_4JC,79,0.5589
7BKA_4JC,8,1.2818
7BKA_4JC,80,2.5011
7BKA_4JC,81,1.0941
7BKA_4JC,82,1.2137
7BKA_4JC,83,1.6852
7BKA_4JC,84,1.2761
7BKA_4JC,85,1.0950
7BKA_4JC,86,1.1381
7BKA_4JC,87,2.0567
7BKA_4JC,88,1.2378
7BKA_4JC,89,4.9686
7BKA_4JC,9,0.9630
7BKA_4JC,90,0.4795
7BKA_4JC,91,1.3894
7BKA_4JC,92,1.0832
7BKA_4JC,93,1.1808
7BKA_4JC,94,1.6390
7BKA_4JC,95,1.1426
7BKA_4JC,96,1.3598
7BKA_4JC,97,4.5678
7BKA_4JC,98,0.6778
7BKA_4JC,99,1.0174
7BMI_U4B,0,2.3823
7BMI_U4B,1,2.5403
7BMI_U4B,10,2.4285
7BMI_U4B,100,1.9142
7BMI_U4B,101,1.1135
7BMI_U4B,102,4.1906
7BMI_U4B,103,0.8793
7BMI_U4B,104,0.8135
7BMI_U4B,105,2.3005
7BMI_U4B,106,4.2512
7BMI_U4B,107,4.5823
7BMI_U4B,108,4.3201
7BMI_U4B,109,1.3674
7BMI_U4B,11,0.9105
7BMI_U4B,110,1.2143
7BMI_U4B,111,1.8054
7BMI_U4B,112,4.0684
7BMI_U4B,113,1.7415
7BMI_U4B,114,1.6956
7BMI_U4B,115,1.8719
7BMI_U4B,116,4.5242
7BMI_U4B,117,2.4343
7BMI_U4B,118,4.0905
7BMI_U4B,119,2.0558
7BMI_U4B,12,1.8395
7BMI_U4B,120,4.1188
7BMI_U4B,121,4.6742
7BMI_U4B,122,2.2613
7BMI_U4B,123,2.5924
7BMI_U4B,124,2.4338
7BMI_U4B,125,4.5584
7BMI_U4B,126,4.6396
7BMI_U4B,127,1.1259
7BMI_U4B,128,1.6491
7BMI_U4B,129,2.3841
7BMI_U4B,13,1.6221
7BMI_U4B,130,1.9787
7BMI_U4B,131,2.3578
7BMI_U4B,132,4.5816
7BMI_U4B,133,4.5924
7BMI_U4B,134,1.6807
7BMI_U4B,135,1.3625
7BMI_U4B,136,1.2481
7BMI_U4B,137,4.2080
7BMI_U4B,138,4.2865
7BMI_U4B,139,2.3284
7BMI_U4B,14,2.5312
7BMI_U4B,15,1.3241
7BMI_U4B,16,1.7485
7BMI_U4B,17,1.4972
7BMI_U4B,18,2.3125
7BMI_U4B,19,2.1696
7BMI_U4B,2,2.0584
7BMI_U4B,20,2.5412
7BMI_U4B,21,3.5669
7BMI_U4B,22,0.9236
7BMI_U4B,23,4.0916
7BMI_U4B,24,2.4214
7BMI_U4B,25,4.5591
7BMI_U4B,26,2.0340
7BMI_U4B,27,1.8013
7BMI_U4B,28,1.2743
7BMI_U4B,29,1.2101
7BMI_U4B,3,2.0870
7BMI_U4B,30,2.3955
7BMI_U4B,31,2.3191
7BMI_U4B,32,1.7866
7BMI_U4B,33,1.5935
7BMI_U4B,34,4.1928
7BMI_U4B,35,4.7106
7BMI_U4B,36,4.1406
7BMI_U4B,37,2.4929
7BMI_U4B,38,4.2317
7BMI_U4B,39,1.5103
7BMI_U4B,4,2.3433
7BMI_U4B,40,1.5449
7BMI_U4B,41,2.0609
7BMI_U4B,42,1.8609
7BMI_U4B,43,1.6230
7BMI_U4B,44,2.3676
7BMI_U4B,45,2.3701
7BMI_U4B,46,4.4361
7BMI_U4B,47,1.0810
7BMI_U4B,48,2.2613
7BMI_U4B,49,1.2246
7BMI_U4B,5,1.3771
7BMI_U4B,50,2.2339
7BMI_U4B,51,1.5278
7BMI_U4B,52,4.6704
7BMI_U4B,53,1.9949
7BMI_U4B,54,2.3895
7BMI_U4B,55,1.3412
7BMI_U4B,56,4.6396
7BMI_U4B,57,2.1904
7BMI_U4B,58,1.0943
7BMI_U4B,58,2.3001
7BMI_U4B,59,1.1439
7BMI_U4B,6,2.3674
7BMI_U4B,60,1.9993
7BMI_U4B,61,2.4282
7BMI_U4B,62,4.1589
7BMI_U4B,63,2.2877
7BMI_U4B,64,4.1772
7BMI_U4B,65,2.3047
7BMI_U4B,66,1.5931
7BMI_U4B,67,1.1746
7BMI_U4B,68,1.4526
7BMI_U4B,69,1.1407
7BMI_U4B,7,0.9920
7BMI_U4B,70,4.2560
7BMI_U4B,71,1.9457
7BMI_U4B,72,4.6940
7BMI_U4B,73,4.5553
7BMI_U4B,74,4.3486
7BMI_U4B,75,2.5550
7BMI_U4B,76,1.5202
7BMI_U4B,77,2.0866
7BMI_U4B,78,2.4491
7BMI_U4B,79,4.1454
7BMI_U4B,8,4.6398
7BMI_U4B,80,1.5946
7BMI_U4B,81,4.4329
7BMI_U4B,82,1.6223
7BMI_U4B,83,2.3588
7BMI_U4B,84,1.3170
7BMI_U4B,85,4.3887
7BMI_U4B,86,2.6770
7BMI_U4B,87,4.5644
7BMI_U4B,88,1.7032
7BMI_U4B,89,1.8549
7BMI_U4B,9,4.7252
7BMI_U4B,90,2.0646
7BMI_U4B,91,2.5089
7BMI_U4B,92,4.1682
7BMI_U4B,93,0.8833
7BMI_U4B,94,4.2745
7BMI_U4B,95,2.5221
7BMI_U4B,96,0.9916
7BMI_U4B,97,3.9578
7BMI_U4B,98,1.2723
7BMI_U4B,99,1.8006
7BNH_BEZ,0,0.6141
7BNH_BEZ,1,2.7442
7BNH_BEZ,10,2.1748
7BNH_BEZ,100,3.3008
7BNH_BEZ,101,3.4104
7BNH_BEZ,102,2.9397
7BNH_BEZ,103,2.0633
7BNH_BEZ,104,1.3336
7BNH_BEZ,105,1.4182
7BNH_BEZ,106,1.4278
7BNH_BEZ,107,3.6459
7BNH_BEZ,108,3.0778
7BNH_BEZ,109,1.7293
7BNH_BEZ,11,3.4488
7BNH_BEZ,110,2.0864
7BNH_BEZ,111,3.2379
7BNH_BEZ,112,3.3814
7BNH_BEZ,113,2.4956
7BNH_BEZ,114,1.9283
7BNH_BEZ,115,1.8071
7BNH_BEZ,116,3.5786
7BNH_BEZ,117,3.4759
7BNH_BEZ,118,3.1113
7BNH_BEZ,119,2.9992
7BNH_BEZ,12,3.5245
7BNH_BEZ,120,3.5271
7BNH_BEZ,121,1.7828
7BNH_BEZ,122,3.0226
7BNH_BEZ,123,2.2077
7BNH_BEZ,124,3.6185
7BNH_BEZ,125,1.3780
7BNH_BEZ,126,2.3554
7BNH_BEZ,127,3.2541
7BNH_BEZ,128,1.8430
7BNH_BEZ,129,3.2435
7BNH_BEZ,13,1.1438
7BNH_BEZ,130,0.9522
7BNH_BEZ,131,1.5777
7BNH_BEZ,132,1.9019
7BNH_BEZ,133,3.4621
7BNH_BEZ,134,3.4853
7BNH_BEZ,135,3.2658
7BNH_BEZ,136,1.3861
7BNH_BEZ,137,1.4201
7BNH_BEZ,138,1.5802
7BNH_BEZ,139,1.6953
7BNH_BEZ,14,1.4453
7BNH_BEZ,15,2.3320
7BNH_BEZ,16,1.5361
7BNH_BEZ,17,2.1649
7BNH_BEZ,18,1.2770
7BNH_BEZ,19,1.3393
7BNH_BEZ,2,0.9964
7BNH_BEZ,20,1.4862
7BNH_BEZ,21,1.5839
7BNH_BEZ,22,2.1952
7BNH_BEZ,23,2.3722
7BNH_BEZ,23,3.4200
7BNH_BEZ,24,3.4505
7BNH_BEZ,25,3.6435
7BNH_BEZ,26,3.0602
7BNH_BEZ,27,1.8892
7BNH_BEZ,28,1.8516
7BNH_BEZ,29,1.1189
7BNH_BEZ,3,2.6980
7BNH_BEZ,30,1.8694
7BNH_BEZ,31,1.7119
7BNH_BEZ,32,2.1339
7BNH_BEZ,33,1.9083
7BNH_BEZ,34,2.1181
7BNH_BEZ,35,2.0066
7BNH_BEZ,36,2.2797
7BNH_BEZ,37,2.3746
7BNH_BEZ,38,2.0452
7BNH_BEZ,39,2.0781
7BNH_BEZ,4,3.3634
7BNH_BEZ,40,2.4209
7BNH_BEZ,41,3.0789
7BNH_BEZ,42,2.6395
7BNH_BEZ,43,1.4357
7BNH_BEZ,44,1.5896
7BNH_BEZ,45,0.8675
7BNH_BEZ,46,2.0346
7BNH_BEZ,47,1.3624
7BNH_BEZ,48,2.1516
7BNH_BEZ,49,3.1978
7BNH_BEZ,5,2.5038
7BNH_BEZ,50,3.1206
7BNH_BEZ,51,2.4706
7BNH_BEZ,52,1.2425
7BNH_BEZ,53,3.1173
7BNH_BEZ,54,2.0642
7BNH_BEZ,55,2.1866
7BNH_BEZ,56,1.4951
7BNH_BEZ,57,1.3418
7BNH_BEZ,58,2.1145
7BNH_BEZ,59,1.9671
7BNH_BEZ,6,1.9234
7BNH_BEZ,60,2.8401
7BNH_BEZ,61,2.6927
7BNH_BEZ,62,1.7866
7BNH_BEZ,63,1.7923
7BNH_BEZ,64,2.2762
7BNH_BEZ,65,1.4932
7BNH_BEZ,66,3.3368
7BNH_BEZ,67,1.6420
7BNH_BEZ,68,2.3170
7BNH_BEZ,69,1.3784
7BNH_BEZ,7,2.0475
7BNH_BEZ,70,1.5560
7BNH_BEZ,71,0.6961
7BNH_BEZ,72,1.6511
7BNH_BEZ,73,1.1679
7BNH_BEZ,74,0.8632
7BNH_BEZ,75,3.4981
7BNH_BEZ,76,2.7002
7BNH_BEZ,77,3.5584
7BNH_BEZ,78,3.4903
7BNH_BEZ,79,2.8800
7BNH_BEZ,8,1.5863
7BNH_BEZ,80,3.0474
7BNH_BEZ,81,1.6933
7BNH_BEZ,82,3.6085
7BNH_BEZ,83,2.8862
7BNH_BEZ,84,1.0358
7BNH_BEZ,85,1.2774
7BNH_BEZ,86,1.6793
7BNH_BEZ,87,1.6473
7BNH_BEZ,88,1.0945
7BNH_BEZ,89,1.5109
7BNH_BEZ,9,0.8520
7BNH_BEZ,90,2.0405
7BNH_BEZ,91,2.8328
7BNH_BEZ,92,3.3258
7BNH_BEZ,93,1.7906
7BNH_BEZ,94,1.4325
7BNH_BEZ,95,1.9945
7BNH_BEZ,96,3.4957
7BNH_BEZ,97,1.7990
7BNH_BEZ,98,1.5666
7BNH_BEZ,99,2.0434
7BTT_F8R,0,3.0969
7BTT_F8R,1,2.5566
7BTT_F8R,10,3.2275
7BTT_F8R,100,2.3019
7BTT_F8R,101,1.7180
7BTT_F8R,102,3.8446
7BTT_F8R,103,1.6477
7BTT_F8R,104,1.8732
7BTT_F8R,105,2.8648
7BTT_F8R,106,1.8841
7BTT_F8R,107,1.2394
7BTT_F8R,108,3.4543
7BTT_F8R,109,2.6802
7BTT_F8R,11,1.7167
7BTT_F8R,110,4.6012
7BTT_F8R,111,2.4500
7BTT_F8R,112,1.8751
7BTT_F8R,113,2.4985
7BTT_F8R,114,1.3446
7BTT_F8R,115,2.6220
7BTT_F8R,116,2.3175
7BTT_F8R,117,2.7471
7BTT_F8R,118,3.1506
7BTT_F8R,119,3.2662
7BTT_F8R,12,1.5915
7BTT_F8R,120,0.9963
7BTT_F8R,121,2.0091
7BTT_F8R,122,2.7215
7BTT_F8R,123,4.2547
7BTT_F8R,124,3.9280
7BTT_F8R,125,2.6891
7BTT_F8R,126,4.3366
7BTT_F8R,127,3.6863
7BTT_F8R,128,2.0975
7BTT_F8R,129,1.1261
7BTT_F8R,13,2.3396
7BTT_F8R,130,2.6456
7BTT_F8R,131,3.5382
7BTT_F8R,132,3.0316
7BTT_F8R,133,3.4782
7BTT_F8R,134,3.0787
7BTT_F8R,135,4.2004
7BTT_F8R,136,1.8075
7BTT_F8R,137,2.1520
7BTT_F8R,138,2.1748
7BTT_F8R,139,1.6411
7BTT_F8R,14,3.6304
7BTT_F8R,15,1.4692
7BTT_F8R,16,2.0699
7BTT_F8R,17,3.4457
7BTT_F8R,18,1.2521
7BTT_F8R,19,2.0606
7BTT_F8R,2,2.7331
7BTT_F8R,20,3.2628
7BTT_F8R,21,1.5494
7BTT_F8R,22,1.9390
7BTT_F8R,23,2.6948
7BTT_F8R,24,1.9814
7BTT_F8R,25,3.4854
7BTT_F8R,26,2.0205
7BTT_F8R,27,2.6778
7BTT_F8R,28,4.5623
7BTT_F8R,29,2.5629
7BTT_F8R,3,1.5466
7BTT_F8R,30,3.6080
7BTT_F8R,31,2.4688
7BTT_F8R,32,4.1554
7BTT_F8R,33,2.6726
7BTT_F8R,34,2.1323
7BTT_F8R,35,2.4142
7BTT_F8R,36,1.3226
7BTT_F8R,37,1.9686
7BTT_F8R,38,2.4621
7BTT_F8R,39,2.3216
7BTT_F8R,4,4.3324
7BTT_F8R,40,3.5523
7BTT_F8R,41,1.9515
7BTT_F8R,42,4.9947
7BTT_F8R,43,2.8711
7BTT_F8R,44,1.9722
7BTT_F8R,45,3.1154
7BTT_F8R,46,2.9308
7BTT_F8R,47,2.3053
7BTT_F8R,48,2.4838
7BTT_F8R,49,2.1474
7BTT_F8R,5,2.6784
7BTT_F8R,50,1.5895
7BTT_F8R,51,3.6948
7BTT_F8R,52,2.0104
7BTT_F8R,53,3.7733
7BTT_F8R,54,4.1578
7BTT_F8R,55,4.6433
7BTT_F8R,56,4.3861
7BTT_F8R,57,2.2951
7BTT_F8R,58,2.7427
7BTT_F8R,59,1.7999
7BTT_F8R,6,4.6785
7BTT_F8R,60,3.8213
7BTT_F8R,61,4.8509
7BTT_F8R,62,2.0716
7BTT_F8R,63,3.0500
7BTT_F8R,64,2.7601
7BTT_F8R,65,2.4316
7BTT_F8R,66,2.8162
7BTT_F8R,67,1.7916
7BTT_F8R,68,2.6773
7BTT_F8R,69,2.2250
7BTT_F8R,7,2.4930
7BTT_F8R,70,3.1685
7BTT_F8R,71,2.5335
7BTT_F8R,72,3.1825
7BTT_F8R,73,2.4973
7BTT_F8R,74,4.1451
7BTT_F8R,75,4.4320
7BTT_F8R,76,4.0116
7BTT_F8R,77,3.8966
7BTT_F8R,78,1.1058
7BTT_F8R,79,2.7652
7BTT_F8R,8,2.6518
7BTT_F8R,80,0.8444
7BTT_F8R,81,2.5321
7BTT_F8R,82,4.1167
7BTT_F8R,83,2.5207
7BTT_F8R,84,2.0681
7BTT_F8R,85,2.8822
7BTT_F8R,86,2.9235
7BTT_F8R,87,1.8395
7BTT_F8R,88,3.8008
7BTT_F8R,89,3.3557
7BTT_F8R,9,1.9056
7BTT_F8R,90,2.6703
7BTT_F8R,91,1.5631
7BTT_F8R,92,1.9258
7BTT_F8R,93,2.7670
7BTT_F8R,94,2.9891
7BTT_F8R,95,1.7707
7BTT_F8R,96,2.2167
7BTT_F8R,97,2.7918
7BTT_F8R,98,2.5442
7BTT_F8R,99,3.6820
7C0U_FGO,0,9.8940
7C0U_FGO,1,2.7115
7C0U_FGO,10,3.2157
7C0U_FGO,100,10.2561
7C0U_FGO,101,9.4762
7C0U_FGO,102,10.5552
7C0U_FGO,103,10.3796
7C0U_FGO,104,9.6615
7C0U_FGO,105,10.7588
7C0U_FGO,106,9.7239
7C0U_FGO,107,10.3107
7C0U_FGO,108,10.7178
7C0U_FGO,109,2.0507
7C0U_FGO,11,10.3735
7C0U_FGO,110,3.7131
7C0U_FGO,111,9.5527
7C0U_FGO,112,10.6867
7C0U_FGO,113,10.8160
7C0U_FGO,114,10.1154
7C0U_FGO,115,10.7776
7C0U_FGO,116,1.8219
7C0U_FGO,117,3.6343
7C0U_FGO,118,10.4456
7C0U_FGO,119,10.3930
7C0U_FGO,12,3.1138
7C0U_FGO,120,3.2719
7C0U_FGO,121,2.6879
7C0U_FGO,122,10.3831
7C0U_FGO,123,9.0925
7C0U_FGO,124,10.1261
7C0U_FGO,125,10.6418
7C0U_FGO,126,10.5943
7C0U_FGO,127,10.3929
7C0U_FGO,128,2.8571
7C0U_FGO,129,10.3888
7C0U_FGO,13,10.8244
7C0U_FGO,130,10.7714
7C0U_FGO,131,8.8744
7C0U_FGO,132,5.1462
7C0U_FGO,133,10.0949
7C0U_FGO,134,10.6068
7C0U_FGO,135,9.5442
7C0U_FGO,136,10.4701
7C0U_FGO,137,3.0315
7C0U_FGO,138,10.7668
7C0U_FGO,139,9.7495
7C0U_FGO,14,10.9088
7C0U_FGO,15,5.0974
7C0U_FGO,16,3.4911
7C0U_FGO,17,2.5389
7C0U_FGO,18,3.1050
7C0U_FGO,19,9.9240
7C0U_FGO,2,9.4597
7C0U_FGO,20,10.2848
7C0U_FGO,21,10.7400
7C0U_FGO,22,3.4485
7C0U_FGO,23,10.6091
7C0U_FGO,24,9.6234
7C0U_FGO,25,10.3471
7C0U_FGO,26,5.0373
7C0U_FGO,27,2.4186
7C0U_FGO,28,9.3274
7C0U_FGO,29,10.3297
7C0U_FGO,3,2.4036
7C0U_FGO,30,8.8228
7C0U_FGO,31,3.4805
7C0U_FGO,32,10.7550
7C0U_FGO,33,9.0610
7C0U_FGO,34,9.6339
7C0U_FGO,35,9.0973
7C0U_FGO,36,10.7367
7C0U_FGO,37,9.7826
7C0U_FGO,38,9.2316
7C0U_FGO,39,10.7673
7C0U_FGO,4,2.0006
7C0U_FGO,40,10.7160
7C0U_FGO,41,10.3497
7C0U_FGO,42,3.3215
7C0U_FGO,43,10.5910
7C0U_FGO,44,10.4494
7C0U_FGO,45,10.6388
7C0U_FGO,46,4.7401
7C0U_FGO,47,10.7676
7C0U_FGO,48,10.5590
7C0U_FGO,49,9.7346
7C0U_FGO,5,9.3698
7C0U_FGO,50,10.6178
7C0U_FGO,51,10.7547
7C0U_FGO,52,10.5645
7C0U_FGO,53,10.6087
7C0U_FGO,54,3.8395
7C0U_FGO,55,10.2492
7C0U_FGO,56,3.4559
7C0U_FGO,57,4.5793
7C0U_FGO,58,10.5832
7C0U_FGO,59,9.3663
7C0U_FGO,6,9.3292
7C0U_FGO,60,10.2694
7C0U_FGO,61,10.5462
7C0U_FGO,62,10.4265
7C0U_FGO,63,3.8631
7C0U_FGO,64,9.2420
7C0U_FGO,65,10.4008
7C0U_FGO,66,9.1353
7C0U_FGO,67,10.3741
7C0U_FGO,68,10.4862
7C0U_FGO,69,10.5452
7C0U_FGO,7,10.8612
7C0U_FGO,70,9.6046
7C0U_FGO,71,10.7396
7C0U_FGO,72,10.2629
7C0U_FGO,73,3.7480
7C0U_FGO,74,10.6628
7C0U_FGO,75,10.3215
7C0U_FGO,76,10.2595
7C0U_FGO,77,3.1694
7C0U_FGO,78,10.2564
7C0U_FGO,79,10.7275
7C0U_FGO,8,2.7204
7C0U_FGO,80,1.9112
7C0U_FGO,81,3.4718
7C0U_FGO,82,10.7063
7C0U_FGO,83,10.6008
7C0U_FGO,84,3.2552
7C0U_FGO,85,10.7348
7C0U_FGO,86,10.1824
7C0U_FGO,87,10.7436
7C0U_FGO,88,10.3505
7C0U_FGO,89,2.9126
7C0U_FGO,9,10.7962
7C0U_FGO,90,8.6799
7C0U_FGO,91,9.1043
7C0U_FGO,92,2.7675
7C0U_FGO,93,10.4495
7C0U_FGO,94,3.2167
7C0U_FGO,95,8.9798
7C0U_FGO,96,10.4607
7C0U_FGO,97,9.2792
7C0U_FGO,98,10.9046
7C0U_FGO,99,10.7416
7C3U_AZG,0,4.2074
7C3U_AZG,1,4.1736
7C3U_AZG,10,3.3682
7C3U_AZG,100,4.1992
7C3U_AZG,101,4.0830
7C3U_AZG,102,3.3547
7C3U_AZG,103,3.1755
7C3U_AZG,104,4.0990
7C3U_AZG,105,3.3556
7C3U_AZG,106,3.3688
7C3U_AZG,107,3.3298
7C3U_AZG,108,4.1682
7C3U_AZG,109,1.1614
7C3U_AZG,11,4.1046
7C3U_AZG,110,4.1137
7C3U_AZG,111,3.3476
7C3U_AZG,112,4.1655
7C3U_AZG,113,3.3561
7C3U_AZG,114,4.0912
7C3U_AZG,115,3.3369
7C3U_AZG,116,3.2562
7C3U_AZG,117,3.3508
7C3U_AZG,118,4.1968
7C3U_AZG,119,4.2094
7C3U_AZG,12,3.3582
7C3U_AZG,120,3.9782
7C3U_AZG,121,3.2724
7C3U_AZG,122,3.3441
7C3U_AZG,123,3.3412
7C3U_AZG,124,2.9332
7C3U_AZG,125,3.3633
7C3U_AZG,126,4.1528
7C3U_AZG,127,4.1326
7C3U_AZG,128,3.2751
7C3U_AZG,129,4.1492
7C3U_AZG,13,3.3723
7C3U_AZG,130,4.0286
7C3U_AZG,131,4.1936
7C3U_AZG,132,4.1323
7C3U_AZG,133,3.2059
7C3U_AZG,134,3.8842
7C3U_AZG,135,2.5407
7C3U_AZG,136,4.0745
7C3U_AZG,137,3.3707
7C3U_AZG,138,4.1610
7C3U_AZG,139,3.8948
7C3U_AZG,14,3.3083
7C3U_AZG,15,3.3429
7C3U_AZG,16,4.0902
7C3U_AZG,17,4.1873
7C3U_AZG,18,3.1362
7C3U_AZG,19,3.5304
7C3U_AZG,2,4.1891
7C3U_AZG,20,4.2173
7C3U_AZG,21,3.3590
7C3U_AZG,22,3.0864
7C3U_AZG,23,4.1545
7C3U_AZG,24,4.2338
7C3U_AZG,25,3.3444
7C3U_AZG,26,3.9947
7C3U_AZG,27,3.3364
7C3U_AZG,28,3.3853
7C3U_AZG,29,2.8651
7C3U_AZG,3,3.2438
7C3U_AZG,30,3.3591
7C3U_AZG,31,4.1918
7C3U_AZG,32,3.3700
7C3U_AZG,33,3.3576
7C3U_AZG,34,4.2095
7C3U_AZG,35,3.3006
7C3U_AZG,36,3.2105
7C3U_AZG,37,3.0701
7C3U_AZG,38,3.9649
7C3U_AZG,39,3.3749
7C3U_AZG,4,3.2943
7C3U_AZG,40,4.1597
7C3U_AZG,41,3.3408
7C3U_AZG,42,2.9212
7C3U_AZG,43,4.1805
7C3U_AZG,44,3.2123
7C3U_AZG,45,3.3538
7C3U_AZG,46,3.9738
7C3U_AZG,47,3.3255
7C3U_AZG,48,4.2006
7C3U_AZG,49,3.3470
7C3U_AZG,5,2.9030
7C3U_AZG,50,3.3425
7C3U_AZG,51,3.3403
7C3U_AZG,52,3.2927
7C3U_AZG,53,3.3522
7C3U_AZG,54,1.0795
7C3U_AZG,55,4.1893
7C3U_AZG,56,0.4660
7C3U_AZG,57,3.3348
7C3U_AZG,58,4.0482
7C3U_AZG,59,3.3181
7C3U_AZG,6,3.3657
7C3U_AZG,60,1.4740
7C3U_AZG,61,4.0975
7C3U_AZG,62,2.8166
7C3U_AZG,63,4.1677
7C3U_AZG,64,3.4256
7C3U_AZG,65,3.6311
7C3U_AZG,66,2.5614
7C3U_AZG,67,2.8916
7C3U_AZG,68,4.0313
7C3U_AZG,69,4.1778
7C3U_AZG,7,4.0142
7C3U_AZG,70,4.2016
7C3U_AZG,71,4.0923
7C3U_AZG,72,4.2060
7C3U_AZG,73,3.1997
7C3U_AZG,74,4.1857
7C3U_AZG,75,3.3551
7C3U_AZG,76,3.3625
7C3U_AZG,77,4.1995
7C3U_AZG,78,3.3053
7C3U_AZG,79,4.1859
7C3U_AZG,8,3.3403
7C3U_AZG,80,2.9248
7C3U_AZG,81,4.1828
7C3U_AZG,82,4.1959
7C3U_AZG,83,2.7972
7C3U_AZG,84,4.1870
7C3U_AZG,85,4.1088
7C3U_AZG,86,3.3612
7C3U_AZG,87,3.3410
7C3U_AZG,88,4.1533
7C3U_AZG,89,4.2335
7C3U_AZG,9,3.3597
7C3U_AZG,90,3.3586
7C3U_AZG,91,4.1049
7C3U_AZG,92,4.1830
7C3U_AZG,93,4.1701
7C3U_AZG,94,4.1395
7C3U_AZG,95,3.3846
7C3U_AZG,96,3.3337
7C3U_AZG,97,3.3613
7C3U_AZG,98,4.0455
7C3U_AZG,99,4.1600
7C8Q_DSG,0,3.8527
7C8Q_DSG,1,2.1255
7C8Q_DSG,10,3.8357
7C8Q_DSG,100,1.8454
7C8Q_DSG,101,3.9191
7C8Q_DSG,102,3.1817
7C8Q_DSG,103,2.0429
7C8Q_DSG,104,3.6155
7C8Q_DSG,105,3.6884
7C8Q_DSG,106,2.6978
7C8Q_DSG,107,1.5141
7C8Q_DSG,108,3.9252
7C8Q_DSG,109,3.6619
7C8Q_DSG,11,3.1096
7C8Q_DSG,110,1.9638
7C8Q_DSG,111,3.9422
7C8Q_DSG,112,3.7331
7C8Q_DSG,113,1.5362
7C8Q_DSG,114,3.3422
7C8Q_DSG,115,3.7651
7C8Q_DSG,116,2.0088
7C8Q_DSG,117,2.2864
7C8Q_DSG,118,2.1234
7C8Q_DSG,119,2.1656
7C8Q_DSG,12,1.4047
7C8Q_DSG,120,1.3253
7C8Q_DSG,121,3.5488
7C8Q_DSG,122,3.3934
7C8Q_DSG,123,3.7763
7C8Q_DSG,124,2.3973
7C8Q_DSG,125,3.5313
7C8Q_DSG,126,3.1212
7C8Q_DSG,127,3.4468
7C8Q_DSG,128,3.0675
7C8Q_DSG,129,1.8627
7C8Q_DSG,13,2.7930
7C8Q_DSG,130,2.0246
7C8Q_DSG,131,3.4186
7C8Q_DSG,132,2.8841
7C8Q_DSG,133,1.6563
7C8Q_DSG,134,1.8531
7C8Q_DSG,135,3.8707
7C8Q_DSG,136,3.7823
7C8Q_DSG,137,1.9117
7C8Q_DSG,138,1.5932
7C8Q_DSG,139,3.8698
7C8Q_DSG,14,1.8137
7C8Q_DSG,15,2.3285
7C8Q_DSG,16,3.3866
7C8Q_DSG,17,3.3398
7C8Q_DSG,18,3.3228
7C8Q_DSG,19,3.9416
7C8Q_DSG,2,2.4022
7C8Q_DSG,20,3.5190
7C8Q_DSG,21,3.6508
7C8Q_DSG,22,2.4168
7C8Q_DSG,23,1.3602
7C8Q_DSG,24,3.8399
7C8Q_DSG,25,3.6700
7C8Q_DSG,26,3.7470
7C8Q_DSG,27,3.2487
7C8Q_DSG,28,3.7958
7C8Q_DSG,29,3.5909
7C8Q_DSG,3,3.8588
7C8Q_DSG,30,1.9415
7C8Q_DSG,31,2.9420
7C8Q_DSG,32,3.1208
7C8Q_DSG,33,3.5778
7C8Q_DSG,34,1.7829
7C8Q_DSG,35,1.5847
7C8Q_DSG,36,1.9321
7C8Q_DSG,37,3.8273
7C8Q_DSG,38,3.5855
7C8Q_DSG,39,3.1303
7C8Q_DSG,4,3.6378
7C8Q_DSG,40,2.2964
7C8Q_DSG,41,1.1717
7C8Q_DSG,42,3.0099
7C8Q_DSG,43,3.9003
7C8Q_DSG,44,2.4598
7C8Q_DSG,45,1.8254
7C8Q_DSG,46,2.1874
7C8Q_DSG,47,1.5330
7C8Q_DSG,48,3.6043
7C8Q_DSG,49,2.8963
7C8Q_DSG,5,2.9439
7C8Q_DSG,50,4.0322
7C8Q_DSG,51,2.2838
7C8Q_DSG,52,1.8128
7C8Q_DSG,53,2.1912
7C8Q_DSG,54,3.6033
7C8Q_DSG,55,2.7733
7C8Q_DSG,56,3.8919
7C8Q_DSG,57,2.2827
7C8Q_DSG,58,1.3585
7C8Q_DSG,59,1.3872
7C8Q_DSG,6,2.7679
7C8Q_DSG,60,1.4480
7C8Q_DSG,61,3.4513
7C8Q_DSG,62,1.8101
7C8Q_DSG,63,1.6797
7C8Q_DSG,64,3.7077
7C8Q_DSG,65,3.1205
7C8Q_DSG,66,3.8148
7C8Q_DSG,67,1.4530
7C8Q_DSG,68,3.8121
7C8Q_DSG,69,2.8672
7C8Q_DSG,7,1.7877
7C8Q_DSG,70,3.4120
7C8Q_DSG,71,2.6227
7C8Q_DSG,72,3.8420
7C8Q_DSG,73,1.2790
7C8Q_DSG,74,1.5577
7C8Q_DSG,75,1.7883
7C8Q_DSG,76,1.5623
7C8Q_DSG,77,1.8970
7C8Q_DSG,78,3.3765
7C8Q_DSG,79,1.9736
7C8Q_DSG,8,3.6388
7C8Q_DSG,80,1.4654
7C8Q_DSG,81,3.4821
7C8Q_DSG,82,2.9014
7C8Q_DSG,83,1.9029
7C8Q_DSG,84,3.7804
7C8Q_DSG,85,3.5551
7C8Q_DSG,86,3.0719
7C8Q_DSG,87,3.8368
7C8Q_DSG,88,2.0753
7C8Q_DSG,89,2.5254
7C8Q_DSG,9,3.2202
7C8Q_DSG,90,3.2842
7C8Q_DSG,91,1.7794
7C8Q_DSG,92,3.7881
7C8Q_DSG,93,2.9023
7C8Q_DSG,94,3.6593
7C8Q_DSG,95,1.8475
7C8Q_DSG,96,2.9950
7C8Q_DSG,97,3.1810
7C8Q_DSG,98,2.0905
7C8Q_DSG,99,1.1806
7CD9_FVR,0,7.1705
7CD9_FVR,1,7.4566
7CD9_FVR,10,7.5968
7CD9_FVR,100,7.6370
7CD9_FVR,101,5.8493
7CD9_FVR,102,7.4675
7CD9_FVR,102,7.4347
7CD9_FVR,103,7.1121
7CD9_FVR,104,7.7148
7CD9_FVR,105,7.3443
7CD9_FVR,106,7.2057
7CD9_FVR,107,8.1877
7CD9_FVR,108,7.5964
7CD9_FVR,109,8.0344
7CD9_FVR,11,6.8456
7CD9_FVR,110,7.0286
7CD9_FVR,111,7.7492
7CD9_FVR,112,5.9157
7CD9_FVR,113,7.3458
7CD9_FVR,114,7.1461
7CD9_FVR,115,7.6477
7CD9_FVR,116,7.6126
7CD9_FVR,117,7.5467
7CD9_FVR,118,7.4292
7CD9_FVR,119,7.4509
7CD9_FVR,12,7.6101
7CD9_FVR,120,7.1507
7CD9_FVR,121,7.5544
7CD9_FVR,122,7.3006
7CD9_FVR,123,7.0820
7CD9_FVR,124,6.4018
7CD9_FVR,125,7.1277
7CD9_FVR,126,7.8263
7CD9_FVR,127,7.3906
7CD9_FVR,128,6.9810
7CD9_FVR,129,7.6118
7CD9_FVR,13,7.0471
7CD9_FVR,130,7.5958
7CD9_FVR,131,7.4959
7CD9_FVR,132,8.3151
7CD9_FVR,133,6.6228
7CD9_FVR,134,7.6406
7CD9_FVR,135,7.8152
7CD9_FVR,136,6.8706
7CD9_FVR,137,7.5875
7CD9_FVR,138,7.1813
7CD9_FVR,139,8.0614
7CD9_FVR,14,5.8692
7CD9_FVR,15,7.6113
7CD9_FVR,16,8.0377
7CD9_FVR,17,7.0368
7CD9_FVR,18,7.7212
7CD9_FVR,19,7.0097
7CD9_FVR,2,5.9348
7CD9_FVR,20,7.6095
7CD9_FVR,21,6.1187
7CD9_FVR,22,6.8149
7CD9_FVR,23,7.2261
7CD9_FVR,24,7.4383
7CD9_FVR,25,7.3969
7CD9_FVR,26,7.5493
7CD9_FVR,27,7.2961
7CD9_FVR,28,6.9052
7CD9_FVR,29,7.4426
7CD9_FVR,3,7.2936
7CD9_FVR,30,6.6274
7CD9_FVR,31,7.0743
7CD9_FVR,32,7.6527
7CD9_FVR,33,7.1217
7CD9_FVR,34,7.4910
7CD9_FVR,35,7.4079
7CD9_FVR,36,6.9320
7CD9_FVR,37,7.1295
7CD9_FVR,38,7.4593
7CD9_FVR,39,7.2125
7CD9_FVR,4,7.6065
7CD9_FVR,40,6.9319
7CD9_FVR,41,7.9544
7CD9_FVR,42,6.8548
7CD9_FVR,43,7.0979
7CD9_FVR,44,6.8513
7CD9_FVR,45,5.7306
7CD9_FVR,46,7.5196
7CD9_FVR,47,6.1961
7CD9_FVR,48,7.3998
7CD9_FVR,49,7.1950
7CD9_FVR,5,7.5215
7CD9_FVR,50,7.2863
7CD9_FVR,51,7.4074
7CD9_FVR,52,7.1485
7CD9_FVR,53,7.1156
7CD9_FVR,54,7.2081
7CD9_FVR,55,6.6349
7CD9_FVR,56,7.0937
7CD9_FVR,57,7.5017
7CD9_FVR,58,7.5362
7CD9_FVR,59,5.7265
7CD9_FVR,6,5.8639
7CD9_FVR,60,7.1378
7CD9_FVR,61,7.2933
7CD9_FVR,62,7.2421
7CD9_FVR,63,4.9759
7CD9_FVR,64,7.4997
7CD9_FVR,65,5.7962
7CD9_FVR,66,6.4272
7CD9_FVR,67,6.8013
7CD9_FVR,68,7.8854
7CD9_FVR,69,7.6915
7CD9_FVR,7,6.2349
7CD9_FVR,70,7.1325
7CD9_FVR,71,7.2709
7CD9_FVR,72,7.0175
7CD9_FVR,73,7.1326
7CD9_FVR,74,7.7244
7CD9_FVR,75,7.9048
7CD9_FVR,76,6.7093
7CD9_FVR,77,7.4741
7CD9_FVR,78,6.9017
7CD9_FVR,79,7.9093
7CD9_FVR,8,7.5380
7CD9_FVR,80,7.5232
7CD9_FVR,81,7.5501
7CD9_FVR,82,7.7605
7CD9_FVR,83,7.3698
7CD9_FVR,84,5.9637
7CD9_FVR,85,7.4156
7CD9_FVR,86,7.3793
7CD9_FVR,87,6.4919
7CD9_FVR,88,6.7978
7CD9_FVR,89,7.2337
7CD9_FVR,9,7.6197
7CD9_FVR,90,7.5352
7CD9_FVR,91,6.9553
7CD9_FVR,92,7.5584
7CD9_FVR,93,7.6707
7CD9_FVR,94,6.7923
7CD9_FVR,95,7.6759
7CD9_FVR,96,7.5775
7CD9_FVR,97,6.7929
7CD9_FVR,98,7.7025
7CD9_FVR,99,6.1307
7CIJ_G0C,0,1.2215
7CIJ_G0C,1,0.7636
7CIJ_G0C,10,5.3209
7CIJ_G0C,100,5.3815
7CIJ_G0C,101,5.2232
7CIJ_G0C,102,5.6784
7CIJ_G0C,103,1.0340
7CIJ_G0C,104,5.3509
7CIJ_G0C,105,1.1841
7CIJ_G0C,106,5.3409
7CIJ_G0C,107,5.7678
7CIJ_G0C,108,5.7733
7CIJ_G0C,109,1.8191
7CIJ_G0C,11,5.6355
7CIJ_G0C,110,5.3152
7CIJ_G0C,111,5.3703
7CIJ_G0C,112,1.2241
7CIJ_G0C,113,1.0250
7CIJ_G0C,114,5.7014
7CIJ_G0C,115,5.6656
7CIJ_G0C,116,1.1011
7CIJ_G0C,117,1.8130
7CIJ_G0C,118,5.8351
7CIJ_G0C,119,1.3262
7CIJ_G0C,12,1.0251
7CIJ_G0C,120,5.7094
7CIJ_G0C,121,5.3659
7CIJ_G0C,122,5.6041
7CIJ_G0C,123,5.6050
7CIJ_G0C,124,5.6212
7CIJ_G0C,125,1.8784
7CIJ_G0C,126,5.6523
7CIJ_G0C,127,5.8338
7CIJ_G0C,128,1.3721
7CIJ_G0C,129,1.0784
7CIJ_G0C,13,5.3991
7CIJ_G0C,130,5.4045
7CIJ_G0C,131,1.3712
7CIJ_G0C,132,5.5333
7CIJ_G0C,133,5.5293
7CIJ_G0C,134,1.2512
7CIJ_G0C,135,5.7797
7CIJ_G0C,136,5.5680
7CIJ_G0C,137,5.5006
7CIJ_G0C,138,5.5049
7CIJ_G0C,139,1.4782
7CIJ_G0C,14,5.5426
7CIJ_G0C,15,1.9535
7CIJ_G0C,16,1.1700
7CIJ_G0C,17,1.2792
7CIJ_G0C,18,5.5684
7CIJ_G0C,19,0.8332
7CIJ_G0C,2,1.1924
7CIJ_G0C,20,5.4147
7CIJ_G0C,21,5.6299
7CIJ_G0C,22,5.6137
7CIJ_G0C,23,5.2939
7CIJ_G0C,24,5.2583
7CIJ_G0C,25,1.1064
7CIJ_G0C,26,1.9875
7CIJ_G0C,27,5.7300
7CIJ_G0C,28,5.6831
7CIJ_G0C,29,1.1280
7CIJ_G0C,3,5.5079
7CIJ_G0C,30,5.3248
7CIJ_G0C,31,5.6437
7CIJ_G0C,32,5.6806
7CIJ_G0C,33,5.6931
7CIJ_G0C,34,5.5892
7CIJ_G0C,35,5.6697
7CIJ_G0C,36,5.5964
7CIJ_G0C,37,1.1662
7CIJ_G0C,38,5.5732
7CIJ_G0C,39,1.3973
7CIJ_G0C,4,1.1278
7CIJ_G0C,40,5.6447
7CIJ_G0C,41,0.7707
7CIJ_G0C,42,1.1913
7CIJ_G0C,43,5.8637
7CIJ_G0C,44,1.0660
7CIJ_G0C,45,1.4430
7CIJ_G0C,46,5.5731
7CIJ_G0C,47,5.5130
7CIJ_G0C,48,1.0967
7CIJ_G0C,49,5.7664
7CIJ_G0C,5,5.6187
7CIJ_G0C,50,1.2775
7CIJ_G0C,51,5.8577
7CIJ_G0C,52,5.6947
7CIJ_G0C,53,5.0721
7CIJ_G0C,54,5.8948
7CIJ_G0C,55,1.1806
7CIJ_G0C,56,5.5561
7CIJ_G0C,57,5.4594
7CIJ_G0C,58,5.8454
7CIJ_G0C,59,1.0911
7CIJ_G0C,6,1.3740
7CIJ_G0C,60,1.0263
7CIJ_G0C,61,5.7325
7CIJ_G0C,62,5.6929
7CIJ_G0C,63,5.6901
7CIJ_G0C,64,1.1251
7CIJ_G0C,65,5.7287
7CIJ_G0C,66,1.7428
7CIJ_G0C,67,5.5853
7CIJ_G0C,68,5.3312
7CIJ_G0C,69,5.3970
7CIJ_G0C,7,5.7886
7CIJ_G0C,70,5.6885
7CIJ_G0C,71,1.0548
7CIJ_G0C,72,5.6833
7CIJ_G0C,73,5.1874
7CIJ_G0C,74,5.8015
7CIJ_G0C,75,5.5420
7CIJ_G0C,76,5.5984
7CIJ_G0C,77,1.7648
7CIJ_G0C,78,5.7059
7CIJ_G0C,79,5.4753
7CIJ_G0C,8,5.3715
7CIJ_G0C,80,5.5422
7CIJ_G0C,81,0.7021
7CIJ_G0C,82,5.6940
7CIJ_G0C,83,5.7018
7CIJ_G0C,84,5.4931
7CIJ_G0C,85,0.9344
7CIJ_G0C,86,1.2328
7CIJ_G0C,87,5.6430
7CIJ_G0C,88,5.7689
7CIJ_G0C,89,5.7981
7CIJ_G0C,9,5.8222
7CIJ_G0C,90,5.6249
7CIJ_G0C,91,5.5037
7CIJ_G0C,92,1.1015
7CIJ_G0C,93,1.2248
7CIJ_G0C,94,1.2245
7CIJ_G0C,95,5.6045
7CIJ_G0C,96,1.0799
7CIJ_G0C,97,5.8262
7CIJ_G0C,98,0.8765
7CIJ_G0C,99,1.0906
7CL8_TES,0,6.6015
7CL8_TES,1,6.2977
7CL8_TES,10,6.4605
7CL8_TES,100,6.4643
7CL8_TES,101,6.0674
7CL8_TES,102,6.6116
7CL8_TES,103,0.6674
7CL8_TES,104,6.2793
7CL8_TES,105,6.3087
7CL8_TES,106,6.5243
7CL8_TES,107,6.3128
7CL8_TES,108,6.3164
7CL8_TES,109,6.3020
7CL8_TES,11,6.5809
7CL8_TES,110,6.6212
7CL8_TES,110,6.5896
7CL8_TES,111,6.3067
7CL8_TES,112,1.9745
7CL8_TES,113,6.3342
7CL8_TES,114,6.4124
7CL8_TES,115,6.5958
7CL8_TES,116,0.8737
7CL8_TES,117,6.6048
7CL8_TES,118,6.5888
7CL8_TES,119,6.1048
7CL8_TES,12,6.3540
7CL8_TES,120,6.3401
7CL8_TES,121,6.4676
7CL8_TES,122,6.3214
7CL8_TES,123,6.5543
7CL8_TES,124,6.3130
7CL8_TES,125,6.5832
7CL8_TES,126,6.4905
7CL8_TES,127,6.3317
7CL8_TES,128,6.5876
7CL8_TES,129,6.5982
7CL8_TES,13,6.4851
7CL8_TES,130,6.3200
7CL8_TES,131,6.5829
7CL8_TES,132,6.4677
7CL8_TES,133,6.2165
7CL8_TES,133,6.2295
7CL8_TES,134,6.4008
7CL8_TES,135,2.8105
7CL8_TES,136,6.3220
7CL8_TES,137,6.4776
7CL8_TES,138,6.4771
7CL8_TES,139,6.3014
7CL8_TES,14,6.3442
7CL8_TES,15,6.3027
7CL8_TES,16,6.3181
7CL8_TES,17,6.3055
7CL8_TES,18,6.3180
7CL8_TES,19,6.6047
7CL8_TES,2,6.1771
7CL8_TES,20,6.4264
7CL8_TES,21,6.1747
7CL8_TES,22,6.5606
7CL8_TES,23,6.3706
7CL8_TES,24,6.5470
7CL8_TES,25,6.5082
7CL8_TES,26,6.6134
7CL8_TES,26,6.3195
7CL8_TES,27,6.5628
7CL8_TES,28,6.3637
7CL8_TES,29,6.5689
7CL8_TES,3,6.2946
7CL8_TES,30,6.2903
7CL8_TES,31,6.2492
7CL8_TES,32,6.6256
7CL8_TES,33,6.4449
7CL8_TES,34,6.2000
7CL8_TES,35,6.6079
7CL8_TES,36,6.6205
7CL8_TES,37,6.3321
7CL8_TES,38,6.3293
7CL8_TES,39,6.5418
7CL8_TES,4,5.9274
7CL8_TES,40,6.5812
7CL8_TES,41,6.3220
7CL8_TES,42,3.4853
7CL8_TES,43,6.3144
7CL8_TES,44,6.5533
7CL8_TES,45,6.4333
7CL8_TES,46,6.3054
7CL8_TES,47,6.4330
7CL8_TES,48,0.8348
7CL8_TES,49,6.5903
7CL8_TES,5,6.5867
7CL8_TES,50,6.3044
7CL8_TES,51,6.3889
7CL8_TES,52,6.1875
7CL8_TES,53,6.4091
7CL8_TES,54,6.6081
7CL8_TES,55,6.6199
7CL8_TES,56,6.6153
7CL8_TES,57,6.3260
7CL8_TES,58,6.2938
7CL8_TES,59,6.3229
7CL8_TES,6,6.3427
7CL8_TES,60,6.3310
7CL8_TES,61,6.4269
7CL8_TES,62,6.4083
7CL8_TES,63,6.4344
7CL8_TES,64,6.4703
7CL8_TES,65,6.6035
7CL8_TES,66,6.5454
7CL8_TES,67,6.5838
7CL8_TES,68,6.2890
7CL8_TES,69,6.5977
7CL8_TES,7,6.3228
7CL8_TES,70,6.3139
7CL8_TES,71,6.3624
7CL8_TES,72,6.4477
7CL8_TES,73,6.2969
7CL8_TES,74,6.2818
7CL8_TES,75,6.2940
7CL8_TES,76,6.6047
7CL8_TES,77,6.5856
7CL8_TES,78,6.1563
7CL8_TES,79,6.3509
7CL8_TES,8,6.6163
7CL8_TES,80,6.6047
7CL8_TES,81,6.6078
7CL8_TES,82,6.2557
7CL8_TES,83,6.5721
7CL8_TES,84,6.6097
7CL8_TES,85,6.6089
7CL8_TES,86,6.4105
7CL8_TES,87,6.6479
7CL8_TES,88,6.4419
7CL8_TES,89,6.4337
7CL8_TES,9,6.3273
7CL8_TES,90,6.3316
7CL8_TES,91,6.1600
7CL8_TES,92,1.0376
7CL8_TES,93,2.6432
7CL8_TES,94,6.5689
7CL8_TES,95,6.5825
7CL8_TES,96,6.5926
7CL8_TES,97,6.4456
7CL8_TES,98,6.4567
7CL8_TES,99,6.5569
7CNQ_G8X,0,1.9062
7CNQ_G8X,1,1.4195
7CNQ_G8X,10,1.5625
7CNQ_G8X,100,1.9222
7CNQ_G8X,101,2.1592
7CNQ_G8X,102,2.0254
7CNQ_G8X,103,2.1779
7CNQ_G8X,104,2.0434
7CNQ_G8X,105,1.0581
7CNQ_G8X,106,2.2347
7CNQ_G8X,107,2.0939
7CNQ_G8X,108,2.0446
7CNQ_G8X,109,1.6602
7CNQ_G8X,11,2.1577
7CNQ_G8X,110,1.9293
7CNQ_G8X,111,1.9041
7CNQ_G8X,112,1.9711
7CNQ_G8X,113,1.2944
7CNQ_G8X,114,2.4262
7CNQ_G8X,115,2.0421
7CNQ_G8X,116,1.3935
7CNQ_G8X,117,1.6557
7CNQ_G8X,118,1.9904
7CNQ_G8X,119,1.8736
7CNQ_G8X,12,2.1399
7CNQ_G8X,120,2.2014
7CNQ_G8X,121,1.9148
7CNQ_G8X,122,2.0297
7CNQ_G8X,123,2.1524
7CNQ_G8X,124,2.2661
7CNQ_G8X,125,2.2379
7CNQ_G8X,126,2.1265
7CNQ_G8X,127,1.9158
7CNQ_G8X,128,2.2009
7CNQ_G8X,129,1.8640
7CNQ_G8X,13,2.0038
7CNQ_G8X,130,1.8573
7CNQ_G8X,131,1.7359
7CNQ_G8X,132,2.2216
7CNQ_G8X,133,1.7312
7CNQ_G8X,134,2.1441
7CNQ_G8X,135,1.4893
7CNQ_G8X,136,2.0896
7CNQ_G8X,137,1.2605
7CNQ_G8X,138,1.9010
7CNQ_G8X,139,1.7303
7CNQ_G8X,14,1.2929
7CNQ_G8X,15,1.9750
7CNQ_G8X,16,1.5500
7CNQ_G8X,17,2.1795
7CNQ_G8X,18,2.1324
7CNQ_G8X,19,0.5442
7CNQ_G8X,2,2.1617
7CNQ_G8X,20,1.9036
7CNQ_G8X,21,1.3086
7CNQ_G8X,22,1.7045
7CNQ_G8X,23,2.2969
7CNQ_G8X,24,0.9124
7CNQ_G8X,25,2.1054
7CNQ_G8X,26,1.7760
7CNQ_G8X,27,2.1277
7CNQ_G8X,28,1.3789
7CNQ_G8X,29,1.5432
7CNQ_G8X,3,2.0308
7CNQ_G8X,30,1.2176
7CNQ_G8X,31,1.7331
7CNQ_G8X,32,1.2501
7CNQ_G8X,33,2.1830
7CNQ_G8X,34,2.1566
7CNQ_G8X,35,2.0077
7CNQ_G8X,36,0.7380
7CNQ_G8X,37,2.1534
7CNQ_G8X,38,1.8849
7CNQ_G8X,39,2.1201
7CNQ_G8X,4,2.2237
7CNQ_G8X,40,1.2988
7CNQ_G8X,41,2.0033
7CNQ_G8X,42,2.1982
7CNQ_G8X,43,1.6975
7CNQ_G8X,44,2.1625
7CNQ_G8X,45,2.1616
7CNQ_G8X,46,1.8551
7CNQ_G8X,47,2.2395
7CNQ_G8X,48,2.0236
7CNQ_G8X,49,2.1577
7CNQ_G8X,5,1.4427
7CNQ_G8X,50,1.2064
7CNQ_G8X,51,1.3438
7CNQ_G8X,52,1.6007
7CNQ_G8X,53,1.1902
7CNQ_G8X,54,2.0320
7CNQ_G8X,55,2.1018
7CNQ_G8X,56,1.1620
7CNQ_G8X,57,2.2261
7CNQ_G8X,58,2.7445
7CNQ_G8X,59,1.9139
7CNQ_G8X,6,2.0067
7CNQ_G8X,60,2.0020
7CNQ_G8X,61,1.5266
7CNQ_G8X,62,1.6564
7CNQ_G8X,63,1.9528
7CNQ_G8X,64,2.4127
7CNQ_G8X,65,2.1917
7CNQ_G8X,66,2.3670
7CNQ_G8X,67,2.1641
7CNQ_G8X,68,1.9844
7CNQ_G8X,69,1.8569
7CNQ_G8X,7,1.2914
7CNQ_G8X,70,1.7082
7CNQ_G8X,71,2.0959
7CNQ_G8X,72,1.1671
7CNQ_G8X,73,3.1060
7CNQ_G8X,74,1.6832
7CNQ_G8X,75,1.8100
7CNQ_G8X,76,1.3902
7CNQ_G8X,77,1.5154
7CNQ_G8X,78,1.1051
7CNQ_G8X,79,0.8993
7CNQ_G8X,8,2.3561
7CNQ_G8X,80,1.3698
7CNQ_G8X,81,1.4832
7CNQ_G8X,82,1.2822
7CNQ_G8X,83,1.8936
7CNQ_G8X,84,1.3593
7CNQ_G8X,85,0.8975
7CNQ_G8X,86,1.5046
7CNQ_G8X,87,2.5740
7CNQ_G8X,88,1.6959
7CNQ_G8X,89,2.4370
7CNQ_G8X,9,1.4429
7CNQ_G8X,90,1.9537
7CNQ_G8X,91,1.3632
7CNQ_G8X,92,1.6384
7CNQ_G8X,93,1.7827
7CNQ_G8X,94,2.2071
7CNQ_G8X,95,2.1991
7CNQ_G8X,96,1.2828
7CNQ_G8X,97,1.9351
7CNQ_G8X,98,2.0960
7CNQ_G8X,99,2.5330
7CNS_PMV,0,5.7465
7CNS_PMV,1,6.1351
7CNS_PMV,10,5.7628
7CNS_PMV,100,5.9764
7CNS_PMV,101,5.8057
7CNS_PMV,102,5.6458
7CNS_PMV,103,5.9384
7CNS_PMV,104,5.8575
7CNS_PMV,105,6.0079
7CNS_PMV,106,5.9014
7CNS_PMV,107,5.9210
7CNS_PMV,108,5.8042
7CNS_PMV,109,5.9386
7CNS_PMV,11,5.8307
7CNS_PMV,110,5.8223
7CNS_PMV,111,6.0183
7CNS_PMV,112,5.6926
7CNS_PMV,113,5.8056
7CNS_PMV,114,5.8120
7CNS_PMV,115,5.5250
7CNS_PMV,116,5.8699
7CNS_PMV,117,5.9876
7CNS_PMV,118,5.6246
7CNS_PMV,119,5.6451
7CNS_PMV,12,5.8990
7CNS_PMV,120,5.7600
7CNS_PMV,121,5.4653
7CNS_PMV,122,5.5632
7CNS_PMV,123,5.8092
7CNS_PMV,124,5.6653
7CNS_PMV,125,5.7194
7CNS_PMV,126,5.9845
7CNS_PMV,127,6.0093
7CNS_PMV,128,5.8094
7CNS_PMV,129,5.9370
7CNS_PMV,13,5.9700
7CNS_PMV,130,2.2448
7CNS_PMV,131,5.8192
7CNS_PMV,132,5.8598
7CNS_PMV,133,1.6110
7CNS_PMV,134,5.8928
7CNS_PMV,135,5.9216
7CNS_PMV,136,5.8248
7CNS_PMV,137,5.7220
7CNS_PMV,138,5.8963
7CNS_PMV,139,5.8974
7CNS_PMV,14,5.9785
7CNS_PMV,15,5.5827
7CNS_PMV,16,5.8398
7CNS_PMV,17,5.2140
7CNS_PMV,18,5.8058
7CNS_PMV,19,5.9586
7CNS_PMV,2,5.8115
7CNS_PMV,20,5.6964
7CNS_PMV,21,5.9467
7CNS_PMV,22,5.8534
7CNS_PMV,23,5.2392
7CNS_PMV,24,5.9266
7CNS_PMV,25,5.5610
7CNS_PMV,26,5.6893
7CNS_PMV,27,5.4989
7CNS_PMV,28,6.1744
7CNS_PMV,29,5.6757
7CNS_PMV,3,5.7837
7CNS_PMV,30,5.9822
7CNS_PMV,31,5.7638
7CNS_PMV,32,5.3393
7CNS_PMV,33,5.6315
7CNS_PMV,34,5.8963
7CNS_PMV,35,5.6271
7CNS_PMV,36,5.6573
7CNS_PMV,37,5.8974
7CNS_PMV,38,5.7198
7CNS_PMV,39,5.6025
7CNS_PMV,4,5.6010
7CNS_PMV,40,5.7668
7CNS_PMV,41,5.8316
7CNS_PMV,42,5.7509
7CNS_PMV,43,5.9410
7CNS_PMV,44,5.9369
7CNS_PMV,45,5.8710
7CNS_PMV,46,5.3578
7CNS_PMV,47,5.8064
7CNS_PMV,48,5.8063
7CNS_PMV,49,5.6864
7CNS_PMV,5,5.7289
7CNS_PMV,50,5.7608
7CNS_PMV,51,5.8499
7CNS_PMV,52,5.6889
7CNS_PMV,53,5.7647
7CNS_PMV,54,5.8428
7CNS_PMV,55,5.9109
7CNS_PMV,56,6.0960
7CNS_PMV,57,5.4082
7CNS_PMV,58,5.7868
7CNS_PMV,59,5.4775
7CNS_PMV,6,6.0140
7CNS_PMV,60,5.5918
7CNS_PMV,61,2.1090
7CNS_PMV,62,5.6713
7CNS_PMV,63,1.3338
7CNS_PMV,64,5.9388
7CNS_PMV,65,5.2766
7CNS_PMV,66,5.9905
7CNS_PMV,67,5.3580
7CNS_PMV,68,6.0272
7CNS_PMV,69,1.6938
7CNS_PMV,7,5.6741
7CNS_PMV,70,5.9403
7CNS_PMV,71,5.5541
7CNS_PMV,72,5.9840
7CNS_PMV,73,5.7412
7CNS_PMV,74,6.0078
7CNS_PMV,75,5.5606
7CNS_PMV,76,5.7384
7CNS_PMV,77,5.8487
7CNS_PMV,78,5.7209
7CNS_PMV,79,5.8978
7CNS_PMV,8,5.5815
7CNS_PMV,80,5.8424
7CNS_PMV,81,5.5049
7CNS_PMV,82,1.7807
7CNS_PMV,83,6.0073
7CNS_PMV,84,6.0047
7CNS_PMV,85,5.5184
7CNS_PMV,86,5.6421
7CNS_PMV,87,5.8703
7CNS_PMV,88,5.7780
7CNS_PMV,89,5.9761
7CNS_PMV,9,3.1323
7CNS_PMV,90,5.8959
7CNS_PMV,91,5.9596
7CNS_PMV,92,5.3523
7CNS_PMV,93,5.7895
7CNS_PMV,94,5.9590
7CNS_PMV,95,5.8755
7CNS_PMV,96,5.8880
7CNS_PMV,97,5.4562
7CNS_PMV,98,5.9315
7CNS_PMV,99,5.6022
7CTM_BDP,0,3.5645
7CTM_BDP,1,1.3090
7CTM_BDP,10,2.8242
7CTM_BDP,100,2.7956
7CTM_BDP,101,4.6166
7CTM_BDP,102,1.9634
7CTM_BDP,103,3.8677
7CTM_BDP,104,1.4655
7CTM_BDP,105,2.0491
7CTM_BDP,106,3.8169
7CTM_BDP,107,1.6156
7CTM_BDP,108,1.3889
7CTM_BDP,109,3.8994
7CTM_BDP,11,1.5793
7CTM_BDP,110,2.9899
7CTM_BDP,111,1.5104
7CTM_BDP,112,1.3373
7CTM_BDP,113,3.2451
7CTM_BDP,114,2.7390
7CTM_BDP,115,3.0005
7CTM_BDP,116,3.6229
7CTM_BDP,117,1.8376
7CTM_BDP,118,2.0996
7CTM_BDP,119,2.7805
7CTM_BDP,12,3.3469
7CTM_BDP,120,3.6562
7CTM_BDP,121,1.6914
7CTM_BDP,122,4.1055
7CTM_BDP,123,2.6847
7CTM_BDP,124,3.6976
7CTM_BDP,125,1.2922
7CTM_BDP,126,3.1823
7CTM_BDP,127,1.0018
7CTM_BDP,128,1.1058
7CTM_BDP,129,3.2500
7CTM_BDP,13,2.7945
7CTM_BDP,130,3.9708
7CTM_BDP,131,1.5188
7CTM_BDP,132,1.5800
7CTM_BDP,133,3.0039
7CTM_BDP,134,1.7724
7CTM_BDP,135,1.7390
7CTM_BDP,136,2.1960
7CTM_BDP,137,3.0634
7CTM_BDP,138,2.0386
7CTM_BDP,139,1.4902
7CTM_BDP,139,3.4464
7CTM_BDP,14,1.3513
7CTM_BDP,15,3.8739
7CTM_BDP,16,2.9292
7CTM_BDP,17,0.8366
7CTM_BDP,18,4.0584
7CTM_BDP,19,1.2694
7CTM_BDP,2,1.9488
7CTM_BDP,20,1.0393
7CTM_BDP,21,2.7808
7CTM_BDP,22,4.1482
7CTM_BDP,23,1.1433
7CTM_BDP,24,1.4497
7CTM_BDP,25,3.2087
7CTM_BDP,26,1.6724
7CTM_BDP,27,1.8616
7CTM_BDP,28,2.4236
7CTM_BDP,29,2.4324
7CTM_BDP,3,2.7574
7CTM_BDP,30,3.9007
7CTM_BDP,31,2.9316
7CTM_BDP,32,1.4343
7CTM_BDP,33,3.5929
7CTM_BDP,34,3.1927
7CTM_BDP,35,4.2613
7CTM_BDP,36,1.0259
7CTM_BDP,37,1.5915
7CTM_BDP,38,2.4497
7CTM_BDP,39,2.8879
7CTM_BDP,4,1.2662
7CTM_BDP,40,2.7603
7CTM_BDP,41,3.5826
7CTM_BDP,42,2.8614
7CTM_BDP,43,1.6654
7CTM_BDP,44,2.6328
7CTM_BDP,45,2.1087
7CTM_BDP,46,2.3583
7CTM_BDP,47,1.4654
7CTM_BDP,48,2.7286
7CTM_BDP,49,3.4295
7CTM_BDP,5,3.1724
7CTM_BDP,50,1.4124
7CTM_BDP,51,1.1263
7CTM_BDP,52,1.0005
7CTM_BDP,53,1.7994
7CTM_BDP,54,0.7997
7CTM_BDP,55,3.5174
7CTM_BDP,56,3.0558
7CTM_BDP,57,2.3996
7CTM_BDP,58,1.5153
7CTM_BDP,59,1.7687
7CTM_BDP,6,2.0272
7CTM_BDP,60,3.0583
7CTM_BDP,61,2.6236
7CTM_BDP,62,3.8274
7CTM_BDP,63,2.7906
7CTM_BDP,64,2.4621
7CTM_BDP,65,1.4329
7CTM_BDP,66,3.2160
7CTM_BDP,67,1.1117
7CTM_BDP,68,3.1229
7CTM_BDP,69,2.8434
7CTM_BDP,7,4.5667
7CTM_BDP,70,2.1968
7CTM_BDP,71,2.6756
7CTM_BDP,72,1.3739
7CTM_BDP,73,3.5028
7CTM_BDP,74,2.5951
7CTM_BDP,75,1.6624
7CTM_BDP,76,3.4657
7CTM_BDP,77,3.8957
7CTM_BDP,78,4.5050
7CTM_BDP,79,1.9815
7CTM_BDP,8,0.5814
7CTM_BDP,80,3.0671
7CTM_BDP,81,2.6529
7CTM_BDP,82,4.6423
7CTM_BDP,83,2.7459
7CTM_BDP,84,2.8402
7CTM_BDP,85,2.6947
7CTM_BDP,86,3.7666
7CTM_BDP,87,3.1387
7CTM_BDP,88,1.4477
7CTM_BDP,89,4.2151
7CTM_BDP,9,3.5219
7CTM_BDP,90,1.0012
7CTM_BDP,91,4.3565
7CTM_BDP,92,3.0114
7CTM_BDP,93,3.7088
7CTM_BDP,94,1.7408
7CTM_BDP,95,1.7812
7CTM_BDP,96,0.9886
7CTM_BDP,97,2.9380
7CTM_BDP,98,1.9577
7CTM_BDP,99,2.9590
7CUO_PHB,0,0.7832
7CUO_PHB,1,1.1844
7CUO_PHB,10,1.2640
7CUO_PHB,100,1.0588
7CUO_PHB,101,0.7589
7CUO_PHB,102,1.1899
7CUO_PHB,103,0.8339
7CUO_PHB,104,0.7040
7CUO_PHB,105,1.2935
7CUO_PHB,106,0.7672
7CUO_PHB,107,0.5856
7CUO_PHB,108,0.6363
7CUO_PHB,109,1.1618
7CUO_PHB,11,0.5592
7CUO_PHB,110,0.4727
7CUO_PHB,111,0.9391
7CUO_PHB,112,1.3879
7CUO_PHB,113,1.1669
7CUO_PHB,114,1.5012
7CUO_PHB,115,0.7589
7CUO_PHB,116,0.7918
7CUO_PHB,117,1.4091
7CUO_PHB,118,0.9421
7CUO_PHB,119,1.2960
7CUO_PHB,12,0.8497
7CUO_PHB,120,1.3101
7CUO_PHB,121,1.6017
7CUO_PHB,122,0.5921
7CUO_PHB,123,1.2216
7CUO_PHB,124,1.1723
7CUO_PHB,125,1.0971
7CUO_PHB,126,0.8257
7CUO_PHB,127,1.6557
7CUO_PHB,128,0.6724
7CUO_PHB,129,0.7663
7CUO_PHB,13,1.0705
7CUO_PHB,130,0.6305
7CUO_PHB,131,1.2557
7CUO_PHB,132,0.9378
7CUO_PHB,133,1.2343
7CUO_PHB,134,1.0852
7CUO_PHB,135,1.2660
7CUO_PHB,136,1.4881
7CUO_PHB,137,0.4459
7CUO_PHB,138,0.5955
7CUO_PHB,139,1.1996
7CUO_PHB,14,0.9385
7CUO_PHB,15,1.5845
7CUO_PHB,16,0.9530
7CUO_PHB,17,0.8196
7CUO_PHB,18,0.9648
7CUO_PHB,19,1.0819
7CUO_PHB,2,1.2229
7CUO_PHB,20,0.8120
7CUO_PHB,21,0.5689
7CUO_PHB,22,0.7142
7CUO_PHB,23,1.1960
7CUO_PHB,24,0.5629
7CUO_PHB,25,0.6399
7CUO_PHB,26,1.2852
7CUO_PHB,27,1.2474
7CUO_PHB,28,1.3452
7CUO_PHB,29,1.2936
7CUO_PHB,3,1.0919
7CUO_PHB,30,0.7319
7CUO_PHB,31,0.7642
7CUO_PHB,32,1.3388
7CUO_PHB,33,0.7514
7CUO_PHB,34,0.5929
7CUO_PHB,35,0.6941
7CUO_PHB,36,0.7579
7CUO_PHB,37,0.6769
7CUO_PHB,38,0.7644
7CUO_PHB,39,0.5779
7CUO_PHB,4,1.2674
7CUO_PHB,40,1.6794
7CUO_PHB,41,1.1591
7CUO_PHB,42,0.7683
7CUO_PHB,43,0.5625
7CUO_PHB,44,1.2045
7CUO_PHB,45,0.3621
7CUO_PHB,46,0.9819
7CUO_PHB,47,1.6369
7CUO_PHB,48,0.8281
7CUO_PHB,49,0.7420
7CUO_PHB,5,0.7061
7CUO_PHB,50,1.1929
7CUO_PHB,51,1.1736
7CUO_PHB,52,0.7267
7CUO_PHB,53,0.8873
7CUO_PHB,54,1.1972
7CUO_PHB,55,0.8236
7CUO_PHB,56,1.2409
7CUO_PHB,57,0.6643
7CUO_PHB,58,0.7037
7CUO_PHB,59,1.4988
7CUO_PHB,6,1.0740
7CUO_PHB,60,0.8397
7CUO_PHB,61,0.6072
7CUO_PHB,62,0.4168
7CUO_PHB,63,0.9074
7CUO_PHB,64,0.6631
7CUO_PHB,65,0.9395
7CUO_PHB,66,0.6336
7CUO_PHB,67,0.8177
7CUO_PHB,68,0.7288
7CUO_PHB,69,1.1702
7CUO_PHB,7,0.7209
7CUO_PHB,70,0.5302
7CUO_PHB,71,0.8115
7CUO_PHB,72,0.5347
7CUO_PHB,73,0.7558
7CUO_PHB,74,0.6874
7CUO_PHB,75,1.4889
7CUO_PHB,76,1.4692
7CUO_PHB,77,0.8791
7CUO_PHB,78,1.1992
7CUO_PHB,79,0.8468
7CUO_PHB,8,0.7260
7CUO_PHB,80,0.8925
7CUO_PHB,81,1.2694
7CUO_PHB,82,1.2887
7CUO_PHB,83,1.2216
7CUO_PHB,84,0.7689
7CUO_PHB,85,1.2481
7CUO_PHB,86,0.6565
7CUO_PHB,87,0.5145
7CUO_PHB,88,1.3467
7CUO_PHB,89,0.6719
7CUO_PHB,9,0.5890
7CUO_PHB,90,1.8514
7CUO_PHB,91,0.8167
7CUO_PHB,92,0.4262
7CUO_PHB,93,0.9826
7CUO_PHB,94,0.5091
7CUO_PHB,95,1.2637
7CUO_PHB,96,1.1872
7CUO_PHB,97,0.6664
7CUO_PHB,98,1.3600
7CUO_PHB,99,0.7170
7D5C_GV6,0,1.8768
7D5C_GV6,1,1.9740
7D5C_GV6,10,1.0742
7D5C_GV6,100,1.8534
7D5C_GV6,101,3.1158
7D5C_GV6,102,0.9705
7D5C_GV6,103,2.8687
7D5C_GV6,104,1.5466
7D5C_GV6,105,1.5464
7D5C_GV6,106,1.9648
7D5C_GV6,107,3.3012
7D5C_GV6,108,1.0651
7D5C_GV6,109,2.1106
7D5C_GV6,11,1.6186
7D5C_GV6,110,1.7651
7D5C_GV6,111,1.4066
7D5C_GV6,112,3.7604
7D5C_GV6,113,2.4339
7D5C_GV6,114,0.9678
7D5C_GV6,115,1.8979
7D5C_GV6,116,3.1915
7D5C_GV6,117,4.0934
7D5C_GV6,118,2.7717
7D5C_GV6,119,1.2739
7D5C_GV6,12,3.4863
7D5C_GV6,120,1.4771
7D5C_GV6,121,1.4338
7D5C_GV6,122,2.3031
7D5C_GV6,123,2.5785
7D5C_GV6,124,1.9945
7D5C_GV6,125,1.3203
7D5C_GV6,126,0.9239
7D5C_GV6,127,1.8426
7D5C_GV6,128,2.1545
7D5C_GV6,129,2.2224
7D5C_GV6,13,1.8987
7D5C_GV6,130,1.0973
7D5C_GV6,131,2.5530
7D5C_GV6,132,1.4069
7D5C_GV6,133,2.1402
7D5C_GV6,134,2.3229
7D5C_GV6,135,1.2335
7D5C_GV6,136,3.2127
7D5C_GV6,137,3.0695
7D5C_GV6,137,1.5636
7D5C_GV6,138,3.8567
7D5C_GV6,139,1.1960
7D5C_GV6,14,2.0866
7D5C_GV6,15,1.0469
7D5C_GV6,16,2.6559
7D5C_GV6,17,1.1402
7D5C_GV6,18,2.5454
7D5C_GV6,19,2.7745
7D5C_GV6,2,2.3014
7D5C_GV6,20,2.2081
7D5C_GV6,21,1.2629
7D5C_GV6,22,2.0445
7D5C_GV6,23,2.2458
7D5C_GV6,24,2.6534
7D5C_GV6,25,2.3737
7D5C_GV6,26,0.9442
7D5C_GV6,27,2.4204
7D5C_GV6,28,2.6033
7D5C_GV6,29,3.1219
7D5C_GV6,3,1.9827
7D5C_GV6,30,3.2722
7D5C_GV6,31,2.2691
7D5C_GV6,32,3.5665
7D5C_GV6,33,2.1977
7D5C_GV6,34,1.2068
7D5C_GV6,35,1.1010
7D5C_GV6,36,1.7746
7D5C_GV6,37,3.6777
7D5C_GV6,38,1.5972
7D5C_GV6,39,2.2477
7D5C_GV6,4,1.8904
7D5C_GV6,40,1.2544
7D5C_GV6,41,1.0519
7D5C_GV6,42,2.7083
7D5C_GV6,43,2.3227
7D5C_GV6,44,3.4235
7D5C_GV6,45,1.0594
7D5C_GV6,46,2.7397
7D5C_GV6,47,3.0309
7D5C_GV6,48,3.3407
7D5C_GV6,49,2.8963
7D5C_GV6,5,2.3886
7D5C_GV6,50,1.3018
7D5C_GV6,51,1.2516
7D5C_GV6,52,3.5060
7D5C_GV6,53,2.3097
7D5C_GV6,54,2.2059
7D5C_GV6,55,3.7855
7D5C_GV6,56,1.3154
7D5C_GV6,57,2.5415
7D5C_GV6,58,2.1291
7D5C_GV6,59,3.4985
7D5C_GV6,6,1.2559
7D5C_GV6,60,1.9623
7D5C_GV6,61,1.7006
7D5C_GV6,62,1.4531
7D5C_GV6,63,1.1313
7D5C_GV6,64,1.4797
7D5C_GV6,65,1.4527
7D5C_GV6,66,1.2883
7D5C_GV6,67,0.8373
7D5C_GV6,68,1.7178
7D5C_GV6,69,2.1195
7D5C_GV6,7,2.0412
7D5C_GV6,70,3.0533
7D5C_GV6,71,1.1844
7D5C_GV6,72,1.0981
7D5C_GV6,73,2.2624
7D5C_GV6,74,1.9296
7D5C_GV6,75,2.0146
7D5C_GV6,76,2.0662
7D5C_GV6,77,1.2596
7D5C_GV6,78,2.1182
7D5C_GV6,79,1.0988
7D5C_GV6,8,1.6650
7D5C_GV6,80,2.0775
7D5C_GV6,81,1.9330
7D5C_GV6,82,2.5032
7D5C_GV6,83,1.4394
7D5C_GV6,84,2.0295
7D5C_GV6,85,1.4751
7D5C_GV6,86,1.6751
7D5C_GV6,87,2.6874
7D5C_GV6,88,1.6635
7D5C_GV6,89,3.3835
7D5C_GV6,9,3.7528
7D5C_GV6,90,1.7998
7D5C_GV6,91,1.4932
7D5C_GV6,92,3.4334
7D5C_GV6,93,1.1910
7D5C_GV6,94,1.3587
7D5C_GV6,95,1.8565
7D5C_GV6,96,2.0379
7D5C_GV6,97,2.3342
7D5C_GV6,98,1.2079
7D5C_GV6,99,1.9651
7D6O_MTE,0,0.8210
7D6O_MTE,1,0.5586
7D6O_MTE,10,1.3753
7D6O_MTE,100,1.0808
7D6O_MTE,101,6.2781
7D6O_MTE,102,1.6329
7D6O_MTE,103,0.7890
7D6O_MTE,104,0.8295
7D6O_MTE,105,1.5273
7D6O_MTE,106,1.9766
7D6O_MTE,107,2.5634
7D6O_MTE,108,1.1558
7D6O_MTE,109,1.8387
7D6O_MTE,11,0.6592
7D6O_MTE,110,0.9488
7D6O_MTE,111,0.9739
7D6O_MTE,112,0.9572
7D6O_MTE,113,1.7274
7D6O_MTE,114,4.2881
7D6O_MTE,115,5.7715
7D6O_MTE,116,1.3450
7D6O_MTE,117,1.8150
7D6O_MTE,118,1.5083
7D6O_MTE,119,1.1197
7D6O_MTE,12,1.2421
7D6O_MTE,120,2.4220
7D6O_MTE,121,2.7338
7D6O_MTE,122,5.1415
7D6O_MTE,123,1.7246
7D6O_MTE,124,2.4536
7D6O_MTE,125,3.0615
7D6O_MTE,126,1.1038
7D6O_MTE,127,1.4451
7D6O_MTE,128,1.0803
7D6O_MTE,129,0.7659
7D6O_MTE,13,5.0259
7D6O_MTE,130,2.3730
7D6O_MTE,131,1.0551
7D6O_MTE,132,2.4199
7D6O_MTE,133,0.9250
7D6O_MTE,134,1.3512
7D6O_MTE,135,2.9197
7D6O_MTE,136,1.1435
7D6O_MTE,137,2.0743
7D6O_MTE,138,1.9809
7D6O_MTE,139,1.6972
7D6O_MTE,14,1.4374
7D6O_MTE,15,6.1600
7D6O_MTE,16,1.1778
7D6O_MTE,17,1.7846
7D6O_MTE,18,0.7681
7D6O_MTE,19,2.6739
7D6O_MTE,2,1.4833
7D6O_MTE,20,2.3655
7D6O_MTE,21,2.0060
7D6O_MTE,22,0.9647
7D6O_MTE,23,0.9769
7D6O_MTE,24,3.2016
7D6O_MTE,25,0.8295
7D6O_MTE,26,1.5694
7D6O_MTE,27,1.8486
7D6O_MTE,28,6.3961
7D6O_MTE,29,1.0081
7D6O_MTE,3,1.0350
7D6O_MTE,30,3.0426
7D6O_MTE,31,1.0077
7D6O_MTE,32,4.0442
7D6O_MTE,33,1.2580
7D6O_MTE,34,0.9169
7D6O_MTE,35,3.8757
7D6O_MTE,36,0.9995
7D6O_MTE,37,2.8454
7D6O_MTE,38,2.6342
7D6O_MTE,39,2.9998
7D6O_MTE,4,0.9026
7D6O_MTE,40,1.0644
7D6O_MTE,41,1.6152
7D6O_MTE,42,1.1069
7D6O_MTE,43,4.9928
7D6O_MTE,44,2.5502
7D6O_MTE,45,1.3899
7D6O_MTE,46,0.8485
7D6O_MTE,47,1.5295
7D6O_MTE,48,1.4599
7D6O_MTE,49,0.9491
7D6O_MTE,5,1.6873
7D6O_MTE,50,6.1103
7D6O_MTE,51,1.5172
7D6O_MTE,52,4.2535
7D6O_MTE,53,1.9789
7D6O_MTE,54,1.0587
7D6O_MTE,55,0.9281
7D6O_MTE,56,0.9343
7D6O_MTE,57,2.0011
7D6O_MTE,58,0.9638
7D6O_MTE,59,4.3520
7D6O_MTE,6,2.7406
7D6O_MTE,60,0.6523
7D6O_MTE,61,0.7793
7D6O_MTE,62,1.0181
7D6O_MTE,63,5.4380
7D6O_MTE,64,3.5864
7D6O_MTE,65,1.4458
7D6O_MTE,66,4.2269
7D6O_MTE,67,1.3582
7D6O_MTE,68,0.9587
7D6O_MTE,69,2.8088
7D6O_MTE,7,3.1160
7D6O_MTE,70,1.3605
7D6O_MTE,71,4.2234
7D6O_MTE,72,1.5074
7D6O_MTE,73,6.0497
7D6O_MTE,74,2.9226
7D6O_MTE,75,1.7702
7D6O_MTE,76,0.8870
7D6O_MTE,77,1.2957
7D6O_MTE,78,1.0126
7D6O_MTE,79,1.5429
7D6O_MTE,8,6.3929
7D6O_MTE,80,3.8762
7D6O_MTE,81,4.3619
7D6O_MTE,82,0.8537
7D6O_MTE,83,1.9670
7D6O_MTE,84,0.9029
7D6O_MTE,85,0.9181
7D6O_MTE,86,1.1600
7D6O_MTE,87,3.0298
7D6O_MTE,88,6.7300
7D6O_MTE,89,1.6370
7D6O_MTE,9,1.9316
7D6O_MTE,90,0.7636
7D6O_MTE,91,1.0136
7D6O_MTE,92,4.7864
7D6O_MTE,93,1.9750
7D6O_MTE,94,1.4645
7D6O_MTE,95,1.0907
7D6O_MTE,96,1.5185
7D6O_MTE,97,3.7125
7D6O_MTE,98,0.9605
7D6O_MTE,99,1.0485
7DKT_GLF,0,2.1706
7DKT_GLF,1,1.6687
7DKT_GLF,10,0.5976
7DKT_GLF,100,0.8384
7DKT_GLF,101,2.7572
7DKT_GLF,102,0.8783
7DKT_GLF,103,0.9129
7DKT_GLF,104,0.8656
7DKT_GLF,105,1.5054
7DKT_GLF,106,0.9003
7DKT_GLF,107,2.0238
7DKT_GLF,108,0.9591
7DKT_GLF,109,1.6700
7DKT_GLF,11,0.7723
7DKT_GLF,110,2.9592
7DKT_GLF,111,1.0832
7DKT_GLF,112,0.9942
7DKT_GLF,113,2.9335
7DKT_GLF,114,2.8387
7DKT_GLF,115,4.2588
7DKT_GLF,116,0.8965
7DKT_GLF,117,4.1397
7DKT_GLF,118,1.4415
7DKT_GLF,119,0.4946
7DKT_GLF,12,0.9361
7DKT_GLF,120,0.8762
7DKT_GLF,121,0.8216
7DKT_GLF,122,0.5622
7DKT_GLF,123,1.8006
7DKT_GLF,124,2.6386
7DKT_GLF,125,2.7936
7DKT_GLF,126,1.9986
7DKT_GLF,127,0.9516
7DKT_GLF,128,1.3865
7DKT_GLF,129,1.1101
7DKT_GLF,13,0.5533
7DKT_GLF,130,0.5254
7DKT_GLF,131,1.3175
7DKT_GLF,132,1.0990
7DKT_GLF,133,0.7237
7DKT_GLF,134,3.4495
7DKT_GLF,135,3.5931
7DKT_GLF,136,0.8536
7DKT_GLF,137,0.6720
7DKT_GLF,138,1.0649
7DKT_GLF,139,0.5667
7DKT_GLF,14,1.0324
7DKT_GLF,15,0.5676
7DKT_GLF,16,0.4588
7DKT_GLF,17,1.4090
7DKT_GLF,18,1.0821
7DKT_GLF,19,3.5319
7DKT_GLF,2,1.0158
7DKT_GLF,20,2.8680
7DKT_GLF,21,2.5869
7DKT_GLF,22,3.4399
7DKT_GLF,23,3.4419
7DKT_GLF,24,1.0510
7DKT_GLF,25,1.1890
7DKT_GLF,26,1.1901
7DKT_GLF,27,1.2786
7DKT_GLF,28,1.0570
7DKT_GLF,29,0.9577
7DKT_GLF,3,0.8726
7DKT_GLF,30,2.8736
7DKT_GLF,31,0.6664
7DKT_GLF,32,0.8907
7DKT_GLF,33,0.6049
7DKT_GLF,34,0.9186
7DKT_GLF,35,2.6265
7DKT_GLF,36,1.2609
7DKT_GLF,37,0.6501
7DKT_GLF,38,0.9626
7DKT_GLF,39,1.1464
7DKT_GLF,4,2.9172
7DKT_GLF,40,2.9206
7DKT_GLF,41,1.0079
7DKT_GLF,42,1.3139
7DKT_GLF,43,0.7701
7DKT_GLF,44,1.3819
7DKT_GLF,45,1.0764
7DKT_GLF,46,0.4609
7DKT_GLF,47,0.9660
7DKT_GLF,48,1.1749
7DKT_GLF,49,0.8601
7DKT_GLF,5,1.7154
7DKT_GLF,50,2.8726
7DKT_GLF,51,2.8335
7DKT_GLF,52,1.0763
7DKT_GLF,53,3.4535
7DKT_GLF,54,0.5278
7DKT_GLF,55,2.3529
7DKT_GLF,56,1.5367
7DKT_GLF,57,1.4212
7DKT_GLF,58,0.7090
7DKT_GLF,59,3.0212
7DKT_GLF,6,0.9361
7DKT_GLF,60,3.0172
7DKT_GLF,61,0.9093
7DKT_GLF,62,1.3812
7DKT_GLF,63,3.5365
7DKT_GLF,64,3.6480
7DKT_GLF,65,1.1335
7DKT_GLF,66,1.1932
7DKT_GLF,67,1.5635
7DKT_GLF,68,1.0370
7DKT_GLF,69,0.7308
7DKT_GLF,7,0.3189
7DKT_GLF,70,3.1342
7DKT_GLF,71,0.9535
7DKT_GLF,72,0.7465
7DKT_GLF,73,0.8737
7DKT_GLF,74,0.7141
7DKT_GLF,75,3.1289
7DKT_GLF,76,2.7691
7DKT_GLF,77,2.7590
7DKT_GLF,78,3.4410
7DKT_GLF,79,0.7605
7DKT_GLF,8,0.4606
7DKT_GLF,80,0.6368
7DKT_GLF,81,1.1003
7DKT_GLF,82,0.7082
7DKT_GLF,83,1.0553
7DKT_GLF,84,0.4078
7DKT_GLF,85,0.8705
7DKT_GLF,86,1.6890
7DKT_GLF,87,0.9930
7DKT_GLF,88,1.7617
7DKT_GLF,89,2.8827
7DKT_GLF,9,1.3414
7DKT_GLF,90,1.8139
7DKT_GLF,91,0.5509
7DKT_GLF,92,0.8004
7DKT_GLF,93,2.8420
7DKT_GLF,94,3.4316
7DKT_GLF,95,0.7067
7DKT_GLF,96,0.7627
7DKT_GLF,97,1.3081
7DKT_GLF,98,1.6152
7DKT_GLF,99,0.6096
7DQL_4CL,0,2.1843
7DQL_4CL,1,2.2550
7DQL_4CL,10,2.2285
7DQL_4CL,100,2.2246
7DQL_4CL,101,2.2413
7DQL_4CL,102,0.8051
7DQL_4CL,103,0.8594
7DQL_4CL,104,2.2493
7DQL_4CL,105,2.3102
7DQL_4CL,106,2.2316
7DQL_4CL,107,0.8662
7DQL_4CL,108,2.2523
7DQL_4CL,109,0.6269
7DQL_4CL,11,2.2058
7DQL_4CL,110,2.3453
7DQL_4CL,111,2.3277
7DQL_4CL,112,2.2109
7DQL_4CL,113,2.2309
7DQL_4CL,114,2.2161
7DQL_4CL,115,2.1764
7DQL_4CL,116,2.2137
7DQL_4CL,117,2.2198
7DQL_4CL,118,0.8137
7DQL_4CL,119,3.1138
7DQL_4CL,12,0.7943
7DQL_4CL,120,2.2421
7DQL_4CL,121,0.5927
7DQL_4CL,122,1.1457
7DQL_4CL,123,2.2425
7DQL_4CL,124,2.3080
7DQL_4CL,125,2.1975
7DQL_4CL,126,3.4139
7DQL_4CL,127,2.2601
7DQL_4CL,128,2.2305
7DQL_4CL,129,2.3562
7DQL_4CL,13,2.9766
7DQL_4CL,130,2.2398
7DQL_4CL,131,2.2511
7DQL_4CL,132,0.7617
7DQL_4CL,133,3.9442
7DQL_4CL,134,1.2028
7DQL_4CL,135,2.2054
7DQL_4CL,136,3.1067
7DQL_4CL,137,2.2240
7DQL_4CL,138,0.6734
7DQL_4CL,139,2.3576
7DQL_4CL,14,2.0348
7DQL_4CL,15,2.1714
7DQL_4CL,16,2.2350
7DQL_4CL,17,2.2114
7DQL_4CL,18,2.1974
7DQL_4CL,19,0.5910
7DQL_4CL,2,2.2581
7DQL_4CL,20,3.1191
7DQL_4CL,21,2.1635
7DQL_4CL,22,0.8916
7DQL_4CL,23,2.2274
7DQL_4CL,24,3.7300
7DQL_4CL,25,2.2536
7DQL_4CL,26,2.2197
7DQL_4CL,27,2.2438
7DQL_4CL,28,2.2318
7DQL_4CL,29,1.6835
7DQL_4CL,3,3.1146
7DQL_4CL,30,4.0176
7DQL_4CL,31,4.0284
7DQL_4CL,32,2.3214
7DQL_4CL,33,0.6034
7DQL_4CL,34,3.9522
7DQL_4CL,35,1.8764
7DQL_4CL,36,0.6719
7DQL_4CL,37,2.4067
7DQL_4CL,38,2.1842
7DQL_4CL,39,2.2085
7DQL_4CL,39,2.2312
7DQL_4CL,4,2.2069
7DQL_4CL,40,2.4613
7DQL_4CL,41,0.7915
7DQL_4CL,42,2.2335
7DQL_4CL,43,2.2271
7DQL_4CL,44,2.1988
7DQL_4CL,45,3.2785
7DQL_4CL,46,0.6075
7DQL_4CL,47,0.9068
7DQL_4CL,48,0.8451
7DQL_4CL,49,2.3326
7DQL_4CL,5,3.4266
7DQL_4CL,50,2.4016
7DQL_4CL,51,0.8453
7DQL_4CL,52,2.2583
7DQL_4CL,53,2.2577
7DQL_4CL,54,0.6805
7DQL_4CL,55,2.7757
7DQL_4CL,56,2.1677
7DQL_4CL,57,2.1943
7DQL_4CL,58,2.4711
7DQL_4CL,59,2.3828
7DQL_4CL,6,0.4824
7DQL_4CL,60,0.7253
7DQL_4CL,61,2.1855
7DQL_4CL,62,0.6541
7DQL_4CL,63,2.1699
7DQL_4CL,64,2.2632
7DQL_4CL,65,2.7047
7DQL_4CL,66,3.7423
7DQL_4CL,67,2.2897
7DQL_4CL,68,2.2545
7DQL_4CL,69,2.2115
7DQL_4CL,7,2.3462
7DQL_4CL,70,3.2797
7DQL_4CL,71,2.2189
7DQL_4CL,72,3.7298
7DQL_4CL,73,3.5018
7DQL_4CL,74,2.2295
7DQL_4CL,75,2.2196
7DQL_4CL,76,2.5407
7DQL_4CL,77,0.9824
7DQL_4CL,78,2.2283
7DQL_4CL,79,1.5753
7DQL_4CL,8,3.7450
7DQL_4CL,80,2.2071
7DQL_4CL,81,2.2006
7DQL_4CL,82,2.2432
7DQL_4CL,83,3.9754
7DQL_4CL,84,2.1800
7DQL_4CL,85,0.7182
7DQL_4CL,86,0.8779
7DQL_4CL,87,2.2595
7DQL_4CL,88,0.8735
7DQL_4CL,89,2.2061
7DQL_4CL,9,0.8344
7DQL_4CL,90,3.9169
7DQL_4CL,91,2.2491
7DQL_4CL,92,2.3276
7DQL_4CL,93,0.8337
7DQL_4CL,94,2.2214
7DQL_4CL,95,2.2125
7DQL_4CL,96,2.2099
7DQL_4CL,97,2.8821
7DQL_4CL,98,2.2548
7DQL_4CL,99,0.8486
7DUA_HJ0,0,2.0463
7DUA_HJ0,1,1.3260
7DUA_HJ0,10,7.0193
7DUA_HJ0,100,1.3531
7DUA_HJ0,101,1.1812
7DUA_HJ0,102,1.0940
7DUA_HJ0,103,1.2683
7DUA_HJ0,104,1.1850
7DUA_HJ0,105,1.2661
7DUA_HJ0,106,2.3418
7DUA_HJ0,107,1.4349
7DUA_HJ0,108,1.5614
7DUA_HJ0,109,1.0602
7DUA_HJ0,11,1.4879
7DUA_HJ0,110,1.3035
7DUA_HJ0,111,1.6752
7DUA_HJ0,112,0.9260
7DUA_HJ0,113,1.5027
7DUA_HJ0,114,1.2545
7DUA_HJ0,115,0.3750
7DUA_HJ0,116,1.0238
7DUA_HJ0,117,2.0563
7DUA_HJ0,118,1.1716
7DUA_HJ0,119,1.4968
7DUA_HJ0,12,1.8028
7DUA_HJ0,120,1.3036
7DUA_HJ0,121,1.0483
7DUA_HJ0,122,1.3114
7DUA_HJ0,123,0.6925
7DUA_HJ0,124,1.4428
7DUA_HJ0,125,1.7309
7DUA_HJ0,126,0.8663
7DUA_HJ0,127,1.5336
7DUA_HJ0,128,0.9500
7DUA_HJ0,129,1.2887
7DUA_HJ0,13,1.1782
7DUA_HJ0,130,1.6905
7DUA_HJ0,131,1.1365
7DUA_HJ0,132,2.1692
7DUA_HJ0,133,1.8805
7DUA_HJ0,134,6.5763
7DUA_HJ0,135,0.9701
7DUA_HJ0,136,1.2554
7DUA_HJ0,137,1.6003
7DUA_HJ0,138,1.3395
7DUA_HJ0,139,1.5785
7DUA_HJ0,14,0.5238
7DUA_HJ0,15,1.3640
7DUA_HJ0,16,1.3258
7DUA_HJ0,17,1.5323
7DUA_HJ0,18,0.9260
7DUA_HJ0,19,0.7942
7DUA_HJ0,2,0.8441
7DUA_HJ0,20,0.3570
7DUA_HJ0,21,1.2875
7DUA_HJ0,22,1.5778
7DUA_HJ0,23,1.4407
7DUA_HJ0,24,1.0514
7DUA_HJ0,25,1.5092
7DUA_HJ0,26,1.4715
7DUA_HJ0,27,1.2679
7DUA_HJ0,28,0.9875
7DUA_HJ0,29,1.4313
7DUA_HJ0,3,1.6004
7DUA_HJ0,30,0.6317
7DUA_HJ0,31,1.1988
7DUA_HJ0,32,0.9118
7DUA_HJ0,33,1.8688
7DUA_HJ0,34,1.2460
7DUA_HJ0,35,1.1090
7DUA_HJ0,36,1.3100
7DUA_HJ0,37,1.6836
7DUA_HJ0,38,0.8279
7DUA_HJ0,39,1.1713
7DUA_HJ0,4,1.9156
7DUA_HJ0,40,1.4564
7DUA_HJ0,41,1.5750
7DUA_HJ0,42,1.8703
7DUA_HJ0,43,3.6798
7DUA_HJ0,44,1.0733
7DUA_HJ0,45,1.8214
7DUA_HJ0,46,2.1216
7DUA_HJ0,47,1.0445
7DUA_HJ0,48,0.7026
7DUA_HJ0,49,1.5381
7DUA_HJ0,5,1.0054
7DUA_HJ0,50,1.5051
7DUA_HJ0,51,1.1725
7DUA_HJ0,52,1.2564
7DUA_HJ0,53,1.5542
7DUA_HJ0,54,3.0306
7DUA_HJ0,55,1.2961
7DUA_HJ0,56,1.3288
7DUA_HJ0,57,1.2343
7DUA_HJ0,58,1.0479
7DUA_HJ0,59,1.8755
7DUA_HJ0,6,1.7364
7DUA_HJ0,60,1.2951
7DUA_HJ0,61,1.1084
7DUA_HJ0,62,1.6581
7DUA_HJ0,63,1.6415
7DUA_HJ0,64,1.2750
7DUA_HJ0,65,1.7244
7DUA_HJ0,66,0.7658
7DUA_HJ0,67,1.0789
7DUA_HJ0,68,1.4820
7DUA_HJ0,69,1.6379
7DUA_HJ0,7,3.3014
7DUA_HJ0,70,1.4616
7DUA_HJ0,71,0.8932
7DUA_HJ0,72,1.5915
7DUA_HJ0,73,1.2725
7DUA_HJ0,74,3.4124
7DUA_HJ0,75,1.1855
7DUA_HJ0,76,1.6062
7DUA_HJ0,77,1.3453
7DUA_HJ0,78,3.0132
7DUA_HJ0,79,0.7618
7DUA_HJ0,8,1.2069
7DUA_HJ0,80,3.4740
7DUA_HJ0,81,1.5477
7DUA_HJ0,82,1.5399
7DUA_HJ0,83,1.0987
7DUA_HJ0,84,1.5096
7DUA_HJ0,85,0.9946
7DUA_HJ0,86,1.3746
7DUA_HJ0,87,1.6334
7DUA_HJ0,88,1.2235
7DUA_HJ0,89,1.3405
7DUA_HJ0,9,0.9843
7DUA_HJ0,90,6.5577
7DUA_HJ0,91,1.3329
7DUA_HJ0,92,1.4208
7DUA_HJ0,93,1.1122
7DUA_HJ0,94,1.6146
7DUA_HJ0,95,1.2301
7DUA_HJ0,96,4.6655
7DUA_HJ0,97,1.2026
7DUA_HJ0,98,0.6747
7DUA_HJ0,99,0.7727
7E4L_MDN,0,2.5710
7E4L_MDN,1,2.3939
7E4L_MDN,10,1.7985
7E4L_MDN,100,3.1546
7E4L_MDN,101,3.2643
7E4L_MDN,102,3.2762
7E4L_MDN,103,3.0347
7E4L_MDN,104,3.0085
7E4L_MDN,105,2.7049
7E4L_MDN,106,2.7781
7E4L_MDN,107,2.1827
7E4L_MDN,108,3.3083
7E4L_MDN,109,2.4506
7E4L_MDN,11,2.7464
7E4L_MDN,110,2.8117
7E4L_MDN,111,1.9698
7E4L_MDN,112,3.3386
7E4L_MDN,113,3.1751
7E4L_MDN,114,2.4993
7E4L_MDN,115,2.3150
7E4L_MDN,116,2.7688
7E4L_MDN,117,2.8761
7E4L_MDN,118,2.3375
7E4L_MDN,119,2.6045
7E4L_MDN,12,3.0400
7E4L_MDN,120,2.5900
7E4L_MDN,121,3.0204
7E4L_MDN,122,3.4597
7E4L_MDN,123,2.7340
7E4L_MDN,124,2.8496
7E4L_MDN,125,2.3393
7E4L_MDN,126,3.1779
7E4L_MDN,127,1.8657
7E4L_MDN,128,2.6896
7E4L_MDN,129,3.3014
7E4L_MDN,13,1.6829
7E4L_MDN,130,2.4192
7E4L_MDN,131,2.7305
7E4L_MDN,132,1.8332
7E4L_MDN,133,2.0380
7E4L_MDN,134,2.6616
7E4L_MDN,135,2.4583
7E4L_MDN,136,2.1623
7E4L_MDN,137,1.9829
7E4L_MDN,138,3.3479
7E4L_MDN,139,1.9795
7E4L_MDN,14,1.4984
7E4L_MDN,15,1.3360
7E4L_MDN,16,2.5477
7E4L_MDN,17,2.7863
7E4L_MDN,18,2.9087
7E4L_MDN,19,2.4927
7E4L_MDN,2,2.9631
7E4L_MDN,20,2.2541
7E4L_MDN,21,1.9193
7E4L_MDN,22,2.8310
7E4L_MDN,23,2.9334
7E4L_MDN,24,3.1600
7E4L_MDN,25,1.7670
7E4L_MDN,26,2.0275
7E4L_MDN,27,2.4479
7E4L_MDN,28,1.9313
7E4L_MDN,29,3.1750
7E4L_MDN,3,2.7283
7E4L_MDN,30,2.7099
7E4L_MDN,31,3.1590
7E4L_MDN,32,2.8285
7E4L_MDN,33,3.0848
7E4L_MDN,34,1.8603
7E4L_MDN,35,2.5328
7E4L_MDN,36,3.2691
7E4L_MDN,37,1.6469
7E4L_MDN,38,3.0736
7E4L_MDN,39,2.0764
7E4L_MDN,4,2.1547
7E4L_MDN,40,2.3514
7E4L_MDN,41,2.9254
7E4L_MDN,42,3.1214
7E4L_MDN,43,1.8370
7E4L_MDN,44,2.8209
7E4L_MDN,45,1.4537
7E4L_MDN,46,2.6063
7E4L_MDN,47,3.1201
7E4L_MDN,48,1.5270
7E4L_MDN,49,2.2959
7E4L_MDN,5,2.9008
7E4L_MDN,50,1.5923
7E4L_MDN,51,2.7819
7E4L_MDN,52,2.5180
7E4L_MDN,53,2.5713
7E4L_MDN,54,2.4834
7E4L_MDN,55,3.2948
7E4L_MDN,56,2.9962
7E4L_MDN,57,1.4615
7E4L_MDN,58,3.0889
7E4L_MDN,59,2.9597
7E4L_MDN,6,2.1077
7E4L_MDN,60,2.7974
7E4L_MDN,61,2.6895
7E4L_MDN,62,1.8203
7E4L_MDN,63,1.5856
7E4L_MDN,64,2.3560
7E4L_MDN,65,3.0213
7E4L_MDN,66,1.7313
7E4L_MDN,67,2.8993
7E4L_MDN,68,1.7562
7E4L_MDN,69,2.9227
7E4L_MDN,7,2.8387
7E4L_MDN,70,3.1887
7E4L_MDN,71,2.5662
7E4L_MDN,72,2.8565
7E4L_MDN,73,3.1002
7E4L_MDN,74,1.6051
7E4L_MDN,75,1.5610
7E4L_MDN,76,2.7452
7E4L_MDN,77,2.6772
7E4L_MDN,78,1.4833
7E4L_MDN,79,3.5786
7E4L_MDN,8,1.8828
7E4L_MDN,80,1.7692
7E4L_MDN,81,3.0345
7E4L_MDN,82,1.5823
7E4L_MDN,83,2.4280
7E4L_MDN,84,2.6568
7E4L_MDN,85,1.9593
7E4L_MDN,86,2.9835
7E4L_MDN,87,2.5245
7E4L_MDN,88,2.4315
7E4L_MDN,89,2.1665
7E4L_MDN,9,1.8948
7E4L_MDN,90,2.9379
7E4L_MDN,91,3.1304
7E4L_MDN,92,2.0508
7E4L_MDN,93,3.3565
7E4L_MDN,94,2.8627
7E4L_MDN,95,1.4602
7E4L_MDN,96,2.8282
7E4L_MDN,97,3.1229
7E4L_MDN,98,2.3161
7E4L_MDN,99,2.3395
7EBG_J0L,0,4.0563
7EBG_J0L,1,0.4108
7EBG_J0L,10,1.1424
7EBG_J0L,100,0.6925
7EBG_J0L,101,4.1597
7EBG_J0L,102,0.7140
7EBG_J0L,103,4.2019
7EBG_J0L,104,0.8963
7EBG_J0L,105,3.9957
7EBG_J0L,106,1.1486
7EBG_J0L,107,4.2070
7EBG_J0L,108,1.4268
7EBG_J0L,109,4.1985
7EBG_J0L,11,1.3365
7EBG_J0L,110,0.7377
7EBG_J0L,111,4.1717
7EBG_J0L,112,4.0974
7EBG_J0L,113,4.2241
7EBG_J0L,114,4.0055
7EBG_J0L,115,2.0780
7EBG_J0L,116,4.1486
7EBG_J0L,117,4.2170
7EBG_J0L,118,4.1503
7EBG_J0L,119,1.0838
7EBG_J0L,12,4.1836
7EBG_J0L,120,4.1979
7EBG_J0L,121,1.0862
7EBG_J0L,122,4.1720
7EBG_J0L,123,0.7965
7EBG_J0L,124,1.5019
7EBG_J0L,125,4.1905
7EBG_J0L,126,0.4306
7EBG_J0L,127,4.1752
7EBG_J0L,128,3.7706
7EBG_J0L,129,3.9782
7EBG_J0L,13,4.0295
7EBG_J0L,130,1.1956
7EBG_J0L,131,4.0776
7EBG_J0L,132,4.0794
7EBG_J0L,133,4.1872
7EBG_J0L,134,0.6017
7EBG_J0L,135,4.1652
7EBG_J0L,136,4.0227
7EBG_J0L,137,1.1616
7EBG_J0L,138,0.6236
7EBG_J0L,139,0.4822
7EBG_J0L,14,4.2486
7EBG_J0L,15,0.3937
7EBG_J0L,16,0.7793
7EBG_J0L,17,0.4382
7EBG_J0L,18,4.1913
7EBG_J0L,19,0.5710
7EBG_J0L,2,0.6788
7EBG_J0L,20,4.2031
7EBG_J0L,21,3.9754
7EBG_J0L,22,0.9691
7EBG_J0L,23,1.6746
7EBG_J0L,24,4.0292
7EBG_J0L,25,4.0748
7EBG_J0L,26,4.0727
7EBG_J0L,27,0.5493
7EBG_J0L,28,4.4041
7EBG_J0L,29,0.4644
7EBG_J0L,3,0.9126
7EBG_J0L,30,4.0416
7EBG_J0L,31,4.1817
7EBG_J0L,32,2.7008
7EBG_J0L,33,0.8806
7EBG_J0L,34,4.1509
7EBG_J0L,35,0.6639
7EBG_J0L,36,4.1963
7EBG_J0L,37,3.9779
7EBG_J0L,38,0.6181
7EBG_J0L,39,1.1200
7EBG_J0L,4,4.2001
7EBG_J0L,40,0.3955
7EBG_J0L,41,4.2186
7EBG_J0L,42,4.0703
7EBG_J0L,43,0.3878
7EBG_J0L,44,2.7628
7EBG_J0L,45,0.5855
7EBG_J0L,46,4.0594
7EBG_J0L,47,4.1453
7EBG_J0L,48,0.9263
7EBG_J0L,49,0.4877
7EBG_J0L,5,3.7566
7EBG_J0L,50,0.5021
7EBG_J0L,51,1.1820
7EBG_J0L,52,4.0874
7EBG_J0L,53,0.5425
7EBG_J0L,54,4.1818
7EBG_J0L,55,4.1102
7EBG_J0L,56,0.8405
7EBG_J0L,57,3.9752
7EBG_J0L,58,0.3533
7EBG_J0L,59,4.1102
7EBG_J0L,6,4.2498
7EBG_J0L,60,1.0520
7EBG_J0L,61,4.2205
7EBG_J0L,62,4.1958
7EBG_J0L,63,0.4885
7EBG_J0L,64,4.1656
7EBG_J0L,65,4.0840
7EBG_J0L,66,4.2035
7EBG_J0L,67,0.8658
7EBG_J0L,68,2.7592
7EBG_J0L,69,1.2047
7EBG_J0L,7,0.7324
7EBG_J0L,70,1.0292
7EBG_J0L,71,4.1370
7EBG_J0L,72,4.1874
7EBG_J0L,73,0.6386
7EBG_J0L,74,3.9960
7EBG_J0L,75,0.4845
7EBG_J0L,76,4.1775
7EBG_J0L,77,0.6909
7EBG_J0L,78,0.6345
7EBG_J0L,79,0.8298
7EBG_J0L,8,4.1881
7EBG_J0L,80,4.1518
7EBG_J0L,81,3.2732
7EBG_J0L,82,4.1875
7EBG_J0L,83,4.2045
7EBG_J0L,84,0.6373
7EBG_J0L,85,0.6433
7EBG_J0L,86,4.0539
7EBG_J0L,87,4.1682
7EBG_J0L,88,2.9211
7EBG_J0L,89,4.0870
7EBG_J0L,9,4.1686
7EBG_J0L,9,3.5941
7EBG_J0L,90,4.1854
7EBG_J0L,91,0.8404
7EBG_J0L,92,1.2023
7EBG_J0L,93,4.1551
7EBG_J0L,94,0.7846
7EBG_J0L,95,0.5268
7EBG_J0L,96,0.6856
7EBG_J0L,97,1.0142
7EBG_J0L,98,0.6066
7EBG_J0L,99,0.5421
7ECR_SIN,0,1.1917
7ECR_SIN,1,1.1016
7ECR_SIN,10,1.9268
7ECR_SIN,100,1.2373
7ECR_SIN,101,1.7940
7ECR_SIN,102,1.3959
7ECR_SIN,103,1.8068
7ECR_SIN,104,0.9828
7ECR_SIN,105,1.4224
7ECR_SIN,106,1.7443
7ECR_SIN,107,1.8034
7ECR_SIN,108,1.3704
7ECR_SIN,109,1.4163
7ECR_SIN,11,1.2478
7ECR_SIN,110,0.9985
7ECR_SIN,111,1.5819
7ECR_SIN,112,1.7821
7ECR_SIN,113,0.7150
7ECR_SIN,114,1.0480
7ECR_SIN,115,0.5869
7ECR_SIN,116,1.7006
7ECR_SIN,117,0.8877
7ECR_SIN,118,1.2559
7ECR_SIN,119,0.9951
7ECR_SIN,12,1.2791
7ECR_SIN,120,1.7261
7ECR_SIN,121,0.8429
7ECR_SIN,122,1.2468
7ECR_SIN,123,0.6768
7ECR_SIN,124,0.9986
7ECR_SIN,125,1.2961
7ECR_SIN,126,1.1290
7ECR_SIN,127,1.5837
7ECR_SIN,128,1.7515
7ECR_SIN,129,1.6931
7ECR_SIN,13,1.4229
7ECR_SIN,130,1.9612
7ECR_SIN,131,1.8353
7ECR_SIN,132,1.2633
7ECR_SIN,133,0.7356
7ECR_SIN,134,1.0320
7ECR_SIN,135,1.4799
7ECR_SIN,136,1.7783
7ECR_SIN,137,1.2583
7ECR_SIN,138,1.6503
7ECR_SIN,139,0.6372
7ECR_SIN,14,1.5477
7ECR_SIN,15,1.2959
7ECR_SIN,16,1.4098
7ECR_SIN,17,1.2908
7ECR_SIN,18,2.0788
7ECR_SIN,19,2.5327
7ECR_SIN,2,0.6510
7ECR_SIN,20,1.2298
7ECR_SIN,21,0.7173
7ECR_SIN,22,1.5030
7ECR_SIN,23,1.2932
7ECR_SIN,24,2.0706
7ECR_SIN,25,1.5536
7ECR_SIN,26,1.3320
7ECR_SIN,27,1.2224
7ECR_SIN,28,1.6448
7ECR_SIN,29,1.3571
7ECR_SIN,3,1.6503
7ECR_SIN,30,0.6603
7ECR_SIN,31,1.3226
7ECR_SIN,32,1.8620
7ECR_SIN,33,1.3079
7ECR_SIN,34,1.7336
7ECR_SIN,35,1.4947
7ECR_SIN,36,0.8295
7ECR_SIN,37,1.2295
7ECR_SIN,38,1.7134
7ECR_SIN,39,1.1073
7ECR_SIN,4,1.3629
7ECR_SIN,40,1.5804
7ECR_SIN,41,0.8589
7ECR_SIN,42,1.2405
7ECR_SIN,43,1.4168
7ECR_SIN,44,0.8656
7ECR_SIN,45,1.0329
7ECR_SIN,46,0.5912
7ECR_SIN,47,1.3082
7ECR_SIN,48,0.7395
7ECR_SIN,49,1.7993
7ECR_SIN,5,2.6840
7ECR_SIN,50,1.6944
7ECR_SIN,51,1.2208
7ECR_SIN,52,1.3223
7ECR_SIN,53,1.4941
7ECR_SIN,54,1.6669
7ECR_SIN,55,1.7039
7ECR_SIN,56,1.4968
7ECR_SIN,57,1.4748
7ECR_SIN,58,2.0901
7ECR_SIN,59,1.6328
7ECR_SIN,6,1.7069
7ECR_SIN,60,1.7767
7ECR_SIN,61,1.7539
7ECR_SIN,62,1.7026
7ECR_SIN,63,1.6940
7ECR_SIN,64,1.3207
7ECR_SIN,65,1.1377
7ECR_SIN,66,1.8006
7ECR_SIN,67,1.2989
7ECR_SIN,68,1.4561
7ECR_SIN,69,1.2820
7ECR_SIN,7,1.2928
7ECR_SIN,70,1.5370
7ECR_SIN,71,0.8901
7ECR_SIN,72,1.3540
7ECR_SIN,73,1.4345
7ECR_SIN,74,0.7859
7ECR_SIN,75,1.4247
7ECR_SIN,76,1.5510
7ECR_SIN,77,1.4057
7ECR_SIN,78,1.5211
7ECR_SIN,79,1.7120
7ECR_SIN,8,0.8109
7ECR_SIN,80,0.9663
7ECR_SIN,81,1.4292
7ECR_SIN,82,2.0025
7ECR_SIN,83,1.2904
7ECR_SIN,84,1.7007
7ECR_SIN,85,1.5014
7ECR_SIN,86,2.0103
7ECR_SIN,87,0.5910
7ECR_SIN,88,1.7247
7ECR_SIN,89,1.1531
7ECR_SIN,9,1.8609
7ECR_SIN,90,1.3514
7ECR_SIN,91,1.1542
7ECR_SIN,92,1.0197
7ECR_SIN,93,1.3567
7ECR_SIN,94,1.6852
7ECR_SIN,95,1.1298
7ECR_SIN,96,0.8201
7ECR_SIN,97,1.7212
7ECR_SIN,98,1.6006
7ECR_SIN,99,0.8663
7ED2_A3P,0,0.9828
7ED2_A3P,1,4.1335
7ED2_A3P,10,4.4446
7ED2_A3P,100,1.6725
7ED2_A3P,101,4.5378
7ED2_A3P,102,1.5631
7ED2_A3P,103,1.8369
7ED2_A3P,104,4.2758
7ED2_A3P,105,4.6722
7ED2_A3P,106,4.8141
7ED2_A3P,107,1.0006
7ED2_A3P,108,4.0258
7ED2_A3P,109,2.6723
7ED2_A3P,11,3.8856
7ED2_A3P,110,1.9695
7ED2_A3P,111,3.4419
7ED2_A3P,112,4.5169
7ED2_A3P,113,4.0914
7ED2_A3P,114,4.9192
7ED2_A3P,115,4.6737
7ED2_A3P,116,1.8075
7ED2_A3P,117,4.7100
7ED2_A3P,118,4.6442
7ED2_A3P,119,4.8342
7ED2_A3P,12,4.7081
7ED2_A3P,120,2.5443
7ED2_A3P,121,4.3766
7ED2_A3P,122,4.1692
7ED2_A3P,123,3.8455
7ED2_A3P,124,0.8866
7ED2_A3P,125,3.0342
7ED2_A3P,126,1.8641
7ED2_A3P,127,1.5843
7ED2_A3P,128,4.6201
7ED2_A3P,129,4.8241
7ED2_A3P,13,4.4519
7ED2_A3P,130,3.7183
7ED2_A3P,131,4.0840
7ED2_A3P,132,1.6147
7ED2_A3P,133,4.7357
7ED2_A3P,134,4.8167
7ED2_A3P,135,1.3085
7ED2_A3P,136,1.6752
7ED2_A3P,137,3.9928
7ED2_A3P,138,1.1412
7ED2_A3P,139,4.2628
7ED2_A3P,14,4.5463
7ED2_A3P,15,4.6410
7ED2_A3P,16,4.8348
7ED2_A3P,17,1.6276
7ED2_A3P,18,6.7195
7ED2_A3P,19,1.9880
7ED2_A3P,2,4.4180
7ED2_A3P,20,1.2878
7ED2_A3P,21,2.5103
7ED2_A3P,22,4.7393
7ED2_A3P,23,3.2458
7ED2_A3P,24,4.5675
7ED2_A3P,25,4.5126
7ED2_A3P,26,1.3346
7ED2_A3P,27,1.1195
7ED2_A3P,28,4.6042
7ED2_A3P,29,4.4077
7ED2_A3P,3,4.3075
7ED2_A3P,30,4.5330
7ED2_A3P,31,5.0475
7ED2_A3P,32,2.7038
7ED2_A3P,33,4.6552
7ED2_A3P,34,4.6953
7ED2_A3P,35,4.7645
7ED2_A3P,36,2.4988
7ED2_A3P,37,3.9272
7ED2_A3P,38,4.5089
7ED2_A3P,39,4.0141
7ED2_A3P,4,4.3105
7ED2_A3P,40,4.9121
7ED2_A3P,41,4.6076
7ED2_A3P,42,3.9723
7ED2_A3P,43,4.2029
7ED2_A3P,44,2.1895
7ED2_A3P,45,3.2077
7ED2_A3P,46,4.6929
7ED2_A3P,47,4.6899
7ED2_A3P,48,1.9067
7ED2_A3P,49,1.3052
7ED2_A3P,5,4.8029
7ED2_A3P,50,4.6395
7ED2_A3P,51,4.5380
7ED2_A3P,52,3.7446
7ED2_A3P,53,1.1802
7ED2_A3P,53,4.4627
7ED2_A3P,54,4.6818
7ED2_A3P,55,3.6190
7ED2_A3P,56,3.7664
7ED2_A3P,57,4.9604
7ED2_A3P,58,1.9945
7ED2_A3P,59,4.6889
7ED2_A3P,6,2.0026
7ED2_A3P,60,4.6084
7ED2_A3P,61,4.7770
7ED2_A3P,62,4.0829
7ED2_A3P,63,3.4678
7ED2_A3P,64,3.2244
7ED2_A3P,65,2.2073
7ED2_A3P,66,4.5128
7ED2_A3P,67,4.2927
7ED2_A3P,68,3.5642
7ED2_A3P,69,4.6223
7ED2_A3P,7,4.5407
7ED2_A3P,70,4.1127
7ED2_A3P,71,1.9157
7ED2_A3P,72,4.4916
7ED2_A3P,73,1.9435
7ED2_A3P,74,4.6452
7ED2_A3P,75,1.7859
7ED2_A3P,76,2.0212
7ED2_A3P,77,1.4191
7ED2_A3P,78,2.9801
7ED2_A3P,79,1.3083
7ED2_A3P,8,4.5246
7ED2_A3P,80,4.5231
7ED2_A3P,81,4.4944
7ED2_A3P,82,2.6320
7ED2_A3P,83,4.7716
7ED2_A3P,84,1.9375
7ED2_A3P,85,2.1930
7ED2_A3P,86,4.0114
7ED2_A3P,87,4.3296
7ED2_A3P,88,2.0377
7ED2_A3P,89,1.1589
7ED2_A3P,9,4.6185
7ED2_A3P,90,2.4309
7ED2_A3P,91,4.5676
7ED2_A3P,92,3.1994
7ED2_A3P,93,1.7183
7ED2_A3P,94,1.5484
7ED2_A3P,95,4.5665
7ED2_A3P,96,4.8433
7ED2_A3P,97,4.3619
7ED2_A3P,98,2.1275
7ED2_A3P,99,4.2993
7ELT_TYM,0,1.9657
7ELT_TYM,1,2.3479
7ELT_TYM,10,0.7037
7ELT_TYM,100,1.4137
7ELT_TYM,101,1.9714
7ELT_TYM,102,0.6862
7ELT_TYM,103,1.4567
7ELT_TYM,104,1.8685
7ELT_TYM,105,1.9158
7ELT_TYM,106,1.5583
7ELT_TYM,107,1.2221
7ELT_TYM,108,1.6403
7ELT_TYM,109,2.2052
7ELT_TYM,11,1.0342
7ELT_TYM,110,1.9413
7ELT_TYM,111,1.4389
7ELT_TYM,112,2.0305
7ELT_TYM,113,1.7106
7ELT_TYM,114,2.8104
7ELT_TYM,115,0.8271
7ELT_TYM,116,1.7275
7ELT_TYM,117,2.6792
7ELT_TYM,118,1.7523
7ELT_TYM,119,1.8564
7ELT_TYM,12,0.6436
7ELT_TYM,120,9.9494
7ELT_TYM,121,0.9370
7ELT_TYM,122,1.8017
7ELT_TYM,123,2.1298
7ELT_TYM,124,2.4145
7ELT_TYM,125,1.4797
7ELT_TYM,126,2.2254
7ELT_TYM,127,1.6962
7ELT_TYM,128,1.8840
7ELT_TYM,129,1.8532
7ELT_TYM,13,1.4035
7ELT_TYM,130,2.0905
7ELT_TYM,131,1.6115
7ELT_TYM,132,1.8575
7ELT_TYM,133,1.8347
7ELT_TYM,134,1.9941
7ELT_TYM,135,3.1777
7ELT_TYM,136,1.7833
7ELT_TYM,137,1.7361
7ELT_TYM,138,2.2816
7ELT_TYM,139,3.4533
7ELT_TYM,14,0.7399
7ELT_TYM,15,2.0664
7ELT_TYM,16,1.8846
7ELT_TYM,17,2.1447
7ELT_TYM,18,2.0466
7ELT_TYM,19,1.3700
7ELT_TYM,2,2.1880
7ELT_TYM,20,1.5418
7ELT_TYM,21,1.9161
7ELT_TYM,22,0.7672
7ELT_TYM,23,1.7247
7ELT_TYM,24,1.8628
7ELT_TYM,25,1.8239
7ELT_TYM,26,1.3336
7ELT_TYM,27,1.2370
7ELT_TYM,28,1.5415
7ELT_TYM,29,2.5688
7ELT_TYM,3,1.3655
7ELT_TYM,30,2.2900
7ELT_TYM,31,2.8376
7ELT_TYM,32,2.2462
7ELT_TYM,33,1.5638
7ELT_TYM,34,1.7204
7ELT_TYM,35,1.8467
7ELT_TYM,36,2.2650
7ELT_TYM,37,1.1266
7ELT_TYM,38,1.5195
7ELT_TYM,39,1.5906
7ELT_TYM,4,2.2660
7ELT_TYM,40,0.7657
7ELT_TYM,41,1.7324
7ELT_TYM,42,3.0977
7ELT_TYM,43,9.8254
7ELT_TYM,44,2.5634
7ELT_TYM,45,1.7840
7ELT_TYM,46,1.8628
7ELT_TYM,47,2.1305
7ELT_TYM,48,1.6790
7ELT_TYM,49,1.7229
7ELT_TYM,5,1.4539
7ELT_TYM,50,1.2003
7ELT_TYM,51,1.6290
7ELT_TYM,52,0.9531
7ELT_TYM,53,3.3133
7ELT_TYM,54,1.9958
7ELT_TYM,55,1.5567
7ELT_TYM,56,2.2009
7ELT_TYM,57,1.6414
7ELT_TYM,58,1.5985
7ELT_TYM,59,1.2507
7ELT_TYM,6,1.6401
7ELT_TYM,60,2.0662
7ELT_TYM,61,1.3783
7ELT_TYM,62,1.7952
7ELT_TYM,63,0.7976
7ELT_TYM,64,1.5977
7ELT_TYM,65,0.8427
7ELT_TYM,66,2.0144
7ELT_TYM,67,2.4314
7ELT_TYM,68,2.3907
7ELT_TYM,69,1.4381
7ELT_TYM,7,1.6727
7ELT_TYM,70,1.5266
7ELT_TYM,71,2.1076
7ELT_TYM,72,1.5021
7ELT_TYM,73,1.5604
7ELT_TYM,74,2.1782
7ELT_TYM,75,1.7355
7ELT_TYM,76,2.0000
7ELT_TYM,77,2.1392
7ELT_TYM,78,1.3371
7ELT_TYM,79,2.0714
7ELT_TYM,8,3.2357
7ELT_TYM,80,1.4199
7ELT_TYM,81,1.5071
7ELT_TYM,82,0.9911
7ELT_TYM,83,1.4790
7ELT_TYM,84,1.6053
7ELT_TYM,85,1.8216
7ELT_TYM,86,1.0561
7ELT_TYM,87,2.2226
7ELT_TYM,88,2.0960
7ELT_TYM,89,1.8172
7ELT_TYM,9,0.9400
7ELT_TYM,90,1.4895
7ELT_TYM,91,1.2621
7ELT_TYM,92,1.6725
7ELT_TYM,93,1.6193
7ELT_TYM,94,1.4011
7ELT_TYM,95,1.9843
7ELT_TYM,96,1.6774
7ELT_TYM,97,1.5939
7ELT_TYM,98,2.0282
7ELT_TYM,99,1.6723
7EPV_FDA,0,6.5249
7EPV_FDA,1,13.5484
7EPV_FDA,10,2.8352
7EPV_FDA,100,5.1608
7EPV_FDA,101,4.1276
7EPV_FDA,102,3.0273
7EPV_FDA,103,12.2886
7EPV_FDA,104,5.3356
7EPV_FDA,105,3.3432
7EPV_FDA,106,2.9216
7EPV_FDA,107,1.5636
7EPV_FDA,108,6.1942
7EPV_FDA,109,13.2440
7EPV_FDA,11,14.5814
7EPV_FDA,110,14.5210
7EPV_FDA,111,3.4606
7EPV_FDA,112,2.4494
7EPV_FDA,113,3.7699
7EPV_FDA,114,5.6824
7EPV_FDA,115,11.2099
7EPV_FDA,116,14.4409
7EPV_FDA,117,3.7517
7EPV_FDA,118,5.1350
7EPV_FDA,119,14.0831
7EPV_FDA,12,4.0504
7EPV_FDA,120,13.4940
7EPV_FDA,121,13.8834
7EPV_FDA,122,2.6743
7EPV_FDA,123,13.1743
7EPV_FDA,124,11.1957
7EPV_FDA,125,13.6734
7EPV_FDA,126,5.7480
7EPV_FDA,127,4.1480
7EPV_FDA,128,12.6194
7EPV_FDA,129,3.2692
7EPV_FDA,13,3.6712
7EPV_FDA,130,10.1769
7EPV_FDA,131,13.4283
7EPV_FDA,132,13.7244
7EPV_FDA,133,2.1297
7EPV_FDA,134,14.7110
7EPV_FDA,135,14.1231
7EPV_FDA,136,1.6723
7EPV_FDA,137,1.1855
7EPV_FDA,138,4.4092
7EPV_FDA,139,14.1196
7EPV_FDA,14,5.3336
7EPV_FDA,15,6.5212
7EPV_FDA,16,11.8711
7EPV_FDA,17,3.5234
7EPV_FDA,18,13.0466
7EPV_FDA,19,14.1529
7EPV_FDA,2,4.5723
7EPV_FDA,20,12.9668
7EPV_FDA,21,5.3366
7EPV_FDA,22,13.7912
7EPV_FDA,23,2.5394
7EPV_FDA,24,13.4042
7EPV_FDA,25,4.5665
7EPV_FDA,26,5.2280
7EPV_FDA,27,13.2774
7EPV_FDA,28,1.9912
7EPV_FDA,29,7.0403
7EPV_FDA,3,4.8728
7EPV_FDA,30,13.7137
7EPV_FDA,31,4.6527
7EPV_FDA,32,13.1090
7EPV_FDA,33,3.8856
7EPV_FDA,34,13.4647
7EPV_FDA,35,13.6485
7EPV_FDA,36,14.0108
7EPV_FDA,37,13.5586
7EPV_FDA,38,5.0051
7EPV_FDA,39,12.2713
7EPV_FDA,4,4.5752
7EPV_FDA,40,14.0458
7EPV_FDA,41,2.5048
7EPV_FDA,42,13.5011
7EPV_FDA,43,2.9189
7EPV_FDA,44,6.7626
7EPV_FDA,45,1.9822
7EPV_FDA,46,13.6816
7EPV_FDA,47,13.1702
7EPV_FDA,48,2.4066
7EPV_FDA,49,2.6071
7EPV_FDA,5,14.3515
7EPV_FDA,50,2.2647
7EPV_FDA,51,3.7996
7EPV_FDA,52,13.8575
7EPV_FDA,53,4.0700
7EPV_FDA,54,2.8438
7EPV_FDA,55,3.0831
7EPV_FDA,56,3.0296
7EPV_FDA,57,11.2464
7EPV_FDA,58,14.1319
7EPV_FDA,59,1.2193
7EPV_FDA,6,3.4670
7EPV_FDA,60,10.9238
7EPV_FDA,61,1.7996
7EPV_FDA,62,5.0267
7EPV_FDA,63,3.2576
7EPV_FDA,64,3.0868
7EPV_FDA,65,5.2264
7EPV_FDA,66,4.5337
7EPV_FDA,67,12.5341
7EPV_FDA,68,13.4006
7EPV_FDA,69,14.3497
7EPV_FDA,7,4.0628
7EPV_FDA,70,9.2531
7EPV_FDA,71,4.6019
7EPV_FDA,72,14.0893
7EPV_FDA,73,2.1632
7EPV_FDA,74,2.7994
7EPV_FDA,75,14.5280
7EPV_FDA,76,14.0752
7EPV_FDA,77,14.1715
7EPV_FDA,78,4.7315
7EPV_FDA,79,13.7219
7EPV_FDA,8,3.6018
7EPV_FDA,80,12.3892
7EPV_FDA,81,3.7951
7EPV_FDA,82,13.9490
7EPV_FDA,83,8.2432
7EPV_FDA,84,3.9817
7EPV_FDA,85,9.5602
7EPV_FDA,86,13.9922
7EPV_FDA,87,13.5840
7EPV_FDA,88,1.8090
7EPV_FDA,89,13.8354
7EPV_FDA,9,2.6513
7EPV_FDA,90,5.3239
7EPV_FDA,91,7.4033
7EPV_FDA,92,14.1722
7EPV_FDA,93,3.5344
7EPV_FDA,94,13.5098
7EPV_FDA,95,1.7336
7EPV_FDA,96,13.9314
7EPV_FDA,97,10.4317
7EPV_FDA,98,4.7907
7EPV_FDA,99,4.1840
7ES1_UDP,0,1.3149
7ES1_UDP,1,2.3005
7ES1_UDP,10,1.2329
7ES1_UDP,100,1.6869
7ES1_UDP,101,1.4011
7ES1_UDP,102,1.3278
7ES1_UDP,103,1.2280
7ES1_UDP,104,2.0969
7ES1_UDP,105,1.8750
7ES1_UDP,105,1.3849
7ES1_UDP,106,1.9512
7ES1_UDP,107,1.3952
7ES1_UDP,108,1.1411
7ES1_UDP,109,1.4700
7ES1_UDP,11,1.5373
7ES1_UDP,110,2.2698
7ES1_UDP,111,1.7975
7ES1_UDP,112,1.7039
7ES1_UDP,113,2.0708
7ES1_UDP,114,2.4192
7ES1_UDP,115,1.2050
7ES1_UDP,116,1.1589
7ES1_UDP,117,1.3755
7ES1_UDP,118,1.1408
7ES1_UDP,119,1.9690
7ES1_UDP,12,1.6554
7ES1_UDP,120,2.4714
7ES1_UDP,121,1.6500
7ES1_UDP,122,1.2661
7ES1_UDP,123,1.8507
7ES1_UDP,124,1.5036
7ES1_UDP,125,1.9848
7ES1_UDP,126,1.0436
7ES1_UDP,127,1.9624
7ES1_UDP,128,1.7296
7ES1_UDP,129,1.1363
7ES1_UDP,13,1.1259
7ES1_UDP,130,1.2869
7ES1_UDP,131,1.8171
7ES1_UDP,132,1.2363
7ES1_UDP,133,1.1451
7ES1_UDP,134,1.2460
7ES1_UDP,135,1.6129
7ES1_UDP,136,1.9094
7ES1_UDP,137,0.9820
7ES1_UDP,138,7.0954
7ES1_UDP,139,2.1353
7ES1_UDP,14,1.8818
7ES1_UDP,15,1.6290
7ES1_UDP,16,0.9156
7ES1_UDP,17,1.8243
7ES1_UDP,18,1.4083
7ES1_UDP,19,2.5540
7ES1_UDP,2,1.9993
7ES1_UDP,20,1.4936
7ES1_UDP,21,1.7028
7ES1_UDP,22,1.1195
7ES1_UDP,23,1.7516
7ES1_UDP,24,1.8537
7ES1_UDP,25,1.2646
7ES1_UDP,26,1.1439
7ES1_UDP,27,1.4267
7ES1_UDP,28,1.0186
7ES1_UDP,29,1.1364
7ES1_UDP,3,1.2156
7ES1_UDP,30,2.3601
7ES1_UDP,31,1.5560
7ES1_UDP,32,1.2115
7ES1_UDP,33,1.7702
7ES1_UDP,34,1.1704
7ES1_UDP,35,1.4334
7ES1_UDP,36,1.9287
7ES1_UDP,37,1.5556
7ES1_UDP,38,2.1252
7ES1_UDP,39,2.1382
7ES1_UDP,4,1.4291
7ES1_UDP,40,1.0235
7ES1_UDP,41,0.8197
7ES1_UDP,42,1.1738
7ES1_UDP,43,1.4342
7ES1_UDP,44,2.3322
7ES1_UDP,45,2.1871
7ES1_UDP,46,2.0444
7ES1_UDP,47,1.9771
7ES1_UDP,48,1.6186
7ES1_UDP,49,1.0910
7ES1_UDP,5,2.0150
7ES1_UDP,50,1.7549
7ES1_UDP,51,1.2925
7ES1_UDP,52,1.5906
7ES1_UDP,53,2.9428
7ES1_UDP,54,1.1931
7ES1_UDP,55,1.2287
7ES1_UDP,56,1.0570
7ES1_UDP,57,1.1700
7ES1_UDP,58,1.9067
7ES1_UDP,59,1.3062
7ES1_UDP,6,1.2338
7ES1_UDP,60,1.8077
7ES1_UDP,61,1.3575
7ES1_UDP,62,1.0699
7ES1_UDP,63,1.2504
7ES1_UDP,64,0.9211
7ES1_UDP,65,1.9876
7ES1_UDP,66,1.7292
7ES1_UDP,67,1.8705
7ES1_UDP,68,1.8008
7ES1_UDP,69,1.7454
7ES1_UDP,7,1.8790
7ES1_UDP,70,1.2811
7ES1_UDP,71,1.6466
7ES1_UDP,72,1.2389
7ES1_UDP,73,1.9193
7ES1_UDP,74,1.1792
7ES1_UDP,75,1.1699
7ES1_UDP,76,2.7719
7ES1_UDP,77,2.1004
7ES1_UDP,78,1.1666
7ES1_UDP,79,1.2917
7ES1_UDP,8,1.5563
7ES1_UDP,80,1.1217
7ES1_UDP,81,2.1754
7ES1_UDP,82,1.6383
7ES1_UDP,83,2.0807
7ES1_UDP,84,2.4068
7ES1_UDP,85,1.0370
7ES1_UDP,86,1.0566
7ES1_UDP,87,1.7122
7ES1_UDP,88,1.2474
7ES1_UDP,89,1.9231
7ES1_UDP,9,1.7583
7ES1_UDP,90,1.6288
7ES1_UDP,91,2.1591
7ES1_UDP,92,1.7901
7ES1_UDP,93,1.1490
7ES1_UDP,94,1.1753
7ES1_UDP,95,1.7550
7ES1_UDP,96,1.2851
7ES1_UDP,97,1.7535
7ES1_UDP,98,2.1376
7ES1_UDP,99,1.5918
7F51_BA7,0,2.4389
7F51_BA7,1,2.3737
7F51_BA7,10,2.0700
7F51_BA7,100,1.9758
7F51_BA7,101,1.2644
7F51_BA7,102,1.8083
7F51_BA7,103,2.4413
7F51_BA7,104,2.7101
7F51_BA7,105,1.8927
7F51_BA7,106,2.1402
7F51_BA7,107,1.9614
7F51_BA7,108,1.9381
7F51_BA7,109,2.5762
7F51_BA7,11,1.9022
7F51_BA7,110,1.1002
7F51_BA7,111,1.9902
7F51_BA7,112,1.6362
7F51_BA7,113,1.0350
7F51_BA7,114,0.9348
7F51_BA7,115,1.4169
7F51_BA7,116,1.5530
7F51_BA7,117,1.3000
7F51_BA7,118,2.0781
7F51_BA7,119,2.2001
7F51_BA7,12,2.6821
7F51_BA7,120,2.1563
7F51_BA7,121,1.9061
7F51_BA7,122,1.1381
7F51_BA7,123,2.4456
7F51_BA7,124,1.3737
7F51_BA7,125,1.8435
7F51_BA7,126,1.3586
7F51_BA7,127,1.5722
7F51_BA7,128,1.4786
7F51_BA7,129,1.7218
7F51_BA7,13,1.5199
7F51_BA7,130,2.1923
7F51_BA7,131,1.8988
7F51_BA7,132,1.8307
7F51_BA7,133,0.9313
7F51_BA7,134,1.1014
7F51_BA7,135,1.3035
7F51_BA7,136,1.4180
7F51_BA7,137,1.0616
7F51_BA7,138,1.7506
7F51_BA7,139,1.7352
7F51_BA7,14,1.4613
7F51_BA7,15,1.8273
7F51_BA7,16,2.0302
7F51_BA7,17,1.7752
7F51_BA7,18,1.8395
7F51_BA7,19,1.4440
7F51_BA7,2,2.3736
7F51_BA7,20,1.1065
7F51_BA7,21,1.8721
7F51_BA7,22,0.9491
7F51_BA7,23,1.8082
7F51_BA7,24,1.9789
7F51_BA7,25,2.2335
7F51_BA7,26,2.6467
7F51_BA7,27,2.0102
7F51_BA7,28,1.7253
7F51_BA7,29,2.8243
7F51_BA7,3,2.3386
7F51_BA7,30,1.9766
7F51_BA7,31,2.0405
7F51_BA7,32,1.4932
7F51_BA7,33,2.7292
7F51_BA7,34,1.3311
7F51_BA7,35,1.3829
7F51_BA7,36,2.6940
7F51_BA7,37,2.5299
7F51_BA7,38,2.3526
7F51_BA7,39,1.8465
7F51_BA7,4,1.4986
7F51_BA7,40,2.0269
7F51_BA7,41,1.0611
7F51_BA7,42,1.7272
7F51_BA7,43,2.3248
7F51_BA7,44,2.0196
7F51_BA7,45,1.8775
7F51_BA7,46,2.4026
7F51_BA7,47,1.5739
7F51_BA7,48,1.7728
7F51_BA7,49,1.8341
7F51_BA7,5,1.2007
7F51_BA7,50,1.2086
7F51_BA7,51,1.8609
7F51_BA7,52,13.1213
7F51_BA7,53,1.9745
7F51_BA7,54,2.4499
7F51_BA7,55,1.3391
7F51_BA7,56,1.5881
7F51_BA7,57,2.3263
7F51_BA7,58,1.5123
7F51_BA7,59,1.3076
7F51_BA7,6,2.2663
7F51_BA7,60,0.9886
7F51_BA7,61,1.9966
7F51_BA7,62,2.1038
7F51_BA7,63,1.1505
7F51_BA7,64,2.2587
7F51_BA7,65,2.5116
7F51_BA7,66,1.4242
7F51_BA7,67,2.2519
7F51_BA7,68,1.9043
7F51_BA7,69,1.0844
7F51_BA7,7,0.8881
7F51_BA7,70,4.5605
7F51_BA7,71,1.1830
7F51_BA7,72,1.9694
7F51_BA7,73,1.5558
7F51_BA7,74,2.4550
7F51_BA7,75,2.2663
7F51_BA7,76,1.4074
7F51_BA7,77,0.8178
7F51_BA7,78,1.3885
7F51_BA7,79,1.2132
7F51_BA7,8,1.8111
7F51_BA7,80,2.4383
7F51_BA7,81,1.4083
7F51_BA7,82,1.6006
7F51_BA7,83,2.2340
7F51_BA7,84,1.9449
7F51_BA7,85,1.6544
7F51_BA7,86,1.6195
7F51_BA7,87,1.0536
7F51_BA7,88,1.0701
7F51_BA7,89,1.8390
7F51_BA7,9,1.0904
7F51_BA7,90,1.9904
7F51_BA7,91,1.4470
7F51_BA7,92,2.4111
7F51_BA7,93,1.3956
7F51_BA7,94,1.8496
7F51_BA7,95,1.3591
7F51_BA7,96,0.9921
7F51_BA7,97,1.6496
7F51_BA7,98,1.9882
7F51_BA7,99,1.8145
7F5D_EUO,0,6.1239
7F5D_EUO,1,6.3023
7F5D_EUO,10,6.9053
7F5D_EUO,100,6.6458
7F5D_EUO,101,1.2839
7F5D_EUO,102,3.6250
7F5D_EUO,103,2.0948
7F5D_EUO,104,6.6441
7F5D_EUO,105,2.3374
7F5D_EUO,106,6.8171
7F5D_EUO,107,6.7629
7F5D_EUO,108,4.3126
7F5D_EUO,109,2.0344
7F5D_EUO,11,6.3423
7F5D_EUO,110,5.9042
7F5D_EUO,111,6.6522
7F5D_EUO,112,6.2905
7F5D_EUO,113,3.7990
7F5D_EUO,114,1.1548
7F5D_EUO,115,3.8518
7F5D_EUO,116,5.4797
7F5D_EUO,117,1.9683
7F5D_EUO,118,6.4530
7F5D_EUO,119,3.8545
7F5D_EUO,12,5.3947
7F5D_EUO,120,6.4600
7F5D_EUO,121,6.4071
7F5D_EUO,122,2.4087
7F5D_EUO,123,0.8607
7F5D_EUO,124,5.0172
7F5D_EUO,125,2.0507
7F5D_EUO,126,6.3776
7F5D_EUO,127,6.3970
7F5D_EUO,128,6.7211
7F5D_EUO,129,6.7668
7F5D_EUO,13,6.8573
7F5D_EUO,130,4.6569
7F5D_EUO,131,4.6952
7F5D_EUO,132,6.6856
7F5D_EUO,133,1.2091
7F5D_EUO,134,7.0901
7F5D_EUO,135,6.6935
7F5D_EUO,136,6.7242
7F5D_EUO,137,5.2407
7F5D_EUO,138,6.8080
7F5D_EUO,139,2.7590
7F5D_EUO,14,6.8173
7F5D_EUO,15,6.4083
7F5D_EUO,16,1.6209
7F5D_EUO,17,5.8536
7F5D_EUO,18,1.6891
7F5D_EUO,19,6.6025
7F5D_EUO,2,6.7704
7F5D_EUO,20,4.4091
7F5D_EUO,21,3.5099
7F5D_EUO,22,6.5813
7F5D_EUO,23,6.7499
7F5D_EUO,24,1.3629
7F5D_EUO,25,6.7704
7F5D_EUO,26,5.3622
7F5D_EUO,27,6.6935
7F5D_EUO,28,6.5767
7F5D_EUO,29,3.6397
7F5D_EUO,3,6.6657
7F5D_EUO,30,4.8515
7F5D_EUO,31,4.7118
7F5D_EUO,32,5.7718
7F5D_EUO,33,6.5471
7F5D_EUO,34,6.5688
7F5D_EUO,35,6.4648
7F5D_EUO,36,5.8374
7F5D_EUO,37,6.7390
7F5D_EUO,38,6.5743
7F5D_EUO,39,6.6929
7F5D_EUO,4,6.8985
7F5D_EUO,40,5.8573
7F5D_EUO,41,6.6757
7F5D_EUO,42,6.4102
7F5D_EUO,43,6.6288
7F5D_EUO,44,6.5097
7F5D_EUO,45,5.7817
7F5D_EUO,46,6.3632
7F5D_EUO,47,6.1754
7F5D_EUO,48,1.9948
7F5D_EUO,49,6.2447
7F5D_EUO,5,6.6432
7F5D_EUO,50,6.5643
7F5D_EUO,51,4.3659
7F5D_EUO,52,6.2516
7F5D_EUO,53,5.1561
7F5D_EUO,54,1.8670
7F5D_EUO,55,6.5220
7F5D_EUO,56,3.1778
7F5D_EUO,57,6.9357
7F5D_EUO,58,6.9416
7F5D_EUO,59,6.5271
7F5D_EUO,6,6.4603
7F5D_EUO,60,1.6911
7F5D_EUO,61,6.4632
7F5D_EUO,62,6.7656
7F5D_EUO,63,1.9972
7F5D_EUO,64,3.6129
7F5D_EUO,65,4.0595
7F5D_EUO,66,6.6432
7F5D_EUO,67,7.1349
7F5D_EUO,68,3.7806
7F5D_EUO,69,6.8204
7F5D_EUO,7,5.9808
7F5D_EUO,70,6.1474
7F5D_EUO,71,1.9112
7F5D_EUO,72,6.1722
7F5D_EUO,73,5.2485
7F5D_EUO,74,5.8575
7F5D_EUO,75,6.5920
7F5D_EUO,76,6.8383
7F5D_EUO,77,6.4638
7F5D_EUO,78,6.4292
7F5D_EUO,79,6.0278
7F5D_EUO,8,6.3493
7F5D_EUO,80,6.3482
7F5D_EUO,81,6.8125
7F5D_EUO,82,6.5074
7F5D_EUO,83,3.5791
7F5D_EUO,84,5.8945
7F5D_EUO,85,6.6202
7F5D_EUO,86,1.8398
7F5D_EUO,87,6.5337
7F5D_EUO,88,6.1619
7F5D_EUO,89,5.4553
7F5D_EUO,9,6.0227
7F5D_EUO,90,7.4354
7F5D_EUO,91,1.4406
7F5D_EUO,92,6.4917
7F5D_EUO,93,6.5914
7F5D_EUO,94,6.4454
7F5D_EUO,95,6.5103
7F5D_EUO,96,6.4350
7F5D_EUO,97,5.8495
7F5D_EUO,98,6.2958
7F5D_EUO,99,6.2846
7F8T_FAD,0,4.5788
7F8T_FAD,1,6.6888
7F8T_FAD,10,3.8249
7F8T_FAD,100,4.6419
7F8T_FAD,101,6.3055
7F8T_FAD,102,7.1496
7F8T_FAD,103,8.8085
7F8T_FAD,104,6.2895
7F8T_FAD,105,4.0907
7F8T_FAD,106,4.6666
7F8T_FAD,107,6.7404
7F8T_FAD,108,5.8115
7F8T_FAD,109,4.5411
7F8T_FAD,11,3.8464
7F8T_FAD,110,3.9166
7F8T_FAD,111,4.9341
7F8T_FAD,112,4.8799
7F8T_FAD,113,4.2330
7F8T_FAD,114,5.7546
7F8T_FAD,115,4.5010
7F8T_FAD,116,6.7381
7F8T_FAD,117,8.3171
7F8T_FAD,118,5.6111
7F8T_FAD,119,3.9320
7F8T_FAD,12,3.9774
7F8T_FAD,120,4.2039
7F8T_FAD,121,6.5077
7F8T_FAD,122,3.4442
7F8T_FAD,123,3.8447
7F8T_FAD,124,8.0853
7F8T_FAD,125,5.7337
7F8T_FAD,126,4.1278
7F8T_FAD,127,6.5711
7F8T_FAD,128,7.0244
7F8T_FAD,129,5.3931
7F8T_FAD,13,3.9350
7F8T_FAD,130,7.1961
7F8T_FAD,131,6.1119
7F8T_FAD,132,7.5760
7F8T_FAD,133,7.3082
7F8T_FAD,134,6.2954
7F8T_FAD,135,5.4043
7F8T_FAD,136,3.8324
7F8T_FAD,137,4.3604
7F8T_FAD,138,4.4399
7F8T_FAD,139,5.1408
7F8T_FAD,14,7.6568
7F8T_FAD,15,6.8070
7F8T_FAD,16,5.4038
7F8T_FAD,17,5.4154
7F8T_FAD,18,3.7540
7F8T_FAD,19,6.9063
7F8T_FAD,2,4.5809
7F8T_FAD,20,5.9071
7F8T_FAD,21,6.8767
7F8T_FAD,22,6.5083
7F8T_FAD,23,4.8284
7F8T_FAD,24,7.0271
7F8T_FAD,25,3.9258
7F8T_FAD,26,5.0901
7F8T_FAD,27,6.7945
7F8T_FAD,28,4.7242
7F8T_FAD,29,4.2861
7F8T_FAD,3,3.3609
7F8T_FAD,30,7.1389
7F8T_FAD,31,3.0019
7F8T_FAD,32,4.8367
7F8T_FAD,33,7.3327
7F8T_FAD,34,3.6570
7F8T_FAD,35,3.8406
7F8T_FAD,36,3.2007
7F8T_FAD,37,4.1410
7F8T_FAD,38,8.3635
7F8T_FAD,39,3.7295
7F8T_FAD,4,5.9173
7F8T_FAD,40,3.6747
7F8T_FAD,41,5.7795
7F8T_FAD,42,5.1345
7F8T_FAD,43,3.0749
7F8T_FAD,44,5.1920
7F8T_FAD,45,6.4974
7F8T_FAD,46,5.6930
7F8T_FAD,47,3.1569
7F8T_FAD,48,6.4050
7F8T_FAD,49,7.3681
7F8T_FAD,5,6.2906
7F8T_FAD,50,3.8911
7F8T_FAD,51,4.8681
7F8T_FAD,52,2.5660
7F8T_FAD,53,2.5155
7F8T_FAD,54,6.9748
7F8T_FAD,55,7.9859
7F8T_FAD,56,5.2182
7F8T_FAD,57,4.8144
7F8T_FAD,58,3.3817
7F8T_FAD,59,4.8014
7F8T_FAD,6,5.1607
7F8T_FAD,60,4.7932
7F8T_FAD,61,3.3928
7F8T_FAD,62,4.1388
7F8T_FAD,63,3.2518
7F8T_FAD,64,6.0120
7F8T_FAD,65,7.2351
7F8T_FAD,66,3.8031
7F8T_FAD,67,6.2683
7F8T_FAD,68,3.3056
7F8T_FAD,69,3.9161
7F8T_FAD,7,6.8022
7F8T_FAD,70,3.8169
7F8T_FAD,71,4.2369
7F8T_FAD,72,7.2606
7F8T_FAD,73,4.5787
7F8T_FAD,74,4.7487
7F8T_FAD,75,8.9849
7F8T_FAD,76,4.4382
7F8T_FAD,77,4.3097
7F8T_FAD,78,6.3185
7F8T_FAD,79,5.6848
7F8T_FAD,8,4.7489
7F8T_FAD,80,5.0534
7F8T_FAD,81,2.4432
7F8T_FAD,82,4.7929
7F8T_FAD,83,7.1353
7F8T_FAD,84,2.7856
7F8T_FAD,85,6.7853
7F8T_FAD,86,6.2816
7F8T_FAD,87,4.0914
7F8T_FAD,88,5.4998
7F8T_FAD,89,3.1818
7F8T_FAD,9,4.6737
7F8T_FAD,90,2.7791
7F8T_FAD,91,4.6862
7F8T_FAD,92,7.4016
7F8T_FAD,93,6.2464
7F8T_FAD,94,4.4295
7F8T_FAD,95,6.3952
7F8T_FAD,96,5.8955
7F8T_FAD,97,4.8284
7F8T_FAD,98,4.6289
7F8T_FAD,99,4.0793
7FB7_8NF,0,3.2660
7FB7_8NF,1,1.7089
7FB7_8NF,10,0.5728
7FB7_8NF,100,0.5074
7FB7_8NF,101,2.1636
7FB7_8NF,102,0.9970
7FB7_8NF,103,0.5896
7FB7_8NF,104,3.2927
7FB7_8NF,105,3.3075
7FB7_8NF,106,1.1292
7FB7_8NF,107,0.9602
7FB7_8NF,108,0.5273
7FB7_8NF,109,0.4682
7FB7_8NF,11,1.0559
7FB7_8NF,110,2.2020
7FB7_8NF,111,0.4457
7FB7_8NF,112,0.4468
7FB7_8NF,113,3.3063
7FB7_8NF,114,0.3950
7FB7_8NF,115,0.3900
7FB7_8NF,116,3.2831
7FB7_8NF,117,2.8266
7FB7_8NF,118,3.3387
7FB7_8NF,119,3.2919
7FB7_8NF,12,0.4723
7FB7_8NF,120,3.6576
7FB7_8NF,121,3.2751
7FB7_8NF,122,0.4752
7FB7_8NF,123,3.2664
7FB7_8NF,124,1.0773
7FB7_8NF,125,3.2903
7FB7_8NF,126,0.4205
7FB7_8NF,127,3.2740
7FB7_8NF,128,3.1794
7FB7_8NF,129,3.2869
7FB7_8NF,13,3.1718
7FB7_8NF,130,0.3816
7FB7_8NF,131,3.2829
7FB7_8NF,132,3.1429
7FB7_8NF,133,3.5270
7FB7_8NF,134,2.2075
7FB7_8NF,135,3.8119
7FB7_8NF,136,0.4830
7FB7_8NF,137,0.5028
7FB7_8NF,138,1.2050
7FB7_8NF,139,3.4806
7FB7_8NF,14,2.0237
7FB7_8NF,15,0.5138
7FB7_8NF,16,0.5547
7FB7_8NF,17,2.3630
7FB7_8NF,18,0.4826
7FB7_8NF,19,0.6692
7FB7_8NF,2,0.4899
7FB7_8NF,20,0.5085
7FB7_8NF,21,3.2805
7FB7_8NF,22,3.3003
7FB7_8NF,23,3.2900
7FB7_8NF,24,3.4130
7FB7_8NF,25,0.4596
7FB7_8NF,26,3.0159
7FB7_8NF,27,0.6272
7FB7_8NF,28,3.2675
7FB7_8NF,29,3.8403
7FB7_8NF,3,3.7265
7FB7_8NF,30,3.2643
7FB7_8NF,31,3.2745
7FB7_8NF,32,0.7902
7FB7_8NF,33,0.3036
7FB7_8NF,34,0.4526
7FB7_8NF,35,0.8195
7FB7_8NF,36,3.2469
7FB7_8NF,37,3.8606
7FB7_8NF,38,3.2674
7FB7_8NF,39,0.3559
7FB7_8NF,4,3.2913
7FB7_8NF,40,3.2910
7FB7_8NF,41,2.1739
7FB7_8NF,42,0.9150
7FB7_8NF,43,3.2838
7FB7_8NF,44,3.3293
7FB7_8NF,45,3.7284
7FB7_8NF,46,1.8137
7FB7_8NF,47,3.3119
7FB7_8NF,48,3.1949
7FB7_8NF,49,3.2938
7FB7_8NF,5,3.2813
7FB7_8NF,50,3.2235
7FB7_8NF,51,3.5730
7FB7_8NF,52,3.3068
7FB7_8NF,53,3.3226
7FB7_8NF,54,0.7104
7FB7_8NF,55,1.5777
7FB7_8NF,56,3.1661
7FB7_8NF,57,3.2609
7FB7_8NF,58,0.3108
7FB7_8NF,59,3.3065
7FB7_8NF,6,3.2877
7FB7_8NF,60,3.2811
7FB7_8NF,61,3.2751
7FB7_8NF,62,3.2497
7FB7_8NF,63,3.3773
7FB7_8NF,64,3.3586
7FB7_8NF,65,3.2716
7FB7_8NF,66,0.5221
7FB7_8NF,67,3.2836
7FB7_8NF,68,3.2948
7FB7_8NF,69,3.2985
7FB7_8NF,7,2.1633
7FB7_8NF,70,2.1715
7FB7_8NF,71,3.3266
7FB7_8NF,72,2.3152
7FB7_8NF,73,3.2899
7FB7_8NF,74,2.1699
7FB7_8NF,75,1.1962
7FB7_8NF,76,1.0400
7FB7_8NF,77,1.7673
7FB7_8NF,78,3.3056
7FB7_8NF,79,2.2528
7FB7_8NF,8,3.3181
7FB7_8NF,80,3.2822
7FB7_8NF,81,0.4066
7FB7_8NF,82,1.8155
7FB7_8NF,83,0.6197
7FB7_8NF,84,3.3351
7FB7_8NF,85,0.5408
7FB7_8NF,86,3.2427
7FB7_8NF,87,3.3088
7FB7_8NF,88,2.3197
7FB7_8NF,89,3.2862
7FB7_8NF,9,0.4781
7FB7_8NF,90,1.1942
7FB7_8NF,91,3.3197
7FB7_8NF,92,3.3211
7FB7_8NF,93,3.2079
7FB7_8NF,94,3.3253
7FB7_8NF,95,2.9512
7FB7_8NF,96,3.2044
7FB7_8NF,97,3.2443
7FB7_8NF,98,0.3260
7FB7_8NF,99,3.2340
7FHA_ADX,0,0.9621
7FHA_ADX,1,1.2161
7FHA_ADX,10,2.6508
7FHA_ADX,100,1.8598
7FHA_ADX,101,2.9496
7FHA_ADX,102,1.9962
7FHA_ADX,103,1.7801
7FHA_ADX,104,1.4215
7FHA_ADX,105,1.0453
7FHA_ADX,106,0.8869
7FHA_ADX,107,0.8826
7FHA_ADX,108,0.7483
7FHA_ADX,109,2.4947
7FHA_ADX,11,2.4903
7FHA_ADX,110,0.9903
7FHA_ADX,111,2.0658
7FHA_ADX,112,1.1462
7FHA_ADX,113,0.9431
7FHA_ADX,114,1.7412
7FHA_ADX,115,1.4407
7FHA_ADX,116,2.3547
7FHA_ADX,117,0.8250
7FHA_ADX,118,2.3099
7FHA_ADX,119,1.0894
7FHA_ADX,12,2.1982
7FHA_ADX,120,2.1747
7FHA_ADX,121,0.8338
7FHA_ADX,122,2.2906
7FHA_ADX,123,1.2695
7FHA_ADX,124,4.9788
7FHA_ADX,125,1.7537
7FHA_ADX,126,2.2729
7FHA_ADX,127,1.2205
7FHA_ADX,128,1.9820
7FHA_ADX,129,1.4949
7FHA_ADX,13,1.1671
7FHA_ADX,130,3.1018
7FHA_ADX,131,2.2064
7FHA_ADX,132,2.4049
7FHA_ADX,133,0.9091
7FHA_ADX,134,0.8681
7FHA_ADX,135,2.0332
7FHA_ADX,136,1.7399
7FHA_ADX,137,1.6706
7FHA_ADX,138,1.3518
7FHA_ADX,139,1.3535
7FHA_ADX,14,1.9424
7FHA_ADX,15,1.9398
7FHA_ADX,16,0.7369
7FHA_ADX,17,1.3643
7FHA_ADX,18,1.1883
7FHA_ADX,19,2.5820
7FHA_ADX,2,2.3344
7FHA_ADX,20,2.1751
7FHA_ADX,21,2.1512
7FHA_ADX,22,1.4372
7FHA_ADX,23,1.6095
7FHA_ADX,24,1.6908
7FHA_ADX,24,1.5755
7FHA_ADX,25,1.2650
7FHA_ADX,26,3.4303
7FHA_ADX,27,6.4359
7FHA_ADX,28,2.1539
7FHA_ADX,29,1.5934
7FHA_ADX,3,0.9281
7FHA_ADX,30,2.5969
7FHA_ADX,31,1.5500
7FHA_ADX,32,2.2130
7FHA_ADX,33,1.9008
7FHA_ADX,34,0.8871
7FHA_ADX,35,3.2323
7FHA_ADX,36,0.7655
7FHA_ADX,37,2.0037
7FHA_ADX,38,1.1124
7FHA_ADX,39,1.5140
7FHA_ADX,4,0.8419
7FHA_ADX,40,2.5696
7FHA_ADX,41,1.9993
7FHA_ADX,42,2.1553
7FHA_ADX,43,1.8349
7FHA_ADX,44,2.0410
7FHA_ADX,45,1.9156
7FHA_ADX,46,1.2621
7FHA_ADX,47,1.2131
7FHA_ADX,48,2.4193
7FHA_ADX,49,1.1231
7FHA_ADX,5,1.7567
7FHA_ADX,50,2.3392
7FHA_ADX,51,3.7534
7FHA_ADX,52,3.0674
7FHA_ADX,53,2.6225
7FHA_ADX,54,1.3463
7FHA_ADX,55,2.1144
7FHA_ADX,56,1.2035
7FHA_ADX,57,2.3834
7FHA_ADX,58,1.9652
7FHA_ADX,59,1.2635
7FHA_ADX,6,2.0856
7FHA_ADX,60,0.9076
7FHA_ADX,61,0.8595
7FHA_ADX,62,1.9959
7FHA_ADX,63,2.4898
7FHA_ADX,64,1.9839
7FHA_ADX,65,0.8467
7FHA_ADX,66,1.2441
7FHA_ADX,67,2.2489
7FHA_ADX,68,1.4213
7FHA_ADX,69,2.2101
7FHA_ADX,7,2.2901
7FHA_ADX,70,2.7746
7FHA_ADX,71,2.0144
7FHA_ADX,72,2.0290
7FHA_ADX,73,1.1807
7FHA_ADX,74,0.9090
7FHA_ADX,75,0.8530
7FHA_ADX,76,0.7254
7FHA_ADX,77,0.7597
7FHA_ADX,78,1.9291
7FHA_ADX,79,1.0835
7FHA_ADX,8,1.2569
7FHA_ADX,80,1.6416
7FHA_ADX,81,2.4069
7FHA_ADX,82,1.0115
7FHA_ADX,83,2.0255
7FHA_ADX,84,1.9626
7FHA_ADX,85,0.9397
7FHA_ADX,86,2.3392
7FHA_ADX,87,1.0495
7FHA_ADX,88,0.9787
7FHA_ADX,89,2.1503
7FHA_ADX,9,0.7811
7FHA_ADX,90,2.7103
7FHA_ADX,91,1.5832
7FHA_ADX,92,1.2223
7FHA_ADX,93,1.0083
7FHA_ADX,94,0.9436
7FHA_ADX,95,2.4421
7FHA_ADX,96,0.6401
7FHA_ADX,97,0.7497
7FHA_ADX,98,4.2185
7FHA_ADX,99,1.8440
7FRX_O88,0,1.2482
7FRX_O88,1,10.1014
7FRX_O88,10,1.9137
7FRX_O88,100,6.6111
7FRX_O88,101,10.2424
7FRX_O88,102,2.9726
7FRX_O88,103,1.6508
7FRX_O88,104,1.3416
7FRX_O88,105,1.3518
7FRX_O88,106,1.4966
7FRX_O88,107,10.3565
7FRX_O88,108,1.9252
7FRX_O88,109,1.6040
7FRX_O88,11,1.4027
7FRX_O88,110,10.4120
7FRX_O88,111,2.6760
7FRX_O88,112,9.8217
7FRX_O88,113,10.0505
7FRX_O88,114,10.4661
7FRX_O88,115,10.2504
7FRX_O88,116,1.5189
7FRX_O88,117,2.4288
7FRX_O88,118,9.4898
7FRX_O88,119,10.3557
7FRX_O88,12,10.1684
7FRX_O88,120,1.9541
7FRX_O88,121,10.2701
7FRX_O88,122,9.9848
7FRX_O88,123,10.3167
7FRX_O88,124,9.6829
7FRX_O88,125,2.1552
7FRX_O88,126,1.6099
7FRX_O88,127,10.1475
7FRX_O88,128,10.3476
7FRX_O88,129,2.9580
7FRX_O88,13,1.7464
7FRX_O88,130,2.7262
7FRX_O88,131,10.2049
7FRX_O88,132,1.4318
7FRX_O88,133,1.5773
7FRX_O88,134,2.5955
7FRX_O88,135,3.1369
7FRX_O88,136,2.4116
7FRX_O88,137,2.5914
7FRX_O88,138,2.2755
7FRX_O88,139,7.1388
7FRX_O88,14,10.3602
7FRX_O88,15,0.6203
7FRX_O88,16,10.3772
7FRX_O88,17,10.1285
7FRX_O88,18,9.9210
7FRX_O88,19,9.9825
7FRX_O88,2,3.1993
7FRX_O88,20,9.5031
7FRX_O88,21,10.3170
7FRX_O88,22,1.6391
7FRX_O88,23,0.4453
7FRX_O88,24,1.4633
7FRX_O88,25,10.2194
7FRX_O88,26,10.2987
7FRX_O88,27,1.6251
7FRX_O88,28,1.7412
7FRX_O88,29,0.4939
7FRX_O88,3,10.2037
7FRX_O88,30,1.7529
7FRX_O88,31,10.4599
7FRX_O88,32,9.6590
7FRX_O88,33,1.9239
7FRX_O88,34,1.9469
7FRX_O88,35,10.2645
7FRX_O88,36,4.5358
7FRX_O88,37,10.3628
7FRX_O88,38,9.1296
7FRX_O88,39,9.2162
7FRX_O88,4,9.8184
7FRX_O88,40,1.3940
7FRX_O88,41,10.0879
7FRX_O88,42,10.3111
7FRX_O88,43,0.7922
7FRX_O88,44,10.1421
7FRX_O88,45,10.3241
7FRX_O88,46,10.1404
7FRX_O88,47,2.3123
7FRX_O88,48,2.0586
7FRX_O88,49,10.0690
7FRX_O88,5,2.3194
7FRX_O88,50,10.3524
7FRX_O88,51,4.2178
7FRX_O88,52,1.6769
7FRX_O88,53,10.1760
7FRX_O88,54,9.9866
7FRX_O88,55,1.4536
7FRX_O88,56,9.5074
7FRX_O88,57,2.7237
7FRX_O88,58,4.0027
7FRX_O88,59,0.7505
7FRX_O88,6,9.8736
7FRX_O88,60,2.5836
7FRX_O88,61,10.0194
7FRX_O88,62,10.3596
7FRX_O88,63,1.4714
7FRX_O88,64,10.1694
7FRX_O88,65,2.3843
7FRX_O88,66,2.7043
7FRX_O88,67,1.5326
7FRX_O88,68,10.3544
7FRX_O88,69,10.1781
7FRX_O88,7,9.9765
7FRX_O88,70,2.4591
7FRX_O88,71,1.5075
7FRX_O88,72,2.1013
7FRX_O88,73,1.7019
7FRX_O88,74,10.1644
7FRX_O88,75,10.0917
7FRX_O88,76,1.7054
7FRX_O88,77,10.0789
7FRX_O88,78,7.2992
7FRX_O88,79,10.3899
7FRX_O88,8,9.1612
7FRX_O88,80,2.0042
7FRX_O88,81,10.2797
7FRX_O88,82,9.6515
7FRX_O88,83,2.1553
7FRX_O88,84,1.3820
7FRX_O88,85,10.1343
7FRX_O88,86,9.6360
7FRX_O88,87,10.2267
7FRX_O88,88,1.5274
7FRX_O88,89,10.3006
7FRX_O88,9,1.8841
7FRX_O88,90,2.3248
7FRX_O88,91,1.3409
7FRX_O88,92,2.1197
7FRX_O88,93,1.7706
7FRX_O88,94,0.7608
7FRX_O88,95,10.1490
7FRX_O88,96,10.2298
7FRX_O88,97,10.3353
7FRX_O88,98,3.2022
7FRX_O88,99,1.7313
7FT9_4MB,0,1.6112
7FT9_4MB,1,5.9645
7FT9_4MB,10,1.6986
7FT9_4MB,100,4.8541
7FT9_4MB,101,4.4978
7FT9_4MB,102,1.4188
7FT9_4MB,103,1.8485
7FT9_4MB,104,1.3762
7FT9_4MB,105,1.5289
7FT9_4MB,106,1.9819
7FT9_4MB,107,5.3512
7FT9_4MB,108,5.4524
7FT9_4MB,109,1.7965
7FT9_4MB,11,1.4308
7FT9_4MB,110,1.0762
7FT9_4MB,111,1.8835
7FT9_4MB,112,1.7956
7FT9_4MB,113,4.8119
7FT9_4MB,114,1.7701
7FT9_4MB,115,5.7334
7FT9_4MB,116,5.7184
7FT9_4MB,117,1.2964
7FT9_4MB,118,3.5604
7FT9_4MB,119,1.9034
7FT9_4MB,12,1.1519
7FT9_4MB,120,1.5000
7FT9_4MB,121,1.3316
7FT9_4MB,122,1.1604
7FT9_4MB,123,2.4388
7FT9_4MB,124,1.5428
7FT9_4MB,125,1.4559
7FT9_4MB,126,1.4090
7FT9_4MB,127,1.2186
7FT9_4MB,128,0.5066
7FT9_4MB,129,5.7223
7FT9_4MB,13,1.7391
7FT9_4MB,130,1.5595
7FT9_4MB,131,5.3896
7FT9_4MB,132,5.7293
7FT9_4MB,133,5.7754
7FT9_4MB,134,1.7252
7FT9_4MB,135,5.6905
7FT9_4MB,136,1.2357
7FT9_4MB,137,1.9285
7FT9_4MB,138,1.1999
7FT9_4MB,139,5.5830
7FT9_4MB,14,5.6343
7FT9_4MB,15,1.0042
7FT9_4MB,16,1.6814
7FT9_4MB,17,1.2870
7FT9_4MB,18,5.5524
7FT9_4MB,19,1.9988
7FT9_4MB,2,2.2176
7FT9_4MB,20,1.3922
7FT9_4MB,21,1.4573
7FT9_4MB,22,1.1968
7FT9_4MB,23,2.2330
7FT9_4MB,24,1.3686
7FT9_4MB,25,1.9278
7FT9_4MB,26,1.3539
7FT9_4MB,27,1.7284
7FT9_4MB,28,1.7195
7FT9_4MB,29,1.2146
7FT9_4MB,3,2.5542
7FT9_4MB,30,0.9108
7FT9_4MB,31,1.4034
7FT9_4MB,32,0.4897
7FT9_4MB,33,0.5567
7FT9_4MB,34,1.0692
7FT9_4MB,35,1.2173
7FT9_4MB,36,2.4439
7FT9_4MB,37,5.8028
7FT9_4MB,38,1.5603
7FT9_4MB,39,1.4968
7FT9_4MB,4,1.5909
7FT9_4MB,40,1.4976
7FT9_4MB,41,1.4094
7FT9_4MB,42,1.5497
7FT9_4MB,43,1.2105
7FT9_4MB,43,1.4149
7FT9_4MB,44,5.5393
7FT9_4MB,45,1.4491
7FT9_4MB,46,1.3085
7FT9_4MB,47,1.4143
7FT9_4MB,48,1.9517
7FT9_4MB,49,1.6998
7FT9_4MB,5,1.1355
7FT9_4MB,50,1.4218
7FT9_4MB,51,1.0948
7FT9_4MB,52,5.4608
7FT9_4MB,53,1.4846
7FT9_4MB,54,1.3365
7FT9_4MB,55,1.7070
7FT9_4MB,56,1.6501
7FT9_4MB,57,0.6117
7FT9_4MB,58,1.3084
7FT9_4MB,59,5.5492
7FT9_4MB,6,5.4737
7FT9_4MB,60,1.3002
7FT9_4MB,61,2.4865
7FT9_4MB,62,1.5365
7FT9_4MB,63,2.2464
7FT9_4MB,64,0.5047
7FT9_4MB,65,1.3073
7FT9_4MB,66,1.4940
7FT9_4MB,67,1.7732
7FT9_4MB,68,5.7622
7FT9_4MB,69,1.1412
7FT9_4MB,7,5.6785
7FT9_4MB,70,1.4556
7FT9_4MB,71,1.6742
7FT9_4MB,72,1.7278
7FT9_4MB,73,1.1560
7FT9_4MB,74,1.7678
7FT9_4MB,75,5.8260
7FT9_4MB,76,1.1271
7FT9_4MB,77,5.2743
7FT9_4MB,78,1.0340
7FT9_4MB,79,1.0831
7FT9_4MB,8,3.4116
7FT9_4MB,80,0.5449
7FT9_4MB,81,1.8325
7FT9_4MB,82,1.7831
7FT9_4MB,83,3.7096
7FT9_4MB,84,1.3533
7FT9_4MB,85,1.5060
7FT9_4MB,86,1.1724
7FT9_4MB,87,1.5414
7FT9_4MB,88,1.2514
7FT9_4MB,89,1.6317
7FT9_4MB,9,5.7288
7FT9_4MB,90,1.2818
7FT9_4MB,91,5.1042
7FT9_4MB,92,2.0481
7FT9_4MB,93,5.7462
7FT9_4MB,94,5.8304
7FT9_4MB,95,1.7145
7FT9_4MB,96,3.9885
7FT9_4MB,97,1.2663
7FT9_4MB,98,5.2788
7FT9_4MB,99,1.4010
7JG0_GAR,0,1.6399
7JG0_GAR,1,1.2214
7JG0_GAR,10,1.4974
7JG0_GAR,100,1.8543
7JG0_GAR,101,2.7701
7JG0_GAR,102,1.6669
7JG0_GAR,103,1.2023
7JG0_GAR,104,1.7745
7JG0_GAR,105,1.5908
7JG0_GAR,106,1.7900
7JG0_GAR,107,1.3320
7JG0_GAR,108,0.9503
7JG0_GAR,109,1.5960
7JG0_GAR,11,1.4893
7JG0_GAR,110,1.2944
7JG0_GAR,111,1.6447
7JG0_GAR,112,1.7384
7JG0_GAR,113,1.2694
7JG0_GAR,114,1.6355
7JG0_GAR,115,2.6062
7JG0_GAR,116,1.5456
7JG0_GAR,117,1.2599
7JG0_GAR,118,1.6225
7JG0_GAR,119,2.1644
7JG0_GAR,12,1.6451
7JG0_GAR,120,0.8343
7JG0_GAR,121,2.7236
7JG0_GAR,122,1.2344
7JG0_GAR,123,1.3929
7JG0_GAR,124,1.6138
7JG0_GAR,125,2.7150
7JG0_GAR,126,1.0283
7JG0_GAR,127,1.6651
7JG0_GAR,128,1.7280
7JG0_GAR,129,2.1574
7JG0_GAR,13,1.4910
7JG0_GAR,130,2.6385
7JG0_GAR,131,1.5643
7JG0_GAR,132,1.1709
7JG0_GAR,133,1.0795
7JG0_GAR,134,1.3947
7JG0_GAR,135,1.4167
7JG0_GAR,136,2.1937
7JG0_GAR,137,2.4702
7JG0_GAR,138,1.3632
7JG0_GAR,139,1.9069
7JG0_GAR,14,1.6313
7JG0_GAR,15,2.2363
7JG0_GAR,16,0.9255
7JG0_GAR,17,1.5247
7JG0_GAR,18,1.3001
7JG0_GAR,19,1.6785
7JG0_GAR,2,1.5352
7JG0_GAR,20,1.2048
7JG0_GAR,21,1.2177
7JG0_GAR,22,1.4400
7JG0_GAR,23,2.5947
7JG0_GAR,24,2.0880
7JG0_GAR,25,1.8583
7JG0_GAR,26,1.7654
7JG0_GAR,27,1.6135
7JG0_GAR,28,2.0407
7JG0_GAR,29,1.8509
7JG0_GAR,3,2.2070
7JG0_GAR,30,2.0310
7JG0_GAR,31,1.6672
7JG0_GAR,32,1.6296
7JG0_GAR,33,2.1931
7JG0_GAR,34,2.5401
7JG0_GAR,35,1.0423
7JG0_GAR,36,2.5983
7JG0_GAR,37,1.3141
7JG0_GAR,38,1.1867
7JG0_GAR,39,2.0504
7JG0_GAR,4,1.3554
7JG0_GAR,40,1.0847
7JG0_GAR,41,1.4445
7JG0_GAR,42,1.4149
7JG0_GAR,43,1.9290
7JG0_GAR,44,2.3948
7JG0_GAR,45,1.2286
7JG0_GAR,46,1.5261
7JG0_GAR,47,1.3619
7JG0_GAR,48,1.0947
7JG0_GAR,49,1.9404
7JG0_GAR,49,1.9581
7JG0_GAR,5,1.1052
7JG0_GAR,50,0.7623
7JG0_GAR,51,1.3684
7JG0_GAR,52,2.2836
7JG0_GAR,53,0.9239
7JG0_GAR,54,1.3388
7JG0_GAR,55,1.2292
7JG0_GAR,56,1.5346
7JG0_GAR,57,3.6020
7JG0_GAR,58,1.3398
7JG0_GAR,59,1.2617
7JG0_GAR,6,2.4571
7JG0_GAR,60,2.5961
7JG0_GAR,61,1.3302
7JG0_GAR,62,1.0015
7JG0_GAR,63,1.0357
7JG0_GAR,64,2.4262
7JG0_GAR,65,2.2948
7JG0_GAR,66,1.9811
7JG0_GAR,67,2.2021
7JG0_GAR,68,1.3895
7JG0_GAR,69,3.1700
7JG0_GAR,7,1.4403
7JG0_GAR,70,2.1435
7JG0_GAR,71,1.5794
7JG0_GAR,72,1.5271
7JG0_GAR,73,2.1182
7JG0_GAR,74,1.3347
7JG0_GAR,75,1.2499
7JG0_GAR,76,2.7055
7JG0_GAR,77,1.1310
7JG0_GAR,78,1.4033
7JG0_GAR,79,1.4327
7JG0_GAR,8,0.9833
7JG0_GAR,80,1.2114
7JG0_GAR,81,1.8872
7JG0_GAR,82,1.4895
7JG0_GAR,83,1.7796
7JG0_GAR,84,1.6421
7JG0_GAR,85,1.4251
7JG0_GAR,86,0.9747
7JG0_GAR,87,1.0868
7JG0_GAR,88,1.2685
7JG0_GAR,89,1.1543
7JG0_GAR,9,2.6677
7JG0_GAR,90,1.3012
7JG0_GAR,91,1.3791
7JG0_GAR,92,1.7549
7JG0_GAR,93,2.4169
7JG0_GAR,94,1.3975
7JG0_GAR,95,1.1310
7JG0_GAR,96,1.3913
7JG0_GAR,97,1.2817
7JG0_GAR,98,1.3120
7JG0_GAR,99,1.4409
7JHQ_VAJ,0,1.9551
7JHQ_VAJ,1,1.6836
7JHQ_VAJ,10,1.8302
7JHQ_VAJ,100,2.4931
7JHQ_VAJ,101,2.3704
7JHQ_VAJ,102,1.7643
7JHQ_VAJ,103,1.2581
7JHQ_VAJ,104,1.8551
7JHQ_VAJ,105,3.8688
7JHQ_VAJ,106,7.1904
7JHQ_VAJ,107,6.9685
7JHQ_VAJ,108,1.4467
7JHQ_VAJ,109,7.0029
7JHQ_VAJ,11,1.3128
7JHQ_VAJ,110,2.2277
7JHQ_VAJ,111,1.3746
7JHQ_VAJ,112,1.7548
7JHQ_VAJ,113,6.9625
7JHQ_VAJ,114,1.7012
7JHQ_VAJ,115,1.4246
7JHQ_VAJ,116,7.0073
7JHQ_VAJ,117,7.0146
7JHQ_VAJ,118,7.1832
7JHQ_VAJ,119,1.1150
7JHQ_VAJ,12,1.5863
7JHQ_VAJ,120,1.7237
7JHQ_VAJ,121,0.9877
7JHQ_VAJ,122,1.5960
7JHQ_VAJ,123,6.8470
7JHQ_VAJ,124,1.5885
7JHQ_VAJ,125,2.3875
7JHQ_VAJ,126,7.2607
7JHQ_VAJ,127,3.0043
7JHQ_VAJ,128,7.1140
7JHQ_VAJ,129,7.1472
7JHQ_VAJ,13,1.5462
7JHQ_VAJ,130,1.3807
7JHQ_VAJ,131,7.0475
7JHQ_VAJ,132,1.7652
7JHQ_VAJ,133,1.9874
7JHQ_VAJ,134,1.6898
7JHQ_VAJ,135,7.0958
7JHQ_VAJ,136,6.8633
7JHQ_VAJ,137,7.0421
7JHQ_VAJ,138,5.6436
7JHQ_VAJ,139,1.6514
7JHQ_VAJ,14,1.3813
7JHQ_VAJ,15,7.0279
7JHQ_VAJ,16,6.8501
7JHQ_VAJ,17,6.9709
7JHQ_VAJ,18,7.2748
7JHQ_VAJ,19,1.3605
7JHQ_VAJ,2,7.1855
7JHQ_VAJ,20,1.4643
7JHQ_VAJ,21,1.9825
7JHQ_VAJ,22,7.0805
7JHQ_VAJ,23,7.1663
7JHQ_VAJ,24,1.2699
7JHQ_VAJ,25,2.0102
7JHQ_VAJ,26,6.7211
7JHQ_VAJ,27,6.9740
7JHQ_VAJ,28,2.0007
7JHQ_VAJ,29,7.1634
7JHQ_VAJ,3,7.0816
7JHQ_VAJ,30,1.2313
7JHQ_VAJ,31,1.1487
7JHQ_VAJ,32,2.0322
7JHQ_VAJ,33,6.9169
7JHQ_VAJ,34,6.9581
7JHQ_VAJ,35,1.8501
7JHQ_VAJ,36,1.6324
7JHQ_VAJ,37,1.8431
7JHQ_VAJ,38,7.2281
7JHQ_VAJ,39,5.6424
7JHQ_VAJ,4,5.1134
7JHQ_VAJ,40,7.0812
7JHQ_VAJ,41,7.0207
7JHQ_VAJ,42,7.0207
7JHQ_VAJ,43,2.0892
7JHQ_VAJ,44,1.4357
7JHQ_VAJ,45,1.8527
7JHQ_VAJ,46,7.0135
7JHQ_VAJ,47,6.4318
7JHQ_VAJ,48,2.1065
7JHQ_VAJ,49,7.1012
7JHQ_VAJ,5,1.2725
7JHQ_VAJ,50,6.8963
7JHQ_VAJ,51,2.1616
7JHQ_VAJ,52,7.1192
7JHQ_VAJ,53,7.1839
7JHQ_VAJ,54,7.2007
7JHQ_VAJ,55,1.7637
7JHQ_VAJ,56,1.3689
7JHQ_VAJ,57,1.4580
7JHQ_VAJ,58,7.1368
7JHQ_VAJ,59,1.2665
7JHQ_VAJ,6,7.0935
7JHQ_VAJ,60,1.8485
7JHQ_VAJ,61,1.4801
7JHQ_VAJ,62,7.1926
7JHQ_VAJ,63,1.6062
7JHQ_VAJ,64,7.1294
7JHQ_VAJ,65,6.9818
7JHQ_VAJ,66,2.2726
7JHQ_VAJ,67,6.7503
7JHQ_VAJ,68,6.9762
7JHQ_VAJ,69,7.1044
7JHQ_VAJ,7,2.2927
7JHQ_VAJ,70,7.1166
7JHQ_VAJ,71,1.6939
7JHQ_VAJ,72,6.7498
7JHQ_VAJ,73,6.9188
7JHQ_VAJ,74,2.4684
7JHQ_VAJ,75,1.7668
7JHQ_VAJ,76,6.7200
7JHQ_VAJ,77,1.1877
7JHQ_VAJ,78,1.7396
7JHQ_VAJ,79,1.5673
7JHQ_VAJ,8,6.9959
7JHQ_VAJ,80,1.5685
7JHQ_VAJ,81,1.0501
7JHQ_VAJ,82,1.6906
7JHQ_VAJ,83,2.4775
7JHQ_VAJ,84,7.1086
7JHQ_VAJ,85,1.5147
7JHQ_VAJ,86,6.7239
7JHQ_VAJ,87,7.1849
7JHQ_VAJ,88,5.9684
7JHQ_VAJ,89,1.2539
7JHQ_VAJ,9,1.9997
7JHQ_VAJ,90,1.4973
7JHQ_VAJ,91,2.1236
7JHQ_VAJ,92,6.9500
7JHQ_VAJ,93,1.2828
7JHQ_VAJ,94,2.0035
7JHQ_VAJ,95,7.0574
7JHQ_VAJ,96,6.9459
7JHQ_VAJ,97,1.9047
7JHQ_VAJ,98,1.2791
7JHQ_VAJ,99,6.9679
7JMV_4NC,0,1.9342
7JMV_4NC,1,0.9378
7JMV_4NC,10,1.9905
7JMV_4NC,100,0.2528
7JMV_4NC,101,1.1546
7JMV_4NC,102,0.7062
7JMV_4NC,103,2.1915
7JMV_4NC,104,0.8310
7JMV_4NC,105,0.9650
7JMV_4NC,106,1.7387
7JMV_4NC,107,2.0236
7JMV_4NC,108,3.4739
7JMV_4NC,109,1.9638
7JMV_4NC,11,1.1193
7JMV_4NC,110,2.2201
7JMV_4NC,111,0.9863
7JMV_4NC,112,1.6662
7JMV_4NC,113,0.7711
7JMV_4NC,114,1.6736
7JMV_4NC,115,2.2160
7JMV_4NC,116,2.1843
7JMV_4NC,117,0.9586
7JMV_4NC,118,2.7787
7JMV_4NC,119,2.0108
7JMV_4NC,12,0.3458
7JMV_4NC,120,1.2013
7JMV_4NC,121,2.1712
7JMV_4NC,122,0.2999
7JMV_4NC,123,1.7463
7JMV_4NC,124,3.7031
7JMV_4NC,125,0.9614
7JMV_4NC,126,2.4212
7JMV_4NC,127,0.9898
7JMV_4NC,128,2.2621
7JMV_4NC,129,1.9955
7JMV_4NC,13,0.2903
7JMV_4NC,130,0.9981
7JMV_4NC,131,0.5815
7JMV_4NC,132,2.2863
7JMV_4NC,133,3.8268
7JMV_4NC,134,2.1715
7JMV_4NC,135,3.3004
7JMV_4NC,136,0.5916
7JMV_4NC,137,0.4569
7JMV_4NC,138,0.5863
7JMV_4NC,139,0.6947
7JMV_4NC,14,0.2693
7JMV_4NC,15,2.4504
7JMV_4NC,16,2.0040
7JMV_4NC,17,2.1228
7JMV_4NC,18,2.0903
7JMV_4NC,19,0.4277
7JMV_4NC,2,1.0823
7JMV_4NC,20,2.3266
7JMV_4NC,21,0.9188
7JMV_4NC,22,2.1794
7JMV_4NC,23,1.9625
7JMV_4NC,24,0.5383
7JMV_4NC,25,1.1288
7JMV_4NC,26,2.6416
7JMV_4NC,27,2.0065
7JMV_4NC,28,1.2595
7JMV_4NC,29,0.2306
7JMV_4NC,3,3.7257
7JMV_4NC,30,2.1442
7JMV_4NC,31,2.1706
7JMV_4NC,32,0.7350
7JMV_4NC,33,0.6526
7JMV_4NC,34,0.9379
7JMV_4NC,35,1.5399
7JMV_4NC,36,0.5832
7JMV_4NC,37,0.8024
7JMV_4NC,38,0.6380
7JMV_4NC,39,2.0725
7JMV_4NC,4,0.5092
7JMV_4NC,40,0.8982
7JMV_4NC,41,0.4470
7JMV_4NC,42,2.0126
7JMV_4NC,43,1.9654
7JMV_4NC,44,0.8248
7JMV_4NC,45,0.6628
7JMV_4NC,46,2.1613
7JMV_4NC,47,2.3076
7JMV_4NC,48,0.4855
7JMV_4NC,49,2.0355
7JMV_4NC,5,2.1557
7JMV_4NC,50,2.0103
7JMV_4NC,51,0.6331
7JMV_4NC,52,0.5673
7JMV_4NC,53,2.2169
7JMV_4NC,54,0.9826
7JMV_4NC,55,0.9720
7JMV_4NC,56,0.3596
7JMV_4NC,57,1.1769
7JMV_4NC,58,1.9864
7JMV_4NC,59,0.9647
7JMV_4NC,6,0.9611
7JMV_4NC,60,3.5683
7JMV_4NC,61,1.2205
7JMV_4NC,62,0.8933
7JMV_4NC,63,0.9316
7JMV_4NC,64,0.9527
7JMV_4NC,65,1.0004
7JMV_4NC,66,0.9165
7JMV_4NC,67,0.7829
7JMV_4NC,68,1.0352
7JMV_4NC,69,2.0443
7JMV_4NC,7,0.3584
7JMV_4NC,70,0.9645
7JMV_4NC,71,1.9831
7JMV_4NC,72,1.9705
7JMV_4NC,73,2.8775
7JMV_4NC,74,2.1557
7JMV_4NC,75,0.7773
7JMV_4NC,76,2.0781
7JMV_4NC,77,0.9975
7JMV_4NC,78,1.2269
7JMV_4NC,79,1.0702
7JMV_4NC,8,0.2115
7JMV_4NC,80,0.9957
7JMV_4NC,81,0.4979
7JMV_4NC,82,0.5156
7JMV_4NC,83,2.0538
7JMV_4NC,84,2.4484
7JMV_4NC,85,0.4242
7JMV_4NC,86,1.4414
7JMV_4NC,87,0.3450
7JMV_4NC,88,2.6567
7JMV_4NC,89,0.4141
7JMV_4NC,9,0.3825
7JMV_4NC,90,2.1226
7JMV_4NC,91,0.7858
7JMV_4NC,92,1.2883
7JMV_4NC,93,1.9671
7JMV_4NC,94,0.9728
7JMV_4NC,95,1.1416
7JMV_4NC,96,0.5974
7JMV_4NC,97,2.1177
7JMV_4NC,98,3.8374
7JMV_4NC,99,0.5974
7JXX_VP7,0,1.6612
7JXX_VP7,1,0.7286
7JXX_VP7,10,1.0956
7JXX_VP7,100,0.7566
7JXX_VP7,101,2.5210
7JXX_VP7,102,2.9651
7JXX_VP7,103,5.4181
7JXX_VP7,104,0.8772
7JXX_VP7,105,1.6955
7JXX_VP7,106,4.3261
7JXX_VP7,107,1.6663
7JXX_VP7,108,0.8934
7JXX_VP7,109,0.9601
7JXX_VP7,11,0.9605
7JXX_VP7,110,6.8354
7JXX_VP7,111,1.6796
7JXX_VP7,112,0.8844
7JXX_VP7,113,1.1412
7JXX_VP7,114,0.8120
7JXX_VP7,115,7.0837
7JXX_VP7,116,0.9640
7JXX_VP7,117,5.6973
7JXX_VP7,118,1.4155
7JXX_VP7,119,1.7507
7JXX_VP7,12,1.6424
7JXX_VP7,120,0.8560
7JXX_VP7,121,1.5387
7JXX_VP7,122,1.9477
7JXX_VP7,123,5.9282
7JXX_VP7,124,1.1831
7JXX_VP7,125,1.3364
7JXX_VP7,126,0.9419
7JXX_VP7,127,3.2034
7JXX_VP7,128,2.5466
7JXX_VP7,129,2.2267
7JXX_VP7,13,0.6555
7JXX_VP7,130,5.3695
7JXX_VP7,131,0.9159
7JXX_VP7,132,1.3998
7JXX_VP7,133,1.0771
7JXX_VP7,134,1.0137
7JXX_VP7,135,1.1148
7JXX_VP7,136,1.0176
7JXX_VP7,137,5.6432
7JXX_VP7,138,1.4600
7JXX_VP7,139,0.4589
7JXX_VP7,14,4.5436
7JXX_VP7,15,0.9111
7JXX_VP7,16,3.8466
7JXX_VP7,17,6.0823
7JXX_VP7,18,2.1053
7JXX_VP7,19,0.6939
7JXX_VP7,2,7.2024
7JXX_VP7,20,3.1857
7JXX_VP7,21,1.6507
7JXX_VP7,22,2.0145
7JXX_VP7,23,6.8074
7JXX_VP7,24,1.0466
7JXX_VP7,25,7.3951
7JXX_VP7,26,1.2303
7JXX_VP7,27,1.4426
7JXX_VP7,28,1.3589
7JXX_VP7,29,1.9828
7JXX_VP7,3,1.2187
7JXX_VP7,30,1.6807
7JXX_VP7,31,5.9096
7JXX_VP7,32,4.3796
7JXX_VP7,33,1.1001
7JXX_VP7,34,7.9694
7JXX_VP7,35,0.8647
7JXX_VP7,36,1.1161
7JXX_VP7,37,1.3580
7JXX_VP7,38,1.0735
7JXX_VP7,39,0.9755
7JXX_VP7,4,4.5076
7JXX_VP7,40,0.8331
7JXX_VP7,41,5.8404
7JXX_VP7,42,1.1856
7JXX_VP7,43,1.4542
7JXX_VP7,44,0.6444
7JXX_VP7,45,1.0073
7JXX_VP7,46,0.6110
7JXX_VP7,47,1.1500
7JXX_VP7,48,1.6448
7JXX_VP7,49,0.7096
7JXX_VP7,5,5.7281
7JXX_VP7,50,1.4060
7JXX_VP7,51,2.2920
7JXX_VP7,52,3.9745
7JXX_VP7,53,4.2675
7JXX_VP7,54,0.8194
7JXX_VP7,55,4.1027
7JXX_VP7,56,4.7587
7JXX_VP7,57,1.0677
7JXX_VP7,58,1.7604
7JXX_VP7,59,6.1593
7JXX_VP7,6,1.3758
7JXX_VP7,60,4.3963
7JXX_VP7,61,1.4925
7JXX_VP7,62,1.7441
7JXX_VP7,63,0.9240
7JXX_VP7,64,0.8979
7JXX_VP7,65,1.6512
7JXX_VP7,66,0.7851
7JXX_VP7,67,1.0188
7JXX_VP7,68,0.8521
7JXX_VP7,69,1.3669
7JXX_VP7,7,1.8530
7JXX_VP7,70,1.1350
7JXX_VP7,71,1.1723
7JXX_VP7,72,0.6744
7JXX_VP7,73,0.8819
7JXX_VP7,74,3.6097
7JXX_VP7,75,1.4360
7JXX_VP7,76,2.0878
7JXX_VP7,77,2.9452
7JXX_VP7,78,1.3533
7JXX_VP7,79,0.7476
7JXX_VP7,8,0.7105
7JXX_VP7,80,0.9356
7JXX_VP7,81,3.2812
7JXX_VP7,82,1.8005
7JXX_VP7,83,6.2002
7JXX_VP7,84,1.7251
7JXX_VP7,85,2.9517
7JXX_VP7,86,0.8104
7JXX_VP7,87,1.9125
7JXX_VP7,88,7.8911
7JXX_VP7,89,5.6117
7JXX_VP7,9,0.8943
7JXX_VP7,90,1.0872
7JXX_VP7,91,2.1621
7JXX_VP7,92,2.3803
7JXX_VP7,93,0.8514
7JXX_VP7,94,2.8481
7JXX_VP7,95,1.1173
7JXX_VP7,96,1.1293
7JXX_VP7,97,0.7598
7JXX_VP7,98,1.0401
7JXX_VP7,99,1.8494
7JY3_VUD,0,3.4921
7JY3_VUD,1,3.8553
7JY3_VUD,10,1.3496
7JY3_VUD,100,4.7160
7JY3_VUD,101,5.9637
7JY3_VUD,102,3.1848
7JY3_VUD,103,3.4391
7JY3_VUD,104,4.4210
7JY3_VUD,105,2.1673
7JY3_VUD,106,4.3377
7JY3_VUD,107,1.7842
7JY3_VUD,108,4.0575
7JY3_VUD,109,2.6053
7JY3_VUD,11,2.6386
7JY3_VUD,110,4.1502
7JY3_VUD,111,4.0961
7JY3_VUD,112,3.3463
7JY3_VUD,113,4.1501
7JY3_VUD,114,4.1819
7JY3_VUD,115,4.1947
7JY3_VUD,116,4.1883
7JY3_VUD,117,4.0611
7JY3_VUD,118,4.2276
7JY3_VUD,119,3.9738
7JY3_VUD,12,2.0937
7JY3_VUD,120,4.3293
7JY3_VUD,121,3.5303
7JY3_VUD,122,4.1916
7JY3_VUD,123,3.9513
7JY3_VUD,124,3.5345
7JY3_VUD,125,4.6574
7JY3_VUD,126,1.7217
7JY3_VUD,127,4.2502
7JY3_VUD,128,1.1858
7JY3_VUD,129,4.5034
7JY3_VUD,13,1.5892
7JY3_VUD,130,2.6703
7JY3_VUD,131,4.0868
7JY3_VUD,132,3.4156
7JY3_VUD,133,3.8016
7JY3_VUD,134,4.0403
7JY3_VUD,135,1.4849
7JY3_VUD,136,4.2103
7JY3_VUD,137,2.3384
7JY3_VUD,138,4.2451
7JY3_VUD,139,3.2779
7JY3_VUD,14,1.7206
7JY3_VUD,15,4.1621
7JY3_VUD,16,3.1936
7JY3_VUD,17,1.6004
7JY3_VUD,18,3.9434
7JY3_VUD,19,6.6661
7JY3_VUD,2,3.5072
7JY3_VUD,20,1.0955
7JY3_VUD,21,2.8545
7JY3_VUD,22,4.0457
7JY3_VUD,23,3.2254
7JY3_VUD,24,3.0117
7JY3_VUD,25,4.1808
7JY3_VUD,26,4.0277
7JY3_VUD,27,4.1830
7JY3_VUD,28,4.0823
7JY3_VUD,29,2.4644
7JY3_VUD,3,2.7835
7JY3_VUD,30,4.9544
7JY3_VUD,31,4.2563
7JY3_VUD,32,2.7362
7JY3_VUD,33,4.3480
7JY3_VUD,34,3.2429
7JY3_VUD,35,3.2435
7JY3_VUD,36,3.3679
7JY3_VUD,37,3.5969
7JY3_VUD,38,5.9769
7JY3_VUD,39,4.2182
7JY3_VUD,4,4.0502
7JY3_VUD,40,4.0637
7JY3_VUD,41,3.0024
7JY3_VUD,42,3.3400
7JY3_VUD,43,3.4679
7JY3_VUD,44,3.8282
7JY3_VUD,45,4.5894
7JY3_VUD,46,3.5404
7JY3_VUD,47,5.1402
7JY3_VUD,48,4.3299
7JY3_VUD,49,3.4908
7JY3_VUD,5,3.6475
7JY3_VUD,50,3.7277
7JY3_VUD,51,4.0704
7JY3_VUD,52,4.7229
7JY3_VUD,53,3.4097
7JY3_VUD,54,2.3559
7JY3_VUD,55,3.4654
7JY3_VUD,56,1.7062
7JY3_VUD,57,1.4925
7JY3_VUD,58,3.4408
7JY3_VUD,59,3.4654
7JY3_VUD,6,4.2141
7JY3_VUD,60,1.7628
7JY3_VUD,61,1.4153
7JY3_VUD,62,4.2466
7JY3_VUD,63,3.6860
7JY3_VUD,63,3.8541
7JY3_VUD,64,4.7270
7JY3_VUD,65,3.6597
7JY3_VUD,66,4.6318
7JY3_VUD,67,4.1033
7JY3_VUD,68,3.3783
7JY3_VUD,69,2.6407
7JY3_VUD,7,3.2950
7JY3_VUD,70,1.0063
7JY3_VUD,71,3.6814
7JY3_VUD,72,2.3969
7JY3_VUD,73,4.4708
7JY3_VUD,74,4.4048
7JY3_VUD,75,3.7609
7JY3_VUD,76,3.7404
7JY3_VUD,77,1.7649
7JY3_VUD,78,4.8087
7JY3_VUD,79,3.3645
7JY3_VUD,8,1.5771
7JY3_VUD,80,0.6566
7JY3_VUD,81,3.3829
7JY3_VUD,82,2.6010
7JY3_VUD,83,4.1193
7JY3_VUD,84,3.2729
7JY3_VUD,85,4.6550
7JY3_VUD,86,3.8268
7JY3_VUD,87,4.1127
7JY3_VUD,88,4.0856
7JY3_VUD,89,3.1888
7JY3_VUD,9,4.3333
7JY3_VUD,90,5.9986
7JY3_VUD,91,2.5849
7JY3_VUD,92,2.6207
7JY3_VUD,93,4.1852
7JY3_VUD,94,3.7316
7JY3_VUD,95,5.3622
7JY3_VUD,96,4.4967
7JY3_VUD,97,4.4210
7JY3_VUD,98,3.3114
7JY3_VUD,99,4.1108
7K0V_VQP,0,1.9844
7K0V_VQP,1,1.7840
7K0V_VQP,10,2.0435
7K0V_VQP,100,1.8257
7K0V_VQP,101,1.9267
7K0V_VQP,102,0.8231
7K0V_VQP,103,1.9141
7K0V_VQP,104,0.3821
7K0V_VQP,105,1.1357
7K0V_VQP,106,1.9695
7K0V_VQP,107,0.7201
7K0V_VQP,108,1.8807
7K0V_VQP,109,1.9854
7K0V_VQP,11,1.8070
7K0V_VQP,110,2.0226
7K0V_VQP,111,1.8885
7K0V_VQP,112,1.9420
7K0V_VQP,113,0.8888
7K0V_VQP,114,0.6330
7K0V_VQP,115,1.9447
7K0V_VQP,116,0.4091
7K0V_VQP,117,1.9353
7K0V_VQP,118,2.0928
7K0V_VQP,119,1.9256
7K0V_VQP,12,1.9400
7K0V_VQP,120,1.8508
7K0V_VQP,121,1.8673
7K0V_VQP,122,0.8356
7K0V_VQP,123,1.4506
7K0V_VQP,124,1.8954
7K0V_VQP,125,1.8204
7K0V_VQP,126,1.9292
7K0V_VQP,127,0.9619
7K0V_VQP,128,1.9604
7K0V_VQP,129,0.6680
7K0V_VQP,13,0.7833
7K0V_VQP,130,1.7200
7K0V_VQP,131,1.8275
7K0V_VQP,132,1.8724
7K0V_VQP,133,1.8855
7K0V_VQP,134,1.9014
7K0V_VQP,135,3.0783
7K0V_VQP,136,0.7039
7K0V_VQP,137,0.4237
7K0V_VQP,138,1.7861
7K0V_VQP,139,0.3898
7K0V_VQP,14,1.9026
7K0V_VQP,15,1.8020
7K0V_VQP,16,0.7446
7K0V_VQP,17,0.4642
7K0V_VQP,18,1.8604
7K0V_VQP,19,0.5543
7K0V_VQP,2,1.8381
7K0V_VQP,20,1.8014
7K0V_VQP,21,1.6108
7K0V_VQP,22,0.3385
7K0V_VQP,23,1.8935
7K0V_VQP,24,1.0422
7K0V_VQP,25,1.7505
7K0V_VQP,26,1.9414
7K0V_VQP,27,1.9057
7K0V_VQP,28,1.8190
7K0V_VQP,29,1.8211
7K0V_VQP,3,1.8194
7K0V_VQP,30,1.8373
7K0V_VQP,31,0.9982
7K0V_VQP,32,1.8380
7K0V_VQP,33,0.5501
7K0V_VQP,34,0.9251
7K0V_VQP,35,1.2156
7K0V_VQP,36,1.9410
7K0V_VQP,37,1.7796
7K0V_VQP,38,1.7955
7K0V_VQP,39,0.4296
7K0V_VQP,4,1.8348
7K0V_VQP,40,0.6387
7K0V_VQP,41,1.8293
7K0V_VQP,42,1.9435
7K0V_VQP,43,1.9662
7K0V_VQP,44,0.4862
7K0V_VQP,45,0.3992
7K0V_VQP,46,1.3436
7K0V_VQP,47,1.8320
7K0V_VQP,48,1.9211
7K0V_VQP,49,1.8822
7K0V_VQP,5,0.5782
7K0V_VQP,50,1.3519
7K0V_VQP,51,0.9963
7K0V_VQP,52,1.8328
7K0V_VQP,53,0.6835
7K0V_VQP,54,1.9638
7K0V_VQP,55,0.7680
7K0V_VQP,56,1.8092
7K0V_VQP,57,0.4925
7K0V_VQP,58,2.6972
7K0V_VQP,59,1.8232
7K0V_VQP,6,1.8983
7K0V_VQP,60,1.9283
7K0V_VQP,61,0.6200
7K0V_VQP,62,1.9077
7K0V_VQP,63,0.5261
7K0V_VQP,64,1.8111
7K0V_VQP,65,0.5389
7K0V_VQP,66,1.9505
7K0V_VQP,67,1.9134
7K0V_VQP,68,1.9543
7K0V_VQP,69,0.6065
7K0V_VQP,7,0.7068
7K0V_VQP,70,1.8895
7K0V_VQP,71,1.8552
7K0V_VQP,71,1.9486
7K0V_VQP,72,1.8650
7K0V_VQP,73,1.8107
7K0V_VQP,74,0.8907
7K0V_VQP,75,1.8749
7K0V_VQP,76,1.8338
7K0V_VQP,77,1.9637
7K0V_VQP,78,2.0063
7K0V_VQP,79,0.6034
7K0V_VQP,8,0.9220
7K0V_VQP,80,1.8099
7K0V_VQP,81,0.7603
7K0V_VQP,82,0.6258
7K0V_VQP,83,1.8248
7K0V_VQP,84,0.9606
7K0V_VQP,85,0.4147
7K0V_VQP,86,2.5701
7K0V_VQP,87,0.5285
7K0V_VQP,88,1.9514
7K0V_VQP,89,0.7592
7K0V_VQP,9,0.6811
7K0V_VQP,90,1.8969
7K0V_VQP,91,1.7978
7K0V_VQP,92,0.4899
7K0V_VQP,93,1.7822
7K0V_VQP,94,0.7113
7K0V_VQP,95,1.8743
7K0V_VQP,96,1.8991
7K0V_VQP,97,1.9162
7K0V_VQP,98,2.2512
7K0V_VQP,99,1.8616
7KB1_WBJ,0,2.0806
7KB1_WBJ,1,1.2518
7KB1_WBJ,10,1.2041
7KB1_WBJ,100,1.3317
7KB1_WBJ,101,0.8338
7KB1_WBJ,102,1.5280
7KB1_WBJ,103,1.3473
7KB1_WBJ,104,1.8678
7KB1_WBJ,105,1.1527
7KB1_WBJ,106,1.4571
7KB1_WBJ,107,0.9286
7KB1_WBJ,108,5.0514
7KB1_WBJ,109,0.8765
7KB1_WBJ,11,2.2372
7KB1_WBJ,110,1.2392
7KB1_WBJ,111,1.1059
7KB1_WBJ,112,1.0479
7KB1_WBJ,113,0.9086
7KB1_WBJ,114,1.0934
7KB1_WBJ,115,2.1414
7KB1_WBJ,116,1.5415
7KB1_WBJ,117,5.0834
7KB1_WBJ,118,4.9606
7KB1_WBJ,119,1.7629
7KB1_WBJ,12,0.9681
7KB1_WBJ,120,0.5758
7KB1_WBJ,121,1.4183
7KB1_WBJ,122,1.1649
7KB1_WBJ,123,1.3166
7KB1_WBJ,124,1.3316
7KB1_WBJ,125,2.4967
7KB1_WBJ,126,1.0651
7KB1_WBJ,127,0.9532
7KB1_WBJ,128,1.5110
7KB1_WBJ,129,1.5513
7KB1_WBJ,13,1.7677
7KB1_WBJ,130,1.8364
7KB1_WBJ,131,1.0808
7KB1_WBJ,132,1.3700
7KB1_WBJ,133,1.6428
7KB1_WBJ,134,2.3990
7KB1_WBJ,135,2.0002
7KB1_WBJ,136,1.0613
7KB1_WBJ,137,1.2426
7KB1_WBJ,138,1.0705
7KB1_WBJ,139,1.1316
7KB1_WBJ,14,1.0494
7KB1_WBJ,15,0.9456
7KB1_WBJ,16,5.3274
7KB1_WBJ,17,1.6865
7KB1_WBJ,18,1.3892
7KB1_WBJ,19,4.9157
7KB1_WBJ,2,1.9862
7KB1_WBJ,20,1.0869
7KB1_WBJ,21,2.0346
7KB1_WBJ,22,2.1621
7KB1_WBJ,23,1.5715
7KB1_WBJ,24,1.7467
7KB1_WBJ,25,1.1896
7KB1_WBJ,26,1.8363
7KB1_WBJ,27,1.4480
7KB1_WBJ,28,4.4249
7KB1_WBJ,29,1.4798
7KB1_WBJ,3,1.4004
7KB1_WBJ,30,1.3538
7KB1_WBJ,31,5.1127
7KB1_WBJ,32,0.8566
7KB1_WBJ,33,1.6620
7KB1_WBJ,34,1.2080
7KB1_WBJ,35,1.2877
7KB1_WBJ,36,2.3317
7KB1_WBJ,37,1.1433
7KB1_WBJ,38,1.7661
7KB1_WBJ,39,2.3003
7KB1_WBJ,4,0.9751
7KB1_WBJ,40,5.3043
7KB1_WBJ,41,0.7913
7KB1_WBJ,42,1.2778
7KB1_WBJ,43,0.9670
7KB1_WBJ,44,1.7453
7KB1_WBJ,45,0.9334
7KB1_WBJ,46,4.9370
7KB1_WBJ,47,1.2851
7KB1_WBJ,48,0.9821
7KB1_WBJ,49,1.0962
7KB1_WBJ,5,1.2128
7KB1_WBJ,50,1.7642
7KB1_WBJ,51,1.2258
7KB1_WBJ,52,1.8424
7KB1_WBJ,53,4.8501
7KB1_WBJ,54,1.3454
7KB1_WBJ,55,1.1505
7KB1_WBJ,56,1.2167
7KB1_WBJ,57,1.1136
7KB1_WBJ,58,1.2254
7KB1_WBJ,59,1.0970
7KB1_WBJ,6,1.8901
7KB1_WBJ,60,2.6103
7KB1_WBJ,61,1.0396
7KB1_WBJ,62,1.1131
7KB1_WBJ,63,1.1231
7KB1_WBJ,64,1.0669
7KB1_WBJ,65,0.9904
7KB1_WBJ,66,1.6071
7KB1_WBJ,67,4.9364
7KB1_WBJ,68,1.3742
7KB1_WBJ,69,1.6969
7KB1_WBJ,7,1.7459
7KB1_WBJ,70,1.5098
7KB1_WBJ,71,4.9199
7KB1_WBJ,72,1.2053
7KB1_WBJ,73,2.0852
7KB1_WBJ,74,1.2430
7KB1_WBJ,75,1.1970
7KB1_WBJ,76,1.3780
7KB1_WBJ,77,1.7722
7KB1_WBJ,78,0.9362
7KB1_WBJ,79,1.3174
7KB1_WBJ,8,1.1790
7KB1_WBJ,80,1.2202
7KB1_WBJ,81,1.2333
7KB1_WBJ,82,5.0539
7KB1_WBJ,83,1.4500
7KB1_WBJ,84,1.2044
7KB1_WBJ,85,1.3272
7KB1_WBJ,86,0.4756
7KB1_WBJ,87,1.9460
7KB1_WBJ,88,1.8508
7KB1_WBJ,89,1.7169
7KB1_WBJ,9,1.0634
7KB1_WBJ,90,1.2264
7KB1_WBJ,91,5.0118
7KB1_WBJ,92,1.4623
7KB1_WBJ,93,1.1748
7KB1_WBJ,94,1.2413
7KB1_WBJ,95,1.5569
7KB1_WBJ,96,0.8636
7KB1_WBJ,97,2.2015
7KB1_WBJ,98,1.3654
7KB1_WBJ,99,1.5503
7KC5_BJZ,0,0.7399
7KC5_BJZ,1,1.2640
7KC5_BJZ,10,0.8905
7KC5_BJZ,100,1.7175
7KC5_BJZ,101,0.8663
7KC5_BJZ,102,1.0548
7KC5_BJZ,103,1.2882
7KC5_BJZ,104,1.2055
7KC5_BJZ,105,1.1436
7KC5_BJZ,106,3.0009
7KC5_BJZ,107,1.0519
7KC5_BJZ,108,1.2990
7KC5_BJZ,109,1.1022
7KC5_BJZ,11,1.8618
7KC5_BJZ,110,1.7122
7KC5_BJZ,111,1.2654
7KC5_BJZ,112,0.7826
7KC5_BJZ,113,1.0995
7KC5_BJZ,114,1.6883
7KC5_BJZ,115,1.2164
7KC5_BJZ,116,1.0186
7KC5_BJZ,117,0.9385
7KC5_BJZ,118,2.0640
7KC5_BJZ,119,1.2309
7KC5_BJZ,12,1.3849
7KC5_BJZ,120,1.0255
7KC5_BJZ,121,1.3922
7KC5_BJZ,122,1.0803
7KC5_BJZ,123,0.9273
7KC5_BJZ,124,1.0928
7KC5_BJZ,125,1.4326
7KC5_BJZ,126,1.9300
7KC5_BJZ,127,2.2148
7KC5_BJZ,128,1.2037
7KC5_BJZ,129,1.1340
7KC5_BJZ,13,2.4903
7KC5_BJZ,130,2.7466
7KC5_BJZ,131,2.1427
7KC5_BJZ,132,1.2137
7KC5_BJZ,133,2.2909
7KC5_BJZ,134,1.4353
7KC5_BJZ,135,1.2057
7KC5_BJZ,136,1.1374
7KC5_BJZ,137,1.4776
7KC5_BJZ,138,1.9194
7KC5_BJZ,139,3.4233
7KC5_BJZ,14,1.2422
7KC5_BJZ,15,1.1937
7KC5_BJZ,16,1.0218
7KC5_BJZ,17,1.7815
7KC5_BJZ,18,0.8353
7KC5_BJZ,19,1.3511
7KC5_BJZ,2,1.8735
7KC5_BJZ,20,1.3755
7KC5_BJZ,21,3.2729
7KC5_BJZ,22,1.1680
7KC5_BJZ,23,0.9660
7KC5_BJZ,24,1.4852
7KC5_BJZ,25,1.2580
7KC5_BJZ,26,1.2939
7KC5_BJZ,27,4.6012
7KC5_BJZ,28,2.6379
7KC5_BJZ,29,2.8753
7KC5_BJZ,3,0.9105
7KC5_BJZ,30,0.5394
7KC5_BJZ,31,1.0564
7KC5_BJZ,32,1.3491
7KC5_BJZ,33,1.7084
7KC5_BJZ,34,1.6624
7KC5_BJZ,35,4.2053
7KC5_BJZ,36,1.9640
7KC5_BJZ,37,1.6957
7KC5_BJZ,38,2.3017
7KC5_BJZ,39,2.6143
7KC5_BJZ,4,1.0459
7KC5_BJZ,40,2.4535
7KC5_BJZ,41,2.6647
7KC5_BJZ,42,1.8129
7KC5_BJZ,43,1.3337
7KC5_BJZ,44,1.0333
7KC5_BJZ,45,0.9539
7KC5_BJZ,46,1.0225
7KC5_BJZ,47,1.8863
7KC5_BJZ,48,1.2080
7KC5_BJZ,49,2.3179
7KC5_BJZ,5,1.4920
7KC5_BJZ,50,1.4443
7KC5_BJZ,51,1.9045
7KC5_BJZ,52,1.0972
7KC5_BJZ,53,1.1062
7KC5_BJZ,54,1.2144
7KC5_BJZ,55,0.8486
7KC5_BJZ,56,1.1110
7KC5_BJZ,57,1.0816
7KC5_BJZ,58,1.0003
7KC5_BJZ,59,1.4480
7KC5_BJZ,6,0.9440
7KC5_BJZ,60,1.4020
7KC5_BJZ,61,6.4333
7KC5_BJZ,62,2.0112
7KC5_BJZ,63,1.2783
7KC5_BJZ,64,1.9263
7KC5_BJZ,65,1.6198
7KC5_BJZ,66,1.8276
7KC5_BJZ,67,1.5005
7KC5_BJZ,68,1.6894
7KC5_BJZ,69,1.2659
7KC5_BJZ,7,0.8928
7KC5_BJZ,70,0.6989
7KC5_BJZ,71,1.7512
7KC5_BJZ,72,2.8719
7KC5_BJZ,73,0.9042
7KC5_BJZ,74,0.8793
7KC5_BJZ,75,0.9130
7KC5_BJZ,76,1.3818
7KC5_BJZ,77,4.7442
7KC5_BJZ,78,0.7649
7KC5_BJZ,79,1.7501
7KC5_BJZ,8,1.2335
7KC5_BJZ,80,1.1814
7KC5_BJZ,81,1.9019
7KC5_BJZ,82,1.6686
7KC5_BJZ,83,0.9644
7KC5_BJZ,84,2.9887
7KC5_BJZ,85,1.8479
7KC5_BJZ,86,1.7383
7KC5_BJZ,87,4.4483
7KC5_BJZ,88,1.1606
7KC5_BJZ,89,0.8406
7KC5_BJZ,9,1.2347
7KC5_BJZ,90,2.3049
7KC5_BJZ,91,1.4819
7KC5_BJZ,92,1.2534
7KC5_BJZ,93,1.8492
7KC5_BJZ,94,1.6962
7KC5_BJZ,95,1.7902
7KC5_BJZ,96,2.7343
7KC5_BJZ,97,1.2424
7KC5_BJZ,98,1.5793
7KC5_BJZ,99,1.9729
7KM8_WPD,0,2.1200
7KM8_WPD,1,2.5317
7KM8_WPD,10,2.2478
7KM8_WPD,100,1.1907
7KM8_WPD,101,2.1626
7KM8_WPD,102,2.4774
7KM8_WPD,103,2.5638
7KM8_WPD,104,2.5466
7KM8_WPD,105,1.8826
7KM8_WPD,106,1.8748
7KM8_WPD,107,2.5121
7KM8_WPD,108,2.4899
7KM8_WPD,109,1.7011
7KM8_WPD,11,2.4426
7KM8_WPD,110,2.6173
7KM8_WPD,111,1.0507
7KM8_WPD,112,1.7077
7KM8_WPD,113,3.1214
7KM8_WPD,114,2.6142
7KM8_WPD,115,2.3260
7KM8_WPD,116,2.5513
7KM8_WPD,117,2.7395
7KM8_WPD,118,2.7339
7KM8_WPD,119,1.5414
7KM8_WPD,12,2.6052
7KM8_WPD,120,2.6964
7KM8_WPD,121,2.4009
7KM8_WPD,122,2.0346
7KM8_WPD,123,1.5525
7KM8_WPD,124,2.3245
7KM8_WPD,125,2.8153
7KM8_WPD,126,2.7154
7KM8_WPD,127,3.0131
7KM8_WPD,128,1.9109
7KM8_WPD,129,1.5387
7KM8_WPD,13,1.6705
7KM8_WPD,130,1.7349
7KM8_WPD,131,2.5971
7KM8_WPD,132,2.6076
7KM8_WPD,133,1.5704
7KM8_WPD,134,2.0422
7KM8_WPD,135,2.4679
7KM8_WPD,136,2.1211
7KM8_WPD,137,1.6349
7KM8_WPD,138,1.7581
7KM8_WPD,139,1.9730
7KM8_WPD,14,2.3126
7KM8_WPD,15,1.6757
7KM8_WPD,16,2.4989
7KM8_WPD,17,2.1723
7KM8_WPD,18,1.9753
7KM8_WPD,19,2.5007
7KM8_WPD,2,2.0651
7KM8_WPD,20,2.9009
7KM8_WPD,21,2.5387
7KM8_WPD,22,1.8097
7KM8_WPD,23,2.2969
7KM8_WPD,24,2.1389
7KM8_WPD,25,1.3511
7KM8_WPD,26,2.4253
7KM8_WPD,27,1.7709
7KM8_WPD,28,2.8554
7KM8_WPD,29,1.6519
7KM8_WPD,3,2.3057
7KM8_WPD,30,1.1797
7KM8_WPD,31,2.0800
7KM8_WPD,32,2.0921
7KM8_WPD,33,1.6415
7KM8_WPD,34,1.4849
7KM8_WPD,35,2.6875
7KM8_WPD,36,2.0260
7KM8_WPD,37,2.4598
7KM8_WPD,38,2.4417
7KM8_WPD,39,2.3698
7KM8_WPD,4,2.9916
7KM8_WPD,40,1.9799
7KM8_WPD,41,2.4991
7KM8_WPD,42,2.4845
7KM8_WPD,43,2.5453
7KM8_WPD,44,2.5583
7KM8_WPD,45,1.7467
7KM8_WPD,46,2.1012
7KM8_WPD,47,2.7787
7KM8_WPD,48,2.4840
7KM8_WPD,49,1.3074
7KM8_WPD,5,2.9578
7KM8_WPD,50,2.3517
7KM8_WPD,51,2.6455
7KM8_WPD,52,2.4026
7KM8_WPD,53,2.6300
7KM8_WPD,54,2.6479
7KM8_WPD,55,2.5794
7KM8_WPD,56,2.6178
7KM8_WPD,57,1.4078
7KM8_WPD,58,2.8869
7KM8_WPD,59,2.5207
7KM8_WPD,6,2.5699
7KM8_WPD,60,1.4414
7KM8_WPD,61,2.7317
7KM8_WPD,62,2.0144
7KM8_WPD,63,2.6468
7KM8_WPD,64,1.7946
7KM8_WPD,65,2.6404
7KM8_WPD,66,2.9853
7KM8_WPD,67,2.7583
7KM8_WPD,68,2.9983
7KM8_WPD,69,1.8428
7KM8_WPD,7,2.6324
7KM8_WPD,70,2.4117
7KM8_WPD,71,2.4066
7KM8_WPD,72,2.8029
7KM8_WPD,73,2.2365
7KM8_WPD,74,2.2333
7KM8_WPD,75,2.5862
7KM8_WPD,76,2.0176
7KM8_WPD,77,1.7832
7KM8_WPD,78,2.5792
7KM8_WPD,79,2.4729
7KM8_WPD,8,2.2698
7KM8_WPD,80,1.5805
7KM8_WPD,81,2.7629
7KM8_WPD,82,1.9710
7KM8_WPD,83,1.7378
7KM8_WPD,84,1.2227
7KM8_WPD,85,2.6114
7KM8_WPD,86,2.0900
7KM8_WPD,87,2.5747
7KM8_WPD,88,2.0751
7KM8_WPD,89,1.8676
7KM8_WPD,9,1.0373
7KM8_WPD,90,2.6405
7KM8_WPD,91,2.4152
7KM8_WPD,92,1.7293
7KM8_WPD,93,2.8061
7KM8_WPD,94,2.5566
7KM8_WPD,95,2.0257
7KM8_WPD,96,2.6270
7KM8_WPD,97,2.7520
7KM8_WPD,98,2.8177
7KM8_WPD,99,1.6018
7KQU_YOF,0,0.9229
7KQU_YOF,1,2.0327
7KQU_YOF,10,1.6501
7KQU_YOF,100,2.1332
7KQU_YOF,101,5.6328
7KQU_YOF,102,1.1128
7KQU_YOF,103,1.5125
7KQU_YOF,104,1.1981
7KQU_YOF,105,2.2218
7KQU_YOF,106,1.5940
7KQU_YOF,107,0.8599
7KQU_YOF,108,1.8261
7KQU_YOF,109,1.3378
7KQU_YOF,11,1.8513
7KQU_YOF,110,2.0773
7KQU_YOF,111,1.5763
7KQU_YOF,112,1.6140
7KQU_YOF,113,0.9061
7KQU_YOF,114,2.6668
7KQU_YOF,115,2.0680
7KQU_YOF,116,2.4020
7KQU_YOF,117,1.4763
7KQU_YOF,118,5.9445
7KQU_YOF,119,1.9443
7KQU_YOF,12,1.0954
7KQU_YOF,120,1.8758
7KQU_YOF,121,2.1641
7KQU_YOF,122,2.0392
7KQU_YOF,123,0.9590
7KQU_YOF,124,1.0588
7KQU_YOF,125,0.6758
7KQU_YOF,126,1.0826
7KQU_YOF,127,0.8939
7KQU_YOF,128,0.4903
7KQU_YOF,129,1.1384
7KQU_YOF,13,2.4143
7KQU_YOF,130,2.2806
7KQU_YOF,131,2.1799
7KQU_YOF,132,1.9708
7KQU_YOF,133,2.2441
7KQU_YOF,134,1.7979
7KQU_YOF,135,1.8231
7KQU_YOF,136,1.8909
7KQU_YOF,137,2.2512
7KQU_YOF,138,2.1745
7KQU_YOF,139,1.5895
7KQU_YOF,14,2.0438
7KQU_YOF,15,1.9825
7KQU_YOF,16,2.2464
7KQU_YOF,17,1.2943
7KQU_YOF,18,5.2456
7KQU_YOF,19,2.1286
7KQU_YOF,2,1.2968
7KQU_YOF,20,2.3394
7KQU_YOF,21,1.9138
7KQU_YOF,22,1.1908
7KQU_YOF,23,5.6363
7KQU_YOF,24,2.0577
7KQU_YOF,25,1.4191
7KQU_YOF,26,2.2107
7KQU_YOF,27,1.0758
7KQU_YOF,28,1.0991
7KQU_YOF,29,1.5201
7KQU_YOF,3,2.1466
7KQU_YOF,30,1.1913
7KQU_YOF,31,2.0334
7KQU_YOF,32,1.0977
7KQU_YOF,33,5.8342
7KQU_YOF,34,2.2967
7KQU_YOF,35,1.0008
7KQU_YOF,36,1.2864
7KQU_YOF,37,2.2853
7KQU_YOF,38,5.5004
7KQU_YOF,39,1.1391
7KQU_YOF,4,1.8501
7KQU_YOF,40,2.2512
7KQU_YOF,41,1.1103
7KQU_YOF,42,1.1356
7KQU_YOF,43,2.0495
7KQU_YOF,44,1.8424
7KQU_YOF,45,2.1972
7KQU_YOF,46,2.1536
7KQU_YOF,47,1.4014
7KQU_YOF,48,1.0688
7KQU_YOF,49,1.5874
7KQU_YOF,5,1.2734
7KQU_YOF,50,2.1703
7KQU_YOF,51,2.0533
7KQU_YOF,52,0.6997
7KQU_YOF,53,1.0620
7KQU_YOF,54,1.2988
7KQU_YOF,55,1.9447
7KQU_YOF,56,1.5231
7KQU_YOF,57,1.8308
7KQU_YOF,58,2.1770
7KQU_YOF,59,1.2298
7KQU_YOF,6,2.0787
7KQU_YOF,60,1.5428
7KQU_YOF,61,2.0560
7KQU_YOF,62,2.0368
7KQU_YOF,63,1.3592
7KQU_YOF,64,1.1646
7KQU_YOF,65,2.2232
7KQU_YOF,66,1.4165
7KQU_YOF,67,1.3008
7KQU_YOF,68,2.0491
7KQU_YOF,69,5.3210
7KQU_YOF,7,1.0037
7KQU_YOF,70,1.8961
7KQU_YOF,71,0.7661
7KQU_YOF,72,1.4907
7KQU_YOF,73,5.6313
7KQU_YOF,74,1.2162
7KQU_YOF,75,5.7756
7KQU_YOF,76,1.6462
7KQU_YOF,77,1.4985
7KQU_YOF,78,5.5893
7KQU_YOF,79,2.1490
7KQU_YOF,8,1.3919
7KQU_YOF,80,1.0806
7KQU_YOF,81,2.4092
7KQU_YOF,82,2.0024
7KQU_YOF,83,0.8702
7KQU_YOF,84,1.2971
7KQU_YOF,85,5.4497
7KQU_YOF,86,5.5633
7KQU_YOF,87,5.4186
7KQU_YOF,88,1.4079
7KQU_YOF,89,5.8692
7KQU_YOF,9,1.2881
7KQU_YOF,90,2.3553
7KQU_YOF,91,2.0224
7KQU_YOF,92,5.6992
7KQU_YOF,93,1.2056
7KQU_YOF,94,2.2496
7KQU_YOF,95,0.7584
7KQU_YOF,96,1.4037
7KQU_YOF,97,2.4897
7KQU_YOF,98,2.1499
7KQU_YOF,99,1.1633
7KRU_ATP,0,1.0697
7KRU_ATP,1,1.1401
7KRU_ATP,10,2.0217
7KRU_ATP,100,0.9942
7KRU_ATP,101,0.9029
7KRU_ATP,102,0.8321
7KRU_ATP,103,1.8569
7KRU_ATP,104,1.0706
7KRU_ATP,105,1.1147
7KRU_ATP,106,1.1038
7KRU_ATP,107,1.0485
7KRU_ATP,108,0.8144
7KRU_ATP,109,1.7434
7KRU_ATP,11,0.6999
7KRU_ATP,110,1.8656
7KRU_ATP,111,0.7559
7KRU_ATP,112,1.9723
7KRU_ATP,113,0.6419
7KRU_ATP,114,0.5496
7KRU_ATP,115,1.0865
7KRU_ATP,116,1.2239
7KRU_ATP,117,0.7630
7KRU_ATP,118,0.9088
7KRU_ATP,119,1.9078
7KRU_ATP,12,1.7501
7KRU_ATP,120,1.0383
7KRU_ATP,121,1.2369
7KRU_ATP,122,1.5523
7KRU_ATP,123,1.1423
7KRU_ATP,124,1.8468
7KRU_ATP,125,1.7707
7KRU_ATP,126,0.7554
7KRU_ATP,127,1.0093
7KRU_ATP,128,1.1196
7KRU_ATP,129,1.0167
7KRU_ATP,13,1.7955
7KRU_ATP,130,1.2088
7KRU_ATP,131,1.5717
7KRU_ATP,132,1.1726
7KRU_ATP,133,0.8634
7KRU_ATP,134,1.8805
7KRU_ATP,135,0.6370
7KRU_ATP,136,0.7648
7KRU_ATP,137,0.9351
7KRU_ATP,138,1.7695
7KRU_ATP,139,1.7628
7KRU_ATP,14,1.8701
7KRU_ATP,15,1.7333
7KRU_ATP,16,2.1748
7KRU_ATP,17,1.6827
7KRU_ATP,18,1.9699
7KRU_ATP,19,1.9664
7KRU_ATP,2,2.2396
7KRU_ATP,20,0.8146
7KRU_ATP,21,0.9320
7KRU_ATP,22,0.8278
7KRU_ATP,23,1.7430
7KRU_ATP,24,1.2576
7KRU_ATP,25,1.3430
7KRU_ATP,26,1.0440
7KRU_ATP,27,1.1259
7KRU_ATP,28,1.1080
7KRU_ATP,29,1.2981
7KRU_ATP,3,1.8105
7KRU_ATP,30,0.5674
7KRU_ATP,31,1.7795
7KRU_ATP,32,1.6576
7KRU_ATP,33,1.6739
7KRU_ATP,34,1.8946
7KRU_ATP,35,1.5235
7KRU_ATP,36,1.2998
7KRU_ATP,37,1.1088
7KRU_ATP,38,0.5436
7KRU_ATP,39,2.0261
7KRU_ATP,4,1.9117
7KRU_ATP,40,0.7657
7KRU_ATP,41,1.2441
7KRU_ATP,42,0.7652
7KRU_ATP,43,1.5968
7KRU_ATP,44,1.7590
7KRU_ATP,45,0.8447
7KRU_ATP,46,1.6464
7KRU_ATP,47,0.8722
7KRU_ATP,48,2.0883
7KRU_ATP,49,0.9931
7KRU_ATP,5,1.0990
7KRU_ATP,50,3.6458
7KRU_ATP,51,1.6125
7KRU_ATP,52,1.0959
7KRU_ATP,53,1.7623
7KRU_ATP,54,1.8343
7KRU_ATP,55,1.4231
7KRU_ATP,56,2.0954
7KRU_ATP,57,0.8173
7KRU_ATP,58,1.4736
7KRU_ATP,59,1.1403
7KRU_ATP,6,1.2509
7KRU_ATP,60,1.5089
7KRU_ATP,61,1.6928
7KRU_ATP,62,1.0082
7KRU_ATP,63,1.9031
7KRU_ATP,64,0.8796
7KRU_ATP,65,1.1522
7KRU_ATP,66,0.4514
7KRU_ATP,67,1.8106
7KRU_ATP,68,2.1110
7KRU_ATP,69,1.9291
7KRU_ATP,7,0.7044
7KRU_ATP,70,1.6558
7KRU_ATP,71,2.0008
7KRU_ATP,72,0.7415
7KRU_ATP,73,0.8312
7KRU_ATP,74,0.8556
7KRU_ATP,75,0.9433
7KRU_ATP,76,1.0332
7KRU_ATP,77,0.7169
7KRU_ATP,78,1.3009
7KRU_ATP,79,1.7352
7KRU_ATP,8,1.6672
7KRU_ATP,80,0.8071
7KRU_ATP,81,0.7772
7KRU_ATP,82,0.7812
7KRU_ATP,83,2.0691
7KRU_ATP,84,1.4533
7KRU_ATP,85,0.9499
7KRU_ATP,86,1.4503
7KRU_ATP,87,0.4674
7KRU_ATP,88,2.1270
7KRU_ATP,89,0.7356
7KRU_ATP,9,1.1762
7KRU_ATP,90,1.6333
7KRU_ATP,91,0.7010
7KRU_ATP,92,0.6391
7KRU_ATP,93,1.6590
7KRU_ATP,94,0.5816
7KRU_ATP,95,1.2439
7KRU_ATP,96,0.6188
7KRU_ATP,97,1.5520
7KRU_ATP,98,0.9951
7KRU_ATP,99,0.4346
7KZ9_XN7,0,5.5640
7KZ9_XN7,1,5.6910
7KZ9_XN7,10,1.2758
7KZ9_XN7,100,1.4326
7KZ9_XN7,101,1.3755
7KZ9_XN7,102,5.6911
7KZ9_XN7,103,5.6256
7KZ9_XN7,104,1.1526
7KZ9_XN7,105,1.7933
7KZ9_XN7,106,1.0356
7KZ9_XN7,107,1.4967
7KZ9_XN7,108,5.6054
7KZ9_XN7,109,5.6818
7KZ9_XN7,11,1.0747
7KZ9_XN7,110,1.5450
7KZ9_XN7,111,5.4895
7KZ9_XN7,112,0.8948
7KZ9_XN7,113,1.3204
7KZ9_XN7,114,5.7078
7KZ9_XN7,115,1.4932
7KZ9_XN7,116,5.7072
7KZ9_XN7,117,1.4443
7KZ9_XN7,118,5.5426
7KZ9_XN7,119,1.2551
7KZ9_XN7,12,5.6633
7KZ9_XN7,120,6.0403
7KZ9_XN7,121,1.4064
7KZ9_XN7,122,1.1400
7KZ9_XN7,123,5.5361
7KZ9_XN7,124,1.3955
7KZ9_XN7,125,1.3861
7KZ9_XN7,126,5.8110
7KZ9_XN7,127,5.4676
7KZ9_XN7,128,5.6126
7KZ9_XN7,129,1.2307
7KZ9_XN7,13,1.0520
7KZ9_XN7,130,5.7127
7KZ9_XN7,131,5.6800
7KZ9_XN7,132,5.4262
7KZ9_XN7,133,5.6243
7KZ9_XN7,134,1.0323
7KZ9_XN7,135,5.8812
7KZ9_XN7,136,5.9328
7KZ9_XN7,137,1.0027
7KZ9_XN7,138,1.4872
7KZ9_XN7,139,5.7134
7KZ9_XN7,14,1.4119
7KZ9_XN7,15,1.3710
7KZ9_XN7,16,5.5560
7KZ9_XN7,17,1.2313
7KZ9_XN7,18,1.5790
7KZ9_XN7,19,1.2203
7KZ9_XN7,2,5.6336
7KZ9_XN7,20,0.9446
7KZ9_XN7,21,5.5146
7KZ9_XN7,22,1.4862
7KZ9_XN7,23,5.7742
7KZ9_XN7,24,5.6974
7KZ9_XN7,25,5.5362
7KZ9_XN7,26,5.8115
7KZ9_XN7,27,5.6530
7KZ9_XN7,28,1.2588
7KZ9_XN7,29,1.2119
7KZ9_XN7,3,1.6174
7KZ9_XN7,30,1.3091
7KZ9_XN7,31,5.6222
7KZ9_XN7,32,4.9730
7KZ9_XN7,33,5.0598
7KZ9_XN7,34,5.6724
7KZ9_XN7,35,5.5402
7KZ9_XN7,36,0.9792
7KZ9_XN7,37,5.4895
7KZ9_XN7,38,5.4957
7KZ9_XN7,39,1.3029
7KZ9_XN7,4,5.8657
7KZ9_XN7,40,0.9836
7KZ9_XN7,41,1.3499
7KZ9_XN7,42,1.2657
7KZ9_XN7,43,1.3227
7KZ9_XN7,44,1.1585
7KZ9_XN7,45,1.5650
7KZ9_XN7,46,0.9591
7KZ9_XN7,47,1.1907
7KZ9_XN7,48,1.1588
7KZ9_XN7,49,5.7998
7KZ9_XN7,5,5.7292
7KZ9_XN7,50,1.5485
7KZ9_XN7,51,5.7525
7KZ9_XN7,52,5.7261
7KZ9_XN7,53,1.6529
7KZ9_XN7,54,1.5784
7KZ9_XN7,55,1.0657
7KZ9_XN7,56,1.1472
7KZ9_XN7,57,1.3283
7KZ9_XN7,58,1.3411
7KZ9_XN7,59,5.6993
7KZ9_XN7,6,1.4953
7KZ9_XN7,60,1.3101
7KZ9_XN7,61,5.6631
7KZ9_XN7,62,1.4286
7KZ9_XN7,63,5.3722
7KZ9_XN7,64,4.9972
7KZ9_XN7,65,0.9523
7KZ9_XN7,66,1.1330
7KZ9_XN7,67,5.6510
7KZ9_XN7,68,5.7205
7KZ9_XN7,69,5.6017
7KZ9_XN7,7,5.6896
7KZ9_XN7,70,1.1489
7KZ9_XN7,71,5.6678
7KZ9_XN7,72,1.3528
7KZ9_XN7,73,5.7830
7KZ9_XN7,74,1.1484
7KZ9_XN7,75,5.6056
7KZ9_XN7,76,5.9752
7KZ9_XN7,77,5.6146
7KZ9_XN7,78,5.8493
7KZ9_XN7,79,1.2700
7KZ9_XN7,8,5.5599
7KZ9_XN7,80,1.2379
7KZ9_XN7,81,5.6948
7KZ9_XN7,82,5.3768
7KZ9_XN7,83,1.5055
7KZ9_XN7,84,1.2573
7KZ9_XN7,85,5.7641
7KZ9_XN7,86,1.5338
7KZ9_XN7,87,5.6327
7KZ9_XN7,88,5.6150
7KZ9_XN7,89,1.5696
7KZ9_XN7,9,5.5571
7KZ9_XN7,90,1.3522
7KZ9_XN7,91,5.7971
7KZ9_XN7,92,1.2464
7KZ9_XN7,93,1.3568
7KZ9_XN7,94,5.6210
7KZ9_XN7,95,1.0554
7KZ9_XN7,96,1.1934
7KZ9_XN7,97,5.5329
7KZ9_XN7,98,5.4809
7KZ9_XN7,99,1.3974
7L00_XCJ,0,2.2526
7L00_XCJ,1,9.7584
7L00_XCJ,10,1.8519
7L00_XCJ,100,9.5288
7L00_XCJ,101,9.9152
7L00_XCJ,102,1.7579
7L00_XCJ,103,9.7082
7L00_XCJ,104,9.8480
7L00_XCJ,105,2.3794
7L00_XCJ,106,1.3118
7L00_XCJ,107,1.8333
7L00_XCJ,108,2.1428
7L00_XCJ,109,1.8367
7L00_XCJ,11,1.2592
7L00_XCJ,110,1.0583
7L00_XCJ,111,1.8148
7L00_XCJ,112,2.3785
7L00_XCJ,113,9.6525
7L00_XCJ,114,0.9456
7L00_XCJ,115,2.0005
7L00_XCJ,116,9.8421
7L00_XCJ,117,9.3611
7L00_XCJ,118,1.0266
7L00_XCJ,119,1.9765
7L00_XCJ,12,1.5875
7L00_XCJ,120,1.6140
7L00_XCJ,121,0.8867
7L00_XCJ,122,2.0377
7L00_XCJ,123,1.5446
7L00_XCJ,124,1.8340
7L00_XCJ,125,9.7701
7L00_XCJ,126,9.8554
7L00_XCJ,127,1.0734
7L00_XCJ,128,1.1329
7L00_XCJ,129,1.9989
7L00_XCJ,13,1.5466
7L00_XCJ,130,7.9424
7L00_XCJ,131,1.0897
7L00_XCJ,132,9.6833
7L00_XCJ,133,9.7606
7L00_XCJ,134,1.2775
7L00_XCJ,135,0.9946
7L00_XCJ,136,1.3922
7L00_XCJ,137,2.0398
7L00_XCJ,138,1.0542
7L00_XCJ,139,9.4690
7L00_XCJ,14,1.5971
7L00_XCJ,15,1.3791
7L00_XCJ,16,1.4388
7L00_XCJ,17,1.7979
7L00_XCJ,18,1.0985
7L00_XCJ,19,9.1464
7L00_XCJ,2,9.7315
7L00_XCJ,20,1.6141
7L00_XCJ,21,2.4075
7L00_XCJ,22,1.9066
7L00_XCJ,23,2.0064
7L00_XCJ,24,1.4621
7L00_XCJ,25,3.2745
7L00_XCJ,26,1.1442
7L00_XCJ,27,9.1589
7L00_XCJ,28,2.0601
7L00_XCJ,29,9.6079
7L00_XCJ,3,3.5054
7L00_XCJ,30,1.3158
7L00_XCJ,31,1.0338
7L00_XCJ,32,9.8990
7L00_XCJ,33,2.2406
7L00_XCJ,34,10.0652
7L00_XCJ,35,1.3369
7L00_XCJ,36,2.0492
7L00_XCJ,37,1.7914
7L00_XCJ,38,1.2244
7L00_XCJ,39,1.9097
7L00_XCJ,4,1.5722
7L00_XCJ,40,1.5122
7L00_XCJ,41,1.4796
7L00_XCJ,42,1.0744
7L00_XCJ,43,0.9796
7L00_XCJ,44,10.0171
7L00_XCJ,45,1.2649
7L00_XCJ,46,1.6143
7L00_XCJ,47,1.0830
7L00_XCJ,48,1.4448
7L00_XCJ,49,1.2224
7L00_XCJ,5,1.5456
7L00_XCJ,50,1.1805
7L00_XCJ,51,9.7698
7L00_XCJ,52,1.4966
7L00_XCJ,53,9.7616
7L00_XCJ,54,1.8130
7L00_XCJ,55,9.9859
7L00_XCJ,56,1.1041
7L00_XCJ,57,1.0774
7L00_XCJ,58,9.6196
7L00_XCJ,59,1.4427
7L00_XCJ,6,1.7953
7L00_XCJ,60,1.5562
7L00_XCJ,61,1.1366
7L00_XCJ,62,1.1294
7L00_XCJ,63,1.1745
7L00_XCJ,64,2.6546
7L00_XCJ,65,1.5113
7L00_XCJ,66,1.8346
7L00_XCJ,67,9.9587
7L00_XCJ,68,1.8696
7L00_XCJ,69,9.6471
7L00_XCJ,7,1.2578
7L00_XCJ,70,1.6187
7L00_XCJ,71,1.9096
7L00_XCJ,72,9.6574
7L00_XCJ,73,1.6983
7L00_XCJ,74,9.8256
7L00_XCJ,75,1.2481
7L00_XCJ,76,9.8397
7L00_XCJ,77,1.1320
7L00_XCJ,78,1.8418
7L00_XCJ,79,1.0931
7L00_XCJ,8,9.5966
7L00_XCJ,80,9.5681
7L00_XCJ,81,9.9977
7L00_XCJ,82,1.4150
7L00_XCJ,83,0.9195
7L00_XCJ,84,1.9712
7L00_XCJ,85,1.7052
7L00_XCJ,86,2.2151
7L00_XCJ,87,0.8753
7L00_XCJ,88,1.4125
7L00_XCJ,89,1.7430
7L00_XCJ,9,1.1892
7L00_XCJ,90,1.1276
7L00_XCJ,91,1.5752
7L00_XCJ,92,2.0782
7L00_XCJ,93,9.7099
7L00_XCJ,94,9.8497
7L00_XCJ,95,1.1872
7L00_XCJ,96,2.2321
7L00_XCJ,97,9.7508
7L00_XCJ,98,1.6236
7L00_XCJ,99,2.0197
7L03_F9F,0,1.1431
7L03_F9F,1,1.0743
7L03_F9F,10,1.4982
7L03_F9F,100,1.0962
7L03_F9F,101,1.1517
7L03_F9F,102,0.9348
7L03_F9F,103,1.6870
7L03_F9F,104,1.0523
7L03_F9F,105,0.9716
7L03_F9F,106,1.3240
7L03_F9F,107,0.9625
7L03_F9F,108,0.9448
7L03_F9F,109,1.2996
7L03_F9F,11,1.1839
7L03_F9F,110,1.1650
7L03_F9F,111,1.3197
7L03_F9F,112,1.3541
7L03_F9F,113,1.1106
7L03_F9F,114,0.7198
7L03_F9F,115,1.0181
7L03_F9F,116,1.3824
7L03_F9F,117,1.2910
7L03_F9F,118,1.1805
7L03_F9F,119,0.8437
7L03_F9F,12,0.7943
7L03_F9F,120,1.1890
7L03_F9F,121,0.9394
7L03_F9F,122,1.0365
7L03_F9F,123,1.0513
7L03_F9F,124,1.0659
7L03_F9F,125,1.2216
7L03_F9F,126,1.2926
7L03_F9F,127,1.0437
7L03_F9F,128,1.4245
7L03_F9F,129,1.1051
7L03_F9F,13,1.0614
7L03_F9F,130,1.1228
7L03_F9F,131,1.1581
7L03_F9F,132,0.5730
7L03_F9F,133,1.1103
7L03_F9F,134,1.2386
7L03_F9F,135,1.3957
7L03_F9F,136,1.0462
7L03_F9F,137,1.2763
7L03_F9F,138,1.0509
7L03_F9F,139,0.6548
7L03_F9F,14,2.2628
7L03_F9F,15,1.4648
7L03_F9F,16,1.1662
7L03_F9F,17,1.2159
7L03_F9F,18,1.2325
7L03_F9F,19,1.1161
7L03_F9F,2,1.1159
7L03_F9F,20,1.5034
7L03_F9F,21,1.4729
7L03_F9F,22,1.3848
7L03_F9F,23,0.6349
7L03_F9F,24,1.0871
7L03_F9F,25,1.1674
7L03_F9F,26,1.2571
7L03_F9F,27,1.4037
7L03_F9F,28,1.3046
7L03_F9F,29,1.3889
7L03_F9F,3,0.9511
7L03_F9F,30,0.7523
7L03_F9F,31,1.6482
7L03_F9F,32,1.2149
7L03_F9F,33,1.7379
7L03_F9F,34,1.2617
7L03_F9F,35,1.1539
7L03_F9F,36,0.9860
7L03_F9F,37,0.9971
7L03_F9F,38,0.5950
7L03_F9F,39,1.0757
7L03_F9F,4,0.9547
7L03_F9F,40,0.8570
7L03_F9F,41,1.0646
7L03_F9F,42,1.0961
7L03_F9F,43,1.1823
7L03_F9F,44,1.0463
7L03_F9F,45,1.4115
7L03_F9F,46,1.2643
7L03_F9F,47,1.1928
7L03_F9F,48,1.3393
7L03_F9F,49,1.0357
7L03_F9F,5,1.2454
7L03_F9F,50,1.8193
7L03_F9F,51,0.6016
7L03_F9F,52,0.8441
7L03_F9F,53,1.1153
7L03_F9F,54,1.0240
7L03_F9F,55,1.0026
7L03_F9F,56,1.3798
7L03_F9F,57,0.7288
7L03_F9F,58,1.3870
7L03_F9F,59,1.0949
7L03_F9F,6,0.9530
7L03_F9F,60,1.0203
7L03_F9F,61,1.7078
7L03_F9F,62,1.2388
7L03_F9F,63,1.2377
7L03_F9F,64,1.0365
7L03_F9F,65,1.1903
7L03_F9F,66,0.9454
7L03_F9F,67,1.2835
7L03_F9F,68,1.5796
7L03_F9F,69,1.2237
7L03_F9F,7,1.3223
7L03_F9F,70,1.1954
7L03_F9F,71,0.7994
7L03_F9F,72,0.9652
7L03_F9F,73,1.3123
7L03_F9F,74,1.1627
7L03_F9F,75,1.1650
7L03_F9F,76,0.8531
7L03_F9F,77,1.7851
7L03_F9F,78,1.1555
7L03_F9F,79,1.0868
7L03_F9F,8,0.8956
7L03_F9F,80,0.8585
7L03_F9F,81,1.5340
7L03_F9F,82,0.7320
7L03_F9F,83,0.7934
7L03_F9F,84,0.6538
7L03_F9F,85,1.1792
7L03_F9F,86,1.2774
7L03_F9F,87,1.4858
7L03_F9F,88,1.2213
7L03_F9F,89,1.2164
7L03_F9F,9,0.9320
7L03_F9F,90,0.9400
7L03_F9F,91,0.9684
7L03_F9F,92,1.9057
7L03_F9F,93,1.0030
7L03_F9F,94,1.2751
7L03_F9F,95,1.0429
7L03_F9F,96,1.1160
7L03_F9F,97,1.8260
7L03_F9F,98,1.0909
7L03_F9F,99,0.5130
7L5F_XNG,0,2.0550
7L5F_XNG,1,2.6713
7L5F_XNG,10,1.7180
7L5F_XNG,100,1.6154
7L5F_XNG,101,1.9177
7L5F_XNG,102,2.3663
7L5F_XNG,103,1.5893
7L5F_XNG,104,7.5193
7L5F_XNG,105,1.7131
7L5F_XNG,106,1.7088
7L5F_XNG,107,2.3886
7L5F_XNG,108,2.1539
7L5F_XNG,109,8.1321
7L5F_XNG,11,1.6570
7L5F_XNG,110,2.4355
7L5F_XNG,111,7.1440
7L5F_XNG,112,2.2881
7L5F_XNG,113,3.0183
7L5F_XNG,114,1.9917
7L5F_XNG,115,8.1676
7L5F_XNG,116,7.5720
7L5F_XNG,117,2.7277
7L5F_XNG,118,7.9321
7L5F_XNG,119,2.8947
7L5F_XNG,12,2.0349
7L5F_XNG,120,1.5859
7L5F_XNG,121,1.7665
7L5F_XNG,122,2.3877
7L5F_XNG,123,5.8111
7L5F_XNG,124,1.9106
7L5F_XNG,125,2.8424
7L5F_XNG,126,2.1711
7L5F_XNG,127,1.9436
7L5F_XNG,128,2.7977
7L5F_XNG,129,8.1021
7L5F_XNG,13,9.2467
7L5F_XNG,130,7.0543
7L5F_XNG,131,2.1284
7L5F_XNG,132,8.0445
7L5F_XNG,133,2.6568
7L5F_XNG,134,2.1686
7L5F_XNG,135,2.7594
7L5F_XNG,136,2.3457
7L5F_XNG,137,2.5123
7L5F_XNG,138,3.6071
7L5F_XNG,139,2.2835
7L5F_XNG,14,2.0049
7L5F_XNG,15,2.8147
7L5F_XNG,16,1.8348
7L5F_XNG,17,2.3503
7L5F_XNG,18,2.0699
7L5F_XNG,19,1.5217
7L5F_XNG,2,1.8048
7L5F_XNG,20,8.1757
7L5F_XNG,21,7.5980
7L5F_XNG,22,4.6034
7L5F_XNG,23,2.2635
7L5F_XNG,24,1.6492
7L5F_XNG,25,2.0403
7L5F_XNG,26,2.1233
7L5F_XNG,27,4.3603
7L5F_XNG,28,1.9564
7L5F_XNG,29,6.8935
7L5F_XNG,3,7.3761
7L5F_XNG,30,1.8383
7L5F_XNG,31,1.6026
7L5F_XNG,32,1.6372
7L5F_XNG,33,2.1084
7L5F_XNG,34,1.8121
7L5F_XNG,35,3.5780
7L5F_XNG,36,1.3781
7L5F_XNG,37,1.9340
7L5F_XNG,38,1.6266
7L5F_XNG,39,1.7842
7L5F_XNG,4,1.8562
7L5F_XNG,40,2.4254
7L5F_XNG,41,2.1875
7L5F_XNG,42,7.2854
7L5F_XNG,43,2.0410
7L5F_XNG,44,2.0508
7L5F_XNG,45,1.5218
7L5F_XNG,46,4.2354
7L5F_XNG,47,1.3331
7L5F_XNG,48,1.6136
7L5F_XNG,49,5.5303
7L5F_XNG,5,2.1576
7L5F_XNG,50,2.1498
7L5F_XNG,51,1.6450
7L5F_XNG,52,1.7537
7L5F_XNG,53,1.9222
7L5F_XNG,54,3.6517
7L5F_XNG,55,8.1112
7L5F_XNG,56,8.4531
7L5F_XNG,57,1.6465
7L5F_XNG,58,1.9306
7L5F_XNG,59,2.2466
7L5F_XNG,6,2.0934
7L5F_XNG,60,8.2629
7L5F_XNG,61,1.6237
7L5F_XNG,62,1.8148
7L5F_XNG,63,1.8973
7L5F_XNG,64,2.4538
7L5F_XNG,65,2.4538
7L5F_XNG,66,2.6717
7L5F_XNG,67,7.8903
7L5F_XNG,68,1.5730
7L5F_XNG,69,2.2642
7L5F_XNG,7,1.9867
7L5F_XNG,70,1.9154
7L5F_XNG,71,2.2377
7L5F_XNG,72,1.9066
7L5F_XNG,73,3.1977
7L5F_XNG,74,1.8788
7L5F_XNG,75,2.1537
7L5F_XNG,76,2.1191
7L5F_XNG,77,1.8699
7L5F_XNG,78,2.2193
7L5F_XNG,79,2.4789
7L5F_XNG,8,5.4656
7L5F_XNG,80,2.9448
7L5F_XNG,81,6.6441
7L5F_XNG,82,2.0960
7L5F_XNG,83,2.1788
7L5F_XNG,84,8.4154
7L5F_XNG,85,1.9190
7L5F_XNG,86,2.0890
7L5F_XNG,87,7.8662
7L5F_XNG,88,3.0216
7L5F_XNG,89,7.1372
7L5F_XNG,9,2.1582
7L5F_XNG,90,8.9301
7L5F_XNG,91,4.0423
7L5F_XNG,92,2.6581
7L5F_XNG,93,1.9359
7L5F_XNG,94,1.6469
7L5F_XNG,95,1.9636
7L5F_XNG,96,3.5445
7L5F_XNG,97,1.5697
7L5F_XNG,98,7.7835
7L5F_XNG,99,4.3633
7L7C_XQ1,0,1.2083
7L7C_XQ1,1,2.6524
7L7C_XQ1,10,1.0796
7L7C_XQ1,100,1.1910
7L7C_XQ1,101,2.6080
7L7C_XQ1,102,0.6676
7L7C_XQ1,103,2.6862
7L7C_XQ1,104,1.9110
7L7C_XQ1,105,2.0138
7L7C_XQ1,106,2.7138
7L7C_XQ1,107,2.4019
7L7C_XQ1,108,0.7527
7L7C_XQ1,109,2.5750
7L7C_XQ1,11,1.1897
7L7C_XQ1,110,1.7844
7L7C_XQ1,111,2.3742
7L7C_XQ1,112,0.9168
7L7C_XQ1,113,2.0825
7L7C_XQ1,114,1.7627
7L7C_XQ1,115,0.9036
7L7C_XQ1,116,2.1371
7L7C_XQ1,117,2.0135
7L7C_XQ1,118,1.1385
7L7C_XQ1,119,1.9548
7L7C_XQ1,12,1.9302
7L7C_XQ1,120,1.2417
7L7C_XQ1,121,1.1880
7L7C_XQ1,122,2.8145
7L7C_XQ1,123,2.0482
7L7C_XQ1,124,2.0178
7L7C_XQ1,125,2.3776
7L7C_XQ1,126,1.2295
7L7C_XQ1,127,1.9575
7L7C_XQ1,128,2.6953
7L7C_XQ1,129,0.8370
7L7C_XQ1,13,0.9899
7L7C_XQ1,130,0.9739
7L7C_XQ1,131,2.1512
7L7C_XQ1,132,1.6394
7L7C_XQ1,133,1.0354
7L7C_XQ1,134,0.9250
7L7C_XQ1,135,2.1062
7L7C_XQ1,136,1.2061
7L7C_XQ1,137,1.9745
7L7C_XQ1,138,0.8450
7L7C_XQ1,139,0.9001
7L7C_XQ1,14,2.0228
7L7C_XQ1,15,1.9503
7L7C_XQ1,16,0.9921
7L7C_XQ1,17,2.0477
7L7C_XQ1,18,2.0404
7L7C_XQ1,19,1.0070
7L7C_XQ1,2,2.6279
7L7C_XQ1,20,1.2547
7L7C_XQ1,21,2.1870
7L7C_XQ1,22,1.9306
7L7C_XQ1,23,2.7084
7L7C_XQ1,24,2.8572
7L7C_XQ1,25,0.8007
7L7C_XQ1,26,0.8557
7L7C_XQ1,27,0.8577
7L7C_XQ1,28,1.1529
7L7C_XQ1,29,1.0638
7L7C_XQ1,3,2.1645
7L7C_XQ1,30,1.0859
7L7C_XQ1,31,0.9053
7L7C_XQ1,32,2.0642
7L7C_XQ1,33,0.8059
7L7C_XQ1,34,1.5853
7L7C_XQ1,35,2.7880
7L7C_XQ1,36,1.8597
7L7C_XQ1,37,2.0205
7L7C_XQ1,38,1.1442
7L7C_XQ1,39,1.8593
7L7C_XQ1,4,2.8842
7L7C_XQ1,40,1.7621
7L7C_XQ1,41,2.1746
7L7C_XQ1,42,2.2828
7L7C_XQ1,43,1.6384
7L7C_XQ1,44,2.7121
7L7C_XQ1,45,2.1587
7L7C_XQ1,46,0.4222
7L7C_XQ1,47,1.4402
7L7C_XQ1,48,0.6059
7L7C_XQ1,49,1.0121
7L7C_XQ1,5,2.7016
7L7C_XQ1,50,1.0864
7L7C_XQ1,51,1.0369
7L7C_XQ1,52,0.9905
7L7C_XQ1,53,1.9651
7L7C_XQ1,54,0.8944
7L7C_XQ1,55,0.6644
7L7C_XQ1,56,1.9918
7L7C_XQ1,57,1.7776
7L7C_XQ1,58,2.0700
7L7C_XQ1,59,2.7258
7L7C_XQ1,6,0.7679
7L7C_XQ1,60,2.0478
7L7C_XQ1,61,2.0759
7L7C_XQ1,62,1.0603
7L7C_XQ1,63,0.9959
7L7C_XQ1,64,0.9941
7L7C_XQ1,65,2.0269
7L7C_XQ1,66,0.9343
7L7C_XQ1,67,1.9050
7L7C_XQ1,68,2.3868
7L7C_XQ1,69,0.9995
7L7C_XQ1,7,1.2709
7L7C_XQ1,70,2.0368
7L7C_XQ1,71,1.1914
7L7C_XQ1,72,2.0073
7L7C_XQ1,73,0.9754
7L7C_XQ1,74,1.2807
7L7C_XQ1,75,1.9061
7L7C_XQ1,76,1.0471
7L7C_XQ1,77,1.9492
7L7C_XQ1,78,1.0234
7L7C_XQ1,79,1.0909
7L7C_XQ1,8,2.7972
7L7C_XQ1,80,1.9122
7L7C_XQ1,81,2.6872
7L7C_XQ1,82,2.7691
7L7C_XQ1,83,0.9009
7L7C_XQ1,84,1.0426
7L7C_XQ1,85,1.7822
7L7C_XQ1,86,1.2378
7L7C_XQ1,87,0.9748
7L7C_XQ1,88,0.9500
7L7C_XQ1,89,1.8506
7L7C_XQ1,9,0.6050
7L7C_XQ1,90,0.8553
7L7C_XQ1,91,0.7102
7L7C_XQ1,92,1.9163
7L7C_XQ1,93,1.8513
7L7C_XQ1,94,2.1900
7L7C_XQ1,95,0.8569
7L7C_XQ1,96,2.0035
7L7C_XQ1,97,2.3078
7L7C_XQ1,98,2.8706
7L7C_XQ1,99,0.9428
7LCU_XTA,0,1.0846
7LCU_XTA,1,2.1729
7LCU_XTA,10,2.3866
7LCU_XTA,100,1.5064
7LCU_XTA,101,1.2917
7LCU_XTA,102,1.4865
7LCU_XTA,103,1.8073
7LCU_XTA,104,1.0665
7LCU_XTA,105,1.9234
7LCU_XTA,106,2.2946
7LCU_XTA,107,1.7296
7LCU_XTA,108,1.2383
7LCU_XTA,109,1.1096
7LCU_XTA,11,1.9497
7LCU_XTA,110,1.2967
7LCU_XTA,111,2.1001
7LCU_XTA,112,1.6936
7LCU_XTA,113,1.1258
7LCU_XTA,114,2.0651
7LCU_XTA,115,1.6286
7LCU_XTA,116,1.2347
7LCU_XTA,117,1.3881
7LCU_XTA,118,2.0701
7LCU_XTA,119,1.5928
7LCU_XTA,12,1.7670
7LCU_XTA,120,1.6456
7LCU_XTA,121,0.9813
7LCU_XTA,122,1.8966
7LCU_XTA,123,1.5717
7LCU_XTA,124,2.0815
7LCU_XTA,125,1.4131
7LCU_XTA,126,2.8233
7LCU_XTA,127,1.6240
7LCU_XTA,128,2.3313
7LCU_XTA,129,9.2815
7LCU_XTA,13,2.6155
7LCU_XTA,130,1.3210
7LCU_XTA,131,1.3583
7LCU_XTA,132,1.6553
7LCU_XTA,133,2.0404
7LCU_XTA,134,1.4345
7LCU_XTA,135,1.8620
7LCU_XTA,136,1.8273
7LCU_XTA,137,2.8080
7LCU_XTA,138,1.8606
7LCU_XTA,139,1.5824
7LCU_XTA,14,1.7299
7LCU_XTA,15,1.7205
7LCU_XTA,16,1.6057
7LCU_XTA,17,1.4571
7LCU_XTA,18,3.2155
7LCU_XTA,19,2.6436
7LCU_XTA,2,1.6250
7LCU_XTA,20,2.4919
7LCU_XTA,21,1.4420
7LCU_XTA,22,1.8880
7LCU_XTA,23,1.9203
7LCU_XTA,24,1.7496
7LCU_XTA,25,1.3188
7LCU_XTA,26,1.9252
7LCU_XTA,27,11.0540
7LCU_XTA,28,1.8341
7LCU_XTA,29,1.7465
7LCU_XTA,3,1.5554
7LCU_XTA,30,2.5023
7LCU_XTA,31,1.0132
7LCU_XTA,32,1.5902
7LCU_XTA,33,10.2934
7LCU_XTA,34,1.0279
7LCU_XTA,35,1.6692
7LCU_XTA,36,1.7610
7LCU_XTA,37,1.2135
7LCU_XTA,38,1.9641
7LCU_XTA,39,1.4013
7LCU_XTA,4,2.1590
7LCU_XTA,40,2.1383
7LCU_XTA,41,1.6051
7LCU_XTA,42,1.2017
7LCU_XTA,43,1.6339
7LCU_XTA,44,2.0038
7LCU_XTA,45,10.0867
7LCU_XTA,46,2.3855
7LCU_XTA,47,1.8431
7LCU_XTA,48,1.8410
7LCU_XTA,49,2.3286
7LCU_XTA,5,1.2389
7LCU_XTA,50,1.3203
7LCU_XTA,51,2.2378
7LCU_XTA,52,2.3823
7LCU_XTA,53,1.9466
7LCU_XTA,54,1.7885
7LCU_XTA,55,2.0049
7LCU_XTA,56,1.6863
7LCU_XTA,57,1.8133
7LCU_XTA,58,1.3361
7LCU_XTA,59,0.8779
7LCU_XTA,6,1.5539
7LCU_XTA,60,1.8283
7LCU_XTA,61,1.2090
7LCU_XTA,62,1.9218
7LCU_XTA,63,1.8427
7LCU_XTA,64,1.9651
7LCU_XTA,65,1.9525
7LCU_XTA,66,1.2568
7LCU_XTA,67,2.3519
7LCU_XTA,68,1.5525
7LCU_XTA,69,1.8514
7LCU_XTA,7,1.8909
7LCU_XTA,70,1.3028
7LCU_XTA,71,1.6336
7LCU_XTA,72,1.0211
7LCU_XTA,73,1.1946
7LCU_XTA,74,1.1803
7LCU_XTA,75,10.5839
7LCU_XTA,76,2.0222
7LCU_XTA,77,1.0193
7LCU_XTA,78,2.1396
7LCU_XTA,79,1.9239
7LCU_XTA,8,1.7678
7LCU_XTA,80,1.5451
7LCU_XTA,81,2.1410
7LCU_XTA,82,2.0214
7LCU_XTA,83,2.1676
7LCU_XTA,84,2.5628
7LCU_XTA,85,1.2851
7LCU_XTA,86,1.1629
7LCU_XTA,87,10.2092
7LCU_XTA,88,2.1018
7LCU_XTA,89,2.1119
7LCU_XTA,9,2.4179
7LCU_XTA,90,1.4897
7LCU_XTA,91,1.2448
7LCU_XTA,92,1.7159
7LCU_XTA,93,1.3514
7LCU_XTA,94,2.3476
7LCU_XTA,95,4.0736
7LCU_XTA,96,1.6428
7LCU_XTA,97,1.7079
7LCU_XTA,98,10.8071
7LCU_XTA,99,2.4225
7LEV_0JO,0,1.3396
7LEV_0JO,1,5.5579
7LEV_0JO,10,2.3398
7LEV_0JO,100,1.2554
7LEV_0JO,101,5.5429
7LEV_0JO,102,5.8726
7LEV_0JO,103,5.8488
7LEV_0JO,104,5.6335
7LEV_0JO,105,5.2806
7LEV_0JO,106,0.9453
7LEV_0JO,107,1.4115
7LEV_0JO,108,5.1318
7LEV_0JO,109,5.7943
7LEV_0JO,11,1.2546
7LEV_0JO,110,5.3150
7LEV_0JO,111,5.6205
7LEV_0JO,112,5.3844
7LEV_0JO,113,5.4198
7LEV_0JO,114,1.5215
7LEV_0JO,115,1.1497
7LEV_0JO,116,1.2617
7LEV_0JO,117,1.1461
7LEV_0JO,118,5.5588
7LEV_0JO,119,5.7971
7LEV_0JO,12,1.0330
7LEV_0JO,120,5.4269
7LEV_0JO,121,5.3284
7LEV_0JO,122,2.2234
7LEV_0JO,123,5.5086
7LEV_0JO,124,1.3113
7LEV_0JO,125,5.4580
7LEV_0JO,126,5.0414
7LEV_0JO,127,1.1373
7LEV_0JO,128,1.4408
7LEV_0JO,129,1.0972
7LEV_0JO,13,5.8654
7LEV_0JO,130,5.6904
7LEV_0JO,131,5.7305
7LEV_0JO,132,4.7422
7LEV_0JO,133,5.1350
7LEV_0JO,134,1.2734
7LEV_0JO,135,4.8147
7LEV_0JO,136,5.7890
7LEV_0JO,137,1.4006
7LEV_0JO,138,5.0566
7LEV_0JO,139,5.4933
7LEV_0JO,14,1.0795
7LEV_0JO,15,4.5063
7LEV_0JO,16,5.3291
7LEV_0JO,17,5.4583
7LEV_0JO,18,2.0344
7LEV_0JO,19,1.8920
7LEV_0JO,2,4.9340
7LEV_0JO,20,5.5340
7LEV_0JO,21,5.5277
7LEV_0JO,22,5.3979
7LEV_0JO,23,5.4209
7LEV_0JO,24,5.7038
7LEV_0JO,25,4.8511
7LEV_0JO,26,5.5190
7LEV_0JO,27,1.1691
7LEV_0JO,28,5.6476
7LEV_0JO,29,5.8473
7LEV_0JO,3,1.2758
7LEV_0JO,30,0.9305
7LEV_0JO,31,0.9354
7LEV_0JO,32,5.4085
7LEV_0JO,33,0.9193
7LEV_0JO,34,5.6847
7LEV_0JO,35,5.9655
7LEV_0JO,36,5.1430
7LEV_0JO,37,1.6693
7LEV_0JO,38,5.7217
7LEV_0JO,39,5.8123
7LEV_0JO,4,1.2360
7LEV_0JO,40,5.3947
7LEV_0JO,41,1.3085
7LEV_0JO,42,0.8959
7LEV_0JO,43,1.0268
7LEV_0JO,44,5.3758
7LEV_0JO,45,0.9988
7LEV_0JO,46,5.1351
7LEV_0JO,47,0.3886
7LEV_0JO,48,4.5408
7LEV_0JO,49,5.4665
7LEV_0JO,5,1.8971
7LEV_0JO,50,0.9626
7LEV_0JO,51,4.8483
7LEV_0JO,52,1.5869
7LEV_0JO,53,1.0744
7LEV_0JO,54,5.0172
7LEV_0JO,55,5.3773
7LEV_0JO,56,5.5173
7LEV_0JO,57,1.5769
7LEV_0JO,58,5.8612
7LEV_0JO,59,5.5559
7LEV_0JO,6,4.6457
7LEV_0JO,60,1.3158
7LEV_0JO,61,5.8952
7LEV_0JO,62,5.3184
7LEV_0JO,63,1.1206
7LEV_0JO,64,4.7511
7LEV_0JO,65,1.2344
7LEV_0JO,66,1.0583
7LEV_0JO,67,2.8955
7LEV_0JO,68,1.2144
7LEV_0JO,69,1.0523
7LEV_0JO,7,1.2058
7LEV_0JO,70,5.4161
7LEV_0JO,71,1.4029
7LEV_0JO,72,1.1961
7LEV_0JO,73,5.3714
7LEV_0JO,74,5.4884
7LEV_0JO,75,1.4175
7LEV_0JO,76,5.5537
7LEV_0JO,77,5.4305
7LEV_0JO,78,4.1938
7LEV_0JO,79,3.0943
7LEV_0JO,8,5.3772
7LEV_0JO,80,5.2793
7LEV_0JO,81,5.6425
7LEV_0JO,82,2.3146
7LEV_0JO,83,0.9292
7LEV_0JO,84,5.9369
7LEV_0JO,85,5.4734
7LEV_0JO,86,5.4635
7LEV_0JO,87,5.8261
7LEV_0JO,88,5.2495
7LEV_0JO,89,5.7359
7LEV_0JO,9,5.7200
7LEV_0JO,90,2.1409
7LEV_0JO,91,5.4466
7LEV_0JO,92,4.8493
7LEV_0JO,93,5.3232
7LEV_0JO,94,2.3328
7LEV_0JO,95,5.8096
7LEV_0JO,96,2.0966
7LEV_0JO,97,5.5361
7LEV_0JO,98,1.2408
7LEV_0JO,99,5.6188
7LJN_GTP,0,1.4534
7LJN_GTP,1,3.9496
7LJN_GTP,10,2.5155
7LJN_GTP,100,2.1450
7LJN_GTP,101,2.8591
7LJN_GTP,102,1.6870
7LJN_GTP,103,2.2919
7LJN_GTP,104,1.5784
7LJN_GTP,105,2.4537
7LJN_GTP,106,2.1975
7LJN_GTP,107,2.1120
7LJN_GTP,108,3.2646
7LJN_GTP,109,2.5666
7LJN_GTP,11,2.3488
7LJN_GTP,110,1.6317
7LJN_GTP,111,2.3325
7LJN_GTP,112,2.4425
7LJN_GTP,113,3.4045
7LJN_GTP,114,3.0291
7LJN_GTP,115,2.4397
7LJN_GTP,116,3.1482
7LJN_GTP,117,1.8459
7LJN_GTP,118,2.2375
7LJN_GTP,119,2.9597
7LJN_GTP,12,2.4757
7LJN_GTP,120,2.5444
7LJN_GTP,121,2.6130
7LJN_GTP,122,3.1813
7LJN_GTP,123,2.9219
7LJN_GTP,124,2.2015
7LJN_GTP,125,2.3604
7LJN_GTP,126,2.1081
7LJN_GTP,127,2.7429
7LJN_GTP,128,2.9995
7LJN_GTP,129,2.6076
7LJN_GTP,13,2.2694
7LJN_GTP,130,2.6406
7LJN_GTP,131,2.8512
7LJN_GTP,132,3.1057
7LJN_GTP,133,2.7430
7LJN_GTP,134,1.7489
7LJN_GTP,135,2.5480
7LJN_GTP,136,2.0002
7LJN_GTP,137,2.8260
7LJN_GTP,138,3.0977
7LJN_GTP,139,2.9757
7LJN_GTP,14,2.2471
7LJN_GTP,15,1.4079
7LJN_GTP,16,2.3009
7LJN_GTP,17,1.8292
7LJN_GTP,18,2.0425
7LJN_GTP,19,2.0759
7LJN_GTP,2,1.3175
7LJN_GTP,20,1.7613
7LJN_GTP,21,1.4703
7LJN_GTP,22,3.1946
7LJN_GTP,23,1.6388
7LJN_GTP,24,2.3731
7LJN_GTP,25,0.8306
7LJN_GTP,26,2.7800
7LJN_GTP,27,1.7919
7LJN_GTP,28,2.8759
7LJN_GTP,29,2.6300
7LJN_GTP,3,2.1415
7LJN_GTP,30,2.3717
7LJN_GTP,31,1.8390
7LJN_GTP,32,2.3885
7LJN_GTP,33,1.5139
7LJN_GTP,34,1.5416
7LJN_GTP,35,1.3830
7LJN_GTP,36,2.0887
7LJN_GTP,37,2.7715
7LJN_GTP,38,2.4195
7LJN_GTP,39,3.7989
7LJN_GTP,4,2.5587
7LJN_GTP,40,2.7959
7LJN_GTP,41,2.0603
7LJN_GTP,42,2.6180
7LJN_GTP,43,1.2464
7LJN_GTP,44,2.2244
7LJN_GTP,45,2.5535
7LJN_GTP,46,2.5223
7LJN_GTP,47,2.4050
7LJN_GTP,48,1.8561
7LJN_GTP,49,2.6651
7LJN_GTP,5,2.4514
7LJN_GTP,50,1.0075
7LJN_GTP,51,2.6767
7LJN_GTP,52,2.3550
7LJN_GTP,53,2.4853
7LJN_GTP,54,2.7925
7LJN_GTP,55,2.2343
7LJN_GTP,56,1.8985
7LJN_GTP,57,1.8287
7LJN_GTP,58,2.6771
7LJN_GTP,59,2.0480
7LJN_GTP,6,3.0797
7LJN_GTP,60,1.7477
7LJN_GTP,61,2.1422
7LJN_GTP,62,2.7088
7LJN_GTP,63,3.4057
7LJN_GTP,64,2.4336
7LJN_GTP,65,3.3273
7LJN_GTP,66,2.7679
7LJN_GTP,67,1.8744
7LJN_GTP,68,1.6085
7LJN_GTP,69,2.2708
7LJN_GTP,7,2.5751
7LJN_GTP,70,2.6244
7LJN_GTP,71,1.8967
7LJN_GTP,72,1.7875
7LJN_GTP,73,2.2357
7LJN_GTP,74,2.5906
7LJN_GTP,75,1.5197
7LJN_GTP,76,2.8017
7LJN_GTP,77,1.9708
7LJN_GTP,78,1.5506
7LJN_GTP,79,2.8188
7LJN_GTP,8,1.8348
7LJN_GTP,80,2.9103
7LJN_GTP,81,3.1020
7LJN_GTP,82,2.6404
7LJN_GTP,83,2.6900
7LJN_GTP,84,2.4184
7LJN_GTP,85,2.2408
7LJN_GTP,86,2.2456
7LJN_GTP,87,2.8280
7LJN_GTP,88,1.5519
7LJN_GTP,89,1.8570
7LJN_GTP,9,2.3248
7LJN_GTP,90,1.8055
7LJN_GTP,91,2.2716
7LJN_GTP,92,2.3136
7LJN_GTP,93,3.4894
7LJN_GTP,94,3.1385
7LJN_GTP,95,2.3550
7LJN_GTP,96,3.0780
7LJN_GTP,97,2.3301
7LJN_GTP,98,2.5380
7LJN_GTP,99,1.7341
7LMO_NYO,0,2.1107
7LMO_NYO,1,2.4684
7LMO_NYO,10,2.4250
7LMO_NYO,100,1.2989
7LMO_NYO,101,1.5975
7LMO_NYO,102,1.4872
7LMO_NYO,103,1.7720
7LMO_NYO,104,1.2646
7LMO_NYO,105,2.1875
7LMO_NYO,106,1.8529
7LMO_NYO,107,2.3328
7LMO_NYO,108,2.2224
7LMO_NYO,109,1.9496
7LMO_NYO,11,2.0165
7LMO_NYO,110,2.1321
7LMO_NYO,111,6.3258
7LMO_NYO,112,3.0702
7LMO_NYO,113,1.9863
7LMO_NYO,114,2.3568
7LMO_NYO,115,1.1150
7LMO_NYO,116,1.9471
7LMO_NYO,117,3.3078
7LMO_NYO,118,1.4921
7LMO_NYO,119,2.1774
7LMO_NYO,12,2.2012
7LMO_NYO,120,2.3077
7LMO_NYO,121,2.2920
7LMO_NYO,122,2.6793
7LMO_NYO,123,2.6215
7LMO_NYO,124,1.1960
7LMO_NYO,125,2.5294
7LMO_NYO,126,1.5833
7LMO_NYO,127,2.2978
7LMO_NYO,128,2.7753
7LMO_NYO,129,2.4622
7LMO_NYO,13,0.8220
7LMO_NYO,130,2.6707
7LMO_NYO,131,2.3600
7LMO_NYO,132,1.8227
7LMO_NYO,133,1.6298
7LMO_NYO,134,2.1513
7LMO_NYO,135,2.1245
7LMO_NYO,136,1.8657
7LMO_NYO,137,1.7804
7LMO_NYO,138,5.6837
7LMO_NYO,139,2.2753
7LMO_NYO,14,2.3904
7LMO_NYO,15,1.8554
7LMO_NYO,16,2.1206
7LMO_NYO,17,3.9336
7LMO_NYO,18,0.8067
7LMO_NYO,19,2.5078
7LMO_NYO,2,1.1474
7LMO_NYO,20,0.9182
7LMO_NYO,21,2.1058
7LMO_NYO,22,2.3103
7LMO_NYO,23,1.6269
7LMO_NYO,24,4.5133
7LMO_NYO,25,2.2742
7LMO_NYO,26,1.9618
7LMO_NYO,27,1.6792
7LMO_NYO,28,2.0437
7LMO_NYO,29,2.5929
7LMO_NYO,3,1.7363
7LMO_NYO,30,2.6303
7LMO_NYO,31,2.9689
7LMO_NYO,32,2.0597
7LMO_NYO,33,1.0928
7LMO_NYO,34,2.6352
7LMO_NYO,35,2.3129
7LMO_NYO,36,2.5791
7LMO_NYO,37,1.8411
7LMO_NYO,38,2.1309
7LMO_NYO,39,2.3710
7LMO_NYO,4,2.1665
7LMO_NYO,40,1.9845
7LMO_NYO,41,0.9007
7LMO_NYO,42,0.8549
7LMO_NYO,43,1.0803
7LMO_NYO,44,3.1507
7LMO_NYO,45,2.9091
7LMO_NYO,46,2.6010
7LMO_NYO,47,2.5073
7LMO_NYO,48,1.6127
7LMO_NYO,49,2.0131
7LMO_NYO,5,2.6329
7LMO_NYO,50,2.2995
7LMO_NYO,51,2.6045
7LMO_NYO,52,1.9131
7LMO_NYO,53,4.6208
7LMO_NYO,54,5.2003
7LMO_NYO,55,2.4902
7LMO_NYO,56,2.8710
7LMO_NYO,57,2.3016
7LMO_NYO,58,2.5002
7LMO_NYO,59,1.7139
7LMO_NYO,6,2.6424
7LMO_NYO,60,2.1974
7LMO_NYO,61,1.4991
7LMO_NYO,62,2.6722
7LMO_NYO,63,1.0694
7LMO_NYO,64,1.8702
7LMO_NYO,65,1.1018
7LMO_NYO,66,2.5947
7LMO_NYO,67,2.5476
7LMO_NYO,68,2.0339
7LMO_NYO,69,1.7743
7LMO_NYO,7,3.0521
7LMO_NYO,70,2.8009
7LMO_NYO,71,1.3880
7LMO_NYO,72,1.8014
7LMO_NYO,73,1.3748
7LMO_NYO,74,2.7702
7LMO_NYO,75,2.3258
7LMO_NYO,76,2.4196
7LMO_NYO,77,2.4341
7LMO_NYO,78,2.0211
7LMO_NYO,79,1.2922
7LMO_NYO,8,2.8810
7LMO_NYO,80,2.0658
7LMO_NYO,81,2.1138
7LMO_NYO,82,1.4286
7LMO_NYO,83,2.4588
7LMO_NYO,84,2.0797
7LMO_NYO,85,4.4463
7LMO_NYO,86,1.8122
7LMO_NYO,87,1.9053
7LMO_NYO,88,2.4645
7LMO_NYO,89,2.0751
7LMO_NYO,9,2.3883
7LMO_NYO,90,2.1681
7LMO_NYO,91,2.7885
7LMO_NYO,92,1.2437
7LMO_NYO,93,2.0197
7LMO_NYO,94,1.9848
7LMO_NYO,95,1.7869
7LMO_NYO,96,2.5023
7LMO_NYO,97,2.1701
7LMO_NYO,98,1.6135
7LMO_NYO,99,1.5157
7LOE_Y84,0,0.9348
7LOE_Y84,1,0.4079
7LOE_Y84,10,3.4015
7LOE_Y84,100,0.6145
7LOE_Y84,101,3.4116
7LOE_Y84,102,4.2223
7LOE_Y84,103,0.5514
7LOE_Y84,104,4.2078
7LOE_Y84,105,3.4081
7LOE_Y84,106,3.4197
7LOE_Y84,107,2.5652
7LOE_Y84,108,3.4301
7LOE_Y84,109,0.3888
7LOE_Y84,11,4.2037
7LOE_Y84,110,2.5090
7LOE_Y84,111,3.4039
7LOE_Y84,112,3.9538
7LOE_Y84,113,0.1226
7LOE_Y84,114,2.5954
7LOE_Y84,115,0.2919
7LOE_Y84,116,4.1352
7LOE_Y84,117,0.7171
7LOE_Y84,118,2.5570
7LOE_Y84,119,3.1702
7LOE_Y84,12,3.4051
7LOE_Y84,120,3.4493
7LOE_Y84,121,2.6593
7LOE_Y84,122,2.5478
7LOE_Y84,123,0.5449
7LOE_Y84,124,0.4955
7LOE_Y84,125,2.0089
7LOE_Y84,126,3.3983
7LOE_Y84,127,0.5241
7LOE_Y84,128,3.3939
7LOE_Y84,129,2.0195
7LOE_Y84,13,3.4482
7LOE_Y84,130,0.3892
7LOE_Y84,131,2.5543
7LOE_Y84,132,0.5962
7LOE_Y84,133,3.3991
7LOE_Y84,134,3.3983
7LOE_Y84,135,1.6738
7LOE_Y84,136,4.1857
7LOE_Y84,137,3.4420
7LOE_Y84,138,2.5170
7LOE_Y84,139,2.5424
7LOE_Y84,14,2.5580
7LOE_Y84,15,4.2175
7LOE_Y84,16,3.4141
7LOE_Y84,17,3.4060
7LOE_Y84,18,0.5996
7LOE_Y84,19,3.3792
7LOE_Y84,2,3.4460
7LOE_Y84,20,0.7134
7LOE_Y84,21,4.1125
7LOE_Y84,22,2.5563
7LOE_Y84,23,4.2089
7LOE_Y84,24,3.3864
7LOE_Y84,25,3.3937
7LOE_Y84,26,2.1773
7LOE_Y84,27,3.4041
7LOE_Y84,28,0.8850
7LOE_Y84,28,3.4480
7LOE_Y84,29,0.5005
7LOE_Y84,3,2.7649
7LOE_Y84,30,3.4379
7LOE_Y84,31,0.4090
7LOE_Y84,32,0.5692
7LOE_Y84,33,2.3298
7LOE_Y84,34,0.2154
7LOE_Y84,35,0.7054
7LOE_Y84,36,2.3800
7LOE_Y84,37,3.4075
7LOE_Y84,38,0.6545
7LOE_Y84,39,2.5041
7LOE_Y84,4,0.8406
7LOE_Y84,40,4.1737
7LOE_Y84,41,0.6559
7LOE_Y84,42,2.6142
7LOE_Y84,43,0.6475
7LOE_Y84,44,3.3857
7LOE_Y84,44,0.9333
7LOE_Y84,45,1.3182
7LOE_Y84,46,4.1893
7LOE_Y84,47,0.5897
7LOE_Y84,48,3.3820
7LOE_Y84,49,0.5230
7LOE_Y84,5,2.5784
7LOE_Y84,50,0.4038
7LOE_Y84,51,0.7317
7LOE_Y84,52,4.2300
7LOE_Y84,53,4.2073
7LOE_Y84,54,3.4060
7LOE_Y84,55,3.3781
7LOE_Y84,56,2.5430
7LOE_Y84,57,0.3744
7LOE_Y84,58,2.5083
7LOE_Y84,59,2.5013
7LOE_Y84,6,2.5919
7LOE_Y84,60,0.3596
7LOE_Y84,61,0.5886
7LOE_Y84,62,0.5313
7LOE_Y84,63,2.4966
7LOE_Y84,64,0.3609
7LOE_Y84,65,2.5368
7LOE_Y84,66,3.4094
7LOE_Y84,67,2.9396
7LOE_Y84,68,4.2025
7LOE_Y84,69,0.5446
7LOE_Y84,7,0.4975
7LOE_Y84,70,0.4306
7LOE_Y84,71,3.4261
7LOE_Y84,72,4.1680
7LOE_Y84,73,3.9721
7LOE_Y84,74,2.5182
7LOE_Y84,75,2.5920
7LOE_Y84,76,0.6531
7LOE_Y84,77,4.1987
7LOE_Y84,78,1.5080
7LOE_Y84,79,3.4148
7LOE_Y84,8,0.6274
7LOE_Y84,80,2.5911
7LOE_Y84,81,3.3964
7LOE_Y84,82,4.2033
7LOE_Y84,83,4.1038
7LOE_Y84,84,0.7022
7LOE_Y84,85,2.5429
7LOE_Y84,86,4.2348
7LOE_Y84,87,2.4964
7LOE_Y84,88,3.3889
7LOE_Y84,89,2.5475
7LOE_Y84,9,4.2071
7LOE_Y84,90,2.4386
7LOE_Y84,91,3.3949
7LOE_Y84,92,2.8493
7LOE_Y84,93,4.1985
7LOE_Y84,94,2.5594
7LOE_Y84,95,2.6412
7LOE_Y84,96,3.3733
7LOE_Y84,97,2.5339
7LOE_Y84,98,2.5245
7LOE_Y84,99,3.4188
7LOU_IFM,0,0.7784
7LOU_IFM,1,3.5546
7LOU_IFM,10,0.5540
7LOU_IFM,100,1.3965
7LOU_IFM,101,0.7809
7LOU_IFM,102,0.6651
7LOU_IFM,103,1.0330
7LOU_IFM,104,0.8589
7LOU_IFM,105,0.6280
7LOU_IFM,106,1.1206
7LOU_IFM,107,2.4830
7LOU_IFM,108,0.4849
7LOU_IFM,109,0.7175
7LOU_IFM,11,0.7671
7LOU_IFM,110,0.6975
7LOU_IFM,111,2.1731
7LOU_IFM,112,0.4831
7LOU_IFM,113,0.6429
7LOU_IFM,114,2.8870
7LOU_IFM,115,3.4740
7LOU_IFM,116,0.4836
7LOU_IFM,117,1.0534
7LOU_IFM,118,2.6227
7LOU_IFM,119,0.7319
7LOU_IFM,12,3.4363
7LOU_IFM,120,1.2516
7LOU_IFM,121,3.6431
7LOU_IFM,122,1.4091
7LOU_IFM,123,1.0055
7LOU_IFM,124,1.3574
7LOU_IFM,125,0.8032
7LOU_IFM,126,0.8457
7LOU_IFM,127,2.2550
7LOU_IFM,128,1.0299
7LOU_IFM,129,1.2237
7LOU_IFM,13,0.9279
7LOU_IFM,130,0.7196
7LOU_IFM,131,1.1205
7LOU_IFM,132,0.8081
7LOU_IFM,133,0.8583
7LOU_IFM,134,1.8975
7LOU_IFM,135,3.1291
7LOU_IFM,136,3.4191
7LOU_IFM,137,0.7686
7LOU_IFM,138,0.7309
7LOU_IFM,139,2.4264
7LOU_IFM,14,0.5942
7LOU_IFM,15,0.8320
7LOU_IFM,16,3.3362
7LOU_IFM,17,0.7740
7LOU_IFM,18,0.6386
7LOU_IFM,19,1.3719
7LOU_IFM,2,0.7814
7LOU_IFM,20,1.0802
7LOU_IFM,21,1.2095
7LOU_IFM,22,0.6099
7LOU_IFM,23,0.9116
7LOU_IFM,24,0.5509
7LOU_IFM,25,3.9431
7LOU_IFM,26,1.6479
7LOU_IFM,27,0.4833
7LOU_IFM,28,0.9090
7LOU_IFM,29,0.8295
7LOU_IFM,3,0.7486
7LOU_IFM,30,0.9998
7LOU_IFM,31,3.4516
7LOU_IFM,32,1.6813
7LOU_IFM,33,0.9672
7LOU_IFM,34,3.4417
7LOU_IFM,35,3.3220
7LOU_IFM,36,0.9190
7LOU_IFM,37,0.4268
7LOU_IFM,38,0.8447
7LOU_IFM,39,0.8951
7LOU_IFM,4,2.4899
7LOU_IFM,40,2.2710
7LOU_IFM,41,1.1576
7LOU_IFM,42,1.1588
7LOU_IFM,43,2.2752
7LOU_IFM,44,0.6119
7LOU_IFM,45,1.2170
7LOU_IFM,46,0.8549
7LOU_IFM,47,0.8646
7LOU_IFM,48,1.2257
7LOU_IFM,49,1.2673
7LOU_IFM,5,1.1433
7LOU_IFM,50,0.7286
7LOU_IFM,51,0.4860
7LOU_IFM,52,3.3199
7LOU_IFM,53,1.1148
7LOU_IFM,54,2.6741
7LOU_IFM,55,1.1556
7LOU_IFM,56,0.7608
7LOU_IFM,57,0.7287
7LOU_IFM,58,0.6752
7LOU_IFM,59,0.6915
7LOU_IFM,6,1.1421
7LOU_IFM,60,2.4921
7LOU_IFM,61,0.7902
7LOU_IFM,62,1.1369
7LOU_IFM,63,1.6724
7LOU_IFM,64,2.5246
7LOU_IFM,65,0.7020
7LOU_IFM,66,0.9210
7LOU_IFM,67,2.4565
7LOU_IFM,68,0.7859
7LOU_IFM,69,1.0909
7LOU_IFM,7,0.5879
7LOU_IFM,70,0.8104
7LOU_IFM,71,1.2275
7LOU_IFM,72,1.0298
7LOU_IFM,73,2.3920
7LOU_IFM,74,2.4906
7LOU_IFM,75,0.7182
7LOU_IFM,76,0.5733
7LOU_IFM,77,3.4256
7LOU_IFM,78,2.7091
7LOU_IFM,79,0.6717
7LOU_IFM,8,0.8028
7LOU_IFM,80,0.6600
7LOU_IFM,81,2.4792
7LOU_IFM,82,0.8799
7LOU_IFM,83,0.5496
7LOU_IFM,84,2.4318
7LOU_IFM,85,0.8548
7LOU_IFM,86,2.5568
7LOU_IFM,87,0.5710
7LOU_IFM,88,0.5128
7LOU_IFM,89,1.0968
7LOU_IFM,9,0.4842
7LOU_IFM,90,1.0547
7LOU_IFM,91,1.0205
7LOU_IFM,92,0.6786
7LOU_IFM,93,0.6642
7LOU_IFM,94,0.6834
7LOU_IFM,95,0.6424
7LOU_IFM,96,0.6319
7LOU_IFM,97,0.7849
7LOU_IFM,98,0.5577
7LOU_IFM,99,0.9316
7LT0_ONJ,0,0.6970
7LT0_ONJ,1,2.0778
7LT0_ONJ,10,1.0653
7LT0_ONJ,100,2.5736
7LT0_ONJ,101,2.5778
7LT0_ONJ,102,2.4964
7LT0_ONJ,103,1.4725
7LT0_ONJ,104,1.7746
7LT0_ONJ,105,2.4700
7LT0_ONJ,106,2.3233
7LT0_ONJ,107,1.4390
7LT0_ONJ,108,2.0283
7LT0_ONJ,109,2.0253
7LT0_ONJ,11,1.7888
7LT0_ONJ,110,7.4676
7LT0_ONJ,111,0.6420
7LT0_ONJ,112,0.7686
7LT0_ONJ,113,1.5189
7LT0_ONJ,114,7.5947
7LT0_ONJ,115,1.4433
7LT0_ONJ,116,1.3298
7LT0_ONJ,117,1.4508
7LT0_ONJ,118,2.3091
7LT0_ONJ,119,6.7048
7LT0_ONJ,12,6.7952
7LT0_ONJ,120,2.1550
7LT0_ONJ,121,0.5117
7LT0_ONJ,122,1.0660
7LT0_ONJ,123,1.1645
7LT0_ONJ,124,1.0877
7LT0_ONJ,125,2.3721
7LT0_ONJ,126,1.6848
7LT0_ONJ,127,0.9296
7LT0_ONJ,128,2.0751
7LT0_ONJ,129,1.2263
7LT0_ONJ,13,1.6369
7LT0_ONJ,130,7.5036
7LT0_ONJ,131,1.1460
7LT0_ONJ,132,2.0328
7LT0_ONJ,133,2.1829
7LT0_ONJ,134,1.4187
7LT0_ONJ,135,1.8263
7LT0_ONJ,136,2.3757
7LT0_ONJ,137,2.5147
7LT0_ONJ,138,3.0205
7LT0_ONJ,139,0.6926
7LT0_ONJ,14,4.9056
7LT0_ONJ,15,1.5738
7LT0_ONJ,16,2.2220
7LT0_ONJ,17,1.8775
7LT0_ONJ,18,1.5994
7LT0_ONJ,18,1.8346
7LT0_ONJ,19,1.8312
7LT0_ONJ,2,0.7896
7LT0_ONJ,20,1.5474
7LT0_ONJ,21,1.5499
7LT0_ONJ,22,1.4385
7LT0_ONJ,23,1.0348
7LT0_ONJ,24,0.7094
7LT0_ONJ,25,2.4719
7LT0_ONJ,26,1.9275
7LT0_ONJ,27,1.1899
7LT0_ONJ,28,0.6565
7LT0_ONJ,29,6.4594
7LT0_ONJ,3,1.6563
7LT0_ONJ,30,2.3206
7LT0_ONJ,31,1.5326
7LT0_ONJ,32,6.0292
7LT0_ONJ,33,1.6860
7LT0_ONJ,34,1.4893
7LT0_ONJ,35,6.4980
7LT0_ONJ,36,1.5967
7LT0_ONJ,37,0.8006
7LT0_ONJ,38,7.5386
7LT0_ONJ,39,1.9609
7LT0_ONJ,4,1.7616
7LT0_ONJ,40,1.3689
7LT0_ONJ,41,1.4478
7LT0_ONJ,42,3.0748
7LT0_ONJ,43,7.4362
7LT0_ONJ,44,1.4429
7LT0_ONJ,45,1.1403
7LT0_ONJ,46,1.8587
7LT0_ONJ,47,4.1200
7LT0_ONJ,48,1.4720
7LT0_ONJ,49,7.2616
7LT0_ONJ,5,7.4304
7LT0_ONJ,50,2.7740
7LT0_ONJ,51,2.1545
7LT0_ONJ,52,2.0384
7LT0_ONJ,53,1.7747
7LT0_ONJ,54,1.9570
7LT0_ONJ,55,1.4925
7LT0_ONJ,56,2.2684
7LT0_ONJ,57,2.4996
7LT0_ONJ,58,1.7184
7LT0_ONJ,59,6.4038
7LT0_ONJ,6,2.5815
7LT0_ONJ,60,1.3149
7LT0_ONJ,61,2.3299
7LT0_ONJ,62,2.3908
7LT0_ONJ,63,1.7100
7LT0_ONJ,64,1.3395
7LT0_ONJ,65,6.7740
7LT0_ONJ,66,1.4220
7LT0_ONJ,67,1.9386
7LT0_ONJ,68,2.1463
7LT0_ONJ,69,3.1484
7LT0_ONJ,7,7.5211
7LT0_ONJ,70,1.6781
7LT0_ONJ,71,1.7829
7LT0_ONJ,72,1.2017
7LT0_ONJ,73,0.9468
7LT0_ONJ,74,2.0982
7LT0_ONJ,75,2.5884
7LT0_ONJ,76,3.0537
7LT0_ONJ,77,7.4206
7LT0_ONJ,78,1.7042
7LT0_ONJ,79,1.2832
7LT0_ONJ,8,2.9119
7LT0_ONJ,80,1.8444
7LT0_ONJ,81,0.8327
7LT0_ONJ,82,1.4665
7LT0_ONJ,83,1.9791
7LT0_ONJ,84,1.0067
7LT0_ONJ,85,2.1404
7LT0_ONJ,86,1.4241
7LT0_ONJ,87,1.8214
7LT0_ONJ,88,1.5308
7LT0_ONJ,89,1.7407
7LT0_ONJ,9,0.6348
7LT0_ONJ,90,7.5635
7LT0_ONJ,91,1.8930
7LT0_ONJ,92,7.1080
7LT0_ONJ,93,1.4195
7LT0_ONJ,94,7.4016
7LT0_ONJ,95,3.4216
7LT0_ONJ,96,1.5627
7LT0_ONJ,97,0.7450
7LT0_ONJ,98,1.4575
7LT0_ONJ,99,7.3660
7LZD_YHY,0,10.4817
7LZD_YHY,1,2.4427
7LZD_YHY,10,10.3993
7LZD_YHY,100,2.2451
7LZD_YHY,101,10.3184
7LZD_YHY,102,10.3386
7LZD_YHY,103,10.2071
7LZD_YHY,104,10.4795
7LZD_YHY,105,10.5124
7LZD_YHY,106,10.1166
7LZD_YHY,107,1.4783
7LZD_YHY,108,4.8134
7LZD_YHY,109,10.4002
7LZD_YHY,11,2.1492
7LZD_YHY,110,9.9429
7LZD_YHY,111,2.0066
7LZD_YHY,112,10.1729
7LZD_YHY,113,10.2607
7LZD_YHY,114,10.1169
7LZD_YHY,115,10.3540
7LZD_YHY,116,10.1293
7LZD_YHY,117,10.3338
7LZD_YHY,118,2.1494
7LZD_YHY,119,3.1193
7LZD_YHY,12,9.9178
7LZD_YHY,120,2.1048
7LZD_YHY,121,10.5257
7LZD_YHY,122,9.3137
7LZD_YHY,123,10.6167
7LZD_YHY,124,9.9166
7LZD_YHY,125,9.8896
7LZD_YHY,126,2.1133
7LZD_YHY,127,1.6473
7LZD_YHY,128,2.4280
7LZD_YHY,129,2.2283
7LZD_YHY,13,10.1170
7LZD_YHY,130,2.6880
7LZD_YHY,131,1.2152
7LZD_YHY,132,4.2774
7LZD_YHY,133,10.3807
7LZD_YHY,134,2.2345
7LZD_YHY,135,0.8532
7LZD_YHY,136,10.2362
7LZD_YHY,137,9.9764
7LZD_YHY,138,9.9786
7LZD_YHY,139,2.2504
7LZD_YHY,14,2.6081
7LZD_YHY,15,1.2486
7LZD_YHY,16,0.7299
7LZD_YHY,17,9.3664
7LZD_YHY,18,2.1271
7LZD_YHY,19,2.8573
7LZD_YHY,2,2.0447
7LZD_YHY,20,2.1314
7LZD_YHY,21,10.0628
7LZD_YHY,22,2.3548
7LZD_YHY,23,2.0632
7LZD_YHY,24,10.1643
7LZD_YHY,25,2.1686
7LZD_YHY,26,10.1901
7LZD_YHY,27,2.3798
7LZD_YHY,28,1.8227
7LZD_YHY,29,1.1182
7LZD_YHY,3,10.3800
7LZD_YHY,30,1.1429
7LZD_YHY,31,10.2268
7LZD_YHY,32,2.9004
7LZD_YHY,33,2.2844
7LZD_YHY,34,10.4187
7LZD_YHY,35,2.5014
7LZD_YHY,36,2.2301
7LZD_YHY,37,10.3324
7LZD_YHY,38,10.0645
7LZD_YHY,39,9.9728
7LZD_YHY,4,10.5126
7LZD_YHY,40,10.2608
7LZD_YHY,41,0.6981
7LZD_YHY,42,1.7100
7LZD_YHY,43,1.9660
7LZD_YHY,44,10.5540
7LZD_YHY,45,2.2531
7LZD_YHY,46,10.2665
7LZD_YHY,47,2.1188
7LZD_YHY,48,10.5254
7LZD_YHY,49,10.3382
7LZD_YHY,5,9.5933
7LZD_YHY,50,10.3466
7LZD_YHY,51,1.8936
7LZD_YHY,52,1.6707
7LZD_YHY,53,2.0962
7LZD_YHY,54,10.1929
7LZD_YHY,55,1.1128
7LZD_YHY,56,1.9064
7LZD_YHY,57,10.2373
7LZD_YHY,58,9.8729
7LZD_YHY,59,9.7868
7LZD_YHY,6,10.0329
7LZD_YHY,60,1.2518
7LZD_YHY,61,10.2350
7LZD_YHY,62,2.0929
7LZD_YHY,63,2.1526
7LZD_YHY,64,1.9477
7LZD_YHY,65,1.2092
7LZD_YHY,66,10.5590
7LZD_YHY,67,1.9862
7LZD_YHY,68,1.6551
7LZD_YHY,69,2.1772
7LZD_YHY,7,9.8713
7LZD_YHY,70,1.9184
7LZD_YHY,71,10.3619
7LZD_YHY,72,10.4980
7LZD_YHY,73,10.6711
7LZD_YHY,74,10.6944
7LZD_YHY,75,2.3120
7LZD_YHY,76,10.6196
7LZD_YHY,77,10.1368
7LZD_YHY,78,10.2319
7LZD_YHY,79,10.1426
7LZD_YHY,8,10.1096
7LZD_YHY,80,2.3128
7LZD_YHY,81,10.4919
7LZD_YHY,82,0.9800
7LZD_YHY,83,10.3015
7LZD_YHY,84,10.3929
7LZD_YHY,85,10.1774
7LZD_YHY,86,9.7011
7LZD_YHY,87,10.3375
7LZD_YHY,88,0.5480
7LZD_YHY,89,0.7232
7LZD_YHY,9,10.0276
7LZD_YHY,90,2.3074
7LZD_YHY,91,10.0983
7LZD_YHY,92,10.2064
7LZD_YHY,93,10.1265
7LZD_YHY,94,9.8983
7LZD_YHY,94,10.0819
7LZD_YHY,95,9.7204
7LZD_YHY,96,10.0388
7LZD_YHY,97,1.9175
7LZD_YHY,98,10.4798
7LZD_YHY,99,1.2287
7M31_TDR,0,3.2548
7M31_TDR,1,0.7199
7M31_TDR,10,0.7747
7M31_TDR,100,2.1811
7M31_TDR,101,2.1236
7M31_TDR,102,3.4856
7M31_TDR,103,0.7569
7M31_TDR,104,0.6937
7M31_TDR,105,1.5433
7M31_TDR,106,3.2718
7M31_TDR,107,2.0858
7M31_TDR,108,1.2739
7M31_TDR,109,1.6439
7M31_TDR,11,1.8025
7M31_TDR,110,2.1513
7M31_TDR,111,3.2737
7M31_TDR,112,2.4664
7M31_TDR,113,2.3648
7M31_TDR,114,3.8403
7M31_TDR,115,1.6818
7M31_TDR,116,3.3754
7M31_TDR,117,2.7435
7M31_TDR,118,1.3287
7M31_TDR,119,0.5697
7M31_TDR,12,2.4218
7M31_TDR,120,1.0830
7M31_TDR,121,1.3311
7M31_TDR,122,2.8381
7M31_TDR,123,2.6936
7M31_TDR,124,1.6092
7M31_TDR,125,3.2617
7M31_TDR,126,3.5790
7M31_TDR,127,3.2384
7M31_TDR,128,2.2834
7M31_TDR,129,3.3466
7M31_TDR,13,3.3667
7M31_TDR,130,3.2309
7M31_TDR,131,3.1042
7M31_TDR,132,3.4228
7M31_TDR,133,3.3056
7M31_TDR,134,2.2045
7M31_TDR,135,3.9504
7M31_TDR,136,0.6583
7M31_TDR,137,3.7765
7M31_TDR,138,3.3112
7M31_TDR,139,3.1413
7M31_TDR,14,2.2760
7M31_TDR,15,1.0028
7M31_TDR,16,1.0572
7M31_TDR,17,2.1803
7M31_TDR,18,3.3512
7M31_TDR,19,2.6353
7M31_TDR,19,3.1586
7M31_TDR,2,1.2287
7M31_TDR,20,2.1556
7M31_TDR,21,1.1418
7M31_TDR,22,3.9480
7M31_TDR,23,1.4544
7M31_TDR,24,3.9225
7M31_TDR,25,2.4121
7M31_TDR,26,2.1201
7M31_TDR,27,1.2394
7M31_TDR,28,2.3476
7M31_TDR,29,2.9815
7M31_TDR,3,1.3570
7M31_TDR,30,3.4203
7M31_TDR,31,2.1173
7M31_TDR,32,0.5851
7M31_TDR,33,2.0961
7M31_TDR,34,0.7177
7M31_TDR,35,3.2172
7M31_TDR,36,2.2363
7M31_TDR,37,2.2527
7M31_TDR,38,3.6080
7M31_TDR,39,2.4523
7M31_TDR,4,0.7480
7M31_TDR,40,3.4775
7M31_TDR,41,0.4780
7M31_TDR,42,3.3150
7M31_TDR,43,0.7421
7M31_TDR,44,0.7432
7M31_TDR,45,0.9070
7M31_TDR,46,3.6558
7M31_TDR,47,2.6076
7M31_TDR,48,2.1589
7M31_TDR,49,3.1266
7M31_TDR,5,2.1648
7M31_TDR,50,3.5236
7M31_TDR,51,1.2796
7M31_TDR,52,2.6091
7M31_TDR,53,3.2672
7M31_TDR,54,2.6027
7M31_TDR,55,3.2703
7M31_TDR,56,3.4876
7M31_TDR,57,2.7781
7M31_TDR,58,3.8885
7M31_TDR,59,2.1586
7M31_TDR,6,2.1668
7M31_TDR,60,2.1044
7M31_TDR,61,4.0104
7M31_TDR,62,2.2895
7M31_TDR,63,3.1478
7M31_TDR,64,1.2614
7M31_TDR,65,3.4637
7M31_TDR,66,1.4917
7M31_TDR,67,3.2712
7M31_TDR,68,3.1911
7M31_TDR,69,3.4210
7M31_TDR,7,3.2674
7M31_TDR,70,1.8688
7M31_TDR,71,1.6686
7M31_TDR,72,1.0090
7M31_TDR,73,3.8752
7M31_TDR,74,0.8353
7M31_TDR,75,3.2825
7M31_TDR,76,2.5775
7M31_TDR,77,2.1915
7M31_TDR,78,3.2212
7M31_TDR,79,3.8228
7M31_TDR,8,0.7215
7M31_TDR,80,3.4654
7M31_TDR,81,3.8062
7M31_TDR,82,3.7738
7M31_TDR,83,2.0717
7M31_TDR,84,2.4215
7M31_TDR,85,2.2027
7M31_TDR,86,2.1139
7M31_TDR,87,2.3069
7M31_TDR,88,1.0574
7M31_TDR,89,3.3611
7M31_TDR,9,0.9741
7M31_TDR,90,3.3086
7M31_TDR,91,1.6536
7M31_TDR,92,3.1528
7M31_TDR,93,2.1495
7M31_TDR,94,0.6851
7M31_TDR,95,3.8756
7M31_TDR,96,2.5191
7M31_TDR,97,3.2219
7M31_TDR,98,1.7645
7M31_TDR,99,3.8945
7M3H_YPV,0,1.9459
7M3H_YPV,1,2.1353
7M3H_YPV,10,2.4007
7M3H_YPV,100,2.2321
7M3H_YPV,101,1.6194
7M3H_YPV,102,1.9554
7M3H_YPV,103,2.5110
7M3H_YPV,104,1.3526
7M3H_YPV,105,1.7512
7M3H_YPV,106,1.3630
7M3H_YPV,107,1.1824
7M3H_YPV,108,1.1594
7M3H_YPV,109,1.2190
7M3H_YPV,11,2.0134
7M3H_YPV,110,1.2915
7M3H_YPV,111,1.3275
7M3H_YPV,112,2.1069
7M3H_YPV,113,2.5116
7M3H_YPV,114,2.6969
7M3H_YPV,115,2.4834
7M3H_YPV,116,2.0111
7M3H_YPV,117,1.3440
7M3H_YPV,118,1.9546
7M3H_YPV,119,2.2434
7M3H_YPV,12,1.1558
7M3H_YPV,120,2.3598
7M3H_YPV,121,2.2828
7M3H_YPV,122,1.1441
7M3H_YPV,123,2.2149
7M3H_YPV,124,2.1840
7M3H_YPV,125,1.2867
7M3H_YPV,126,1.6280
7M3H_YPV,127,2.0951
7M3H_YPV,128,1.6022
7M3H_YPV,129,1.1965
7M3H_YPV,13,2.2293
7M3H_YPV,130,1.0092
7M3H_YPV,131,2.1856
7M3H_YPV,132,1.3070
7M3H_YPV,133,2.5830
7M3H_YPV,134,0.7377
7M3H_YPV,135,1.1182
7M3H_YPV,136,1.6849
7M3H_YPV,137,2.4010
7M3H_YPV,138,2.1334
7M3H_YPV,139,2.2113
7M3H_YPV,14,1.9100
7M3H_YPV,15,1.2426
7M3H_YPV,16,1.1753
7M3H_YPV,17,2.3033
7M3H_YPV,18,1.0493
7M3H_YPV,19,1.3184
7M3H_YPV,2,1.1211
7M3H_YPV,20,2.2725
7M3H_YPV,21,1.7642
7M3H_YPV,22,2.1682
7M3H_YPV,23,1.2223
7M3H_YPV,24,2.6670
7M3H_YPV,25,2.1662
7M3H_YPV,26,2.5678
7M3H_YPV,27,1.5036
7M3H_YPV,28,1.9163
7M3H_YPV,29,0.7072
7M3H_YPV,3,1.5930
7M3H_YPV,30,1.1966
7M3H_YPV,31,1.0747
7M3H_YPV,32,2.1359
7M3H_YPV,33,2.0077
7M3H_YPV,34,2.1509
7M3H_YPV,35,1.5872
7M3H_YPV,36,1.4348
7M3H_YPV,37,1.1740
7M3H_YPV,38,1.3088
7M3H_YPV,39,2.4031
7M3H_YPV,4,2.2650
7M3H_YPV,40,2.2466
7M3H_YPV,41,0.9690
7M3H_YPV,42,1.0891
7M3H_YPV,43,2.0648
7M3H_YPV,44,2.1100
7M3H_YPV,45,1.3241
7M3H_YPV,46,2.1088
7M3H_YPV,47,1.5912
7M3H_YPV,48,1.3916
7M3H_YPV,49,1.3310
7M3H_YPV,5,1.8923
7M3H_YPV,50,1.5082
7M3H_YPV,51,2.3230
7M3H_YPV,52,1.8575
7M3H_YPV,53,0.9223
7M3H_YPV,54,0.9438
7M3H_YPV,55,1.5748
7M3H_YPV,56,2.1081
7M3H_YPV,57,1.9337
7M3H_YPV,58,2.5721
7M3H_YPV,59,2.4432
7M3H_YPV,6,1.7010
7M3H_YPV,60,2.3379
7M3H_YPV,61,1.6312
7M3H_YPV,62,2.2504
7M3H_YPV,63,1.0471
7M3H_YPV,64,1.7436
7M3H_YPV,65,1.4222
7M3H_YPV,66,1.3689
7M3H_YPV,67,1.3994
7M3H_YPV,68,1.0365
7M3H_YPV,69,1.2649
7M3H_YPV,7,0.9373
7M3H_YPV,70,1.0834
7M3H_YPV,71,2.4265
7M3H_YPV,72,1.7296
7M3H_YPV,73,2.1951
7M3H_YPV,74,2.4887
7M3H_YPV,75,2.3965
7M3H_YPV,76,0.9017
7M3H_YPV,77,2.1138
7M3H_YPV,78,2.3393
7M3H_YPV,79,2.3416
7M3H_YPV,8,1.0032
7M3H_YPV,80,2.0548
7M3H_YPV,81,1.3898
7M3H_YPV,82,1.0868
7M3H_YPV,83,2.5371
7M3H_YPV,84,0.8543
7M3H_YPV,85,1.3514
7M3H_YPV,86,1.0660
7M3H_YPV,87,1.6761
7M3H_YPV,88,1.3354
7M3H_YPV,89,1.2311
7M3H_YPV,9,1.6634
7M3H_YPV,90,1.0986
7M3H_YPV,91,2.3440
7M3H_YPV,92,1.2914
7M3H_YPV,93,2.0922
7M3H_YPV,94,1.5595
7M3H_YPV,95,2.2469
7M3H_YPV,96,1.2294
7M3H_YPV,97,1.8959
7M3H_YPV,98,2.2194
7M3H_YPV,99,2.5805
7M6K_YRJ,0,3.6177
7M6K_YRJ,1,8.9179
7M6K_YRJ,10,9.9431
7M6K_YRJ,100,4.7283
7M6K_YRJ,101,9.3196
7M6K_YRJ,102,9.5985
7M6K_YRJ,103,8.7577
7M6K_YRJ,104,9.5898
7M6K_YRJ,105,9.8505
7M6K_YRJ,106,9.7533
7M6K_YRJ,107,9.6829
7M6K_YRJ,108,9.2565
7M6K_YRJ,109,8.4303
7M6K_YRJ,11,9.3963
7M6K_YRJ,11,2.0149
7M6K_YRJ,110,9.3930
7M6K_YRJ,111,5.2068
7M6K_YRJ,112,8.9600
7M6K_YRJ,113,9.6457
7M6K_YRJ,114,9.6570
7M6K_YRJ,115,9.1522
7M6K_YRJ,116,3.3792
7M6K_YRJ,117,1.9315
7M6K_YRJ,118,9.5384
7M6K_YRJ,119,9.2138
7M6K_YRJ,12,9.8524
7M6K_YRJ,120,8.0987
7M6K_YRJ,121,8.9078
7M6K_YRJ,122,9.3687
7M6K_YRJ,123,8.0828
7M6K_YRJ,124,7.2757
7M6K_YRJ,125,9.0247
7M6K_YRJ,126,8.5612
7M6K_YRJ,127,8.6289
7M6K_YRJ,128,9.7582
7M6K_YRJ,129,9.0895
7M6K_YRJ,13,2.3139
7M6K_YRJ,130,9.6786
7M6K_YRJ,131,9.5844
7M6K_YRJ,132,8.3709
7M6K_YRJ,133,9.3337
7M6K_YRJ,134,9.1515
7M6K_YRJ,135,9.1029
7M6K_YRJ,136,9.1377
7M6K_YRJ,137,9.0011
7M6K_YRJ,138,7.8452
7M6K_YRJ,139,9.8453
7M6K_YRJ,14,9.7844
7M6K_YRJ,15,8.4647
7M6K_YRJ,16,8.8531
7M6K_YRJ,17,8.6474
7M6K_YRJ,18,8.8133
7M6K_YRJ,19,9.6343
7M6K_YRJ,2,1.1639
7M6K_YRJ,20,9.8137
7M6K_YRJ,21,8.9815
7M6K_YRJ,22,9.2865
7M6K_YRJ,23,6.2912
7M6K_YRJ,24,1.8544
7M6K_YRJ,25,8.9682
7M6K_YRJ,26,8.9401
7M6K_YRJ,27,8.4888
7M6K_YRJ,28,2.0378
7M6K_YRJ,29,9.2270
7M6K_YRJ,3,8.9831
7M6K_YRJ,30,9.5976
7M6K_YRJ,31,9.5884
7M6K_YRJ,32,9.3513
7M6K_YRJ,33,9.7160
7M6K_YRJ,34,9.3367
7M6K_YRJ,35,4.8842
7M6K_YRJ,36,9.2218
7M6K_YRJ,37,9.3625
7M6K_YRJ,38,9.9428
7M6K_YRJ,39,9.6753
7M6K_YRJ,4,9.7111
7M6K_YRJ,40,9.2901
7M6K_YRJ,41,8.2292
7M6K_YRJ,42,9.5661
7M6K_YRJ,43,9.1150
7M6K_YRJ,44,10.3139
7M6K_YRJ,45,3.1677
7M6K_YRJ,46,9.8576
7M6K_YRJ,47,9.6203
7M6K_YRJ,48,9.1094
7M6K_YRJ,49,9.0423
7M6K_YRJ,5,9.2482
7M6K_YRJ,50,3.9358
7M6K_YRJ,51,8.3743
7M6K_YRJ,52,9.9945
7M6K_YRJ,53,8.7024
7M6K_YRJ,54,6.9950
7M6K_YRJ,55,3.9102
7M6K_YRJ,56,9.3211
7M6K_YRJ,57,9.3529
7M6K_YRJ,58,9.5409
7M6K_YRJ,59,9.2849
7M6K_YRJ,6,9.8177
7M6K_YRJ,60,9.4993
7M6K_YRJ,61,9.4163
7M6K_YRJ,62,9.9583
7M6K_YRJ,63,8.1687
7M6K_YRJ,64,9.2038
7M6K_YRJ,65,8.7695
7M6K_YRJ,66,9.4618
7M6K_YRJ,67,9.7187
7M6K_YRJ,68,9.5124
7M6K_YRJ,69,9.5794
7M6K_YRJ,7,9.4629
7M6K_YRJ,70,9.3864
7M6K_YRJ,71,9.6162
7M6K_YRJ,72,9.1095
7M6K_YRJ,73,8.0041
7M6K_YRJ,74,9.0460
7M6K_YRJ,75,8.6848
7M6K_YRJ,76,9.1170
7M6K_YRJ,77,9.4215
7M6K_YRJ,78,9.4414
7M6K_YRJ,79,9.5940
7M6K_YRJ,8,9.0593
7M6K_YRJ,80,9.8248
7M6K_YRJ,81,9.5159
7M6K_YRJ,82,8.5403
7M6K_YRJ,83,9.3267
7M6K_YRJ,84,3.5696
7M6K_YRJ,85,8.6153
7M6K_YRJ,86,8.7719
7M6K_YRJ,87,9.5639
7M6K_YRJ,88,8.5278
7M6K_YRJ,89,9.3779
7M6K_YRJ,9,9.1414
7M6K_YRJ,90,9.2129
7M6K_YRJ,91,9.2924
7M6K_YRJ,92,8.8860
7M6K_YRJ,93,9.4672
7M6K_YRJ,94,9.9390
7M6K_YRJ,95,9.1729
7M6K_YRJ,96,9.4330
7M6K_YRJ,97,9.6331
7M6K_YRJ,98,9.6202
7M6K_YRJ,99,9.6134
7MFP_Z7P,0,3.0343
7MFP_Z7P,1,11.6888
7MFP_Z7P,10,10.2232
7MFP_Z7P,100,2.5415
7MFP_Z7P,101,10.7251
7MFP_Z7P,102,10.4552
7MFP_Z7P,103,2.6163
7MFP_Z7P,104,2.3551
7MFP_Z7P,105,10.3961
7MFP_Z7P,106,4.2799
7MFP_Z7P,107,2.3779
7MFP_Z7P,108,11.2059
7MFP_Z7P,109,3.0938
7MFP_Z7P,11,2.4572
7MFP_Z7P,110,11.1482
7MFP_Z7P,111,1.9797
7MFP_Z7P,112,2.6570
7MFP_Z7P,113,8.9038
7MFP_Z7P,114,6.3422
7MFP_Z7P,115,11.4058
7MFP_Z7P,116,4.7005
7MFP_Z7P,117,9.3773
7MFP_Z7P,118,10.8580
7MFP_Z7P,119,3.2975
7MFP_Z7P,12,11.1166
7MFP_Z7P,120,7.3352
7MFP_Z7P,121,7.7273
7MFP_Z7P,122,6.6318
7MFP_Z7P,123,10.9797
7MFP_Z7P,124,8.2184
7MFP_Z7P,125,7.7583
7MFP_Z7P,126,10.9060
7MFP_Z7P,127,11.0593
7MFP_Z7P,128,2.3595
7MFP_Z7P,129,10.9648
7MFP_Z7P,13,1.7792
7MFP_Z7P,130,2.3589
7MFP_Z7P,131,3.9541
7MFP_Z7P,132,1.8779
7MFP_Z7P,133,11.1013
7MFP_Z7P,134,11.3020
7MFP_Z7P,135,4.3695
7MFP_Z7P,136,9.8391
7MFP_Z7P,137,3.4398
7MFP_Z7P,138,4.4199
7MFP_Z7P,139,3.4697
7MFP_Z7P,14,10.7879
7MFP_Z7P,15,8.5854
7MFP_Z7P,16,2.0264
7MFP_Z7P,17,8.7972
7MFP_Z7P,18,2.1008
7MFP_Z7P,19,11.3108
7MFP_Z7P,2,11.6495
7MFP_Z7P,20,3.1534
7MFP_Z7P,21,2.5693
7MFP_Z7P,22,2.7286
7MFP_Z7P,23,3.8439
7MFP_Z7P,24,2.5545
7MFP_Z7P,25,3.2603
7MFP_Z7P,26,2.0343
7MFP_Z7P,27,11.0956
7MFP_Z7P,28,9.7695
7MFP_Z7P,29,11.5674
7MFP_Z7P,3,2.1060
7MFP_Z7P,30,2.1668
7MFP_Z7P,31,11.3723
7MFP_Z7P,32,1.8441
7MFP_Z7P,33,2.3016
7MFP_Z7P,34,10.9319
7MFP_Z7P,35,9.3072
7MFP_Z7P,36,2.6679
7MFP_Z7P,37,1.5376
7MFP_Z7P,38,9.5332
7MFP_Z7P,39,2.6271
7MFP_Z7P,4,2.0953
7MFP_Z7P,40,1.6124
7MFP_Z7P,41,2.7519
7MFP_Z7P,42,3.2456
7MFP_Z7P,43,11.0488
7MFP_Z7P,44,2.0331
7MFP_Z7P,45,10.6569
7MFP_Z7P,46,10.4878
7MFP_Z7P,47,8.0398
7MFP_Z7P,48,4.7948
7MFP_Z7P,49,11.1605
7MFP_Z7P,5,3.1588
7MFP_Z7P,50,10.9337
7MFP_Z7P,51,2.3040
7MFP_Z7P,52,7.8438
7MFP_Z7P,53,10.7499
7MFP_Z7P,54,2.5371
7MFP_Z7P,55,3.1380
7MFP_Z7P,56,2.4478
7MFP_Z7P,57,2.1508
7MFP_Z7P,58,2.2861
7MFP_Z7P,59,10.3743
7MFP_Z7P,6,2.0757
7MFP_Z7P,60,11.0765
7MFP_Z7P,61,2.6661
7MFP_Z7P,62,2.0097
7MFP_Z7P,63,3.4086
7MFP_Z7P,64,2.5439
7MFP_Z7P,65,2.4221
7MFP_Z7P,66,3.8365
7MFP_Z7P,67,2.2179
7MFP_Z7P,68,2.3446
7MFP_Z7P,69,10.9553
7MFP_Z7P,7,3.6419
7MFP_Z7P,70,9.6764
7MFP_Z7P,71,1.5483
7MFP_Z7P,72,3.7757
7MFP_Z7P,73,11.3882
7MFP_Z7P,74,10.7527
7MFP_Z7P,75,2.2067
7MFP_Z7P,76,2.2754
7MFP_Z7P,77,2.2146
7MFP_Z7P,78,11.0961
7MFP_Z7P,79,8.4399
7MFP_Z7P,8,2.1925
7MFP_Z7P,80,3.8070
7MFP_Z7P,81,3.0978
7MFP_Z7P,82,2.5603
7MFP_Z7P,83,11.0412
7MFP_Z7P,84,3.1157
7MFP_Z7P,85,1.6155
7MFP_Z7P,86,1.8235
7MFP_Z7P,87,11.0453
7MFP_Z7P,88,11.3752
7MFP_Z7P,89,11.4329
7MFP_Z7P,9,2.6015
7MFP_Z7P,90,3.8028
7MFP_Z7P,91,10.5021
7MFP_Z7P,92,2.1216
7MFP_Z7P,93,10.9202
7MFP_Z7P,94,10.0238
7MFP_Z7P,95,8.5363
7MFP_Z7P,96,10.2260
7MFP_Z7P,97,2.1685
7MFP_Z7P,98,1.5801
7MFP_Z7P,99,1.5566
7MGT_ZD4,0,2.3560
7MGT_ZD4,1,2.2272
7MGT_ZD4,10,0.8924
7MGT_ZD4,100,2.2052
7MGT_ZD4,101,2.7896
7MGT_ZD4,102,2.2546
7MGT_ZD4,103,1.2913
7MGT_ZD4,104,1.3791
7MGT_ZD4,105,1.7297
7MGT_ZD4,106,1.2636
7MGT_ZD4,107,0.8172
7MGT_ZD4,108,1.3097
7MGT_ZD4,109,2.4785
7MGT_ZD4,11,1.2915
7MGT_ZD4,110,1.1334
7MGT_ZD4,111,2.7023
7MGT_ZD4,112,1.9794
7MGT_ZD4,113,1.0532
7MGT_ZD4,114,1.0291
7MGT_ZD4,115,2.1784
7MGT_ZD4,116,2.3046
7MGT_ZD4,117,1.2898
7MGT_ZD4,118,2.1109
7MGT_ZD4,119,2.4640
7MGT_ZD4,12,1.4810
7MGT_ZD4,120,1.2502
7MGT_ZD4,121,1.2230
7MGT_ZD4,121,1.3191
7MGT_ZD4,122,1.9963
7MGT_ZD4,123,1.0670
7MGT_ZD4,124,2.3870
7MGT_ZD4,125,2.2134
7MGT_ZD4,126,1.6132
7MGT_ZD4,127,2.2250
7MGT_ZD4,128,1.3353
7MGT_ZD4,129,1.1147
7MGT_ZD4,13,2.2044
7MGT_ZD4,130,2.5050
7MGT_ZD4,131,2.2947
7MGT_ZD4,132,1.0425
7MGT_ZD4,133,1.3379
7MGT_ZD4,134,1.0252
7MGT_ZD4,135,2.2595
7MGT_ZD4,136,1.0013
7MGT_ZD4,137,2.1192
7MGT_ZD4,138,1.7204
7MGT_ZD4,139,2.1922
7MGT_ZD4,14,1.6705
7MGT_ZD4,15,1.3473
7MGT_ZD4,16,1.2364
7MGT_ZD4,17,2.3856
7MGT_ZD4,18,2.2132
7MGT_ZD4,19,2.2960
7MGT_ZD4,2,1.4038
7MGT_ZD4,20,3.9279
7MGT_ZD4,21,2.5519
7MGT_ZD4,22,2.3413
7MGT_ZD4,23,1.0600
7MGT_ZD4,24,1.9623
7MGT_ZD4,25,2.4034
7MGT_ZD4,26,1.9226
7MGT_ZD4,27,1.7884
7MGT_ZD4,28,0.9397
7MGT_ZD4,29,2.5190
7MGT_ZD4,3,2.2966
7MGT_ZD4,3,2.1995
7MGT_ZD4,30,2.6662
7MGT_ZD4,31,2.5254
7MGT_ZD4,32,2.2800
7MGT_ZD4,33,2.4006
7MGT_ZD4,34,2.2173
7MGT_ZD4,35,2.3153
7MGT_ZD4,36,0.9790
7MGT_ZD4,37,2.1864
7MGT_ZD4,38,1.4120
7MGT_ZD4,39,2.1750
7MGT_ZD4,4,1.5575
7MGT_ZD4,40,2.2981
7MGT_ZD4,41,2.2891
7MGT_ZD4,42,1.6004
7MGT_ZD4,43,2.0653
7MGT_ZD4,44,1.8783
7MGT_ZD4,45,2.0293
7MGT_ZD4,46,0.9335
7MGT_ZD4,47,2.7510
7MGT_ZD4,48,2.2956
7MGT_ZD4,49,2.2781
7MGT_ZD4,5,0.8362
7MGT_ZD4,50,2.2982
7MGT_ZD4,51,2.1546
7MGT_ZD4,52,1.2899
7MGT_ZD4,53,2.2953
7MGT_ZD4,54,1.5330
7MGT_ZD4,55,1.3596
7MGT_ZD4,56,2.0196
7MGT_ZD4,57,0.8158
7MGT_ZD4,58,1.0081
7MGT_ZD4,59,2.2798
7MGT_ZD4,6,1.3902
7MGT_ZD4,60,2.8086
7MGT_ZD4,61,2.3390
7MGT_ZD4,62,1.0024
7MGT_ZD4,63,2.3383
7MGT_ZD4,64,1.9693
7MGT_ZD4,65,2.5462
7MGT_ZD4,66,2.2724
7MGT_ZD4,67,2.0461
7MGT_ZD4,68,2.7266
7MGT_ZD4,69,1.4378
7MGT_ZD4,7,2.1604
7MGT_ZD4,70,2.3615
7MGT_ZD4,71,1.1685
7MGT_ZD4,72,1.5564
7MGT_ZD4,73,1.1220
7MGT_ZD4,74,2.8138
7MGT_ZD4,75,2.4943
7MGT_ZD4,76,2.6327
7MGT_ZD4,77,2.6233
7MGT_ZD4,78,2.6175
7MGT_ZD4,79,2.2080
7MGT_ZD4,8,1.5981
7MGT_ZD4,80,2.3408
7MGT_ZD4,81,2.2235
7MGT_ZD4,82,2.1405
7MGT_ZD4,83,2.5066
7MGT_ZD4,84,2.0781
7MGT_ZD4,85,1.8526
7MGT_ZD4,86,2.7667
7MGT_ZD4,87,1.1550
7MGT_ZD4,88,2.7041
7MGT_ZD4,89,0.8616
7MGT_ZD4,9,2.5126
7MGT_ZD4,90,2.4383
7MGT_ZD4,91,2.7657
7MGT_ZD4,92,1.2553
7MGT_ZD4,93,1.1890
7MGT_ZD4,94,1.3482
7MGT_ZD4,95,1.2117
7MGT_ZD4,96,2.3093
7MGT_ZD4,97,2.2913
7MGT_ZD4,98,1.8427
7MGT_ZD4,99,2.3040
7MGY_ZD1,0,5.7537
7MGY_ZD1,1,1.6679
7MGY_ZD1,10,0.9633
7MGY_ZD1,100,5.6581
7MGY_ZD1,101,1.6797
7MGY_ZD1,102,5.7567
7MGY_ZD1,103,5.5094
7MGY_ZD1,104,6.0530
7MGY_ZD1,105,1.4314
7MGY_ZD1,106,1.1059
7MGY_ZD1,107,5.6079
7MGY_ZD1,108,1.3743
7MGY_ZD1,109,6.1250
7MGY_ZD1,11,5.9164
7MGY_ZD1,110,5.8670
7MGY_ZD1,111,5.6044
7MGY_ZD1,112,2.6547
7MGY_ZD1,113,6.0355
7MGY_ZD1,114,2.4501
7MGY_ZD1,115,5.9646
7MGY_ZD1,116,1.1480
7MGY_ZD1,117,5.6846
7MGY_ZD1,118,5.6763
7MGY_ZD1,119,1.5422
7MGY_ZD1,12,5.7279
7MGY_ZD1,120,6.1330
7MGY_ZD1,121,1.2686
7MGY_ZD1,122,5.6180
7MGY_ZD1,123,5.6303
7MGY_ZD1,124,3.3431
7MGY_ZD1,125,5.7290
7MGY_ZD1,126,1.0177
7MGY_ZD1,127,5.7600
7MGY_ZD1,128,5.7005
7MGY_ZD1,129,5.9920
7MGY_ZD1,13,5.8354
7MGY_ZD1,130,5.8742
7MGY_ZD1,131,4.8713
7MGY_ZD1,132,6.1805
7MGY_ZD1,133,3.4525
7MGY_ZD1,134,5.9686
7MGY_ZD1,135,1.2614
7MGY_ZD1,136,1.3810
7MGY_ZD1,137,5.0618
7MGY_ZD1,138,5.7368
7MGY_ZD1,139,5.7000
7MGY_ZD1,14,5.6125
7MGY_ZD1,15,1.2201
7MGY_ZD1,16,6.0476
7MGY_ZD1,17,5.4885
7MGY_ZD1,18,5.5145
7MGY_ZD1,19,5.9944
7MGY_ZD1,2,5.7480
7MGY_ZD1,20,2.3509
7MGY_ZD1,21,5.9653
7MGY_ZD1,22,1.6425
7MGY_ZD1,23,5.7338
7MGY_ZD1,24,5.6267
7MGY_ZD1,25,5.6939
7MGY_ZD1,26,2.1131
7MGY_ZD1,27,5.9862
7MGY_ZD1,28,5.7707
7MGY_ZD1,29,1.0288
7MGY_ZD1,3,5.9498
7MGY_ZD1,30,5.5924
7MGY_ZD1,31,5.7134
7MGY_ZD1,32,2.0334
7MGY_ZD1,33,5.7186
7MGY_ZD1,34,5.6373
7MGY_ZD1,35,5.6878
7MGY_ZD1,36,5.5789
7MGY_ZD1,37,6.0206
7MGY_ZD1,38,5.8364
7MGY_ZD1,39,5.6323
7MGY_ZD1,4,1.7994
7MGY_ZD1,40,2.0129
7MGY_ZD1,41,5.5141
7MGY_ZD1,42,2.8942
7MGY_ZD1,43,5.9223
7MGY_ZD1,44,2.6680
7MGY_ZD1,45,6.0179
7MGY_ZD1,46,1.6812
7MGY_ZD1,47,6.0447
7MGY_ZD1,48,1.3173
7MGY_ZD1,49,5.7083
7MGY_ZD1,5,3.3697
7MGY_ZD1,50,5.6949
7MGY_ZD1,51,5.6998
7MGY_ZD1,52,5.8668
7MGY_ZD1,53,5.8477
7MGY_ZD1,54,5.8631
7MGY_ZD1,55,6.0566
7MGY_ZD1,56,3.8180
7MGY_ZD1,57,1.6687
7MGY_ZD1,58,5.7330
7MGY_ZD1,59,5.7171
7MGY_ZD1,6,5.7111
7MGY_ZD1,60,5.7670
7MGY_ZD1,61,5.8000
7MGY_ZD1,62,4.2639
7MGY_ZD1,63,5.8952
7MGY_ZD1,64,1.4817
7MGY_ZD1,65,5.8388
7MGY_ZD1,66,4.7934
7MGY_ZD1,67,6.0572
7MGY_ZD1,68,6.1967
7MGY_ZD1,69,5.8424
7MGY_ZD1,7,6.0524
7MGY_ZD1,70,3.0092
7MGY_ZD1,71,5.4448
7MGY_ZD1,72,5.7422
7MGY_ZD1,73,5.7512
7MGY_ZD1,74,5.7476
7MGY_ZD1,75,1.1655
7MGY_ZD1,76,5.8465
7MGY_ZD1,77,2.5616
7MGY_ZD1,78,5.7418
7MGY_ZD1,79,5.9971
7MGY_ZD1,8,5.9446
7MGY_ZD1,80,6.0955
7MGY_ZD1,81,5.7078
7MGY_ZD1,82,5.7968
7MGY_ZD1,83,5.9974
7MGY_ZD1,84,1.0787
7MGY_ZD1,85,5.5713
7MGY_ZD1,86,5.8087
7MGY_ZD1,87,5.8826
7MGY_ZD1,88,2.5077
7MGY_ZD1,89,5.9705
7MGY_ZD1,9,5.7788
7MGY_ZD1,90,2.8826
7MGY_ZD1,91,5.6405
7MGY_ZD1,92,5.7382
7MGY_ZD1,93,1.5439
7MGY_ZD1,94,5.5849
7MGY_ZD1,95,2.5922
7MGY_ZD1,96,5.4412
7MGY_ZD1,97,5.8349
7MGY_ZD1,98,5.6746
7MGY_ZD1,99,5.5968
7MMH_ZJY,0,2.3841
7MMH_ZJY,1,2.0104
7MMH_ZJY,10,1.6437
7MMH_ZJY,100,2.1487
7MMH_ZJY,101,1.3292
7MMH_ZJY,102,1.5310
7MMH_ZJY,103,2.5896
7MMH_ZJY,104,1.7463
7MMH_ZJY,105,1.6896
7MMH_ZJY,106,3.1990
7MMH_ZJY,107,3.7423
7MMH_ZJY,108,2.1513
7MMH_ZJY,109,1.5040
7MMH_ZJY,11,2.3366
7MMH_ZJY,110,2.3768
7MMH_ZJY,111,1.3122
7MMH_ZJY,112,2.8838
7MMH_ZJY,113,2.0946
7MMH_ZJY,114,2.4621
7MMH_ZJY,115,1.6134
7MMH_ZJY,116,3.4609
7MMH_ZJY,117,1.6072
7MMH_ZJY,118,2.6313
7MMH_ZJY,119,2.9642
7MMH_ZJY,12,1.4204
7MMH_ZJY,120,1.6938
7MMH_ZJY,121,1.8176
7MMH_ZJY,122,1.8572
7MMH_ZJY,123,2.6625
7MMH_ZJY,124,1.5326
7MMH_ZJY,125,1.5466
7MMH_ZJY,126,4.0247
7MMH_ZJY,127,3.5452
7MMH_ZJY,128,1.5709
7MMH_ZJY,129,2.1289
7MMH_ZJY,13,4.9356
7MMH_ZJY,130,2.0884
7MMH_ZJY,131,1.6740
7MMH_ZJY,132,1.4461
7MMH_ZJY,133,2.8487
7MMH_ZJY,134,3.5450
7MMH_ZJY,135,2.0300
7MMH_ZJY,136,2.0173
7MMH_ZJY,137,3.3412
7MMH_ZJY,138,3.4217
7MMH_ZJY,139,2.8321
7MMH_ZJY,14,2.2273
7MMH_ZJY,15,1.5089
7MMH_ZJY,16,2.2345
7MMH_ZJY,17,1.9384
7MMH_ZJY,18,2.8230
7MMH_ZJY,19,1.4349
7MMH_ZJY,2,1.3776
7MMH_ZJY,20,2.5544
7MMH_ZJY,21,1.8855
7MMH_ZJY,22,3.7398
7MMH_ZJY,23,1.6100
7MMH_ZJY,24,3.5149
7MMH_ZJY,25,3.1281
7MMH_ZJY,26,1.8336
7MMH_ZJY,27,1.3829
7MMH_ZJY,28,1.6695
7MMH_ZJY,29,2.6708
7MMH_ZJY,3,1.3424
7MMH_ZJY,30,3.7613
7MMH_ZJY,31,3.2399
7MMH_ZJY,32,1.4988
7MMH_ZJY,33,2.4526
7MMH_ZJY,34,1.0838
7MMH_ZJY,35,1.5864
7MMH_ZJY,36,3.4125
7MMH_ZJY,37,1.5833
7MMH_ZJY,38,1.5190
7MMH_ZJY,39,3.0740
7MMH_ZJY,4,2.0073
7MMH_ZJY,40,2.1875
7MMH_ZJY,41,1.5494
7MMH_ZJY,42,1.9469
7MMH_ZJY,43,2.6094
7MMH_ZJY,44,1.6915
7MMH_ZJY,45,1.9533
7MMH_ZJY,46,2.3562
7MMH_ZJY,47,4.5824
7MMH_ZJY,48,2.3969
7MMH_ZJY,49,1.7804
7MMH_ZJY,5,1.4989
7MMH_ZJY,50,1.7655
7MMH_ZJY,51,2.3663
7MMH_ZJY,52,1.4534
7MMH_ZJY,53,3.2535
7MMH_ZJY,54,1.6113
7MMH_ZJY,55,1.4882
7MMH_ZJY,56,1.8421
7MMH_ZJY,57,2.3332
7MMH_ZJY,58,3.0826
7MMH_ZJY,59,2.7053
7MMH_ZJY,6,3.0493
7MMH_ZJY,60,2.7610
7MMH_ZJY,61,1.8227
7MMH_ZJY,62,2.1515
7MMH_ZJY,63,1.3631
7MMH_ZJY,64,2.2242
7MMH_ZJY,65,1.8571
7MMH_ZJY,66,2.5008
7MMH_ZJY,67,1.4469
7MMH_ZJY,68,3.0627
7MMH_ZJY,69,4.6917
7MMH_ZJY,7,2.7758
7MMH_ZJY,70,2.0896
7MMH_ZJY,71,2.3487
7MMH_ZJY,72,3.4868
7MMH_ZJY,73,2.5718
7MMH_ZJY,74,2.5386
7MMH_ZJY,75,3.6691
7MMH_ZJY,76,2.2024
7MMH_ZJY,77,1.8577
7MMH_ZJY,78,2.9977
7MMH_ZJY,79,1.8596
7MMH_ZJY,8,2.3015
7MMH_ZJY,80,1.9874
7MMH_ZJY,81,1.6003
7MMH_ZJY,82,1.6559
7MMH_ZJY,83,2.3347
7MMH_ZJY,84,3.5896
7MMH_ZJY,85,1.5243
7MMH_ZJY,86,2.9031
7MMH_ZJY,87,4.2542
7MMH_ZJY,88,1.8265
7MMH_ZJY,89,2.3373
7MMH_ZJY,9,2.6539
7MMH_ZJY,90,1.5121
7MMH_ZJY,91,1.4200
7MMH_ZJY,92,3.0870
7MMH_ZJY,93,2.2024
7MMH_ZJY,94,3.4984
7MMH_ZJY,95,2.8680
7MMH_ZJY,96,1.7631
7MMH_ZJY,97,1.8982
7MMH_ZJY,98,1.5084
7MMH_ZJY,99,3.1232
7MOI_HPS,0,1.4283
7MOI_HPS,1,1.3983
7MOI_HPS,10,1.2328
7MOI_HPS,100,1.4334
7MOI_HPS,101,1.5491
7MOI_HPS,102,1.0990
7MOI_HPS,103,1.2064
7MOI_HPS,104,1.5157
7MOI_HPS,105,1.1460
7MOI_HPS,106,1.1696
7MOI_HPS,107,0.4636
7MOI_HPS,108,1.4538
7MOI_HPS,109,1.4010
7MOI_HPS,11,1.1956
7MOI_HPS,110,0.4938
7MOI_HPS,111,1.3260
7MOI_HPS,112,1.4736
7MOI_HPS,113,0.3815
7MOI_HPS,114,0.8535
7MOI_HPS,115,1.1404
7MOI_HPS,116,1.0797
7MOI_HPS,117,1.2746
7MOI_HPS,118,0.4636
7MOI_HPS,119,1.2800
7MOI_HPS,12,1.2688
7MOI_HPS,120,1.2972
7MOI_HPS,121,1.5087
7MOI_HPS,122,1.4420
7MOI_HPS,123,1.3466
7MOI_HPS,124,1.2729
7MOI_HPS,125,0.4063
7MOI_HPS,126,1.4863
7MOI_HPS,127,1.1896
7MOI_HPS,128,1.4086
7MOI_HPS,129,1.2720
7MOI_HPS,13,1.2102
7MOI_HPS,130,0.7103
7MOI_HPS,131,1.6620
7MOI_HPS,132,0.7051
7MOI_HPS,133,1.1697
7MOI_HPS,134,0.7907
7MOI_HPS,135,1.4388
7MOI_HPS,136,1.2995
7MOI_HPS,137,0.7735
7MOI_HPS,138,1.1506
7MOI_HPS,139,1.3734
7MOI_HPS,14,1.7792
7MOI_HPS,15,1.5305
7MOI_HPS,16,1.6382
7MOI_HPS,17,1.5086
7MOI_HPS,18,0.7574
7MOI_HPS,19,0.8990
7MOI_HPS,2,1.4501
7MOI_HPS,20,0.8916
7MOI_HPS,21,1.5975
7MOI_HPS,22,0.8783
7MOI_HPS,23,1.5715
7MOI_HPS,24,1.3687
7MOI_HPS,25,0.8712
7MOI_HPS,26,1.2380
7MOI_HPS,27,1.1539
7MOI_HPS,28,1.2841
7MOI_HPS,29,1.6508
7MOI_HPS,3,1.0621
7MOI_HPS,30,1.3973
7MOI_HPS,31,1.1489
7MOI_HPS,32,1.5489
7MOI_HPS,33,1.2361
7MOI_HPS,34,1.3202
7MOI_HPS,35,0.6085
7MOI_HPS,36,1.5744
7MOI_HPS,37,1.1780
7MOI_HPS,38,1.4260
7MOI_HPS,39,0.8042
7MOI_HPS,4,1.6397
7MOI_HPS,40,1.5291
7MOI_HPS,41,1.2508
7MOI_HPS,42,0.9965
7MOI_HPS,43,1.4183
7MOI_HPS,44,1.2743
7MOI_HPS,45,1.3643
7MOI_HPS,46,1.5001
7MOI_HPS,47,0.8803
7MOI_HPS,48,1.1842
7MOI_HPS,49,1.2798
7MOI_HPS,5,1.3338
7MOI_HPS,50,0.5010
7MOI_HPS,51,0.7941
7MOI_HPS,52,1.4194
7MOI_HPS,53,1.4236
7MOI_HPS,54,1.4349
7MOI_HPS,55,0.6042
7MOI_HPS,56,1.5074
7MOI_HPS,57,1.3993
7MOI_HPS,58,1.1279
7MOI_HPS,59,0.8734
7MOI_HPS,6,1.3381
7MOI_HPS,60,1.1688
7MOI_HPS,61,1.3286
7MOI_HPS,62,0.3982
7MOI_HPS,63,1.0089
7MOI_HPS,64,1.4611
7MOI_HPS,65,1.1195
7MOI_HPS,66,1.1686
7MOI_HPS,67,1.3135
7MOI_HPS,68,0.9259
7MOI_HPS,69,1.6873
7MOI_HPS,7,1.0387
7MOI_HPS,70,0.7651
7MOI_HPS,71,1.1772
7MOI_HPS,72,1.1989
7MOI_HPS,73,1.1708
7MOI_HPS,74,1.1095
7MOI_HPS,75,1.1273
7MOI_HPS,76,1.4024
7MOI_HPS,77,0.7896
7MOI_HPS,78,0.7940
7MOI_HPS,79,1.2637
7MOI_HPS,8,1.3215
7MOI_HPS,80,1.3579
7MOI_HPS,81,1.4244
7MOI_HPS,82,1.2178
7MOI_HPS,83,0.6319
7MOI_HPS,84,0.6656
7MOI_HPS,85,1.2850
7MOI_HPS,86,1.4500
7MOI_HPS,87,1.2962
7MOI_HPS,88,1.4376
7MOI_HPS,89,1.3400
7MOI_HPS,9,1.7782
7MOI_HPS,90,1.3908
7MOI_HPS,91,0.9818
7MOI_HPS,92,1.6980
7MOI_HPS,93,1.7416
7MOI_HPS,94,0.9530
7MOI_HPS,95,1.3833
7MOI_HPS,96,0.6683
7MOI_HPS,97,1.1655
7MOI_HPS,98,1.4398
7MOI_HPS,99,1.1100
7MSR_DCA,0,2.3876
7MSR_DCA,1,1.8817
7MSR_DCA,10,2.3685
7MSR_DCA,100,2.2168
7MSR_DCA,101,2.8194
7MSR_DCA,101,3.0145
7MSR_DCA,102,2.4257
7MSR_DCA,103,2.9633
7MSR_DCA,104,2.0250
7MSR_DCA,105,1.6281
7MSR_DCA,106,4.0400
7MSR_DCA,107,2.8559
7MSR_DCA,108,2.8860
7MSR_DCA,109,2.4410
7MSR_DCA,11,2.1010
7MSR_DCA,110,3.3244
7MSR_DCA,111,2.5594
7MSR_DCA,112,2.1961
7MSR_DCA,113,2.3108
7MSR_DCA,114,2.6781
7MSR_DCA,115,9.6645
7MSR_DCA,116,2.8336
7MSR_DCA,117,2.5232
7MSR_DCA,118,2.3771
7MSR_DCA,119,2.8781
7MSR_DCA,12,3.0135
7MSR_DCA,120,2.5863
7MSR_DCA,121,2.5175
7MSR_DCA,122,2.7834
7MSR_DCA,123,1.8533
7MSR_DCA,124,2.8873
7MSR_DCA,125,2.1568
7MSR_DCA,126,2.6384
7MSR_DCA,127,2.2398
7MSR_DCA,128,2.6576
7MSR_DCA,129,2.0403
7MSR_DCA,13,2.1059
7MSR_DCA,130,2.8744
7MSR_DCA,131,2.8779
7MSR_DCA,132,2.3861
7MSR_DCA,133,3.6487
7MSR_DCA,134,1.6599
7MSR_DCA,135,2.9520
7MSR_DCA,136,2.3261
7MSR_DCA,137,3.1765
7MSR_DCA,138,2.2026
7MSR_DCA,139,1.9547
7MSR_DCA,14,2.2262
7MSR_DCA,15,1.8937
7MSR_DCA,16,2.4668
7MSR_DCA,17,3.0693
7MSR_DCA,18,3.4279
7MSR_DCA,19,2.4108
7MSR_DCA,2,2.1106
7MSR_DCA,20,3.6147
7MSR_DCA,21,2.6794
7MSR_DCA,22,3.0018
7MSR_DCA,23,2.7895
7MSR_DCA,24,2.4881
7MSR_DCA,25,2.1841
7MSR_DCA,26,2.2269
7MSR_DCA,27,7.7671
7MSR_DCA,28,2.0409
7MSR_DCA,29,1.9656
7MSR_DCA,3,2.5985
7MSR_DCA,30,1.2996
7MSR_DCA,31,2.2960
7MSR_DCA,32,3.5857
7MSR_DCA,33,2.3571
7MSR_DCA,34,1.7506
7MSR_DCA,35,2.7494
7MSR_DCA,36,2.5444
7MSR_DCA,37,1.5539
7MSR_DCA,38,3.5321
7MSR_DCA,39,2.5372
7MSR_DCA,4,2.2907
7MSR_DCA,40,2.4509
7MSR_DCA,41,1.5238
7MSR_DCA,42,3.7759
7MSR_DCA,43,2.2117
7MSR_DCA,44,3.0266
7MSR_DCA,45,1.7724
7MSR_DCA,46,2.1418
7MSR_DCA,47,2.2496
7MSR_DCA,48,2.9847
7MSR_DCA,49,1.9503
7MSR_DCA,5,2.3998
7MSR_DCA,50,2.6113
7MSR_DCA,51,2.6882
7MSR_DCA,52,1.7867
7MSR_DCA,53,2.5242
7MSR_DCA,54,2.7309
7MSR_DCA,55,1.6323
7MSR_DCA,56,4.3949
7MSR_DCA,57,2.7747
7MSR_DCA,58,3.2393
7MSR_DCA,59,1.9581
7MSR_DCA,6,1.7853
7MSR_DCA,60,1.8796
7MSR_DCA,61,1.3502
7MSR_DCA,62,2.8403
7MSR_DCA,63,2.3447
7MSR_DCA,64,2.0474
7MSR_DCA,65,2.1869
7MSR_DCA,66,1.2903
7MSR_DCA,67,2.6394
7MSR_DCA,68,2.3139
7MSR_DCA,69,2.1699
7MSR_DCA,7,2.6392
7MSR_DCA,70,2.3823
7MSR_DCA,71,3.6918
7MSR_DCA,72,2.2144
7MSR_DCA,73,2.6623
7MSR_DCA,74,2.4956
7MSR_DCA,75,2.4513
7MSR_DCA,76,2.3129
7MSR_DCA,77,2.7642
7MSR_DCA,78,2.4026
7MSR_DCA,79,1.5826
7MSR_DCA,8,2.5216
7MSR_DCA,80,2.5356
7MSR_DCA,81,2.4178
7MSR_DCA,82,4.4536
7MSR_DCA,83,2.3506
7MSR_DCA,84,1.6093
7MSR_DCA,85,2.1626
7MSR_DCA,86,2.9954
7MSR_DCA,87,2.3458
7MSR_DCA,88,2.3779
7MSR_DCA,89,1.7297
7MSR_DCA,9,2.5365
7MSR_DCA,90,2.1130
7MSR_DCA,91,2.4365
7MSR_DCA,92,2.5539
7MSR_DCA,93,3.5980
7MSR_DCA,94,2.8675
7MSR_DCA,95,2.8822
7MSR_DCA,96,2.9125
7MSR_DCA,97,2.2261
7MSR_DCA,98,2.9459
7MSR_DCA,99,2.5619
7MWN_WI5,0,3.9635
7MWN_WI5,1,3.7160
7MWN_WI5,10,4.3590
7MWN_WI5,100,5.4247
7MWN_WI5,101,3.8610
7MWN_WI5,102,3.7469
7MWN_WI5,103,3.6668
7MWN_WI5,104,3.6766
7MWN_WI5,105,3.8173
7MWN_WI5,106,3.7859
7MWN_WI5,107,3.7098
7MWN_WI5,108,3.7120
7MWN_WI5,109,3.4279
7MWN_WI5,11,3.9036
7MWN_WI5,110,3.3405
7MWN_WI5,111,2.9409
7MWN_WI5,112,2.6653
7MWN_WI5,113,3.5314
7MWN_WI5,114,3.7954
7MWN_WI5,115,3.0968
7MWN_WI5,116,3.8489
7MWN_WI5,117,3.5030
7MWN_WI5,118,2.9812
7MWN_WI5,119,3.7948
7MWN_WI5,12,3.7688
7MWN_WI5,120,3.8895
7MWN_WI5,121,3.7969
7MWN_WI5,122,3.6613
7MWN_WI5,123,4.0267
7MWN_WI5,124,3.2853
7MWN_WI5,125,3.8055
7MWN_WI5,126,2.8821
7MWN_WI5,127,3.2387
7MWN_WI5,128,3.4866
7MWN_WI5,129,3.8959
7MWN_WI5,13,3.9658
7MWN_WI5,130,1.6893
7MWN_WI5,131,3.6417
7MWN_WI5,132,3.5953
7MWN_WI5,133,2.4837
7MWN_WI5,134,4.1023
7MWN_WI5,135,3.7750
7MWN_WI5,136,3.4597
7MWN_WI5,137,3.9251
7MWN_WI5,138,3.6472
7MWN_WI5,139,3.7102
7MWN_WI5,14,3.3908
7MWN_WI5,15,3.6850
7MWN_WI5,16,4.1889
7MWN_WI5,17,3.6266
7MWN_WI5,18,5.8359
7MWN_WI5,19,3.7164
7MWN_WI5,2,3.5955
7MWN_WI5,20,3.8170
7MWN_WI5,21,3.1650
7MWN_WI5,22,3.8501
7MWN_WI5,23,3.3118
7MWN_WI5,24,3.1607
7MWN_WI5,25,3.6943
7MWN_WI5,26,3.7653
7MWN_WI5,27,3.8044
7MWN_WI5,28,3.7942
7MWN_WI5,29,3.5585
7MWN_WI5,3,3.9138
7MWN_WI5,30,3.7326
7MWN_WI5,31,3.6450
7MWN_WI5,32,3.6601
7MWN_WI5,33,3.5690
7MWN_WI5,34,3.8235
7MWN_WI5,35,3.5965
7MWN_WI5,35,3.5975
7MWN_WI5,36,6.3438
7MWN_WI5,37,3.9891
7MWN_WI5,38,3.8589
7MWN_WI5,39,3.3510
7MWN_WI5,4,3.7164
7MWN_WI5,40,3.9090
7MWN_WI5,41,3.7597
7MWN_WI5,42,3.7077
7MWN_WI5,43,3.8156
7MWN_WI5,44,4.1479
7MWN_WI5,45,3.8247
7MWN_WI5,46,3.6035
7MWN_WI5,47,3.7097
7MWN_WI5,48,3.6207
7MWN_WI5,49,3.7391
7MWN_WI5,5,3.5474
7MWN_WI5,50,3.1836
7MWN_WI5,51,3.2128
7MWN_WI5,52,3.8029
7MWN_WI5,53,3.4473
7MWN_WI5,54,3.7560
7MWN_WI5,55,3.8133
7MWN_WI5,56,4.2260
7MWN_WI5,57,3.3035
7MWN_WI5,58,3.8485
7MWN_WI5,59,3.9860
7MWN_WI5,6,3.5819
7MWN_WI5,60,3.9213
7MWN_WI5,61,3.7673
7MWN_WI5,62,3.2881
7MWN_WI5,63,3.8323
7MWN_WI5,64,3.8818
7MWN_WI5,65,3.8886
7MWN_WI5,66,3.7853
7MWN_WI5,67,3.2940
7MWN_WI5,68,3.6924
7MWN_WI5,69,3.6944
7MWN_WI5,7,3.1933
7MWN_WI5,70,3.7879
7MWN_WI5,71,3.7287
7MWN_WI5,72,3.8616
7MWN_WI5,73,3.7905
7MWN_WI5,74,3.7269
7MWN_WI5,75,3.7157
7MWN_WI5,76,3.6960
7MWN_WI5,77,3.8046
7MWN_WI5,78,3.5826
7MWN_WI5,79,3.8098
7MWN_WI5,8,5.0420
7MWN_WI5,80,3.7391
7MWN_WI5,81,3.8260
7MWN_WI5,82,2.8536
7MWN_WI5,83,3.6008
7MWN_WI5,84,3.9281
7MWN_WI5,85,3.9369
7MWN_WI5,86,4.1398
7MWN_WI5,87,2.1993
7MWN_WI5,88,3.8433
7MWN_WI5,89,3.3953
7MWN_WI5,9,3.8454
7MWN_WI5,90,3.8534
7MWN_WI5,91,6.3907
7MWN_WI5,92,3.7847
7MWN_WI5,93,3.6162
7MWN_WI5,94,3.5585
7MWN_WI5,95,3.6883
7MWN_WI5,96,3.8851
7MWN_WI5,97,3.7912
7MWN_WI5,98,4.5406
7MWN_WI5,99,3.8203
7MWU_ZPM,0,2.1214
7MWU_ZPM,0,2.9992
7MWU_ZPM,1,1.2294
7MWU_ZPM,10,1.2328
7MWU_ZPM,100,1.6745
7MWU_ZPM,101,0.9658
7MWU_ZPM,102,1.4176
7MWU_ZPM,103,1.1029
7MWU_ZPM,104,0.6488
7MWU_ZPM,105,1.4598
7MWU_ZPM,106,1.0449
7MWU_ZPM,107,1.3527
7MWU_ZPM,108,0.8403
7MWU_ZPM,109,1.3496
7MWU_ZPM,11,3.3608
7MWU_ZPM,110,1.6031
7MWU_ZPM,111,1.1181
7MWU_ZPM,112,0.7549
7MWU_ZPM,113,0.9203
7MWU_ZPM,114,1.1514
7MWU_ZPM,115,0.6440
7MWU_ZPM,116,1.4053
7MWU_ZPM,117,1.5756
7MWU_ZPM,118,0.9004
7MWU_ZPM,119,0.9239
7MWU_ZPM,12,1.4759
7MWU_ZPM,120,1.0085
7MWU_ZPM,121,1.0394
7MWU_ZPM,122,1.1240
7MWU_ZPM,123,2.7357
7MWU_ZPM,124,0.9456
7MWU_ZPM,125,1.4836
7MWU_ZPM,126,0.7240
7MWU_ZPM,126,1.0346
7MWU_ZPM,127,1.2275
7MWU_ZPM,128,1.7388
7MWU_ZPM,129,0.8073
7MWU_ZPM,13,1.6373
7MWU_ZPM,130,1.6776
7MWU_ZPM,131,0.8029
7MWU_ZPM,132,1.2725
7MWU_ZPM,133,1.4605
7MWU_ZPM,134,1.7789
7MWU_ZPM,135,3.1685
7MWU_ZPM,136,1.4730
7MWU_ZPM,137,2.1307
7MWU_ZPM,138,1.5855
7MWU_ZPM,139,1.8980
7MWU_ZPM,14,1.6435
7MWU_ZPM,15,1.4609
7MWU_ZPM,16,0.8596
7MWU_ZPM,17,1.1460
7MWU_ZPM,18,1.4680
7MWU_ZPM,19,1.2948
7MWU_ZPM,2,1.1001
7MWU_ZPM,20,0.8899
7MWU_ZPM,21,1.0651
7MWU_ZPM,22,1.2940
7MWU_ZPM,23,1.2985
7MWU_ZPM,24,0.8453
7MWU_ZPM,25,1.7002
7MWU_ZPM,26,1.6896
7MWU_ZPM,27,1.0323
7MWU_ZPM,28,1.2140
7MWU_ZPM,29,1.4880
7MWU_ZPM,3,1.3934
7MWU_ZPM,30,1.8014
7MWU_ZPM,31,1.5542
7MWU_ZPM,32,1.5706
7MWU_ZPM,33,1.6031
7MWU_ZPM,34,1.6957
7MWU_ZPM,35,2.2227
7MWU_ZPM,36,1.2100
7MWU_ZPM,37,2.3743
7MWU_ZPM,38,1.2501
7MWU_ZPM,39,1.1549
7MWU_ZPM,4,0.9463
7MWU_ZPM,40,1.2480
7MWU_ZPM,41,1.5608
7MWU_ZPM,42,1.3409
7MWU_ZPM,43,2.0108
7MWU_ZPM,44,1.7018
7MWU_ZPM,45,2.0356
7MWU_ZPM,45,1.2250
7MWU_ZPM,46,1.0114
7MWU_ZPM,47,1.5965
7MWU_ZPM,48,1.4913
7MWU_ZPM,49,1.6798
7MWU_ZPM,5,1.4158
7MWU_ZPM,50,1.3508
7MWU_ZPM,51,0.7804
7MWU_ZPM,52,1.0944
7MWU_ZPM,53,1.6271
7MWU_ZPM,54,1.8416
7MWU_ZPM,55,1.0655
7MWU_ZPM,56,0.5715
7MWU_ZPM,57,0.6053
7MWU_ZPM,58,1.4267
7MWU_ZPM,59,2.2042
7MWU_ZPM,6,1.9156
7MWU_ZPM,60,2.2982
7MWU_ZPM,61,1.5507
7MWU_ZPM,62,1.7162
7MWU_ZPM,63,1.5371
7MWU_ZPM,64,1.5382
7MWU_ZPM,65,0.6765
7MWU_ZPM,66,1.2166
7MWU_ZPM,67,1.3383
7MWU_ZPM,68,1.5433
7MWU_ZPM,69,1.9848
7MWU_ZPM,7,0.9187
7MWU_ZPM,70,1.7676
7MWU_ZPM,71,1.7918
7MWU_ZPM,72,0.7855
7MWU_ZPM,72,1.4391
7MWU_ZPM,73,1.0918
7MWU_ZPM,74,1.6936
7MWU_ZPM,75,1.6030
7MWU_ZPM,76,2.8462
7MWU_ZPM,77,1.3796
7MWU_ZPM,78,1.6326
7MWU_ZPM,79,1.9330
7MWU_ZPM,8,1.6492
7MWU_ZPM,80,1.6053
7MWU_ZPM,81,1.1189
7MWU_ZPM,82,1.3783
7MWU_ZPM,83,1.1091
7MWU_ZPM,84,1.6028
7MWU_ZPM,85,1.9610
7MWU_ZPM,86,0.7990
7MWU_ZPM,87,1.2836
7MWU_ZPM,88,1.4516
7MWU_ZPM,89,0.7404
7MWU_ZPM,9,1.3432
7MWU_ZPM,90,1.4425
7MWU_ZPM,91,1.8475
7MWU_ZPM,92,1.3015
7MWU_ZPM,93,1.0563
7MWU_ZPM,94,1.8716
7MWU_ZPM,95,1.4249
7MWU_ZPM,96,0.6286
7MWU_ZPM,97,1.4352
7MWU_ZPM,98,1.3805
7MWU_ZPM,99,1.1846
7MY1_IPE,0,2.8456
7MY1_IPE,1,1.4716
7MY1_IPE,10,1.4506
7MY1_IPE,100,2.6553
7MY1_IPE,101,1.5874
7MY1_IPE,102,2.8041
7MY1_IPE,103,1.4489
7MY1_IPE,104,1.4764
7MY1_IPE,105,2.8126
7MY1_IPE,106,1.8774
7MY1_IPE,107,2.6659
7MY1_IPE,108,1.5089
7MY1_IPE,109,2.3173
7MY1_IPE,11,1.3464
7MY1_IPE,110,1.8497
7MY1_IPE,111,2.8869
7MY1_IPE,112,1.6209
7MY1_IPE,113,2.5714
7MY1_IPE,114,2.8233
7MY1_IPE,115,1.2980
7MY1_IPE,116,1.4123
7MY1_IPE,117,2.1586
7MY1_IPE,118,1.5623
7MY1_IPE,119,2.7389
7MY1_IPE,12,2.2528
7MY1_IPE,120,1.6498
7MY1_IPE,121,0.9433
7MY1_IPE,122,2.2520
7MY1_IPE,123,2.9999
7MY1_IPE,124,1.6851
7MY1_IPE,125,2.3984
7MY1_IPE,126,1.6841
7MY1_IPE,127,1.6519
7MY1_IPE,128,1.4300
7MY1_IPE,129,2.7327
7MY1_IPE,13,2.7381
7MY1_IPE,130,1.6145
7MY1_IPE,131,1.3899
7MY1_IPE,132,1.6814
7MY1_IPE,133,2.5099
7MY1_IPE,134,1.2012
7MY1_IPE,135,1.2920
7MY1_IPE,136,2.7733
7MY1_IPE,137,1.7054
7MY1_IPE,138,1.6968
7MY1_IPE,139,1.3690
7MY1_IPE,14,1.9788
7MY1_IPE,15,2.6985
7MY1_IPE,16,1.8740
7MY1_IPE,17,1.3577
7MY1_IPE,18,1.8586
7MY1_IPE,19,2.5141
7MY1_IPE,2,2.2295
7MY1_IPE,20,1.5931
7MY1_IPE,21,1.8305
7MY1_IPE,22,1.7900
7MY1_IPE,23,1.5805
7MY1_IPE,24,2.7772
7MY1_IPE,25,1.2921
7MY1_IPE,26,1.5521
7MY1_IPE,27,1.8001
7MY1_IPE,28,2.5461
7MY1_IPE,29,2.8190
7MY1_IPE,3,1.4277
7MY1_IPE,30,2.4102
7MY1_IPE,31,2.3297
7MY1_IPE,32,1.5885
7MY1_IPE,33,1.4745
7MY1_IPE,34,1.4595
7MY1_IPE,35,2.3918
7MY1_IPE,36,2.3130
7MY1_IPE,37,1.3830
7MY1_IPE,38,1.5754
7MY1_IPE,39,3.0252
7MY1_IPE,4,1.6779
7MY1_IPE,40,2.3404
7MY1_IPE,41,1.8658
7MY1_IPE,42,1.2307
7MY1_IPE,43,2.1492
7MY1_IPE,44,1.7654
7MY1_IPE,45,1.5463
7MY1_IPE,46,2.8669
7MY1_IPE,47,2.5106
7MY1_IPE,48,1.9372
7MY1_IPE,49,2.1796
7MY1_IPE,5,2.6249
7MY1_IPE,50,1.4387
7MY1_IPE,51,2.0575
7MY1_IPE,52,2.8038
7MY1_IPE,53,2.8243
7MY1_IPE,54,1.7456
7MY1_IPE,55,1.4594
7MY1_IPE,56,1.6978
7MY1_IPE,57,1.5800
7MY1_IPE,58,1.4459
7MY1_IPE,59,2.7664
7MY1_IPE,6,2.1225
7MY1_IPE,60,1.5253
7MY1_IPE,61,2.1262
7MY1_IPE,62,1.9099
7MY1_IPE,63,2.7737
7MY1_IPE,64,1.7409
7MY1_IPE,65,2.1568
7MY1_IPE,66,2.7682
7MY1_IPE,67,1.4950
7MY1_IPE,68,1.9281
7MY1_IPE,69,2.7013
7MY1_IPE,7,1.8604
7MY1_IPE,70,2.5119
7MY1_IPE,71,1.3963
7MY1_IPE,72,2.0216
7MY1_IPE,73,1.7586
7MY1_IPE,74,2.0547
7MY1_IPE,75,1.4106
7MY1_IPE,76,1.7780
7MY1_IPE,77,1.4805
7MY1_IPE,78,2.2367
7MY1_IPE,79,1.4368
7MY1_IPE,79,3.0358
7MY1_IPE,8,1.4286
7MY1_IPE,80,2.4777
7MY1_IPE,81,2.0670
7MY1_IPE,82,2.8269
7MY1_IPE,83,1.6828
7MY1_IPE,84,1.9461
7MY1_IPE,85,1.4534
7MY1_IPE,86,2.8338
7MY1_IPE,87,2.0061
7MY1_IPE,88,1.8183
7MY1_IPE,89,1.6019
7MY1_IPE,9,2.4570
7MY1_IPE,90,1.6690
7MY1_IPE,91,2.5260
7MY1_IPE,92,1.2628
7MY1_IPE,93,1.8581
7MY1_IPE,94,1.7308
7MY1_IPE,95,1.3958
7MY1_IPE,96,2.2334
7MY1_IPE,97,1.8049
7MY1_IPE,98,1.2270
7MY1_IPE,99,1.6353
7MYU_ZR7,0,0.9590
7MYU_ZR7,1,9.7193
7MYU_ZR7,10,1.1189
7MYU_ZR7,100,1.1198
7MYU_ZR7,101,1.6884
7MYU_ZR7,102,9.8850
7MYU_ZR7,103,9.5416
7MYU_ZR7,104,1.2099
7MYU_ZR7,105,1.8924
7MYU_ZR7,106,0.8615
7MYU_ZR7,107,0.9285
7MYU_ZR7,108,0.9418
7MYU_ZR7,109,1.3277
7MYU_ZR7,11,9.7630
7MYU_ZR7,110,9.7674
7MYU_ZR7,111,0.8987
7MYU_ZR7,112,0.3591
7MYU_ZR7,113,9.9713
7MYU_ZR7,114,0.8668
7MYU_ZR7,115,1.5252
7MYU_ZR7,116,1.0665
7MYU_ZR7,117,8.6800
7MYU_ZR7,118,1.6874
7MYU_ZR7,119,1.2439
7MYU_ZR7,12,9.9619
7MYU_ZR7,120,2.8712
7MYU_ZR7,121,1.5582
7MYU_ZR7,122,0.5779
7MYU_ZR7,123,2.1058
7MYU_ZR7,124,9.9279
7MYU_ZR7,125,0.9445
7MYU_ZR7,126,3.1396
7MYU_ZR7,127,0.8646
7MYU_ZR7,128,1.6824
7MYU_ZR7,129,10.2059
7MYU_ZR7,13,0.8696
7MYU_ZR7,130,1.1688
7MYU_ZR7,131,0.9271
7MYU_ZR7,132,0.9110
7MYU_ZR7,133,0.9905
7MYU_ZR7,134,1.3787
7MYU_ZR7,135,1.6694
7MYU_ZR7,136,9.8612
7MYU_ZR7,137,1.6366
7MYU_ZR7,138,1.3941
7MYU_ZR7,139,10.1425
7MYU_ZR7,14,0.5368
7MYU_ZR7,15,1.9923
7MYU_ZR7,16,1.1386
7MYU_ZR7,17,1.3035
7MYU_ZR7,18,9.5103
7MYU_ZR7,19,1.1056
7MYU_ZR7,2,1.3088
7MYU_ZR7,20,1.1132
7MYU_ZR7,21,0.9063
7MYU_ZR7,22,0.9881
7MYU_ZR7,23,1.2939
7MYU_ZR7,24,0.8436
7MYU_ZR7,25,9.8347
7MYU_ZR7,26,1.0133
7MYU_ZR7,27,1.9342
7MYU_ZR7,28,1.3484
7MYU_ZR7,29,9.5827
7MYU_ZR7,3,9.5957
7MYU_ZR7,30,2.3083
7MYU_ZR7,31,9.9049
7MYU_ZR7,32,0.9946
7MYU_ZR7,33,0.7485
7MYU_ZR7,34,9.9465
7MYU_ZR7,35,1.2879
7MYU_ZR7,36,0.8473
7MYU_ZR7,37,9.3311
7MYU_ZR7,38,9.8401
7MYU_ZR7,39,0.7661
7MYU_ZR7,4,0.7186
7MYU_ZR7,40,1.1777
7MYU_ZR7,41,1.0884
7MYU_ZR7,42,2.3397
7MYU_ZR7,43,1.0194
7MYU_ZR7,44,1.7309
7MYU_ZR7,45,9.8559
7MYU_ZR7,46,1.4343
7MYU_ZR7,47,1.0859
7MYU_ZR7,48,10.4319
7MYU_ZR7,49,9.4236
7MYU_ZR7,5,10.0234
7MYU_ZR7,50,2.0041
7MYU_ZR7,51,9.8660
7MYU_ZR7,52,1.7498
7MYU_ZR7,53,1.6486
7MYU_ZR7,54,1.9210
7MYU_ZR7,55,1.1940
7MYU_ZR7,56,1.7688
7MYU_ZR7,57,2.0015
7MYU_ZR7,58,1.3335
7MYU_ZR7,59,1.1528
7MYU_ZR7,6,2.3602
7MYU_ZR7,60,0.7255
7MYU_ZR7,61,2.1023
7MYU_ZR7,62,1.2487
7MYU_ZR7,63,9.6930
7MYU_ZR7,64,0.8186
7MYU_ZR7,65,1.1126
7MYU_ZR7,66,2.2687
7MYU_ZR7,67,0.9996
7MYU_ZR7,68,1.0943
7MYU_ZR7,69,10.0635
7MYU_ZR7,7,10.0845
7MYU_ZR7,70,2.1853
7MYU_ZR7,71,1.1611
7MYU_ZR7,72,1.0812
7MYU_ZR7,73,1.0057
7MYU_ZR7,74,0.7333
7MYU_ZR7,75,1.9198
7MYU_ZR7,76,0.7808
7MYU_ZR7,77,10.0369
7MYU_ZR7,78,0.9807
7MYU_ZR7,79,1.1643
7MYU_ZR7,8,1.1870
7MYU_ZR7,80,0.8171
7MYU_ZR7,81,0.8618
7MYU_ZR7,82,1.7243
7MYU_ZR7,83,1.2090
7MYU_ZR7,84,0.8576
7MYU_ZR7,85,10.0264
7MYU_ZR7,86,1.3794
7MYU_ZR7,87,0.8292
7MYU_ZR7,88,0.6171
7MYU_ZR7,89,1.2639
7MYU_ZR7,9,10.1362
7MYU_ZR7,90,9.6479
7MYU_ZR7,91,1.0336
7MYU_ZR7,92,9.9271
7MYU_ZR7,93,1.1044
7MYU_ZR7,94,1.2252
7MYU_ZR7,95,1.0545
7MYU_ZR7,96,9.5649
7MYU_ZR7,97,1.1140
7MYU_ZR7,98,0.7560
7MYU_ZR7,99,1.9694
7N03_ZRP,0,1.0329
7N03_ZRP,1,1.3168
7N03_ZRP,10,1.5222
7N03_ZRP,100,1.2294
7N03_ZRP,101,2.0278
7N03_ZRP,102,2.0294
7N03_ZRP,103,1.3013
7N03_ZRP,104,2.4696
7N03_ZRP,105,1.1746
7N03_ZRP,106,1.1887
7N03_ZRP,107,2.3358
7N03_ZRP,108,1.4013
7N03_ZRP,109,0.9372
7N03_ZRP,11,0.7715
7N03_ZRP,110,3.3342
7N03_ZRP,111,1.9261
7N03_ZRP,112,2.6709
7N03_ZRP,113,4.1046
7N03_ZRP,114,0.9070
7N03_ZRP,115,0.9228
7N03_ZRP,116,1.7568
7N03_ZRP,117,0.8352
7N03_ZRP,118,3.5901
7N03_ZRP,119,2.6026
7N03_ZRP,12,5.6139
7N03_ZRP,120,1.8557
7N03_ZRP,121,0.8044
7N03_ZRP,122,4.2729
7N03_ZRP,123,1.4304
7N03_ZRP,124,0.8328
7N03_ZRP,125,2.3174
7N03_ZRP,126,1.5855
7N03_ZRP,127,0.7844
7N03_ZRP,128,0.7969
7N03_ZRP,129,1.3243
7N03_ZRP,13,1.5308
7N03_ZRP,130,1.3520
7N03_ZRP,131,1.2947
7N03_ZRP,132,1.5322
7N03_ZRP,133,0.8820
7N03_ZRP,134,0.8568
7N03_ZRP,135,1.5783
7N03_ZRP,136,1.0448
7N03_ZRP,137,0.9268
7N03_ZRP,138,1.8038
7N03_ZRP,139,3.8936
7N03_ZRP,14,1.1624
7N03_ZRP,15,1.1055
7N03_ZRP,16,1.7125
7N03_ZRP,17,1.0000
7N03_ZRP,18,0.7592
7N03_ZRP,19,2.5672
7N03_ZRP,2,2.6450
7N03_ZRP,20,2.0957
7N03_ZRP,21,1.6158
7N03_ZRP,22,4.0260
7N03_ZRP,23,1.4245
7N03_ZRP,24,0.8969
7N03_ZRP,25,4.8798
7N03_ZRP,26,1.2799
7N03_ZRP,27,1.8639
7N03_ZRP,28,1.3020
7N03_ZRP,29,1.6444
7N03_ZRP,3,0.9738
7N03_ZRP,30,1.1525
7N03_ZRP,31,1.9498
7N03_ZRP,32,1.1784
7N03_ZRP,33,3.8332
7N03_ZRP,34,1.1904
7N03_ZRP,35,1.3975
7N03_ZRP,36,1.0791
7N03_ZRP,37,0.8404
7N03_ZRP,38,6.2560
7N03_ZRP,39,1.9616
7N03_ZRP,4,4.5832
7N03_ZRP,40,1.5040
7N03_ZRP,41,1.4557
7N03_ZRP,42,3.0300
7N03_ZRP,43,0.9214
7N03_ZRP,44,1.4146
7N03_ZRP,45,1.1828
7N03_ZRP,46,3.6598
7N03_ZRP,47,1.2550
7N03_ZRP,48,1.9903
7N03_ZRP,49,1.5722
7N03_ZRP,5,0.9694
7N03_ZRP,50,3.8468
7N03_ZRP,51,1.2987
7N03_ZRP,52,0.9279
7N03_ZRP,53,1.4718
7N03_ZRP,54,0.8803
7N03_ZRP,55,1.5045
7N03_ZRP,56,1.8443
7N03_ZRP,57,1.0783
7N03_ZRP,58,0.8025
7N03_ZRP,59,1.3176
7N03_ZRP,6,1.6614
7N03_ZRP,60,1.0579
7N03_ZRP,61,1.4208
7N03_ZRP,62,1.7951
7N03_ZRP,63,1.0789
7N03_ZRP,64,1.0081
7N03_ZRP,65,1.9318
7N03_ZRP,66,1.3044
7N03_ZRP,67,1.4342
7N03_ZRP,68,1.2436
7N03_ZRP,69,4.1634
7N03_ZRP,7,1.9265
7N03_ZRP,70,0.9755
7N03_ZRP,71,1.4242
7N03_ZRP,72,1.5678
7N03_ZRP,73,0.9832
7N03_ZRP,74,0.9685
7N03_ZRP,75,1.1064
7N03_ZRP,76,0.7911
7N03_ZRP,77,1.3933
7N03_ZRP,78,0.9851
7N03_ZRP,79,2.1678
7N03_ZRP,8,1.2706
7N03_ZRP,80,1.3273
7N03_ZRP,81,1.4983
7N03_ZRP,82,1.3618
7N03_ZRP,83,1.7961
7N03_ZRP,84,1.0974
7N03_ZRP,85,0.7917
7N03_ZRP,86,1.1149
7N03_ZRP,87,1.3969
7N03_ZRP,88,1.6547
7N03_ZRP,89,1.8432
7N03_ZRP,9,1.2144
7N03_ZRP,90,1.6408
7N03_ZRP,91,0.8721
7N03_ZRP,92,2.2985
7N03_ZRP,93,1.7268
7N03_ZRP,94,1.0937
7N03_ZRP,95,0.8867
7N03_ZRP,96,1.6465
7N03_ZRP,97,1.2839
7N03_ZRP,98,1.3651
7N03_ZRP,99,1.8041
7N4N_0BK,0,1.6002
7N4N_0BK,1,1.5961
7N4N_0BK,10,1.9211
7N4N_0BK,100,1.3244
7N4N_0BK,101,1.2475
7N4N_0BK,102,1.2354
7N4N_0BK,103,1.5959
7N4N_0BK,104,1.2988
7N4N_0BK,105,1.6089
7N4N_0BK,106,2.0027
7N4N_0BK,107,1.8807
7N4N_0BK,108,1.7167
7N4N_0BK,109,1.4280
7N4N_0BK,11,1.9073
7N4N_0BK,110,1.9278
7N4N_0BK,111,1.7131
7N4N_0BK,112,1.7715
7N4N_0BK,113,2.6540
7N4N_0BK,114,2.3717
7N4N_0BK,115,2.4099
7N4N_0BK,116,1.6135
7N4N_0BK,117,2.2195
7N4N_0BK,118,2.2241
7N4N_0BK,119,1.4213
7N4N_0BK,12,1.2749
7N4N_0BK,120,2.1420
7N4N_0BK,121,1.9700
7N4N_0BK,122,1.6127
7N4N_0BK,123,1.8591
7N4N_0BK,124,1.1551
7N4N_0BK,125,1.9983
7N4N_0BK,126,1.6399
7N4N_0BK,127,2.1201
7N4N_0BK,128,1.5899
7N4N_0BK,129,2.0091
7N4N_0BK,13,2.0233
7N4N_0BK,130,0.7516
7N4N_0BK,131,1.7317
7N4N_0BK,132,1.5737
7N4N_0BK,133,1.9207
7N4N_0BK,134,1.6984
7N4N_0BK,135,1.6136
7N4N_0BK,136,1.6456
7N4N_0BK,137,2.0787
7N4N_0BK,138,1.8788
7N4N_0BK,139,1.4102
7N4N_0BK,14,1.4977
7N4N_0BK,15,1.7388
7N4N_0BK,16,1.4611
7N4N_0BK,17,1.2971
7N4N_0BK,18,1.6771
7N4N_0BK,19,8.1469
7N4N_0BK,2,1.0561
7N4N_0BK,20,1.1477
7N4N_0BK,21,1.5703
7N4N_0BK,22,1.4299
7N4N_0BK,23,1.6813
7N4N_0BK,24,2.2817
7N4N_0BK,25,1.1421
7N4N_0BK,26,2.4835
7N4N_0BK,27,1.9821
7N4N_0BK,28,1.6027
7N4N_0BK,29,1.3768
7N4N_0BK,3,1.8378
7N4N_0BK,30,1.5585
7N4N_0BK,31,1.8318
7N4N_0BK,32,2.6093
7N4N_0BK,33,1.5164
7N4N_0BK,34,1.3954
7N4N_0BK,35,1.8199
7N4N_0BK,36,1.7208
7N4N_0BK,37,2.0988
7N4N_0BK,38,1.6589
7N4N_0BK,39,1.6835
7N4N_0BK,4,1.5587
7N4N_0BK,40,2.3703
7N4N_0BK,41,1.6171
7N4N_0BK,42,1.0637
7N4N_0BK,43,1.8680
7N4N_0BK,44,1.7242
7N4N_0BK,45,1.7682
7N4N_0BK,46,2.1519
7N4N_0BK,47,1.7571
7N4N_0BK,48,2.3291
7N4N_0BK,49,2.0614
7N4N_0BK,5,1.7806
7N4N_0BK,50,1.5678
7N4N_0BK,51,1.3439
7N4N_0BK,52,1.5492
7N4N_0BK,53,1.2568
7N4N_0BK,54,1.8125
7N4N_0BK,55,0.8281
7N4N_0BK,56,0.8100
7N4N_0BK,57,1.5462
7N4N_0BK,58,1.7586
7N4N_0BK,59,2.4448
7N4N_0BK,6,1.9257
7N4N_0BK,60,1.8210
7N4N_0BK,61,2.5817
7N4N_0BK,62,2.4321
7N4N_0BK,63,1.8584
7N4N_0BK,64,2.2907
7N4N_0BK,65,1.4928
7N4N_0BK,66,2.0885
7N4N_0BK,67,0.9362
7N4N_0BK,68,1.5238
7N4N_0BK,69,1.7528
7N4N_0BK,7,2.5657
7N4N_0BK,70,1.7799
7N4N_0BK,71,0.8092
7N4N_0BK,72,1.8229
7N4N_0BK,73,1.7336
7N4N_0BK,74,2.0079
7N4N_0BK,75,1.1354
7N4N_0BK,76,1.4871
7N4N_0BK,77,1.7212
7N4N_0BK,78,2.8171
7N4N_0BK,79,1.4599
7N4N_0BK,8,1.4503
7N4N_0BK,80,0.7494
7N4N_0BK,81,1.3642
7N4N_0BK,82,1.6201
7N4N_0BK,83,2.1832
7N4N_0BK,84,2.2991
7N4N_0BK,85,1.3043
7N4N_0BK,86,1.2235
7N4N_0BK,87,1.1478
7N4N_0BK,88,1.4183
7N4N_0BK,89,2.2127
7N4N_0BK,9,1.4492
7N4N_0BK,90,2.3736
7N4N_0BK,91,2.5795
7N4N_0BK,92,1.6752
7N4N_0BK,93,1.8774
7N4N_0BK,94,1.3602
7N4N_0BK,95,2.3779
7N4N_0BK,96,1.3411
7N4N_0BK,97,1.1948
7N4N_0BK,98,1.7868
7N4N_0BK,99,1.7157
7N4W_P4V,0,7.8077
7N4W_P4V,1,1.5523
7N4W_P4V,10,0.9306
7N4W_P4V,100,2.9345
7N4W_P4V,101,3.3475
7N4W_P4V,102,2.0212
7N4W_P4V,103,3.1658
7N4W_P4V,104,7.8908
7N4W_P4V,105,7.5430
7N4W_P4V,106,2.1062
7N4W_P4V,107,7.9405
7N4W_P4V,108,1.8238
7N4W_P4V,109,8.0078
7N4W_P4V,11,0.6604
7N4W_P4V,110,7.7524
7N4W_P4V,111,8.1741
7N4W_P4V,111,0.9088
7N4W_P4V,112,7.9391
7N4W_P4V,112,3.0832
7N4W_P4V,113,0.7531
7N4W_P4V,114,7.8379
7N4W_P4V,115,7.2774
7N4W_P4V,116,7.8232
7N4W_P4V,117,7.9819
7N4W_P4V,118,8.1218
7N4W_P4V,119,8.2758
7N4W_P4V,12,8.0337
7N4W_P4V,120,6.6573
7N4W_P4V,121,2.1530
7N4W_P4V,122,0.7168
7N4W_P4V,123,1.6477
7N4W_P4V,124,2.9208
7N4W_P4V,125,0.8695
7N4W_P4V,126,2.2476
7N4W_P4V,127,1.4629
7N4W_P4V,128,1.7451
7N4W_P4V,129,0.6441
7N4W_P4V,13,7.7665
7N4W_P4V,130,7.8653
7N4W_P4V,131,7.9472
7N4W_P4V,132,3.4023
7N4W_P4V,133,8.1171
7N4W_P4V,134,4.9517
7N4W_P4V,134,7.9419
7N4W_P4V,135,0.6911
7N4W_P4V,136,1.2474
7N4W_P4V,137,1.1038
7N4W_P4V,138,1.1355
7N4W_P4V,139,6.3302
7N4W_P4V,14,7.8774
7N4W_P4V,15,6.4761
7N4W_P4V,16,3.4958
7N4W_P4V,17,2.5665
7N4W_P4V,18,7.5872
7N4W_P4V,19,7.8581
7N4W_P4V,2,0.4719
7N4W_P4V,20,3.1604
7N4W_P4V,21,1.5592
7N4W_P4V,22,2.8698
7N4W_P4V,23,7.8325
7N4W_P4V,24,4.3476
7N4W_P4V,25,1.3591
7N4W_P4V,26,0.7084
7N4W_P4V,27,7.8449
7N4W_P4V,28,7.8990
7N4W_P4V,29,0.8138
7N4W_P4V,3,0.3525
7N4W_P4V,30,7.9428
7N4W_P4V,31,0.9793
7N4W_P4V,32,7.5720
7N4W_P4V,33,1.9544
7N4W_P4V,34,1.1579
7N4W_P4V,35,6.9867
7N4W_P4V,36,3.2568
7N4W_P4V,37,7.7367
7N4W_P4V,38,1.6605
7N4W_P4V,39,7.9326
7N4W_P4V,4,0.8123
7N4W_P4V,40,1.3517
7N4W_P4V,41,1.9313
7N4W_P4V,42,7.4174
7N4W_P4V,42,1.7003
7N4W_P4V,43,7.9568
7N4W_P4V,44,3.1453
7N4W_P4V,45,2.9662
7N4W_P4V,46,1.7471
7N4W_P4V,47,7.8237
7N4W_P4V,48,1.3829
7N4W_P4V,49,2.2511
7N4W_P4V,5,7.6766
7N4W_P4V,50,7.8046
7N4W_P4V,51,1.2519
7N4W_P4V,52,7.9876
7N4W_P4V,53,0.6250
7N4W_P4V,54,7.8971
7N4W_P4V,55,3.6413
7N4W_P4V,56,0.9234
7N4W_P4V,57,8.0169
7N4W_P4V,58,7.6580
7N4W_P4V,59,8.0520
7N4W_P4V,6,2.7927
7N4W_P4V,60,1.2761
7N4W_P4V,61,1.2158
7N4W_P4V,62,2.4754
7N4W_P4V,63,7.9430
7N4W_P4V,64,8.2785
7N4W_P4V,65,0.9707
7N4W_P4V,66,7.6931
7N4W_P4V,67,8.0028
7N4W_P4V,68,7.7999
7N4W_P4V,69,0.6463
7N4W_P4V,7,7.8661
7N4W_P4V,70,8.0525
7N4W_P4V,71,7.7557
7N4W_P4V,72,0.6061
7N4W_P4V,73,4.2975
7N4W_P4V,74,8.1675
7N4W_P4V,75,7.9470
7N4W_P4V,76,7.4819
7N4W_P4V,77,0.8217
7N4W_P4V,78,8.0825
7N4W_P4V,79,1.3556
7N4W_P4V,8,7.5672
7N4W_P4V,80,7.9196
7N4W_P4V,81,8.1320
7N4W_P4V,82,6.5911
7N4W_P4V,83,0.6965
7N4W_P4V,84,8.2587
7N4W_P4V,85,1.3250
7N4W_P4V,86,2.9745
7N4W_P4V,87,7.7737
7N4W_P4V,88,2.9567
7N4W_P4V,89,7.8508
7N4W_P4V,9,5.2540
7N4W_P4V,90,3.1371
7N4W_P4V,91,0.9495
7N4W_P4V,92,3.0960
7N4W_P4V,93,4.0659
7N4W_P4V,94,0.7126
7N4W_P4V,95,7.8130
7N4W_P4V,96,0.9688
7N4W_P4V,97,0.5821
7N4W_P4V,98,1.7082
7N4W_P4V,99,0.5926
7N6F_0I1,0,3.8962
7N6F_0I1,1,1.7546
7N6F_0I1,10,7.3106
7N6F_0I1,100,3.9945
7N6F_0I1,101,2.0473
7N6F_0I1,102,2.5982
7N6F_0I1,103,3.8625
7N6F_0I1,104,4.4265
7N6F_0I1,105,1.3711
7N6F_0I1,106,1.6874
7N6F_0I1,107,3.8822
7N6F_0I1,108,4.0196
7N6F_0I1,109,1.9123
7N6F_0I1,11,1.6563
7N6F_0I1,110,2.8902
7N6F_0I1,111,4.1207
7N6F_0I1,112,1.4478
7N6F_0I1,113,4.1118
7N6F_0I1,114,5.3244
7N6F_0I1,115,3.4831
7N6F_0I1,116,3.9399
7N6F_0I1,117,5.0497
7N6F_0I1,118,6.2747
7N6F_0I1,119,4.0408
7N6F_0I1,12,1.7386
7N6F_0I1,120,1.6211
7N6F_0I1,121,1.5609
7N6F_0I1,122,1.9234
7N6F_0I1,123,1.7857
7N6F_0I1,124,1.4630
7N6F_0I1,125,4.0319
7N6F_0I1,126,1.4600
7N6F_0I1,127,3.9840
7N6F_0I1,128,5.3751
7N6F_0I1,129,3.7112
7N6F_0I1,13,2.9866
7N6F_0I1,130,1.6023
7N6F_0I1,131,2.7153
7N6F_0I1,132,1.3008
7N6F_0I1,133,3.9901
7N6F_0I1,134,1.4147
7N6F_0I1,135,1.5496
7N6F_0I1,136,1.4989
7N6F_0I1,137,4.0433
7N6F_0I1,138,0.9094
7N6F_0I1,139,3.9344
7N6F_0I1,14,1.5471
7N6F_0I1,15,4.7143
7N6F_0I1,16,1.6769
7N6F_0I1,17,1.4678
7N6F_0I1,18,4.1330
7N6F_0I1,19,3.9300
7N6F_0I1,2,4.1596
7N6F_0I1,20,3.9154
7N6F_0I1,21,3.7671
7N6F_0I1,22,1.6857
7N6F_0I1,23,4.0890
7N6F_0I1,24,1.2691
7N6F_0I1,25,0.7309
7N6F_0I1,26,1.5467
7N6F_0I1,27,2.4438
7N6F_0I1,28,3.9200
7N6F_0I1,29,1.6977
7N6F_0I1,3,4.5932
7N6F_0I1,30,3.9619
7N6F_0I1,31,1.7719
7N6F_0I1,32,4.6567
7N6F_0I1,33,1.3288
7N6F_0I1,34,3.5158
7N6F_0I1,35,4.4835
7N6F_0I1,36,7.0205
7N6F_0I1,37,3.6017
7N6F_0I1,38,3.9958
7N6F_0I1,39,1.3487
7N6F_0I1,4,3.9980
7N6F_0I1,40,3.9146
7N6F_0I1,41,4.7884
7N6F_0I1,42,4.0133
7N6F_0I1,43,2.0181
7N6F_0I1,44,5.1118
7N6F_0I1,45,2.1748
7N6F_0I1,46,2.5783
7N6F_0I1,47,4.0149
7N6F_0I1,48,3.7735
7N6F_0I1,49,1.0094
7N6F_0I1,5,1.4793
7N6F_0I1,50,3.8758
7N6F_0I1,51,1.4012
7N6F_0I1,52,1.5132
7N6F_0I1,53,3.8334
7N6F_0I1,54,5.9319
7N6F_0I1,55,4.0719
7N6F_0I1,56,2.0325
7N6F_0I1,57,3.9253
7N6F_0I1,58,6.7252
7N6F_0I1,59,1.2694
7N6F_0I1,6,1.2341
7N6F_0I1,60,1.2220
7N6F_0I1,61,3.9159
7N6F_0I1,62,1.8625
7N6F_0I1,63,4.0015
7N6F_0I1,64,1.3739
7N6F_0I1,65,1.4997
7N6F_0I1,66,0.6757
7N6F_0I1,67,3.8716
7N6F_0I1,68,1.5328
7N6F_0I1,69,3.8342
7N6F_0I1,7,4.0539
7N6F_0I1,70,3.8417
7N6F_0I1,71,4.6897
7N6F_0I1,72,3.8767
7N6F_0I1,73,3.8772
7N6F_0I1,74,2.3127
7N6F_0I1,75,1.5284
7N6F_0I1,76,1.1470
7N6F_0I1,77,5.1575
7N6F_0I1,78,1.2516
7N6F_0I1,79,2.4269
7N6F_0I1,8,4.0652
7N6F_0I1,80,4.0921
7N6F_0I1,81,3.8976
7N6F_0I1,82,6.9574
7N6F_0I1,83,5.3502
7N6F_0I1,84,1.1760
7N6F_0I1,85,4.0307
7N6F_0I1,86,1.6526
7N6F_0I1,87,4.0539
7N6F_0I1,88,1.7662
7N6F_0I1,89,4.9469
7N6F_0I1,9,1.8046
7N6F_0I1,90,1.4017
7N6F_0I1,91,3.8967
7N6F_0I1,92,2.1675
7N6F_0I1,93,4.1151
7N6F_0I1,94,2.0796
7N6F_0I1,95,3.4728
7N6F_0I1,96,1.0693
7N6F_0I1,97,3.7270
7N6F_0I1,98,3.8972
7N6F_0I1,99,1.1109
7N7B_T3F,0,2.7573
7N7B_T3F,1,7.9747
7N7B_T3F,10,3.0392
7N7B_T3F,100,4.5572
7N7B_T3F,101,2.4816
7N7B_T3F,102,7.0085
7N7B_T3F,103,2.9709
7N7B_T3F,104,2.6954
7N7B_T3F,105,3.3380
7N7B_T3F,106,3.0725
7N7B_T3F,107,2.8082
7N7B_T3F,108,4.0004
7N7B_T3F,109,2.4515
7N7B_T3F,11,2.5892
7N7B_T3F,110,8.1154
7N7B_T3F,111,2.4519
7N7B_T3F,112,3.0946
7N7B_T3F,113,2.2981
7N7B_T3F,114,1.7549
7N7B_T3F,115,7.0500
7N7B_T3F,116,7.4454
7N7B_T3F,117,2.3435
7N7B_T3F,118,1.8592
7N7B_T3F,119,7.9197
7N7B_T3F,12,8.9982
7N7B_T3F,120,3.5086
7N7B_T3F,121,3.5724
7N7B_T3F,122,2.5555
7N7B_T3F,122,2.5001
7N7B_T3F,123,4.3928
7N7B_T3F,124,7.7860
7N7B_T3F,125,2.9235
7N7B_T3F,126,3.2691
7N7B_T3F,127,2.4366
7N7B_T3F,128,2.5013
7N7B_T3F,129,1.9335
7N7B_T3F,13,3.3372
7N7B_T3F,130,3.0737
7N7B_T3F,131,3.3202
7N7B_T3F,132,3.2695
7N7B_T3F,133,7.7323
7N7B_T3F,134,1.2430
7N7B_T3F,135,3.5053
7N7B_T3F,136,7.6123
7N7B_T3F,137,4.3335
7N7B_T3F,138,2.3253
7N7B_T3F,139,3.7683
7N7B_T3F,14,3.3763
7N7B_T3F,15,3.5835
7N7B_T3F,16,6.8039
7N7B_T3F,17,8.1234
7N7B_T3F,18,2.2041
7N7B_T3F,19,3.2108
7N7B_T3F,2,2.0037
7N7B_T3F,20,3.2458
7N7B_T3F,21,2.7497
7N7B_T3F,22,3.5897
7N7B_T3F,23,9.2396
7N7B_T3F,24,3.0891
7N7B_T3F,25,2.9343
7N7B_T3F,26,2.7517
7N7B_T3F,27,3.0169
7N7B_T3F,28,2.8112
7N7B_T3F,29,3.0055
7N7B_T3F,3,8.8379
7N7B_T3F,30,4.4265
7N7B_T3F,31,2.0410
7N7B_T3F,32,3.3086
7N7B_T3F,33,2.6557
7N7B_T3F,34,4.9569
7N7B_T3F,35,2.9981
7N7B_T3F,36,7.6144
7N7B_T3F,37,1.5924
7N7B_T3F,38,2.9709
7N7B_T3F,39,2.1197
7N7B_T3F,4,4.8231
7N7B_T3F,40,4.0763
7N7B_T3F,41,2.5671
7N7B_T3F,42,2.2487
7N7B_T3F,43,3.0625
7N7B_T3F,44,6.3302
7N7B_T3F,45,6.0061
7N7B_T3F,46,5.7062
7N7B_T3F,47,3.6918
7N7B_T3F,48,7.0090
7N7B_T3F,49,3.1727
7N7B_T3F,5,2.4883
7N7B_T3F,50,6.1238
7N7B_T3F,51,2.5641
7N7B_T3F,52,3.4475
7N7B_T3F,53,7.2219
7N7B_T3F,54,2.8424
7N7B_T3F,55,7.4050
7N7B_T3F,56,3.0872
7N7B_T3F,57,3.1161
7N7B_T3F,58,4.1979
7N7B_T3F,59,2.9064
7N7B_T3F,6,3.5627
7N7B_T3F,60,8.2456
7N7B_T3F,61,6.0633
7N7B_T3F,62,1.7770
7N7B_T3F,63,1.6718
7N7B_T3F,64,3.6005
7N7B_T3F,65,2.4213
7N7B_T3F,66,4.0871
7N7B_T3F,67,3.9770
7N7B_T3F,68,1.9366
7N7B_T3F,69,2.7419
7N7B_T3F,7,5.1477
7N7B_T3F,70,3.7684
7N7B_T3F,71,2.4880
7N7B_T3F,72,7.9577
7N7B_T3F,73,2.7219
7N7B_T3F,74,3.2195
7N7B_T3F,75,3.7124
7N7B_T3F,76,8.0545
7N7B_T3F,77,3.2261
7N7B_T3F,78,3.4774
7N7B_T3F,79,2.4811
7N7B_T3F,8,2.5313
7N7B_T3F,80,3.0482
7N7B_T3F,81,2.6967
7N7B_T3F,82,2.9105
7N7B_T3F,83,1.3875
7N7B_T3F,84,8.3170
7N7B_T3F,85,7.4983
7N7B_T3F,86,3.5953
7N7B_T3F,87,7.9239
7N7B_T3F,88,4.3677
7N7B_T3F,89,4.8990
7N7B_T3F,9,7.5786
7N7B_T3F,90,2.8395
7N7B_T3F,91,2.9638
7N7B_T3F,92,3.5470
7N7B_T3F,93,2.9515
7N7B_T3F,94,2.2098
7N7B_T3F,95,4.7250
7N7B_T3F,96,2.1693
7N7B_T3F,97,3.0609
7N7B_T3F,98,3.2754
7N7B_T3F,99,7.8479
7N7H_CTP,0,2.0632
7N7H_CTP,1,1.7179
7N7H_CTP,10,1.3952
7N7H_CTP,100,2.1077
7N7H_CTP,101,2.2376
7N7H_CTP,102,0.9459
7N7H_CTP,103,1.4889
7N7H_CTP,104,1.4279
7N7H_CTP,105,1.7018
7N7H_CTP,106,2.3636
7N7H_CTP,107,8.2903
7N7H_CTP,108,1.9425
7N7H_CTP,109,2.5950
7N7H_CTP,11,2.0122
7N7H_CTP,110,2.1222
7N7H_CTP,111,2.3969
7N7H_CTP,112,2.2918
7N7H_CTP,113,1.7397
7N7H_CTP,114,8.3838
7N7H_CTP,115,1.2947
7N7H_CTP,116,1.9233
7N7H_CTP,117,1.0644
7N7H_CTP,118,1.2821
7N7H_CTP,119,1.1197
7N7H_CTP,12,1.9729
7N7H_CTP,120,2.1289
7N7H_CTP,121,8.5537
7N7H_CTP,122,2.6030
7N7H_CTP,123,2.1915
7N7H_CTP,124,1.8168
7N7H_CTP,125,1.5083
7N7H_CTP,126,1.3066
7N7H_CTP,127,1.9254
7N7H_CTP,128,1.6781
7N7H_CTP,128,1.7644
7N7H_CTP,129,1.8564
7N7H_CTP,13,1.0631
7N7H_CTP,130,1.6370
7N7H_CTP,131,1.3816
7N7H_CTP,132,8.5813
7N7H_CTP,133,2.6602
7N7H_CTP,134,1.6556
7N7H_CTP,135,1.0941
7N7H_CTP,136,2.1750
7N7H_CTP,137,1.0756
7N7H_CTP,138,2.0734
7N7H_CTP,139,1.2318
7N7H_CTP,14,1.6113
7N7H_CTP,15,1.4478
7N7H_CTP,16,2.2095
7N7H_CTP,17,1.3249
7N7H_CTP,18,1.5464
7N7H_CTP,19,1.4841
7N7H_CTP,2,1.4163
7N7H_CTP,20,2.0244
7N7H_CTP,21,2.3262
7N7H_CTP,22,2.3938
7N7H_CTP,23,0.8823
7N7H_CTP,24,1.5501
7N7H_CTP,25,1.9087
7N7H_CTP,26,1.2632
7N7H_CTP,27,1.2613
7N7H_CTP,28,2.1047
7N7H_CTP,29,1.3936
7N7H_CTP,3,1.3337
7N7H_CTP,30,7.2668
7N7H_CTP,31,1.3700
7N7H_CTP,32,1.4904
7N7H_CTP,33,1.7093
7N7H_CTP,34,1.3895
7N7H_CTP,35,1.7627
7N7H_CTP,36,1.5640
7N7H_CTP,37,1.4020
7N7H_CTP,38,2.2881
7N7H_CTP,39,8.5359
7N7H_CTP,4,1.6560
7N7H_CTP,40,1.7900
7N7H_CTP,41,2.0642
7N7H_CTP,42,1.7093
7N7H_CTP,43,0.6284
7N7H_CTP,44,2.0561
7N7H_CTP,45,1.8877
7N7H_CTP,46,2.0453
7N7H_CTP,47,1.8393
7N7H_CTP,48,2.3589
7N7H_CTP,49,1.8407
7N7H_CTP,5,1.8351
7N7H_CTP,50,1.9999
7N7H_CTP,51,1.2747
7N7H_CTP,52,1.8414
7N7H_CTP,53,1.8824
7N7H_CTP,54,1.5824
7N7H_CTP,55,2.0453
7N7H_CTP,56,1.5682
7N7H_CTP,57,1.7982
7N7H_CTP,58,1.7446
7N7H_CTP,59,1.9466
7N7H_CTP,6,1.7953
7N7H_CTP,60,1.9024
7N7H_CTP,61,1.7762
7N7H_CTP,62,8.1994
7N7H_CTP,63,1.9521
7N7H_CTP,64,1.7677
7N7H_CTP,65,2.1567
7N7H_CTP,66,1.3205
7N7H_CTP,67,1.1749
7N7H_CTP,68,1.1511
7N7H_CTP,69,2.0737
7N7H_CTP,7,2.0105
7N7H_CTP,70,1.5726
7N7H_CTP,71,1.7051
7N7H_CTP,72,1.2140
7N7H_CTP,73,2.1582
7N7H_CTP,74,1.7893
7N7H_CTP,75,1.2842
7N7H_CTP,76,1.6805
7N7H_CTP,77,1.7820
7N7H_CTP,78,8.4098
7N7H_CTP,79,2.0424
7N7H_CTP,8,2.0327
7N7H_CTP,80,1.6226
7N7H_CTP,81,2.5006
7N7H_CTP,82,2.4914
7N7H_CTP,83,1.1064
7N7H_CTP,84,1.7577
7N7H_CTP,85,1.7136
7N7H_CTP,86,1.5380
7N7H_CTP,87,2.3652
7N7H_CTP,88,1.8376
7N7H_CTP,89,2.0288
7N7H_CTP,9,1.7720
7N7H_CTP,90,2.0392
7N7H_CTP,91,1.6152
7N7H_CTP,92,2.1504
7N7H_CTP,93,2.0221
7N7H_CTP,94,2.0110
7N7H_CTP,95,1.0303
7N7H_CTP,96,2.3467
7N7H_CTP,97,2.4188
7N7H_CTP,98,0.9912
7N7H_CTP,99,1.8345
7NF0_BYN,0,4.5435
7NF0_BYN,1,4.5590
7NF0_BYN,10,4.5192
7NF0_BYN,100,4.5680
7NF0_BYN,101,4.3899
7NF0_BYN,102,4.5927
7NF0_BYN,103,4.4592
7NF0_BYN,104,5.1157
7NF0_BYN,105,4.2169
7NF0_BYN,106,4.5350
7NF0_BYN,107,4.5398
7NF0_BYN,108,4.5793
7NF0_BYN,109,4.4473
7NF0_BYN,11,1.2738
7NF0_BYN,110,1.1662
7NF0_BYN,111,4.6047
7NF0_BYN,112,4.5252
7NF0_BYN,113,4.5390
7NF0_BYN,114,4.5702
7NF0_BYN,115,4.4536
7NF0_BYN,116,1.2851
7NF0_BYN,117,4.5492
7NF0_BYN,118,1.4137
7NF0_BYN,119,4.4921
7NF0_BYN,12,1.4688
7NF0_BYN,120,1.4728
7NF0_BYN,121,4.4511
7NF0_BYN,122,4.5012
7NF0_BYN,123,1.1338
7NF0_BYN,124,4.6300
7NF0_BYN,125,4.4056
7NF0_BYN,126,4.4918
7NF0_BYN,127,4.5392
7NF0_BYN,128,4.4802
7NF0_BYN,129,4.5451
7NF0_BYN,13,1.2920
7NF0_BYN,130,4.4247
7NF0_BYN,131,1.5143
7NF0_BYN,132,4.5147
7NF0_BYN,133,4.5356
7NF0_BYN,134,4.5179
7NF0_BYN,135,4.4821
7NF0_BYN,136,4.4141
7NF0_BYN,137,1.3533
7NF0_BYN,138,1.4014
7NF0_BYN,139,4.5454
7NF0_BYN,14,1.2852
7NF0_BYN,15,1.3023
7NF0_BYN,16,4.6759
7NF0_BYN,17,4.5202
7NF0_BYN,18,4.5473
7NF0_BYN,19,1.4199
7NF0_BYN,2,1.3318
7NF0_BYN,20,4.3262
7NF0_BYN,21,1.1282
7NF0_BYN,22,4.4072
7NF0_BYN,23,4.5712
7NF0_BYN,24,1.1277
7NF0_BYN,25,4.4892
7NF0_BYN,26,4.5931
7NF0_BYN,27,4.5730
7NF0_BYN,28,1.4822
7NF0_BYN,29,4.5969
7NF0_BYN,3,4.4916
7NF0_BYN,30,1.3033
7NF0_BYN,31,4.3677
7NF0_BYN,32,4.4689
7NF0_BYN,33,1.6470
7NF0_BYN,34,1.8276
7NF0_BYN,35,4.6072
7NF0_BYN,36,4.6452
7NF0_BYN,37,4.5602
7NF0_BYN,38,4.4074
7NF0_BYN,39,1.0831
7NF0_BYN,4,4.4839
7NF0_BYN,40,4.4662
7NF0_BYN,41,4.5849
7NF0_BYN,42,4.6423
7NF0_BYN,43,3.8444
7NF0_BYN,44,4.5386
7NF0_BYN,45,1.1788
7NF0_BYN,46,4.4360
7NF0_BYN,47,2.4580
7NF0_BYN,48,4.4852
7NF0_BYN,49,1.3065
7NF0_BYN,5,1.7078
7NF0_BYN,50,4.5158
7NF0_BYN,51,1.8704
7NF0_BYN,52,4.4776
7NF0_BYN,53,1.4366
7NF0_BYN,54,4.5061
7NF0_BYN,55,4.5484
7NF0_BYN,56,4.4739
7NF0_BYN,57,4.5505
7NF0_BYN,58,4.5884
7NF0_BYN,59,4.7926
7NF0_BYN,6,0.8763
7NF0_BYN,60,1.3884
7NF0_BYN,61,1.3405
7NF0_BYN,62,4.5937
7NF0_BYN,63,4.5086
7NF0_BYN,64,1.2409
7NF0_BYN,65,4.5221
7NF0_BYN,66,4.5353
7NF0_BYN,67,4.5399
7NF0_BYN,68,4.5245
7NF0_BYN,69,4.6463
7NF0_BYN,7,4.5912
7NF0_BYN,70,3.2810
7NF0_BYN,71,4.4911
7NF0_BYN,72,1.2072
7NF0_BYN,73,4.6190
7NF0_BYN,74,2.2878
7NF0_BYN,75,4.6113
7NF0_BYN,76,1.5930
7NF0_BYN,77,4.4011
7NF0_BYN,78,4.5611
7NF0_BYN,79,3.8742
7NF0_BYN,8,4.4797
7NF0_BYN,80,4.5345
7NF0_BYN,81,4.5211
7NF0_BYN,82,4.5091
7NF0_BYN,83,1.1293
7NF0_BYN,84,1.0830
7NF0_BYN,85,4.5525
7NF0_BYN,86,1.0719
7NF0_BYN,87,1.0421
7NF0_BYN,88,4.4991
7NF0_BYN,89,1.2191
7NF0_BYN,9,5.3413
7NF0_BYN,90,1.5547
7NF0_BYN,91,4.4112
7NF0_BYN,92,4.4314
7NF0_BYN,93,4.5402
7NF0_BYN,94,4.6048
7NF0_BYN,95,4.4781
7NF0_BYN,96,4.5772
7NF0_BYN,97,4.5374
7NF0_BYN,98,4.5023
7NF0_BYN,99,1.5771
7NF3_4LU,0,4.8411
7NF3_4LU,1,4.5650
7NF3_4LU,10,4.5186
7NF3_4LU,100,4.6422
7NF3_4LU,101,4.4745
7NF3_4LU,102,3.9514
7NF3_4LU,103,2.5651
7NF3_4LU,104,4.6316
7NF3_4LU,105,4.5282
7NF3_4LU,106,4.5631
7NF3_4LU,107,4.5408
7NF3_4LU,108,4.6561
7NF3_4LU,109,4.5369
7NF3_4LU,11,4.5422
7NF3_4LU,110,4.5562
7NF3_4LU,111,4.5467
7NF3_4LU,112,4.5650
7NF3_4LU,113,1.3862
7NF3_4LU,114,4.6945
7NF3_4LU,115,4.5552
7NF3_4LU,116,4.6241
7NF3_4LU,117,4.6199
7NF3_4LU,118,4.5227
7NF3_4LU,119,4.5829
7NF3_4LU,12,4.6947
7NF3_4LU,120,4.7157
7NF3_4LU,121,4.6426
7NF3_4LU,122,1.4953
7NF3_4LU,123,4.5282
7NF3_4LU,124,4.4800
7NF3_4LU,125,4.6081
7NF3_4LU,126,4.6980
7NF3_4LU,127,4.5857
7NF3_4LU,128,4.4914
7NF3_4LU,129,1.4460
7NF3_4LU,13,1.1276
7NF3_4LU,130,4.5896
7NF3_4LU,131,4.5750
7NF3_4LU,132,1.3642
7NF3_4LU,132,1.3992
7NF3_4LU,133,4.5186
7NF3_4LU,134,4.6107
7NF3_4LU,135,4.4908
7NF3_4LU,136,4.5016
7NF3_4LU,137,4.5959
7NF3_4LU,138,4.5639
7NF3_4LU,139,4.8223
7NF3_4LU,14,4.6330
7NF3_4LU,15,4.5198
7NF3_4LU,16,4.9764
7NF3_4LU,17,4.4529
7NF3_4LU,18,4.5742
7NF3_4LU,19,4.5037
7NF3_4LU,2,4.6481
7NF3_4LU,20,4.4161
7NF3_4LU,21,4.4048
7NF3_4LU,22,4.5578
7NF3_4LU,23,4.5934
7NF3_4LU,24,4.5246
7NF3_4LU,25,4.6087
7NF3_4LU,26,4.4858
7NF3_4LU,27,0.9124
7NF3_4LU,28,4.5440
7NF3_4LU,29,4.4727
7NF3_4LU,3,4.6240
7NF3_4LU,30,4.6761
7NF3_4LU,31,4.6133
7NF3_4LU,32,4.5570
7NF3_4LU,33,4.4682
7NF3_4LU,34,4.5743
7NF3_4LU,35,1.1563
7NF3_4LU,36,4.6510
7NF3_4LU,37,4.5483
7NF3_4LU,38,4.5175
7NF3_4LU,39,4.6233
7NF3_4LU,4,4.5634
7NF3_4LU,40,2.0245
7NF3_4LU,41,4.5028
7NF3_4LU,42,4.6566
7NF3_4LU,43,4.5387
7NF3_4LU,44,4.5111
7NF3_4LU,45,1.5900
7NF3_4LU,46,4.5455
7NF3_4LU,47,4.5151
7NF3_4LU,48,4.5528
7NF3_4LU,49,4.4998
7NF3_4LU,5,1.2564
7NF3_4LU,50,4.4150
7NF3_4LU,51,4.5410
7NF3_4LU,52,4.4139
7NF3_4LU,53,4.5187
7NF3_4LU,54,5.4470
7NF3_4LU,55,1.2972
7NF3_4LU,56,4.4958
7NF3_4LU,57,4.5105
7NF3_4LU,58,4.6294
7NF3_4LU,59,4.6106
7NF3_4LU,6,1.7431
7NF3_4LU,60,4.6299
7NF3_4LU,61,4.5936
7NF3_4LU,62,4.6342
7NF3_4LU,63,4.5235
7NF3_4LU,64,4.5311
7NF3_4LU,65,4.5633
7NF3_4LU,66,1.3089
7NF3_4LU,67,4.8083
7NF3_4LU,68,4.5250
7NF3_4LU,69,4.6921
7NF3_4LU,7,4.6053
7NF3_4LU,70,4.5017
7NF3_4LU,71,4.5565
7NF3_4LU,72,4.6077
7NF3_4LU,73,4.5179
7NF3_4LU,74,4.4915
7NF3_4LU,75,4.5464
7NF3_4LU,76,4.5840
7NF3_4LU,77,4.5403
7NF3_4LU,78,4.5680
7NF3_4LU,79,1.2855
7NF3_4LU,8,0.9732
7NF3_4LU,80,1.4059
7NF3_4LU,81,1.0286
7NF3_4LU,82,1.6593
7NF3_4LU,83,4.6170
7NF3_4LU,84,4.5222
7NF3_4LU,85,4.4598
7NF3_4LU,86,4.5630
7NF3_4LU,87,4.5213
7NF3_4LU,88,4.5691
7NF3_4LU,89,4.5902
7NF3_4LU,9,4.4610
7NF3_4LU,90,4.5051
7NF3_4LU,91,4.6373
7NF3_4LU,92,3.6537
7NF3_4LU,93,4.6075
7NF3_4LU,94,4.4885
7NF3_4LU,95,4.6063
7NF3_4LU,96,3.9131
7NF3_4LU,97,4.5928
7NF3_4LU,98,4.4885
7NF3_4LU,99,4.5279
7NFB_GEN,0,0.3885
7NFB_GEN,1,0.2759
7NFB_GEN,10,0.1989
7NFB_GEN,100,2.2480
7NFB_GEN,101,2.2203
7NFB_GEN,102,2.2290
7NFB_GEN,103,2.2505
7NFB_GEN,104,2.3299
7NFB_GEN,105,0.5615
7NFB_GEN,106,6.7413
7NFB_GEN,107,2.2337
7NFB_GEN,108,2.2238
7NFB_GEN,109,0.4572
7NFB_GEN,11,0.5904
7NFB_GEN,110,2.2582
7NFB_GEN,111,2.2341
7NFB_GEN,112,0.5534
7NFB_GEN,113,2.2561
7NFB_GEN,114,2.2405
7NFB_GEN,115,1.0804
7NFB_GEN,116,2.2646
7NFB_GEN,117,2.2340
7NFB_GEN,118,2.2597
7NFB_GEN,119,2.2332
7NFB_GEN,12,2.2294
7NFB_GEN,120,0.2757
7NFB_GEN,121,2.2213
7NFB_GEN,122,2.2368
7NFB_GEN,123,2.2237
7NFB_GEN,124,0.7858
7NFB_GEN,125,2.2336
7NFB_GEN,126,2.2594
7NFB_GEN,127,2.2376
7NFB_GEN,128,2.2529
7NFB_GEN,129,2.2833
7NFB_GEN,13,2.3117
7NFB_GEN,130,0.4308
7NFB_GEN,131,0.4568
7NFB_GEN,132,2.2297
7NFB_GEN,133,2.2378
7NFB_GEN,134,2.2369
7NFB_GEN,135,2.2122
7NFB_GEN,136,2.2259
7NFB_GEN,137,2.2746
7NFB_GEN,138,2.2325
7NFB_GEN,139,2.2608
7NFB_GEN,14,2.2243
7NFB_GEN,15,2.2218
7NFB_GEN,16,2.2351
7NFB_GEN,17,2.2589
7NFB_GEN,18,2.7780
7NFB_GEN,19,2.2142
7NFB_GEN,2,2.2288
7NFB_GEN,20,2.1952
7NFB_GEN,21,0.6881
7NFB_GEN,22,2.2263
7NFB_GEN,23,0.4640
7NFB_GEN,24,2.2686
7NFB_GEN,25,2.2154
7NFB_GEN,26,2.2967
7NFB_GEN,27,0.3369
7NFB_GEN,28,0.2335
7NFB_GEN,29,2.2508
7NFB_GEN,3,2.2306
7NFB_GEN,30,2.2374
7NFB_GEN,31,2.4307
7NFB_GEN,32,2.2254
7NFB_GEN,33,2.5777
7NFB_GEN,34,0.2610
7NFB_GEN,35,2.2583
7NFB_GEN,36,0.3073
7NFB_GEN,37,1.0819
7NFB_GEN,38,0.2737
7NFB_GEN,39,0.4813
7NFB_GEN,4,2.2200
7NFB_GEN,40,2.2485
7NFB_GEN,41,2.2211
7NFB_GEN,42,0.3196
7NFB_GEN,43,2.4509
7NFB_GEN,44,2.9584
7NFB_GEN,45,2.2224
7NFB_GEN,46,2.2233
7NFB_GEN,47,2.2318
7NFB_GEN,48,0.8089
7NFB_GEN,49,0.4175
7NFB_GEN,5,2.2364
7NFB_GEN,50,2.2312
7NFB_GEN,51,2.2607
7NFB_GEN,52,2.3217
7NFB_GEN,53,2.2395
7NFB_GEN,54,2.2302
7NFB_GEN,55,2.2298
7NFB_GEN,56,0.3631
7NFB_GEN,57,2.2337
7NFB_GEN,58,0.2319
7NFB_GEN,59,2.2374
7NFB_GEN,6,0.3068
7NFB_GEN,60,2.2436
7NFB_GEN,61,2.2206
7NFB_GEN,62,0.3747
7NFB_GEN,63,2.2190
7NFB_GEN,64,1.7837
7NFB_GEN,65,0.5591
7NFB_GEN,66,0.3931
7NFB_GEN,67,2.2600
7NFB_GEN,68,2.2534
7NFB_GEN,69,2.2191
7NFB_GEN,7,2.3874
7NFB_GEN,70,0.2642
7NFB_GEN,71,0.7387
7NFB_GEN,72,2.2424
7NFB_GEN,73,0.3356
7NFB_GEN,74,2.2210
7NFB_GEN,75,2.2282
7NFB_GEN,76,2.2511
7NFB_GEN,77,2.2245
7NFB_GEN,78,2.1938
7NFB_GEN,79,0.1920
7NFB_GEN,8,2.2184
7NFB_GEN,80,2.2889
7NFB_GEN,81,2.2177
7NFB_GEN,82,1.5560
7NFB_GEN,83,2.2272
7NFB_GEN,84,0.8557
7NFB_GEN,85,0.7699
7NFB_GEN,86,2.2193
7NFB_GEN,87,2.2253
7NFB_GEN,88,2.2248
7NFB_GEN,89,2.2209
7NFB_GEN,9,2.2444
7NFB_GEN,90,2.2590
7NFB_GEN,91,2.2369
7NFB_GEN,92,2.2758
7NFB_GEN,93,2.2304
7NFB_GEN,94,2.2380
7NFB_GEN,95,1.3427
7NFB_GEN,96,2.2318
7NFB_GEN,97,2.2185
7NFB_GEN,98,0.7382
7NFB_GEN,99,2.2189
7NGW_UAW,0,6.8577
7NGW_UAW,1,7.0056
7NGW_UAW,10,6.9475
7NGW_UAW,100,6.9016
7NGW_UAW,101,6.9456
7NGW_UAW,102,7.0605
7NGW_UAW,103,6.9806
7NGW_UAW,104,6.9653
7NGW_UAW,105,6.7915
7NGW_UAW,106,6.9831
7NGW_UAW,107,6.9858
7NGW_UAW,108,6.8787
7NGW_UAW,109,6.9282
7NGW_UAW,11,6.9845
7NGW_UAW,110,6.9321
7NGW_UAW,111,6.8646
7NGW_UAW,112,7.1037
7NGW_UAW,113,7.0761
7NGW_UAW,114,6.9326
7NGW_UAW,115,6.9513
7NGW_UAW,116,6.8888
7NGW_UAW,117,6.9592
7NGW_UAW,118,6.9907
7NGW_UAW,119,6.6702
7NGW_UAW,12,1.2137
7NGW_UAW,120,6.6008
7NGW_UAW,121,6.9507
7NGW_UAW,122,6.9792
7NGW_UAW,123,6.9382
7NGW_UAW,124,6.9574
7NGW_UAW,125,6.9627
7NGW_UAW,126,6.9603
7NGW_UAW,127,7.0208
7NGW_UAW,128,6.9056
7NGW_UAW,129,6.9620
7NGW_UAW,13,6.9795
7NGW_UAW,130,6.7234
7NGW_UAW,131,6.9654
7NGW_UAW,132,6.9906
7NGW_UAW,133,6.9926
7NGW_UAW,134,6.9792
7NGW_UAW,135,6.9516
7NGW_UAW,136,6.9665
7NGW_UAW,137,6.7371
7NGW_UAW,138,6.9000
7NGW_UAW,139,7.0127
7NGW_UAW,14,7.0153
7NGW_UAW,15,6.9371
7NGW_UAW,16,6.9417
7NGW_UAW,17,6.9124
7NGW_UAW,18,6.9797
7NGW_UAW,19,6.9317
7NGW_UAW,2,6.9412
7NGW_UAW,20,1.1551
7NGW_UAW,21,7.0743
7NGW_UAW,22,7.0388
7NGW_UAW,23,7.0373
7NGW_UAW,24,6.9865
7NGW_UAW,25,6.8118
7NGW_UAW,26,7.0812
7NGW_UAW,27,7.0341
7NGW_UAW,28,7.0139
7NGW_UAW,29,6.9888
7NGW_UAW,3,6.7249
7NGW_UAW,30,6.9676
7NGW_UAW,31,6.9137
7NGW_UAW,32,6.8446
7NGW_UAW,33,7.0250
7NGW_UAW,34,7.0363
7NGW_UAW,35,6.9196
7NGW_UAW,36,7.0048
7NGW_UAW,37,7.0291
7NGW_UAW,38,6.8879
7NGW_UAW,39,6.9423
7NGW_UAW,4,7.0422
7NGW_UAW,40,6.9983
7NGW_UAW,41,6.9119
7NGW_UAW,42,7.0861
7NGW_UAW,43,0.8247
7NGW_UAW,44,6.9230
7NGW_UAW,45,6.9205
7NGW_UAW,46,6.9715
7NGW_UAW,47,6.8326
7NGW_UAW,48,6.8846
7NGW_UAW,49,6.9935
7NGW_UAW,5,7.0150
7NGW_UAW,50,7.0055
7NGW_UAW,51,7.0811
7NGW_UAW,52,6.9277
7NGW_UAW,53,7.0157
7NGW_UAW,54,6.9549
7NGW_UAW,55,6.9803
7NGW_UAW,56,6.9743
7NGW_UAW,57,6.8981
7NGW_UAW,58,6.9798
7NGW_UAW,59,7.0416
7NGW_UAW,6,6.8489
7NGW_UAW,60,7.1327
7NGW_UAW,61,6.7737
7NGW_UAW,62,7.1390
7NGW_UAW,63,7.0145
7NGW_UAW,64,6.9277
7NGW_UAW,65,6.9586
7NGW_UAW,66,6.9489
7NGW_UAW,67,6.9019
7NGW_UAW,68,6.7559
7NGW_UAW,69,6.9065
7NGW_UAW,7,6.6970
7NGW_UAW,70,6.9966
7NGW_UAW,71,6.9875
7NGW_UAW,72,6.7581
7NGW_UAW,73,6.8441
7NGW_UAW,74,7.0785
7NGW_UAW,75,6.8613
7NGW_UAW,76,6.7913
7NGW_UAW,77,6.7000
7NGW_UAW,78,6.7369
7NGW_UAW,79,7.0248
7NGW_UAW,8,7.0186
7NGW_UAW,80,6.9871
7NGW_UAW,81,7.0105
7NGW_UAW,82,6.9632
7NGW_UAW,83,6.8934
7NGW_UAW,84,6.9988
7NGW_UAW,85,6.9439
7NGW_UAW,86,6.9804
7NGW_UAW,87,6.7184
7NGW_UAW,88,6.9989
7NGW_UAW,89,6.9451
7NGW_UAW,9,6.9148
7NGW_UAW,90,6.9653
7NGW_UAW,91,7.0543
7NGW_UAW,92,6.9932
7NGW_UAW,93,6.9053
7NGW_UAW,94,6.9649
7NGW_UAW,95,7.0399
7NGW_UAW,96,6.8478
7NGW_UAW,97,7.0285
7NGW_UAW,98,6.9602
7NGW_UAW,99,6.9603
7NGW_UAW,99,6.9419
7NLV_UJE,0,1.1367
7NLV_UJE,1,1.2624
7NLV_UJE,10,0.6084
7NLV_UJE,100,1.2751
7NLV_UJE,101,1.4116
7NLV_UJE,102,1.9018
7NLV_UJE,103,1.1064
7NLV_UJE,104,1.4533
7NLV_UJE,105,1.0500
7NLV_UJE,106,0.9494
7NLV_UJE,107,1.0096
7NLV_UJE,108,2.8825
7NLV_UJE,109,2.2618
7NLV_UJE,11,1.2422
7NLV_UJE,110,0.9969
7NLV_UJE,111,0.8933
7NLV_UJE,112,0.9821
7NLV_UJE,113,1.2273
7NLV_UJE,114,1.4987
7NLV_UJE,114,1.2000
7NLV_UJE,115,0.9496
7NLV_UJE,116,1.1493
7NLV_UJE,117,0.8510
7NLV_UJE,118,1.4285
7NLV_UJE,119,1.2450
7NLV_UJE,12,1.3198
7NLV_UJE,120,1.1808
7NLV_UJE,121,1.6231
7NLV_UJE,122,1.0454
7NLV_UJE,123,2.2329
7NLV_UJE,124,1.6033
7NLV_UJE,125,2.0806
7NLV_UJE,126,1.5837
7NLV_UJE,127,0.8365
7NLV_UJE,128,1.0582
7NLV_UJE,129,1.3452
7NLV_UJE,13,1.2337
7NLV_UJE,130,0.8964
7NLV_UJE,131,1.3406
7NLV_UJE,132,1.0855
7NLV_UJE,133,1.1244
7NLV_UJE,134,1.3641
7NLV_UJE,135,1.5063
7NLV_UJE,136,1.7361
7NLV_UJE,137,1.4330
7NLV_UJE,138,0.7326
7NLV_UJE,139,1.9335
7NLV_UJE,14,0.9959
7NLV_UJE,15,1.2188
7NLV_UJE,16,1.5641
7NLV_UJE,17,1.2238
7NLV_UJE,18,1.5067
7NLV_UJE,19,1.3487
7NLV_UJE,2,1.0393
7NLV_UJE,20,1.0467
7NLV_UJE,21,1.3237
7NLV_UJE,22,1.1464
7NLV_UJE,23,1.4016
7NLV_UJE,24,1.4551
7NLV_UJE,25,1.1956
7NLV_UJE,26,1.3540
7NLV_UJE,27,0.9271
7NLV_UJE,28,1.4957
7NLV_UJE,29,1.2862
7NLV_UJE,3,2.1355
7NLV_UJE,30,1.0256
7NLV_UJE,31,0.8105
7NLV_UJE,32,2.2034
7NLV_UJE,33,2.5168
7NLV_UJE,34,1.0065
7NLV_UJE,35,1.3881
7NLV_UJE,36,1.0539
7NLV_UJE,37,1.0013
7NLV_UJE,38,0.8536
7NLV_UJE,39,1.1576
7NLV_UJE,4,1.2702
7NLV_UJE,40,1.4458
7NLV_UJE,41,1.0239
7NLV_UJE,42,0.9677
7NLV_UJE,43,1.2724
7NLV_UJE,44,0.7783
7NLV_UJE,45,1.3392
7NLV_UJE,46,1.2970
7NLV_UJE,47,1.0966
7NLV_UJE,48,2.3512
7NLV_UJE,49,0.7747
7NLV_UJE,5,1.1090
7NLV_UJE,50,1.7189
7NLV_UJE,51,0.8609
7NLV_UJE,52,2.0144
7NLV_UJE,53,1.3728
7NLV_UJE,54,1.3116
7NLV_UJE,55,1.1577
7NLV_UJE,56,0.7584
7NLV_UJE,57,1.3012
7NLV_UJE,58,1.1775
7NLV_UJE,59,1.4734
7NLV_UJE,6,0.9112
7NLV_UJE,60,1.3767
7NLV_UJE,61,0.9756
7NLV_UJE,62,1.1923
7NLV_UJE,63,1.2954
7NLV_UJE,64,1.4212
7NLV_UJE,65,1.2041
7NLV_UJE,66,1.0249
7NLV_UJE,67,2.2686
7NLV_UJE,68,1.3910
7NLV_UJE,69,1.2665
7NLV_UJE,7,1.5244
7NLV_UJE,70,2.5282
7NLV_UJE,71,1.3375
7NLV_UJE,72,1.1888
7NLV_UJE,73,1.1865
7NLV_UJE,74,0.9689
7NLV_UJE,75,1.4095
7NLV_UJE,76,0.9582
7NLV_UJE,77,2.5681
7NLV_UJE,78,1.0077
7NLV_UJE,79,1.3091
7NLV_UJE,8,1.2268
7NLV_UJE,80,0.8494
7NLV_UJE,81,1.3472
7NLV_UJE,82,2.2701
7NLV_UJE,83,1.1445
7NLV_UJE,84,1.2089
7NLV_UJE,85,2.1278
7NLV_UJE,86,1.3252
7NLV_UJE,87,0.8713
7NLV_UJE,88,1.2605
7NLV_UJE,89,1.7196
7NLV_UJE,9,1.4367
7NLV_UJE,90,1.2005
7NLV_UJE,91,1.2687
7NLV_UJE,92,0.9509
7NLV_UJE,93,1.0395
7NLV_UJE,94,1.2099
7NLV_UJE,95,1.3925
7NLV_UJE,96,0.9978
7NLV_UJE,97,1.1054
7NLV_UJE,98,0.7488
7NLV_UJE,99,0.8070
7NP6_UK8,0,1.4637
7NP6_UK8,1,0.9153
7NP6_UK8,10,0.7858
7NP6_UK8,100,2.3957
7NP6_UK8,101,2.4015
7NP6_UK8,102,1.8181
7NP6_UK8,103,0.4193
7NP6_UK8,104,0.4634
7NP6_UK8,105,1.7727
7NP6_UK8,106,0.6485
7NP6_UK8,107,1.4481
7NP6_UK8,108,0.7502
7NP6_UK8,109,0.8587
7NP6_UK8,11,0.6994
7NP6_UK8,110,1.4390
7NP6_UK8,111,1.3051
7NP6_UK8,112,2.3567
7NP6_UK8,113,0.5812
7NP6_UK8,114,0.8962
7NP6_UK8,115,3.7794
7NP6_UK8,116,0.6614
7NP6_UK8,117,0.7800
7NP6_UK8,118,1.2529
7NP6_UK8,119,2.2139
7NP6_UK8,12,2.5240
7NP6_UK8,120,2.5009
7NP6_UK8,121,2.0766
7NP6_UK8,122,5.4181
7NP6_UK8,123,2.3389
7NP6_UK8,124,0.5935
7NP6_UK8,125,1.2852
7NP6_UK8,126,2.4329
7NP6_UK8,127,1.0241
7NP6_UK8,128,2.2833
7NP6_UK8,129,2.4078
7NP6_UK8,13,0.6942
7NP6_UK8,130,2.4641
7NP6_UK8,131,2.4367
7NP6_UK8,132,2.3900
7NP6_UK8,133,1.1594
7NP6_UK8,134,0.5041
7NP6_UK8,135,3.3045
7NP6_UK8,136,2.5332
7NP6_UK8,137,0.5442
7NP6_UK8,138,0.8835
7NP6_UK8,139,1.2416
7NP6_UK8,14,0.9784
7NP6_UK8,15,0.6602
7NP6_UK8,16,2.3666
7NP6_UK8,17,1.4170
7NP6_UK8,18,0.8524
7NP6_UK8,19,0.3913
7NP6_UK8,2,1.0208
7NP6_UK8,20,2.0374
7NP6_UK8,21,1.4373
7NP6_UK8,22,1.1611
7NP6_UK8,23,1.2725
7NP6_UK8,24,2.2444
7NP6_UK8,25,1.6096
7NP6_UK8,26,2.3799
7NP6_UK8,27,2.4209
7NP6_UK8,28,0.3540
7NP6_UK8,29,0.3423
7NP6_UK8,3,2.6051
7NP6_UK8,30,0.9049
7NP6_UK8,31,0.7692
7NP6_UK8,32,1.2446
7NP6_UK8,33,0.5281
7NP6_UK8,34,0.9504
7NP6_UK8,35,0.7825
7NP6_UK8,36,2.4736
7NP6_UK8,37,2.0486
7NP6_UK8,38,0.8520
7NP6_UK8,39,0.9049
7NP6_UK8,4,2.3732
7NP6_UK8,40,5.5591
7NP6_UK8,41,0.5928
7NP6_UK8,42,0.7847
7NP6_UK8,43,1.2250
7NP6_UK8,44,1.3447
7NP6_UK8,45,0.9942
7NP6_UK8,46,0.4168
7NP6_UK8,47,5.2412
7NP6_UK8,48,2.4546
7NP6_UK8,49,2.3743
7NP6_UK8,5,1.8406
7NP6_UK8,50,0.6852
7NP6_UK8,51,1.2224
7NP6_UK8,52,0.8952
7NP6_UK8,53,2.0639
7NP6_UK8,54,2.3541
7NP6_UK8,55,0.5674
7NP6_UK8,56,0.9958
7NP6_UK8,57,0.9383
7NP6_UK8,58,2.3220
7NP6_UK8,59,2.6567
7NP6_UK8,6,0.7290
7NP6_UK8,60,2.4740
7NP6_UK8,61,0.8232
7NP6_UK8,62,2.1036
7NP6_UK8,63,0.7325
7NP6_UK8,64,0.6439
7NP6_UK8,65,1.5038
7NP6_UK8,66,0.8639
7NP6_UK8,67,2.4521
7NP6_UK8,68,2.0804
7NP6_UK8,69,0.6226
7NP6_UK8,7,2.3302
7NP6_UK8,70,2.1852
7NP6_UK8,71,0.4065
7NP6_UK8,72,2.4220
7NP6_UK8,73,0.6915
7NP6_UK8,74,0.9165
7NP6_UK8,75,1.2429
7NP6_UK8,76,2.6245
7NP6_UK8,77,0.8084
7NP6_UK8,78,2.3779
7NP6_UK8,79,1.0556
7NP6_UK8,8,2.5527
7NP6_UK8,80,0.6567
7NP6_UK8,81,2.2775
7NP6_UK8,82,5.1131
7NP6_UK8,83,1.3228
7NP6_UK8,84,0.8381
7NP6_UK8,85,0.8236
7NP6_UK8,86,5.4570
7NP6_UK8,87,2.3596
7NP6_UK8,88,2.4682
7NP6_UK8,89,2.4713
7NP6_UK8,9,0.9565
7NP6_UK8,90,2.4856
7NP6_UK8,91,1.2841
7NP6_UK8,92,2.3793
7NP6_UK8,93,2.4103
7NP6_UK8,94,1.1155
7NP6_UK8,95,1.5005
7NP6_UK8,96,2.6217
7NP6_UK8,97,0.9963
7NP6_UK8,98,2.4618
7NP6_UK8,99,2.9470
7NPL_UKZ,0,1.9739
7NPL_UKZ,1,2.6939
7NPL_UKZ,10,1.6500
7NPL_UKZ,100,2.7791
7NPL_UKZ,101,2.8824
7NPL_UKZ,102,2.6279
7NPL_UKZ,103,2.1644
7NPL_UKZ,104,2.5406
7NPL_UKZ,105,1.7532
7NPL_UKZ,106,3.9812
7NPL_UKZ,107,0.5885
7NPL_UKZ,108,2.7010
7NPL_UKZ,109,2.6093
7NPL_UKZ,11,2.2953
7NPL_UKZ,110,2.1458
7NPL_UKZ,111,2.8140
7NPL_UKZ,112,0.4014
7NPL_UKZ,113,1.0474
7NPL_UKZ,114,5.3734
7NPL_UKZ,115,1.1104
7NPL_UKZ,116,1.5266
7NPL_UKZ,117,1.7032
7NPL_UKZ,118,3.7457
7NPL_UKZ,119,0.7779
7NPL_UKZ,12,2.8939
7NPL_UKZ,120,2.5775
7NPL_UKZ,121,1.5645
7NPL_UKZ,122,2.7560
7NPL_UKZ,123,1.6123
7NPL_UKZ,124,0.7359
7NPL_UKZ,125,1.0098
7NPL_UKZ,126,2.0621
7NPL_UKZ,127,2.3590
7NPL_UKZ,128,1.6488
7NPL_UKZ,129,2.1240
7NPL_UKZ,13,2.6380
7NPL_UKZ,130,4.3973
7NPL_UKZ,131,0.8895
7NPL_UKZ,132,2.6789
7NPL_UKZ,133,2.2278
7NPL_UKZ,134,2.2802
7NPL_UKZ,135,2.0833
7NPL_UKZ,136,1.7474
7NPL_UKZ,137,2.2977
7NPL_UKZ,138,1.5484
7NPL_UKZ,139,0.4572
7NPL_UKZ,14,2.7291
7NPL_UKZ,15,0.8601
7NPL_UKZ,16,1.1925
7NPL_UKZ,17,0.7517
7NPL_UKZ,18,2.7484
7NPL_UKZ,19,2.0030
7NPL_UKZ,2,1.3034
7NPL_UKZ,20,2.6839
7NPL_UKZ,21,1.7452
7NPL_UKZ,22,2.4295
7NPL_UKZ,23,2.6902
7NPL_UKZ,24,2.6783
7NPL_UKZ,25,1.7440
7NPL_UKZ,26,1.3566
7NPL_UKZ,27,4.4378
7NPL_UKZ,28,2.7086
7NPL_UKZ,29,2.7352
7NPL_UKZ,3,2.7097
7NPL_UKZ,30,1.7919
7NPL_UKZ,31,2.5953
7NPL_UKZ,32,1.9891
7NPL_UKZ,33,1.5962
7NPL_UKZ,34,1.8920
7NPL_UKZ,35,3.8255
7NPL_UKZ,36,3.6718
7NPL_UKZ,37,2.6599
7NPL_UKZ,38,0.4369
7NPL_UKZ,39,0.9555
7NPL_UKZ,4,2.6897
7NPL_UKZ,40,0.6454
7NPL_UKZ,41,0.8756
7NPL_UKZ,42,2.1258
7NPL_UKZ,43,2.6655
7NPL_UKZ,44,1.5951
7NPL_UKZ,45,2.7434
7NPL_UKZ,46,1.2777
7NPL_UKZ,47,2.0640
7NPL_UKZ,48,2.7083
7NPL_UKZ,49,2.6218
7NPL_UKZ,5,2.7676
7NPL_UKZ,50,2.8745
7NPL_UKZ,51,0.9417
7NPL_UKZ,52,1.8101
7NPL_UKZ,53,0.5074
7NPL_UKZ,54,2.2149
7NPL_UKZ,55,2.8487
7NPL_UKZ,56,2.2615
7NPL_UKZ,57,2.2659
7NPL_UKZ,58,1.6233
7NPL_UKZ,59,2.7592
7NPL_UKZ,6,1.5852
7NPL_UKZ,60,2.6653
7NPL_UKZ,61,2.7166
7NPL_UKZ,62,1.6118
7NPL_UKZ,63,1.7083
7NPL_UKZ,64,1.7714
7NPL_UKZ,65,1.4716
7NPL_UKZ,66,0.7137
7NPL_UKZ,67,2.4031
7NPL_UKZ,68,2.7091
7NPL_UKZ,69,0.4175
7NPL_UKZ,7,1.9695
7NPL_UKZ,70,2.7054
7NPL_UKZ,71,1.9779
7NPL_UKZ,72,1.5962
7NPL_UKZ,73,0.8309
7NPL_UKZ,74,0.8263
7NPL_UKZ,75,3.5845
7NPL_UKZ,76,1.2986
7NPL_UKZ,77,1.2988
7NPL_UKZ,78,1.1698
7NPL_UKZ,79,3.1783
7NPL_UKZ,8,1.0521
7NPL_UKZ,80,2.7227
7NPL_UKZ,81,3.0444
7NPL_UKZ,82,2.2612
7NPL_UKZ,83,0.7661
7NPL_UKZ,84,1.8371
7NPL_UKZ,85,2.6058
7NPL_UKZ,86,1.7784
7NPL_UKZ,87,2.6291
7NPL_UKZ,88,3.9836
7NPL_UKZ,89,1.6856
7NPL_UKZ,9,1.5997
7NPL_UKZ,90,2.6173
7NPL_UKZ,91,2.1339
7NPL_UKZ,92,0.7931
7NPL_UKZ,93,2.2036
7NPL_UKZ,94,4.2518
7NPL_UKZ,95,2.5946
7NPL_UKZ,96,2.8266
7NPL_UKZ,97,1.9846
7NPL_UKZ,98,1.0339
7NPL_UKZ,99,2.2404
7NR8_UOE,0,1.5099
7NR8_UOE,1,1.6698
7NR8_UOE,10,3.0031
7NR8_UOE,100,12.2851
7NR8_UOE,101,2.3139
7NR8_UOE,102,1.8509
7NR8_UOE,103,9.4610
7NR8_UOE,104,2.4666
7NR8_UOE,105,11.9855
7NR8_UOE,106,3.5886
7NR8_UOE,107,12.4689
7NR8_UOE,108,4.0492
7NR8_UOE,109,9.4735
7NR8_UOE,109,1.9963
7NR8_UOE,11,1.8669
7NR8_UOE,110,2.1819
7NR8_UOE,111,12.5692
7NR8_UOE,112,2.0826
7NR8_UOE,113,2.0147
7NR8_UOE,114,1.2042
7NR8_UOE,115,12.3095
7NR8_UOE,116,2.4219
7NR8_UOE,117,1.8716
7NR8_UOE,118,2.4121
7NR8_UOE,119,12.5704
7NR8_UOE,12,1.5029
7NR8_UOE,120,3.4600
7NR8_UOE,121,13.5802
7NR8_UOE,122,3.9028
7NR8_UOE,123,1.8547
7NR8_UOE,124,0.6840
7NR8_UOE,125,2.1522
7NR8_UOE,126,1.9799
7NR8_UOE,127,5.7072
7NR8_UOE,128,2.0614
7NR8_UOE,129,2.3623
7NR8_UOE,13,13.0332
7NR8_UOE,130,1.5064
7NR8_UOE,131,5.8998
7NR8_UOE,132,2.1759
7NR8_UOE,133,1.7498
7NR8_UOE,134,0.9167
7NR8_UOE,135,9.5334
7NR8_UOE,136,1.5310
7NR8_UOE,137,2.5090
7NR8_UOE,138,1.1258
7NR8_UOE,139,0.9314
7NR8_UOE,14,1.6422
7NR8_UOE,15,3.1405
7NR8_UOE,16,2.3200
7NR8_UOE,17,1.8780
7NR8_UOE,18,2.5083
7NR8_UOE,19,1.6191
7NR8_UOE,2,12.4533
7NR8_UOE,20,2.4616
7NR8_UOE,21,3.0668
7NR8_UOE,22,2.1755
7NR8_UOE,23,2.3282
7NR8_UOE,24,1.8640
7NR8_UOE,25,2.2737
7NR8_UOE,26,13.4848
7NR8_UOE,27,13.6359
7NR8_UOE,28,1.7299
7NR8_UOE,29,2.0380
7NR8_UOE,3,1.8906
7NR8_UOE,30,2.2130
7NR8_UOE,31,2.3433
7NR8_UOE,32,3.8607
7NR8_UOE,33,9.0043
7NR8_UOE,34,12.0862
7NR8_UOE,35,2.3810
7NR8_UOE,36,1.9175
7NR8_UOE,37,3.0784
7NR8_UOE,38,9.3169
7NR8_UOE,39,2.4728
7NR8_UOE,4,2.9627
7NR8_UOE,40,2.0064
7NR8_UOE,41,13.1897
7NR8_UOE,42,2.9456
7NR8_UOE,43,3.4201
7NR8_UOE,44,1.6587
7NR8_UOE,45,2.2460
7NR8_UOE,46,2.4145
7NR8_UOE,47,3.9266
7NR8_UOE,48,1.6323
7NR8_UOE,49,1.8862
7NR8_UOE,5,2.6321
7NR8_UOE,50,2.3096
7NR8_UOE,51,2.1381
7NR8_UOE,52,2.0375
7NR8_UOE,53,2.8850
7NR8_UOE,54,1.6177
7NR8_UOE,55,2.6072
7NR8_UOE,56,1.8888
7NR8_UOE,57,2.6078
7NR8_UOE,58,2.0834
7NR8_UOE,59,12.7231
7NR8_UOE,6,1.7243
7NR8_UOE,60,0.9827
7NR8_UOE,61,12.2877
7NR8_UOE,62,0.8295
7NR8_UOE,63,1.8882
7NR8_UOE,64,2.5729
7NR8_UOE,65,3.0746
7NR8_UOE,66,1.8948
7NR8_UOE,67,3.2331
7NR8_UOE,68,1.2251
7NR8_UOE,69,5.4244
7NR8_UOE,7,0.9653
7NR8_UOE,70,1.9470
7NR8_UOE,71,1.7553
7NR8_UOE,72,1.1649
7NR8_UOE,73,1.5490
7NR8_UOE,74,3.2591
7NR8_UOE,75,3.1863
7NR8_UOE,76,1.7122
7NR8_UOE,77,1.5388
7NR8_UOE,78,2.2780
7NR8_UOE,79,1.3910
7NR8_UOE,8,10.0173
7NR8_UOE,80,1.6395
7NR8_UOE,81,1.6007
7NR8_UOE,82,10.4539
7NR8_UOE,83,12.8617
7NR8_UOE,84,2.1312
7NR8_UOE,85,3.1566
7NR8_UOE,86,12.1666
7NR8_UOE,87,12.3021
7NR8_UOE,88,0.9972
7NR8_UOE,89,6.6753
7NR8_UOE,9,1.1813
7NR8_UOE,90,2.9709
7NR8_UOE,91,0.7589
7NR8_UOE,92,14.0515
7NR8_UOE,93,1.4047
7NR8_UOE,94,1.8321
7NR8_UOE,95,2.6690
7NR8_UOE,96,1.9430
7NR8_UOE,97,3.1694
7NR8_UOE,98,1.4958
7NR8_UOE,99,8.3943
7NSW_HC4,0,0.5920
7NSW_HC4,1,0.5025
7NSW_HC4,10,0.2844
7NSW_HC4,100,1.0248
7NSW_HC4,101,1.1025
7NSW_HC4,102,0.6909
7NSW_HC4,103,0.3990
7NSW_HC4,104,1.2572
7NSW_HC4,105,1.4360
7NSW_HC4,106,4.9929
7NSW_HC4,107,0.7229
7NSW_HC4,108,1.1076
7NSW_HC4,109,0.9350
7NSW_HC4,11,0.7937
7NSW_HC4,110,0.5925
7NSW_HC4,111,1.1482
7NSW_HC4,112,1.1610
7NSW_HC4,113,0.6673
7NSW_HC4,114,1.3787
7NSW_HC4,115,0.9457
7NSW_HC4,116,1.2497
7NSW_HC4,117,0.9452
7NSW_HC4,118,1.0901
7NSW_HC4,119,0.6727
7NSW_HC4,12,1.1163
7NSW_HC4,120,1.2064
7NSW_HC4,121,5.5802
7NSW_HC4,122,0.8689
7NSW_HC4,123,1.1439
7NSW_HC4,124,1.5493
7NSW_HC4,125,1.1759
7NSW_HC4,126,0.8107
7NSW_HC4,127,1.1907
7NSW_HC4,128,0.9746
7NSW_HC4,129,0.4340
7NSW_HC4,13,0.4667
7NSW_HC4,130,1.1477
7NSW_HC4,131,0.9669
7NSW_HC4,132,0.8047
7NSW_HC4,133,0.9938
7NSW_HC4,134,1.3530
7NSW_HC4,135,1.6676
7NSW_HC4,136,1.0742
7NSW_HC4,137,0.3922
7NSW_HC4,138,0.5359
7NSW_HC4,139,0.3191
7NSW_HC4,14,0.9161
7NSW_HC4,15,0.2828
7NSW_HC4,16,0.5915
7NSW_HC4,17,0.3411
7NSW_HC4,18,0.9848
7NSW_HC4,19,0.9760
7NSW_HC4,2,1.0564
7NSW_HC4,20,1.1003
7NSW_HC4,21,0.6469
7NSW_HC4,22,1.4383
7NSW_HC4,23,0.8486
7NSW_HC4,24,1.0309
7NSW_HC4,25,1.1762
7NSW_HC4,26,0.5499
7NSW_HC4,27,1.0895
7NSW_HC4,28,0.6484
7NSW_HC4,29,1.1166
7NSW_HC4,3,1.1753
7NSW_HC4,30,0.9329
7NSW_HC4,31,1.3987
7NSW_HC4,32,1.1213
7NSW_HC4,33,0.8215
7NSW_HC4,34,0.9705
7NSW_HC4,35,0.7088
7NSW_HC4,36,0.6751
7NSW_HC4,37,1.1386
7NSW_HC4,38,0.6584
7NSW_HC4,39,0.7935
7NSW_HC4,4,0.6336
7NSW_HC4,40,0.7270
7NSW_HC4,41,0.9272
7NSW_HC4,42,0.9873
7NSW_HC4,43,1.0943
7NSW_HC4,44,0.8955
7NSW_HC4,45,0.4932
7NSW_HC4,46,0.8296
7NSW_HC4,47,0.8011
7NSW_HC4,48,1.9541
7NSW_HC4,49,0.4423
7NSW_HC4,5,1.0311
7NSW_HC4,50,1.2369
7NSW_HC4,51,1.5110
7NSW_HC4,52,0.9812
7NSW_HC4,53,1.1514
7NSW_HC4,54,1.4557
7NSW_HC4,55,1.0850
7NSW_HC4,56,0.6493
7NSW_HC4,57,0.6522
7NSW_HC4,58,0.6343
7NSW_HC4,59,1.1680
7NSW_HC4,6,1.0494
7NSW_HC4,60,1.0814
7NSW_HC4,61,1.0849
7NSW_HC4,62,1.0463
7NSW_HC4,63,1.0118
7NSW_HC4,64,1.4758
7NSW_HC4,65,0.9808
7NSW_HC4,66,1.1333
7NSW_HC4,67,0.4353
7NSW_HC4,68,0.6364
7NSW_HC4,69,0.3959
7NSW_HC4,7,1.0454
7NSW_HC4,70,1.2414
7NSW_HC4,71,1.1711
7NSW_HC4,72,1.3875
7NSW_HC4,73,1.7908
7NSW_HC4,74,5.5565
7NSW_HC4,75,1.4949
7NSW_HC4,76,5.5815
7NSW_HC4,77,0.7161
7NSW_HC4,78,0.9780
7NSW_HC4,79,0.3395
7NSW_HC4,8,0.5725
7NSW_HC4,80,0.7488
7NSW_HC4,81,1.1688
7NSW_HC4,82,5.6696
7NSW_HC4,83,5.3245
7NSW_HC4,84,1.6379
7NSW_HC4,85,0.9356
7NSW_HC4,86,0.9866
7NSW_HC4,87,1.0333
7NSW_HC4,88,1.6750
7NSW_HC4,89,1.1367
7NSW_HC4,9,0.6050
7NSW_HC4,90,0.5832
7NSW_HC4,91,0.6800
7NSW_HC4,92,0.7164
7NSW_HC4,93,0.4647
7NSW_HC4,94,0.7714
7NSW_HC4,95,1.0815
7NSW_HC4,96,1.0487
7NSW_HC4,97,1.0788
7NSW_HC4,98,1.3945
7NSW_HC4,99,0.7970
7NU0_DCL,0,1.4129
7NU0_DCL,1,1.3008
7NU0_DCL,10,1.2460
7NU0_DCL,100,3.5292
7NU0_DCL,101,1.3487
7NU0_DCL,102,1.3774
7NU0_DCL,103,1.7408
7NU0_DCL,104,4.0727
7NU0_DCL,105,0.5347
7NU0_DCL,106,1.7699
7NU0_DCL,107,1.4340
7NU0_DCL,108,1.2503
7NU0_DCL,109,1.7067
7NU0_DCL,11,1.1032
7NU0_DCL,110,1.5074
7NU0_DCL,111,3.8141
7NU0_DCL,112,3.7233
7NU0_DCL,113,0.9735
7NU0_DCL,114,2.1726
7NU0_DCL,115,1.3527
7NU0_DCL,116,0.7031
7NU0_DCL,117,1.8099
7NU0_DCL,118,0.9593
7NU0_DCL,119,1.1119
7NU0_DCL,12,1.4086
7NU0_DCL,120,1.2739
7NU0_DCL,121,1.1832
7NU0_DCL,122,0.6015
7NU0_DCL,123,1.7877
7NU0_DCL,124,0.9006
7NU0_DCL,125,1.6538
7NU0_DCL,126,1.0853
7NU0_DCL,127,1.2439
7NU0_DCL,128,1.9546
7NU0_DCL,129,0.4891
7NU0_DCL,13,3.8600
7NU0_DCL,130,1.1554
7NU0_DCL,131,0.8632
7NU0_DCL,132,1.7386
7NU0_DCL,133,1.1653
7NU0_DCL,134,0.5499
7NU0_DCL,135,1.5790
7NU0_DCL,136,1.2090
7NU0_DCL,137,1.7054
7NU0_DCL,138,1.0081
7NU0_DCL,139,1.0723
7NU0_DCL,14,1.5095
7NU0_DCL,15,1.2478
7NU0_DCL,16,0.8996
7NU0_DCL,17,1.7394
7NU0_DCL,18,0.8739
7NU0_DCL,19,0.8188
7NU0_DCL,2,0.9058
7NU0_DCL,20,0.6821
7NU0_DCL,21,1.8786
7NU0_DCL,22,1.3936
7NU0_DCL,23,3.8968
7NU0_DCL,24,1.2477
7NU0_DCL,25,0.7494
7NU0_DCL,26,1.0231
7NU0_DCL,27,1.6624
7NU0_DCL,28,1.0851
7NU0_DCL,29,4.0643
7NU0_DCL,3,0.9325
7NU0_DCL,30,3.7101
7NU0_DCL,31,1.3522
7NU0_DCL,32,1.2491
7NU0_DCL,33,1.7843
7NU0_DCL,34,0.8278
7NU0_DCL,35,2.0785
7NU0_DCL,36,3.9305
7NU0_DCL,37,1.0238
7NU0_DCL,38,1.9237
7NU0_DCL,39,0.4084
7NU0_DCL,4,2.0225
7NU0_DCL,40,1.3739
7NU0_DCL,41,1.3115
7NU0_DCL,42,0.8337
7NU0_DCL,43,1.8149
7NU0_DCL,44,1.3339
7NU0_DCL,45,2.1483
7NU0_DCL,46,0.8828
7NU0_DCL,47,1.0468
7NU0_DCL,48,1.5799
7NU0_DCL,49,1.9781
7NU0_DCL,5,1.3639
7NU0_DCL,50,1.3734
7NU0_DCL,51,1.2742
7NU0_DCL,52,3.0638
7NU0_DCL,53,1.2943
7NU0_DCL,54,2.1449
7NU0_DCL,55,1.2683
7NU0_DCL,56,2.1603
7NU0_DCL,57,0.9702
7NU0_DCL,58,3.7754
7NU0_DCL,59,1.2668
7NU0_DCL,6,1.2695
7NU0_DCL,60,1.4116
7NU0_DCL,61,0.8511
7NU0_DCL,62,1.0548
7NU0_DCL,63,0.6368
7NU0_DCL,64,0.9710
7NU0_DCL,65,1.3325
7NU0_DCL,66,0.9530
7NU0_DCL,67,0.9093
7NU0_DCL,68,1.4193
7NU0_DCL,69,4.0282
7NU0_DCL,7,3.6206
7NU0_DCL,70,0.6401
7NU0_DCL,71,1.4024
7NU0_DCL,72,1.5223
7NU0_DCL,73,1.9968
7NU0_DCL,74,1.5470
7NU0_DCL,75,1.9374
7NU0_DCL,76,0.6708
7NU0_DCL,77,1.4239
7NU0_DCL,77,3.5007
7NU0_DCL,78,2.8128
7NU0_DCL,79,0.6209
7NU0_DCL,8,0.6936
7NU0_DCL,80,0.5449
7NU0_DCL,81,0.5293
7NU0_DCL,82,3.8469
7NU0_DCL,83,3.7093
7NU0_DCL,84,1.5549
7NU0_DCL,85,3.7539
7NU0_DCL,86,0.8336
7NU0_DCL,87,1.8385
7NU0_DCL,88,1.0277
7NU0_DCL,89,0.6630
7NU0_DCL,9,1.0260
7NU0_DCL,90,1.1421
7NU0_DCL,91,0.5530
7NU0_DCL,92,2.1478
7NU0_DCL,93,1.0591
7NU0_DCL,94,1.7236
7NU0_DCL,95,1.0286
7NU0_DCL,96,1.5161
7NU0_DCL,97,2.1776
7NU0_DCL,98,1.0813
7NU0_DCL,99,0.9352
7NUT_GLP,0,1.2261
7NUT_GLP,1,2.4785
7NUT_GLP,10,2.6206
7NUT_GLP,100,2.5196
7NUT_GLP,101,1.2368
7NUT_GLP,102,2.5550
7NUT_GLP,103,1.2729
7NUT_GLP,104,2.4321
7NUT_GLP,105,2.5855
7NUT_GLP,106,1.1809
7NUT_GLP,107,1.2335
7NUT_GLP,108,2.3854
7NUT_GLP,109,1.4790
7NUT_GLP,11,2.0243
7NUT_GLP,110,2.4773
7NUT_GLP,111,1.2489
7NUT_GLP,112,2.5407
7NUT_GLP,113,2.5853
7NUT_GLP,114,2.5482
7NUT_GLP,115,0.9729
7NUT_GLP,116,1.2595
7NUT_GLP,117,1.4221
7NUT_GLP,118,0.8397
7NUT_GLP,119,2.6080
7NUT_GLP,12,1.3882
7NUT_GLP,120,1.0643
7NUT_GLP,121,2.5180
7NUT_GLP,122,2.4725
7NUT_GLP,123,2.5225
7NUT_GLP,124,1.1944
7NUT_GLP,125,1.5846
7NUT_GLP,126,2.4568
7NUT_GLP,127,1.4876
7NUT_GLP,128,1.3399
7NUT_GLP,129,1.1969
7NUT_GLP,13,2.4910
7NUT_GLP,130,2.6588
7NUT_GLP,131,2.2955
7NUT_GLP,132,1.1613
7NUT_GLP,133,2.3624
7NUT_GLP,134,5.7978
7NUT_GLP,135,2.5882
7NUT_GLP,136,2.6372
7NUT_GLP,137,1.4612
7NUT_GLP,138,1.2995
7NUT_GLP,139,2.6578
7NUT_GLP,14,2.6267
7NUT_GLP,15,1.2372
7NUT_GLP,16,5.6493
7NUT_GLP,17,2.6479
7NUT_GLP,18,2.4351
7NUT_GLP,19,2.6198
7NUT_GLP,2,2.4200
7NUT_GLP,20,1.8787
7NUT_GLP,21,1.3431
7NUT_GLP,22,2.7524
7NUT_GLP,23,2.5953
7NUT_GLP,24,5.6464
7NUT_GLP,25,2.6672
7NUT_GLP,26,2.4693
7NUT_GLP,27,2.5038
7NUT_GLP,28,1.7113
7NUT_GLP,29,1.1135
7NUT_GLP,3,2.5294
7NUT_GLP,30,1.2944
7NUT_GLP,31,2.7423
7NUT_GLP,32,2.6118
7NUT_GLP,33,2.5586
7NUT_GLP,34,2.5139
7NUT_GLP,35,2.4703
7NUT_GLP,36,1.2116
7NUT_GLP,37,5.8911
7NUT_GLP,38,2.3974
7NUT_GLP,39,2.5776
7NUT_GLP,4,1.9529
7NUT_GLP,40,1.3286
7NUT_GLP,41,1.5113
7NUT_GLP,42,1.2067
7NUT_GLP,43,1.2161
7NUT_GLP,44,1.4473
7NUT_GLP,45,1.5400
7NUT_GLP,46,2.5685
7NUT_GLP,47,5.7448
7NUT_GLP,48,1.2611
7NUT_GLP,49,1.8454
7NUT_GLP,5,1.3890
7NUT_GLP,50,5.9836
7NUT_GLP,51,2.5857
7NUT_GLP,52,1.4465
7NUT_GLP,53,2.1386
7NUT_GLP,54,2.5102
7NUT_GLP,55,1.2830
7NUT_GLP,56,1.6381
7NUT_GLP,57,2.7357
7NUT_GLP,58,1.3880
7NUT_GLP,59,1.4217
7NUT_GLP,6,1.4314
7NUT_GLP,60,1.1045
7NUT_GLP,61,1.2200
7NUT_GLP,62,1.5357
7NUT_GLP,63,2.5083
7NUT_GLP,64,1.6302
7NUT_GLP,65,1.0515
7NUT_GLP,66,6.1187
7NUT_GLP,67,1.2920
7NUT_GLP,68,1.2961
7NUT_GLP,69,1.2549
7NUT_GLP,7,2.6746
7NUT_GLP,70,2.5323
7NUT_GLP,71,2.6045
7NUT_GLP,72,2.5113
7NUT_GLP,73,2.6545
7NUT_GLP,74,1.4853
7NUT_GLP,75,1.2503
7NUT_GLP,76,2.5187
7NUT_GLP,77,6.0705
7NUT_GLP,78,2.6487
7NUT_GLP,79,1.4590
7NUT_GLP,8,1.3132
7NUT_GLP,80,2.5068
7NUT_GLP,81,2.1089
7NUT_GLP,82,1.6002
7NUT_GLP,83,1.5650
7NUT_GLP,84,2.2788
7NUT_GLP,85,1.3634
7NUT_GLP,86,1.4490
7NUT_GLP,87,2.4467
7NUT_GLP,88,2.5481
7NUT_GLP,89,1.3914
7NUT_GLP,9,2.7984
7NUT_GLP,90,2.6456
7NUT_GLP,91,1.5467
7NUT_GLP,92,1.3432
7NUT_GLP,93,2.4358
7NUT_GLP,94,2.6825
7NUT_GLP,95,1.7543
7NUT_GLP,96,2.5797
7NUT_GLP,97,2.6665
7NUT_GLP,98,2.6400
7NUT_GLP,99,1.1859
7NXO_UU8,0,10.0402
7NXO_UU8,1,9.7215
7NXO_UU8,10,9.7457
7NXO_UU8,100,9.4891
7NXO_UU8,101,9.6937
7NXO_UU8,102,9.9467
7NXO_UU8,103,2.0817
7NXO_UU8,104,9.6834
7NXO_UU8,105,10.2245
7NXO_UU8,106,2.7717
7NXO_UU8,107,2.2640
7NXO_UU8,108,9.5205
7NXO_UU8,109,9.8248
7NXO_UU8,11,9.8072
7NXO_UU8,110,9.4075
7NXO_UU8,111,9.8621
7NXO_UU8,112,9.4809
7NXO_UU8,113,9.7116
7NXO_UU8,114,9.8240
7NXO_UU8,115,2.6669
7NXO_UU8,116,9.8996
7NXO_UU8,117,2.3420
7NXO_UU8,118,9.1361
7NXO_UU8,119,9.7762
7NXO_UU8,12,9.3605
7NXO_UU8,120,3.5563
7NXO_UU8,121,8.1411
7NXO_UU8,122,9.9990
7NXO_UU8,123,9.2776
7NXO_UU8,124,9.5819
7NXO_UU8,125,10.0314
7NXO_UU8,126,2.6119
7NXO_UU8,127,9.4952
7NXO_UU8,128,9.5629
7NXO_UU8,129,9.2794
7NXO_UU8,13,9.3124
7NXO_UU8,130,9.6542
7NXO_UU8,131,2.8259
7NXO_UU8,132,10.0961
7NXO_UU8,133,10.1604
7NXO_UU8,134,9.2587
7NXO_UU8,135,9.9453
7NXO_UU8,136,9.7539
7NXO_UU8,137,9.9074
7NXO_UU8,138,9.8458
7NXO_UU8,139,9.3933
7NXO_UU8,14,2.7168
7NXO_UU8,15,1.8978
7NXO_UU8,16,9.8852
7NXO_UU8,17,9.7292
7NXO_UU8,18,2.2792
7NXO_UU8,19,9.6400
7NXO_UU8,2,9.7699
7NXO_UU8,20,9.8344
7NXO_UU8,21,9.4922
7NXO_UU8,22,10.0624
7NXO_UU8,23,9.6052
7NXO_UU8,24,9.7097
7NXO_UU8,25,10.0919
7NXO_UU8,26,3.0546
7NXO_UU8,27,9.5952
7NXO_UU8,28,9.4792
7NXO_UU8,29,9.9405
7NXO_UU8,3,9.7878
7NXO_UU8,30,9.7306
7NXO_UU8,31,10.2374
7NXO_UU8,32,9.6234
7NXO_UU8,33,9.6977
7NXO_UU8,34,9.7438
7NXO_UU8,35,9.9766
7NXO_UU8,36,9.8790
7NXO_UU8,37,3.9758
7NXO_UU8,38,9.4261
7NXO_UU8,39,3.8396
7NXO_UU8,4,9.7626
7NXO_UU8,40,10.0006
7NXO_UU8,41,2.9668
7NXO_UU8,42,8.8628
7NXO_UU8,43,1.8281
7NXO_UU8,44,9.8065
7NXO_UU8,45,10.0892
7NXO_UU8,46,2.8768
7NXO_UU8,47,4.3856
7NXO_UU8,48,9.7156
7NXO_UU8,49,9.8748
7NXO_UU8,5,8.8388
7NXO_UU8,50,9.3136
7NXO_UU8,51,9.5280
7NXO_UU8,52,9.7442
7NXO_UU8,53,9.7125
7NXO_UU8,54,9.8864
7NXO_UU8,55,9.0524
7NXO_UU8,56,9.1336
7NXO_UU8,57,9.8388
7NXO_UU8,58,9.7175
7NXO_UU8,59,9.8014
7NXO_UU8,6,9.7021
7NXO_UU8,60,9.7068
7NXO_UU8,61,10.2418
7NXO_UU8,62,9.1344
7NXO_UU8,63,10.0571
7NXO_UU8,64,9.9403
7NXO_UU8,65,8.9669
7NXO_UU8,66,9.8317
7NXO_UU8,67,9.7462
7NXO_UU8,68,9.0997
7NXO_UU8,69,3.0130
7NXO_UU8,7,2.9088
7NXO_UU8,70,9.6735
7NXO_UU8,71,3.1668
7NXO_UU8,72,9.3355
7NXO_UU8,73,2.4638
7NXO_UU8,74,9.6370
7NXO_UU8,75,9.4605
7NXO_UU8,76,9.9883
7NXO_UU8,77,3.8451
7NXO_UU8,78,9.8183
7NXO_UU8,79,6.5484
7NXO_UU8,8,9.2890
7NXO_UU8,80,9.6801
7NXO_UU8,81,9.4785
7NXO_UU8,82,3.0061
7NXO_UU8,83,9.1004
7NXO_UU8,84,9.8928
7NXO_UU8,85,8.5425
7NXO_UU8,86,4.9728
7NXO_UU8,87,3.1979
7NXO_UU8,88,9.8429
7NXO_UU8,89,2.1339
7NXO_UU8,9,9.2140
7NXO_UU8,90,2.3620
7NXO_UU8,91,9.2761
7NXO_UU8,92,9.5835
7NXO_UU8,93,9.7424
7NXO_UU8,94,9.4494
7NXO_UU8,95,1.7231
7NXO_UU8,96,9.7462
7NXO_UU8,97,2.2075
7NXO_UU8,98,9.3858
7NXO_UU8,99,9.8862
7O0N_CDP,0,1.5533
7O0N_CDP,1,2.5968
7O0N_CDP,10,1.9277
7O0N_CDP,100,1.7105
7O0N_CDP,101,1.9893
7O0N_CDP,102,2.1229
7O0N_CDP,103,2.1821
7O0N_CDP,104,2.3954
7O0N_CDP,105,1.9592
7O0N_CDP,106,1.3178
7O0N_CDP,107,1.8179
7O0N_CDP,108,1.4927
7O0N_CDP,109,2.8348
7O0N_CDP,11,2.2558
7O0N_CDP,110,1.5336
7O0N_CDP,111,1.5256
7O0N_CDP,112,1.5333
7O0N_CDP,113,2.1547
7O0N_CDP,114,2.1951
7O0N_CDP,115,1.1300
7O0N_CDP,116,2.5679
7O0N_CDP,117,2.1113
7O0N_CDP,118,1.2561
7O0N_CDP,119,2.0111
7O0N_CDP,12,1.6274
7O0N_CDP,120,1.7235
7O0N_CDP,121,2.1470
7O0N_CDP,122,1.4055
7O0N_CDP,123,1.3303
7O0N_CDP,124,1.9239
7O0N_CDP,125,2.0037
7O0N_CDP,126,1.5848
7O0N_CDP,127,2.1601
7O0N_CDP,128,0.8713
7O0N_CDP,129,1.3517
7O0N_CDP,13,1.9469
7O0N_CDP,130,2.2893
7O0N_CDP,131,1.4506
7O0N_CDP,132,2.6821
7O0N_CDP,133,2.4569
7O0N_CDP,134,2.4085
7O0N_CDP,135,1.6606
7O0N_CDP,136,2.3808
7O0N_CDP,137,2.2331
7O0N_CDP,138,2.2227
7O0N_CDP,139,2.1546
7O0N_CDP,14,1.6254
7O0N_CDP,15,2.4969
7O0N_CDP,16,1.6727
7O0N_CDP,17,1.7496
7O0N_CDP,18,1.8658
7O0N_CDP,19,1.2239
7O0N_CDP,2,2.1888
7O0N_CDP,20,1.4306
7O0N_CDP,21,1.2671
7O0N_CDP,22,1.3194
7O0N_CDP,23,1.2972
7O0N_CDP,24,1.8049
7O0N_CDP,25,1.2334
7O0N_CDP,26,1.7691
7O0N_CDP,27,1.2453
7O0N_CDP,28,2.1192
7O0N_CDP,29,2.3319
7O0N_CDP,3,1.5488
7O0N_CDP,30,0.9497
7O0N_CDP,31,1.8489
7O0N_CDP,32,2.1778
7O0N_CDP,33,1.8381
7O0N_CDP,34,2.2537
7O0N_CDP,35,1.8634
7O0N_CDP,36,2.5019
7O0N_CDP,37,1.4203
7O0N_CDP,38,2.1900
7O0N_CDP,39,1.5463
7O0N_CDP,4,1.7177
7O0N_CDP,40,1.6771
7O0N_CDP,41,2.1375
7O0N_CDP,42,1.7826
7O0N_CDP,43,1.1344
7O0N_CDP,44,2.2437
7O0N_CDP,45,1.8569
7O0N_CDP,46,2.0923
7O0N_CDP,47,1.3900
7O0N_CDP,48,1.3132
7O0N_CDP,49,1.1861
7O0N_CDP,5,1.7318
7O0N_CDP,50,2.0666
7O0N_CDP,51,2.3515
7O0N_CDP,52,1.8473
7O0N_CDP,53,1.0720
7O0N_CDP,54,2.3239
7O0N_CDP,55,2.0007
7O0N_CDP,56,1.2850
7O0N_CDP,57,1.8188
7O0N_CDP,58,1.7565
7O0N_CDP,59,1.8092
7O0N_CDP,6,1.8742
7O0N_CDP,60,1.9563
7O0N_CDP,61,2.3488
7O0N_CDP,62,1.9882
7O0N_CDP,63,1.7064
7O0N_CDP,64,1.1206
7O0N_CDP,65,1.3695
7O0N_CDP,66,2.4828
7O0N_CDP,67,1.3870
7O0N_CDP,68,1.3817
7O0N_CDP,69,1.6126
7O0N_CDP,7,1.7197
7O0N_CDP,70,1.7555
7O0N_CDP,71,1.6959
7O0N_CDP,72,0.7900
7O0N_CDP,73,1.5660
7O0N_CDP,74,1.7283
7O0N_CDP,75,1.3275
7O0N_CDP,76,2.1984
7O0N_CDP,77,1.9250
7O0N_CDP,78,2.1296
7O0N_CDP,79,1.7137
7O0N_CDP,8,1.2682
7O0N_CDP,80,1.9430
7O0N_CDP,81,1.7452
7O0N_CDP,82,1.2443
7O0N_CDP,83,2.5784
7O0N_CDP,84,1.2371
7O0N_CDP,85,2.0880
7O0N_CDP,86,1.6160
7O0N_CDP,87,1.6522
7O0N_CDP,88,2.5475
7O0N_CDP,89,2.2297
7O0N_CDP,9,1.6791
7O0N_CDP,90,2.1322
7O0N_CDP,91,1.4922
7O0N_CDP,92,2.1991
7O0N_CDP,93,1.3088
7O0N_CDP,94,2.0814
7O0N_CDP,95,2.5695
7O0N_CDP,96,2.0605
7O0N_CDP,97,1.9034
7O0N_CDP,98,2.9386
7O0N_CDP,99,2.0334
7O1T_5X8,0,2.5702
7O1T_5X8,1,2.2700
7O1T_5X8,10,2.6603
7O1T_5X8,100,1.2526
7O1T_5X8,101,1.0959
7O1T_5X8,102,1.3263
7O1T_5X8,103,2.0852
7O1T_5X8,104,1.1286
7O1T_5X8,105,1.8637
7O1T_5X8,106,0.8433
7O1T_5X8,107,1.5657
7O1T_5X8,108,1.3731
7O1T_5X8,109,2.2838
7O1T_5X8,11,1.5553
7O1T_5X8,110,2.1564
7O1T_5X8,111,2.3384
7O1T_5X8,112,2.4830
7O1T_5X8,113,2.1679
7O1T_5X8,114,1.3308
7O1T_5X8,115,1.7186
7O1T_5X8,116,1.7237
7O1T_5X8,117,1.3810
7O1T_5X8,118,1.1426
7O1T_5X8,119,2.2120
7O1T_5X8,12,1.8846
7O1T_5X8,120,2.8724
7O1T_5X8,121,1.5916
7O1T_5X8,122,2.0919
7O1T_5X8,123,1.1422
7O1T_5X8,124,1.2160
7O1T_5X8,125,1.4666
7O1T_5X8,126,1.4825
7O1T_5X8,127,2.4564
7O1T_5X8,128,2.9979
7O1T_5X8,129,2.0928
7O1T_5X8,13,1.1221
7O1T_5X8,130,2.7998
7O1T_5X8,131,1.2489
7O1T_5X8,132,2.2631
7O1T_5X8,133,2.6001
7O1T_5X8,134,1.1190
7O1T_5X8,135,2.0234
7O1T_5X8,136,2.2136
7O1T_5X8,137,2.7571
7O1T_5X8,138,1.5284
7O1T_5X8,139,1.5809
7O1T_5X8,14,1.8849
7O1T_5X8,15,1.2057
7O1T_5X8,16,1.3995
7O1T_5X8,17,1.2369
7O1T_5X8,18,0.9384
7O1T_5X8,19,2.5413
7O1T_5X8,2,2.1090
7O1T_5X8,20,2.6917
7O1T_5X8,21,1.0745
7O1T_5X8,22,2.3333
7O1T_5X8,23,1.5078
7O1T_5X8,24,1.0546
7O1T_5X8,25,2.4961
7O1T_5X8,26,2.2783
7O1T_5X8,27,2.1474
7O1T_5X8,28,2.2549
7O1T_5X8,29,2.4365
7O1T_5X8,3,2.3268
7O1T_5X8,30,2.4536
7O1T_5X8,31,1.8251
7O1T_5X8,32,2.3553
7O1T_5X8,33,1.5466
7O1T_5X8,34,1.2645
7O1T_5X8,35,2.6331
7O1T_5X8,36,2.2655
7O1T_5X8,37,2.4495
7O1T_5X8,38,1.3036
7O1T_5X8,39,1.1114
7O1T_5X8,4,2.1347
7O1T_5X8,40,1.2646
7O1T_5X8,41,2.1524
7O1T_5X8,42,2.0245
7O1T_5X8,43,2.4296
7O1T_5X8,44,2.2236
7O1T_5X8,45,1.7246
7O1T_5X8,46,1.6333
7O1T_5X8,47,2.5489
7O1T_5X8,48,1.1176
7O1T_5X8,49,1.2420
7O1T_5X8,5,1.8408
7O1T_5X8,50,1.1979
7O1T_5X8,51,2.0708
7O1T_5X8,52,1.4083
7O1T_5X8,53,2.2337
7O1T_5X8,54,2.1502
7O1T_5X8,55,1.5391
7O1T_5X8,56,2.1761
7O1T_5X8,57,1.2734
7O1T_5X8,58,1.7577
7O1T_5X8,59,1.5042
7O1T_5X8,6,2.0271
7O1T_5X8,60,1.4360
7O1T_5X8,61,2.5586
7O1T_5X8,62,1.1959
7O1T_5X8,63,0.9619
7O1T_5X8,64,1.2565
7O1T_5X8,65,2.6433
7O1T_5X8,66,2.5214
7O1T_5X8,67,2.7116
7O1T_5X8,68,2.9528
7O1T_5X8,69,2.9816
7O1T_5X8,7,2.5086
7O1T_5X8,70,2.2479
7O1T_5X8,71,2.6534
7O1T_5X8,72,1.4229
7O1T_5X8,73,2.2099
7O1T_5X8,74,1.6623
7O1T_5X8,75,2.4212
7O1T_5X8,76,1.3560
7O1T_5X8,77,1.2659
7O1T_5X8,78,2.0250
7O1T_5X8,79,2.6000
7O1T_5X8,8,2.0055
7O1T_5X8,80,1.7098
7O1T_5X8,81,2.3606
7O1T_5X8,82,2.5815
7O1T_5X8,83,2.6174
7O1T_5X8,84,1.7694
7O1T_5X8,85,2.1951
7O1T_5X8,86,1.3121
7O1T_5X8,87,1.3172
7O1T_5X8,88,2.4805
7O1T_5X8,89,2.5162
7O1T_5X8,9,2.1744
7O1T_5X8,90,2.3955
7O1T_5X8,91,1.4232
7O1T_5X8,92,1.2843
7O1T_5X8,93,1.8272
7O1T_5X8,94,1.4502
7O1T_5X8,95,1.9980
7O1T_5X8,96,1.3095
7O1T_5X8,97,1.4755
7O1T_5X8,98,0.7261
7O1T_5X8,99,2.1224
7ODY_DGI,0,2.5436
7ODY_DGI,1,1.0811
7ODY_DGI,10,2.2431
7ODY_DGI,100,1.4832
7ODY_DGI,101,0.9277
7ODY_DGI,102,1.8940
7ODY_DGI,103,1.4211
7ODY_DGI,104,2.1917
7ODY_DGI,105,2.7007
7ODY_DGI,106,2.3194
7ODY_DGI,107,0.9796
7ODY_DGI,108,0.8806
7ODY_DGI,109,1.3279
7ODY_DGI,11,1.0136
7ODY_DGI,110,2.4398
7ODY_DGI,111,2.8475
7ODY_DGI,112,1.8445
7ODY_DGI,113,2.8104
7ODY_DGI,114,0.8163
7ODY_DGI,115,0.9302
7ODY_DGI,116,2.0900
7ODY_DGI,117,1.0539
7ODY_DGI,118,0.8439
7ODY_DGI,119,1.9006
7ODY_DGI,12,1.3013
7ODY_DGI,120,1.0171
7ODY_DGI,121,2.0969
7ODY_DGI,122,1.2557
7ODY_DGI,123,1.5692
7ODY_DGI,124,2.1876
7ODY_DGI,125,1.2910
7ODY_DGI,126,2.4820
7ODY_DGI,127,1.6625
7ODY_DGI,128,2.8295
7ODY_DGI,129,0.8489
7ODY_DGI,13,1.0642
7ODY_DGI,130,1.3533
7ODY_DGI,131,1.0082
7ODY_DGI,132,2.3417
7ODY_DGI,133,2.1907
7ODY_DGI,134,1.0436
7ODY_DGI,135,0.8409
7ODY_DGI,136,0.9734
7ODY_DGI,137,1.2929
7ODY_DGI,138,0.7995
7ODY_DGI,139,2.2958
7ODY_DGI,14,0.9069
7ODY_DGI,15,0.9923
7ODY_DGI,16,0.9760
7ODY_DGI,17,2.0264
7ODY_DGI,18,2.0717
7ODY_DGI,19,2.2330
7ODY_DGI,2,2.3969
7ODY_DGI,20,1.3165
7ODY_DGI,21,2.2109
7ODY_DGI,22,2.0099
7ODY_DGI,23,1.9934
7ODY_DGI,24,2.1659
7ODY_DGI,25,1.1742
7ODY_DGI,26,1.7576
7ODY_DGI,27,1.6540
7ODY_DGI,28,2.0490
7ODY_DGI,29,1.8180
7ODY_DGI,3,0.9838
7ODY_DGI,30,2.4965
7ODY_DGI,31,0.6578
7ODY_DGI,32,0.9098
7ODY_DGI,33,2.6639
7ODY_DGI,34,1.0265
7ODY_DGI,35,2.3627
7ODY_DGI,36,1.2128
7ODY_DGI,37,2.2074
7ODY_DGI,38,2.3280
7ODY_DGI,39,1.7628
7ODY_DGI,4,1.4999
7ODY_DGI,40,2.3671
7ODY_DGI,41,0.6488
7ODY_DGI,42,2.5954
7ODY_DGI,43,0.7872
7ODY_DGI,44,1.0353
7ODY_DGI,45,2.0898
7ODY_DGI,46,1.1315
7ODY_DGI,47,2.2881
7ODY_DGI,48,0.9755
7ODY_DGI,49,1.4814
7ODY_DGI,5,1.5853
7ODY_DGI,50,2.3474
7ODY_DGI,51,0.7641
7ODY_DGI,52,2.0963
7ODY_DGI,53,0.8264
7ODY_DGI,54,2.0284
7ODY_DGI,55,0.9123
7ODY_DGI,56,2.1787
7ODY_DGI,57,1.6400
7ODY_DGI,58,2.2924
7ODY_DGI,59,2.7451
7ODY_DGI,6,1.6771
7ODY_DGI,60,2.3035
7ODY_DGI,61,2.3199
7ODY_DGI,62,0.5447
7ODY_DGI,63,1.3619
7ODY_DGI,64,1.5077
7ODY_DGI,65,1.8526
7ODY_DGI,66,1.7926
7ODY_DGI,67,1.5243
7ODY_DGI,68,0.8528
7ODY_DGI,69,0.9509
7ODY_DGI,7,2.2398
7ODY_DGI,70,2.5008
7ODY_DGI,71,1.3969
7ODY_DGI,72,0.8132
7ODY_DGI,73,2.5107
7ODY_DGI,74,0.8552
7ODY_DGI,75,1.0873
7ODY_DGI,76,2.7664
7ODY_DGI,77,0.7029
7ODY_DGI,78,0.7945
7ODY_DGI,79,2.1830
7ODY_DGI,8,2.0877
7ODY_DGI,80,1.6519
7ODY_DGI,81,1.0154
7ODY_DGI,82,2.6793
7ODY_DGI,83,2.2579
7ODY_DGI,84,1.4805
7ODY_DGI,85,0.9477
7ODY_DGI,86,0.9645
7ODY_DGI,87,2.2660
7ODY_DGI,88,0.9721
7ODY_DGI,89,3.0185
7ODY_DGI,9,2.2809
7ODY_DGI,90,2.0977
7ODY_DGI,91,1.8865
7ODY_DGI,92,0.8719
7ODY_DGI,93,1.0954
7ODY_DGI,94,1.0431
7ODY_DGI,95,1.0380
7ODY_DGI,96,1.1304
7ODY_DGI,97,0.8051
7ODY_DGI,98,1.3556
7ODY_DGI,99,2.2943
7OEO_V9Z,0,5.4743
7OEO_V9Z,1,5.0616
7OEO_V9Z,10,5.3944
7OEO_V9Z,100,3.7007
7OEO_V9Z,101,4.5350
7OEO_V9Z,102,5.2757
7OEO_V9Z,103,5.2728
7OEO_V9Z,104,5.7582
7OEO_V9Z,105,5.1869
7OEO_V9Z,106,2.1805
7OEO_V9Z,107,4.7882
7OEO_V9Z,108,5.0532
7OEO_V9Z,109,5.3958
7OEO_V9Z,11,5.6060
7OEO_V9Z,110,5.6167
7OEO_V9Z,111,5.5200
7OEO_V9Z,112,5.2985
7OEO_V9Z,113,5.2147
7OEO_V9Z,114,5.3649
7OEO_V9Z,115,5.1067
7OEO_V9Z,116,4.8655
7OEO_V9Z,117,5.3380
7OEO_V9Z,118,6.0606
7OEO_V9Z,119,5.5397
7OEO_V9Z,12,5.3830
7OEO_V9Z,120,5.5038
7OEO_V9Z,121,5.4537
7OEO_V9Z,122,5.9032
7OEO_V9Z,123,2.0446
7OEO_V9Z,124,5.2172
7OEO_V9Z,125,5.4362
7OEO_V9Z,126,5.0111
7OEO_V9Z,127,5.3187
7OEO_V9Z,128,5.3458
7OEO_V9Z,129,5.3181
7OEO_V9Z,13,6.4021
7OEO_V9Z,130,5.4396
7OEO_V9Z,131,5.3523
7OEO_V9Z,132,5.5529
7OEO_V9Z,133,4.9529
7OEO_V9Z,134,5.1687
7OEO_V9Z,135,5.4458
7OEO_V9Z,136,5.6140
7OEO_V9Z,137,4.4921
7OEO_V9Z,138,5.2302
7OEO_V9Z,139,5.2140
7OEO_V9Z,14,5.0068
7OEO_V9Z,15,3.7448
7OEO_V9Z,16,3.1409
7OEO_V9Z,17,5.1817
7OEO_V9Z,18,3.9927
7OEO_V9Z,19,5.5060
7OEO_V9Z,2,5.0783
7OEO_V9Z,20,5.1404
7OEO_V9Z,21,5.2895
7OEO_V9Z,22,4.5273
7OEO_V9Z,23,5.0924
7OEO_V9Z,24,2.7629
7OEO_V9Z,25,3.8517
7OEO_V9Z,26,4.3214
7OEO_V9Z,27,4.8705
7OEO_V9Z,28,5.1752
7OEO_V9Z,29,4.8765
7OEO_V9Z,3,4.1969
7OEO_V9Z,30,5.1387
7OEO_V9Z,31,5.5172
7OEO_V9Z,32,5.3192
7OEO_V9Z,33,4.8250
7OEO_V9Z,34,5.1711
7OEO_V9Z,35,5.2641
7OEO_V9Z,36,5.8976
7OEO_V9Z,37,5.0708
7OEO_V9Z,38,5.5078
7OEO_V9Z,39,5.2097
7OEO_V9Z,4,5.3471
7OEO_V9Z,40,5.2170
7OEO_V9Z,41,5.4711
7OEO_V9Z,42,5.3442
7OEO_V9Z,43,2.6450
7OEO_V9Z,44,5.2717
7OEO_V9Z,45,2.5842
7OEO_V9Z,46,4.9765
7OEO_V9Z,47,4.8307
7OEO_V9Z,48,3.4629
7OEO_V9Z,49,4.4401
7OEO_V9Z,5,5.6687
7OEO_V9Z,50,3.2812
7OEO_V9Z,51,5.3871
7OEO_V9Z,52,5.2118
7OEO_V9Z,53,4.8452
7OEO_V9Z,54,5.2475
7OEO_V9Z,55,5.7982
7OEO_V9Z,56,4.9425
7OEO_V9Z,57,4.8205
7OEO_V9Z,58,5.6832
7OEO_V9Z,59,5.1711
7OEO_V9Z,6,5.1764
7OEO_V9Z,60,4.3070
7OEO_V9Z,61,3.0848
7OEO_V9Z,62,5.4945
7OEO_V9Z,63,5.8674
7OEO_V9Z,64,5.2522
7OEO_V9Z,65,5.9008
7OEO_V9Z,66,5.3869
7OEO_V9Z,67,5.5946
7OEO_V9Z,68,5.1589
7OEO_V9Z,69,5.5431
7OEO_V9Z,7,5.5817
7OEO_V9Z,70,5.2231
7OEO_V9Z,71,5.5490
7OEO_V9Z,72,6.2215
7OEO_V9Z,73,5.6482
7OEO_V9Z,74,6.3121
7OEO_V9Z,75,5.0514
7OEO_V9Z,76,4.9476
7OEO_V9Z,77,4.2604
7OEO_V9Z,78,4.9607
7OEO_V9Z,79,5.2869
7OEO_V9Z,8,5.5487
7OEO_V9Z,80,5.4558
7OEO_V9Z,81,5.5610
7OEO_V9Z,82,3.5368
7OEO_V9Z,83,5.3473
7OEO_V9Z,84,4.9570
7OEO_V9Z,85,4.3278
7OEO_V9Z,86,5.1966
7OEO_V9Z,87,4.8860
7OEO_V9Z,88,5.3267
7OEO_V9Z,89,5.1811
7OEO_V9Z,9,5.7084
7OEO_V9Z,90,6.4047
7OEO_V9Z,91,5.4952
7OEO_V9Z,92,5.0229
7OEO_V9Z,93,5.4623
7OEO_V9Z,94,5.3272
7OEO_V9Z,95,1.3711
7OEO_V9Z,96,5.2653
7OEO_V9Z,97,4.9441
7OEO_V9Z,98,5.3004
7OEO_V9Z,99,2.0133
7OFF_VCB,0,3.5065
7OFF_VCB,1,6.1562
7OFF_VCB,10,1.0293
7OFF_VCB,100,3.8316
7OFF_VCB,101,3.3059
7OFF_VCB,102,2.2391
7OFF_VCB,103,0.9805
7OFF_VCB,104,4.7311
7OFF_VCB,105,3.4592
7OFF_VCB,106,3.2575
7OFF_VCB,107,4.2849
7OFF_VCB,108,1.3148
7OFF_VCB,109,0.7698
7OFF_VCB,11,1.0744
7OFF_VCB,110,1.4752
7OFF_VCB,111,3.9016
7OFF_VCB,112,1.6714
7OFF_VCB,113,3.2199
7OFF_VCB,114,1.7839
7OFF_VCB,115,3.5263
7OFF_VCB,116,1.2501
7OFF_VCB,117,1.3110
7OFF_VCB,118,3.5510
7OFF_VCB,119,2.1965
7OFF_VCB,12,2.5156
7OFF_VCB,120,3.5190
7OFF_VCB,121,3.5184
7OFF_VCB,122,3.3530
7OFF_VCB,123,3.2846
7OFF_VCB,124,1.7179
7OFF_VCB,125,1.3490
7OFF_VCB,126,1.6361
7OFF_VCB,127,3.9576
7OFF_VCB,128,3.9373
7OFF_VCB,129,2.6564
7OFF_VCB,13,3.1653
7OFF_VCB,130,3.0016
7OFF_VCB,131,3.3326
7OFF_VCB,132,3.1231
7OFF_VCB,133,3.5595
7OFF_VCB,134,2.7796
7OFF_VCB,135,4.3168
7OFF_VCB,136,4.3901
7OFF_VCB,137,3.7855
7OFF_VCB,138,1.3859
7OFF_VCB,139,1.9236
7OFF_VCB,14,3.6779
7OFF_VCB,15,3.9841
7OFF_VCB,16,3.3230
7OFF_VCB,17,1.3023
7OFF_VCB,18,4.0335
7OFF_VCB,19,3.2315
7OFF_VCB,2,1.1251
7OFF_VCB,20,5.3163
7OFF_VCB,21,1.2871
7OFF_VCB,22,3.7567
7OFF_VCB,23,3.2732
7OFF_VCB,24,3.2970
7OFF_VCB,25,3.1809
7OFF_VCB,26,3.3911
7OFF_VCB,27,3.2475
7OFF_VCB,28,3.3583
7OFF_VCB,29,1.6260
7OFF_VCB,3,4.1044
7OFF_VCB,30,3.4410
7OFF_VCB,31,1.4024
7OFF_VCB,32,4.9155
7OFF_VCB,33,3.1896
7OFF_VCB,34,3.5730
7OFF_VCB,35,1.5622
7OFF_VCB,36,1.9625
7OFF_VCB,37,3.3160
7OFF_VCB,38,1.3798
7OFF_VCB,39,3.4029
7OFF_VCB,4,1.1362
7OFF_VCB,40,2.0097
7OFF_VCB,41,3.7416
7OFF_VCB,42,3.4118
7OFF_VCB,43,3.3078
7OFF_VCB,44,4.2005
7OFF_VCB,45,2.9591
7OFF_VCB,46,3.3375
7OFF_VCB,47,3.2524
7OFF_VCB,48,3.1238
7OFF_VCB,49,3.8722
7OFF_VCB,5,4.2648
7OFF_VCB,50,2.3851
7OFF_VCB,51,1.6833
7OFF_VCB,52,1.7852
7OFF_VCB,53,4.0866
7OFF_VCB,54,1.7713
7OFF_VCB,55,1.3034
7OFF_VCB,56,1.1410
7OFF_VCB,57,3.2414
7OFF_VCB,58,3.1691
7OFF_VCB,59,2.2024
7OFF_VCB,6,3.2350
7OFF_VCB,60,3.2134
7OFF_VCB,61,1.3032
7OFF_VCB,62,0.8306
7OFF_VCB,63,3.5377
7OFF_VCB,64,0.8504
7OFF_VCB,65,1.5928
7OFF_VCB,66,3.1194
7OFF_VCB,67,3.8612
7OFF_VCB,68,3.0036
7OFF_VCB,68,3.3503
7OFF_VCB,69,1.2700
7OFF_VCB,69,3.5075
7OFF_VCB,7,2.1406
7OFF_VCB,70,2.9925
7OFF_VCB,71,3.3328
7OFF_VCB,72,1.5223
7OFF_VCB,73,1.3360
7OFF_VCB,73,4.3274
7OFF_VCB,74,4.3487
7OFF_VCB,75,4.4559
7OFF_VCB,76,3.3705
7OFF_VCB,77,3.5158
7OFF_VCB,78,3.6233
7OFF_VCB,79,1.3483
7OFF_VCB,8,0.9947
7OFF_VCB,80,3.2747
7OFF_VCB,81,3.8625
7OFF_VCB,82,3.2597
7OFF_VCB,83,3.6218
7OFF_VCB,84,3.3380
7OFF_VCB,85,1.5104
7OFF_VCB,86,3.0862
7OFF_VCB,87,1.5457
7OFF_VCB,88,3.4748
7OFF_VCB,89,3.2100
7OFF_VCB,9,5.7218
7OFF_VCB,90,1.9578
7OFF_VCB,91,1.3087
7OFF_VCB,92,1.5333
7OFF_VCB,93,1.4621
7OFF_VCB,94,0.9533
7OFF_VCB,95,3.5544
7OFF_VCB,96,1.5945
7OFF_VCB,97,4.3194
7OFF_VCB,98,3.4659
7OFF_VCB,99,1.5898
7OFK_VCH,0,1.2184
7OFK_VCH,1,1.7420
7OFK_VCH,10,1.4388
7OFK_VCH,100,1.6332
7OFK_VCH,101,1.2071
7OFK_VCH,102,1.4283
7OFK_VCH,103,1.6799
7OFK_VCH,104,1.9293
7OFK_VCH,105,4.6210
7OFK_VCH,106,1.2442
7OFK_VCH,107,4.5262
7OFK_VCH,108,4.4693
7OFK_VCH,109,4.8181
7OFK_VCH,11,1.4542
7OFK_VCH,110,1.5477
7OFK_VCH,111,1.3581
7OFK_VCH,112,1.2957
7OFK_VCH,113,1.6556
7OFK_VCH,114,1.5998
7OFK_VCH,115,2.2702
7OFK_VCH,116,1.2489
7OFK_VCH,117,1.7643
7OFK_VCH,118,4.4156
7OFK_VCH,119,1.2032
7OFK_VCH,12,1.6887
7OFK_VCH,120,1.3264
7OFK_VCH,121,1.4884
7OFK_VCH,122,1.7124
7OFK_VCH,123,4.4063
7OFK_VCH,124,1.3748
7OFK_VCH,125,1.2915
7OFK_VCH,126,1.2657
7OFK_VCH,127,1.6627
7OFK_VCH,128,8.1214
7OFK_VCH,129,4.2431
7OFK_VCH,13,1.0718
7OFK_VCH,130,2.2365
7OFK_VCH,131,4.6456
7OFK_VCH,132,1.4646
7OFK_VCH,133,0.9176
7OFK_VCH,134,1.3968
7OFK_VCH,135,1.5651
7OFK_VCH,136,2.0997
7OFK_VCH,137,1.3858
7OFK_VCH,138,1.0696
7OFK_VCH,139,1.1872
7OFK_VCH,14,2.3731
7OFK_VCH,15,1.9125
7OFK_VCH,16,1.6956
7OFK_VCH,17,1.6892
7OFK_VCH,18,1.4980
7OFK_VCH,19,1.1317
7OFK_VCH,2,1.4807
7OFK_VCH,20,1.9020
7OFK_VCH,21,0.9676
7OFK_VCH,22,1.5335
7OFK_VCH,23,1.4584
7OFK_VCH,24,4.5282
7OFK_VCH,25,1.2925
7OFK_VCH,26,1.3557
7OFK_VCH,27,1.9103
7OFK_VCH,28,1.3466
7OFK_VCH,29,1.0342
7OFK_VCH,3,1.0686
7OFK_VCH,30,1.3351
7OFK_VCH,31,4.6186
7OFK_VCH,32,4.4797
7OFK_VCH,33,1.4896
7OFK_VCH,34,0.9936
7OFK_VCH,35,1.3012
7OFK_VCH,36,4.6793
7OFK_VCH,37,1.5390
7OFK_VCH,38,4.5199
7OFK_VCH,39,1.4419
7OFK_VCH,4,1.6089
7OFK_VCH,40,1.9462
7OFK_VCH,41,1.4754
7OFK_VCH,42,1.4196
7OFK_VCH,43,4.6299
7OFK_VCH,44,1.5968
7OFK_VCH,45,1.3374
7OFK_VCH,46,4.6739
7OFK_VCH,47,1.7633
7OFK_VCH,48,1.7452
7OFK_VCH,49,3.6292
7OFK_VCH,5,2.2069
7OFK_VCH,50,1.9710
7OFK_VCH,51,1.5328
7OFK_VCH,52,4.4876
7OFK_VCH,53,5.1002
7OFK_VCH,54,2.9890
7OFK_VCH,55,1.7878
7OFK_VCH,56,4.6489
7OFK_VCH,57,1.4044
7OFK_VCH,58,1.4842
7OFK_VCH,59,1.3656
7OFK_VCH,6,1.6062
7OFK_VCH,60,1.3463
7OFK_VCH,61,1.4600
7OFK_VCH,62,4.8886
7OFK_VCH,63,4.6628
7OFK_VCH,64,2.4942
7OFK_VCH,65,1.7667
7OFK_VCH,66,1.4782
7OFK_VCH,67,1.5897
7OFK_VCH,68,1.5940
7OFK_VCH,69,1.7187
7OFK_VCH,7,2.6495
7OFK_VCH,70,4.4641
7OFK_VCH,71,1.7454
7OFK_VCH,72,4.6500
7OFK_VCH,73,1.4104
7OFK_VCH,74,1.5005
7OFK_VCH,75,1.5467
7OFK_VCH,76,1.2774
7OFK_VCH,77,0.9656
7OFK_VCH,78,1.1299
7OFK_VCH,79,1.4090
7OFK_VCH,8,1.8699
7OFK_VCH,80,0.8383
7OFK_VCH,81,1.2339
7OFK_VCH,82,1.6373
7OFK_VCH,83,4.5799
7OFK_VCH,84,4.4262
7OFK_VCH,85,2.8091
7OFK_VCH,86,4.6253
7OFK_VCH,87,1.5858
7OFK_VCH,88,1.2723
7OFK_VCH,89,1.4825
7OFK_VCH,9,1.4311
7OFK_VCH,90,4.4162
7OFK_VCH,91,1.8433
7OFK_VCH,92,1.0568
7OFK_VCH,93,1.3113
7OFK_VCH,94,1.4893
7OFK_VCH,95,1.3072
7OFK_VCH,96,1.4693
7OFK_VCH,97,1.7710
7OFK_VCH,98,0.9032
7OFK_VCH,99,1.4666
7OLI_8HG,0,2.0265
7OLI_8HG,1,2.2425
7OLI_8HG,10,1.3602
7OLI_8HG,100,1.1807
7OLI_8HG,101,1.3436
7OLI_8HG,102,2.4147
7OLI_8HG,103,1.9502
7OLI_8HG,104,5.3282
7OLI_8HG,105,1.1176
7OLI_8HG,106,0.6252
7OLI_8HG,107,0.7718
7OLI_8HG,108,1.5137
7OLI_8HG,109,1.3857
7OLI_8HG,11,1.4920
7OLI_8HG,110,2.1904
7OLI_8HG,111,3.5318
7OLI_8HG,112,3.4259
7OLI_8HG,113,4.9527
7OLI_8HG,114,1.7790
7OLI_8HG,115,2.0050
7OLI_8HG,116,2.1292
7OLI_8HG,117,2.1460
7OLI_8HG,118,3.5055
7OLI_8HG,119,1.9418
7OLI_8HG,12,5.3172
7OLI_8HG,120,1.9218
7OLI_8HG,121,2.0265
7OLI_8HG,122,2.0829
7OLI_8HG,123,1.2069
7OLI_8HG,124,2.9159
7OLI_8HG,125,2.0283
7OLI_8HG,126,2.5873
7OLI_8HG,127,5.1094
7OLI_8HG,128,2.0383
7OLI_8HG,129,0.8176
7OLI_8HG,13,5.1132
7OLI_8HG,130,2.2716
7OLI_8HG,131,2.0135
7OLI_8HG,132,5.1913
7OLI_8HG,133,0.9348
7OLI_8HG,134,1.8181
7OLI_8HG,135,5.2572
7OLI_8HG,136,3.5522
7OLI_8HG,137,2.4066
7OLI_8HG,138,3.0179
7OLI_8HG,139,4.9215
7OLI_8HG,14,2.0158
7OLI_8HG,15,1.3902
7OLI_8HG,16,0.4858
7OLI_8HG,17,1.2236
7OLI_8HG,18,0.5273
7OLI_8HG,19,1.0036
7OLI_8HG,2,2.2980
7OLI_8HG,20,1.9405
7OLI_8HG,21,2.0469
7OLI_8HG,22,1.8931
7OLI_8HG,23,3.0500
7OLI_8HG,24,3.2702
7OLI_8HG,25,5.4734
7OLI_8HG,26,2.5597
7OLI_8HG,27,4.9370
7OLI_8HG,28,5.2937
7OLI_8HG,29,4.7946
7OLI_8HG,3,1.9797
7OLI_8HG,30,5.2960
7OLI_8HG,31,2.8425
7OLI_8HG,32,1.8610
7OLI_8HG,33,2.8576
7OLI_8HG,34,2.0459
7OLI_8HG,35,0.8608
7OLI_8HG,36,3.4835
7OLI_8HG,37,2.5594
7OLI_8HG,38,4.7340
7OLI_8HG,39,3.4453
7OLI_8HG,4,2.0481
7OLI_8HG,40,0.9654
7OLI_8HG,41,5.1407
7OLI_8HG,42,1.0637
7OLI_8HG,43,3.3351
7OLI_8HG,44,2.4248
7OLI_8HG,45,2.0210
7OLI_8HG,46,5.0939
7OLI_8HG,47,2.3601
7OLI_8HG,48,2.1041
7OLI_8HG,49,3.5546
7OLI_8HG,5,2.9451
7OLI_8HG,50,2.9505
7OLI_8HG,51,1.2204
7OLI_8HG,52,4.9783
7OLI_8HG,53,5.1321
7OLI_8HG,54,0.9625
7OLI_8HG,55,3.4843
7OLI_8HG,56,1.9224
7OLI_8HG,57,2.6274
7OLI_8HG,58,1.5968
7OLI_8HG,59,2.3125
7OLI_8HG,6,3.1739
7OLI_8HG,60,5.4201
7OLI_8HG,61,1.9189
7OLI_8HG,62,1.9412
7OLI_8HG,63,1.7068
7OLI_8HG,64,1.9124
7OLI_8HG,65,1.2865
7OLI_8HG,65,1.8091
7OLI_8HG,66,1.7074
7OLI_8HG,67,3.5464
7OLI_8HG,68,1.0512
7OLI_8HG,69,3.0130
7OLI_8HG,7,5.0725
7OLI_8HG,70,4.2325
7OLI_8HG,71,2.1102
7OLI_8HG,72,2.0009
7OLI_8HG,73,1.8565
7OLI_8HG,74,3.3202
7OLI_8HG,75,4.8513
7OLI_8HG,76,2.0537
7OLI_8HG,77,5.1318
7OLI_8HG,78,3.5610
7OLI_8HG,79,1.0175
7OLI_8HG,8,1.9834
7OLI_8HG,80,3.5184
7OLI_8HG,81,3.8007
7OLI_8HG,82,2.7303
7OLI_8HG,83,1.9858
7OLI_8HG,84,0.9466
7OLI_8HG,85,5.0841
7OLI_8HG,86,4.6549
7OLI_8HG,87,0.9673
7OLI_8HG,88,4.4330
7OLI_8HG,89,2.9389
7OLI_8HG,9,2.0015
7OLI_8HG,90,5.0389
7OLI_8HG,91,1.1189
7OLI_8HG,92,2.1447
7OLI_8HG,93,5.4872
7OLI_8HG,94,2.0580
7OLI_8HG,95,3.2369
7OLI_8HG,96,1.5053
7OLI_8HG,97,1.2404
7OLI_8HG,98,5.9315
7OLI_8HG,99,1.9384
7OMX_CNA,0,11.3848
7OMX_CNA,1,11.8383
7OMX_CNA,10,1.9577
7OMX_CNA,100,4.0232
7OMX_CNA,101,3.4937
7OMX_CNA,102,9.5470
7OMX_CNA,103,3.3720
7OMX_CNA,104,3.8937
7OMX_CNA,105,3.5156
7OMX_CNA,106,4.5866
7OMX_CNA,107,4.5652
7OMX_CNA,108,2.5886
7OMX_CNA,109,2.5082
7OMX_CNA,11,9.7458
7OMX_CNA,110,3.6202
7OMX_CNA,111,4.9193
7OMX_CNA,112,2.7230
7OMX_CNA,113,2.2597
7OMX_CNA,114,9.7742
7OMX_CNA,115,3.6929
7OMX_CNA,116,3.6441
7OMX_CNA,117,10.7415
7OMX_CNA,118,4.0813
7OMX_CNA,119,3.1299
7OMX_CNA,12,9.6569
7OMX_CNA,120,4.1182
7OMX_CNA,121,3.5286
7OMX_CNA,122,2.5746
7OMX_CNA,123,9.5167
7OMX_CNA,124,3.9814
7OMX_CNA,125,4.8159
7OMX_CNA,126,3.7198
7OMX_CNA,127,10.3353
7OMX_CNA,128,2.8821
7OMX_CNA,129,10.8032
7OMX_CNA,13,3.9046
7OMX_CNA,130,4.7704
7OMX_CNA,131,4.6272
7OMX_CNA,132,3.8997
7OMX_CNA,133,9.5693
7OMX_CNA,134,3.7524
7OMX_CNA,135,1.5289
7OMX_CNA,136,3.9672
7OMX_CNA,137,9.6059
7OMX_CNA,138,3.8390
7OMX_CNA,139,4.0429
7OMX_CNA,14,9.8904
7OMX_CNA,15,3.4183
7OMX_CNA,16,3.7453
7OMX_CNA,17,9.4296
7OMX_CNA,18,4.4447
7OMX_CNA,19,2.7127
7OMX_CNA,2,2.2214
7OMX_CNA,20,9.3608
7OMX_CNA,21,4.0081
7OMX_CNA,22,3.3735
7OMX_CNA,23,4.0274
7OMX_CNA,24,3.5218
7OMX_CNA,25,2.0352
7OMX_CNA,26,2.3636
7OMX_CNA,27,3.9811
7OMX_CNA,28,9.5291
7OMX_CNA,29,9.8344
7OMX_CNA,3,9.7173
7OMX_CNA,30,9.1753
7OMX_CNA,31,3.5535
7OMX_CNA,32,4.2003
7OMX_CNA,33,5.2148
7OMX_CNA,34,4.8818
7OMX_CNA,35,3.8978
7OMX_CNA,36,8.7751
7OMX_CNA,37,4.7346
7OMX_CNA,38,4.5758
7OMX_CNA,39,2.7422
7OMX_CNA,4,9.7727
7OMX_CNA,40,4.4423
7OMX_CNA,41,5.1933
7OMX_CNA,42,4.2419
7OMX_CNA,43,4.7669
7OMX_CNA,44,2.5388
7OMX_CNA,45,4.1080
7OMX_CNA,46,10.6652
7OMX_CNA,47,3.0785
7OMX_CNA,48,2.2661
7OMX_CNA,48,10.9001
7OMX_CNA,49,3.7164
7OMX_CNA,5,3.6742
7OMX_CNA,50,3.9616
7OMX_CNA,51,3.7541
7OMX_CNA,52,4.6446
7OMX_CNA,53,3.5038
7OMX_CNA,54,4.1687
7OMX_CNA,55,4.3881
7OMX_CNA,56,3.8419
7OMX_CNA,57,10.0682
7OMX_CNA,58,11.4763
7OMX_CNA,59,3.3675
7OMX_CNA,6,4.0062
7OMX_CNA,60,3.7920
7OMX_CNA,61,3.8084
7OMX_CNA,62,3.9052
7OMX_CNA,63,3.2990
7OMX_CNA,64,3.1954
7OMX_CNA,65,9.6767
7OMX_CNA,66,2.3415
7OMX_CNA,67,2.8916
7OMX_CNA,68,9.9475
7OMX_CNA,69,3.8770
7OMX_CNA,7,9.2227
7OMX_CNA,70,4.1278
7OMX_CNA,71,3.5235
7OMX_CNA,72,3.7000
7OMX_CNA,73,3.7402
7OMX_CNA,74,3.9331
7OMX_CNA,75,10.1969
7OMX_CNA,76,3.8422
7OMX_CNA,77,3.9262
7OMX_CNA,78,10.8879
7OMX_CNA,79,9.8553
7OMX_CNA,8,10.8136
7OMX_CNA,80,3.6092
7OMX_CNA,81,9.6053
7OMX_CNA,82,2.0804
7OMX_CNA,83,2.2586
7OMX_CNA,84,4.1516
7OMX_CNA,85,4.9102
7OMX_CNA,86,2.7076
7OMX_CNA,87,2.6726
7OMX_CNA,88,3.9549
7OMX_CNA,89,11.1588
7OMX_CNA,9,4.2377
7OMX_CNA,90,9.5326
7OMX_CNA,91,11.6005
7OMX_CNA,92,4.6519
7OMX_CNA,93,9.6759
7OMX_CNA,94,9.6464
7OMX_CNA,95,9.9109
7OMX_CNA,96,3.1319
7OMX_CNA,97,4.0032
7OMX_CNA,98,9.5621
7OMX_CNA,99,3.0268
7OP9_06K,0,3.3662
7OP9_06K,1,0.9392
7OP9_06K,10,3.4096
7OP9_06K,100,3.4116
7OP9_06K,101,3.4312
7OP9_06K,102,3.2975
7OP9_06K,103,4.2774
7OP9_06K,104,4.2092
7OP9_06K,105,3.7156
7OP9_06K,106,3.8639
7OP9_06K,107,3.7423
7OP9_06K,108,3.5022
7OP9_06K,109,3.8623
7OP9_06K,11,2.8199
7OP9_06K,110,4.1277
7OP9_06K,111,3.5078
7OP9_06K,112,4.1854
7OP9_06K,113,4.1640
7OP9_06K,114,4.2449
7OP9_06K,115,2.8362
7OP9_06K,116,3.2374
7OP9_06K,117,3.3281
7OP9_06K,118,3.3998
7OP9_06K,119,3.4187
7OP9_06K,12,3.4273
7OP9_06K,120,4.1453
7OP9_06K,121,4.2096
7OP9_06K,122,3.9172
7OP9_06K,123,2.9865
7OP9_06K,124,4.3331
7OP9_06K,125,4.2528
7OP9_06K,126,4.3127
7OP9_06K,127,1.7175
7OP9_06K,128,3.4342
7OP9_06K,129,3.4276
7OP9_06K,13,3.2624
7OP9_06K,130,3.2634
7OP9_06K,131,4.1362
7OP9_06K,132,2.6834
7OP9_06K,133,3.5274
7OP9_06K,134,3.4100
7OP9_06K,135,3.8113
7OP9_06K,136,4.2719
7OP9_06K,137,3.0264
7OP9_06K,138,3.4294
7OP9_06K,139,4.2075
7OP9_06K,14,4.2450
7OP9_06K,15,4.3192
7OP9_06K,16,3.4338
7OP9_06K,17,3.4466
7OP9_06K,18,3.0602
7OP9_06K,18,3.5082
7OP9_06K,19,4.1828
7OP9_06K,2,4.2133
7OP9_06K,20,4.2920
7OP9_06K,21,3.4349
7OP9_06K,22,3.4079
7OP9_06K,23,3.5651
7OP9_06K,24,3.4333
7OP9_06K,25,3.3913
7OP9_06K,26,4.2078
7OP9_06K,27,4.2428
7OP9_06K,28,4.3546
7OP9_06K,29,3.2658
7OP9_06K,3,3.1029
7OP9_06K,30,4.1610
7OP9_06K,31,3.5408
7OP9_06K,32,2.9629
7OP9_06K,33,3.4465
7OP9_06K,34,3.3906
7OP9_06K,35,1.0283
7OP9_06K,36,3.4279
7OP9_06K,37,2.9732
7OP9_06K,38,4.1711
7OP9_06K,39,3.2397
7OP9_06K,4,4.3571
7OP9_06K,40,2.9176
7OP9_06K,41,3.3017
7OP9_06K,42,4.2623
7OP9_06K,43,3.3632
7OP9_06K,44,4.2986
7OP9_06K,45,1.7433
7OP9_06K,46,2.8650
7OP9_06K,47,3.4720
7OP9_06K,48,2.8558
7OP9_06K,49,3.4808
7OP9_06K,5,4.0945
7OP9_06K,50,3.0640
7OP9_06K,51,4.2769
7OP9_06K,52,3.8910
7OP9_06K,53,2.8107
7OP9_06K,54,3.4362
7OP9_06K,55,3.6124
7OP9_06K,56,1.2886
7OP9_06K,57,4.2880
7OP9_06K,58,3.3516
7OP9_06K,59,3.3653
7OP9_06K,6,2.6900
7OP9_06K,60,4.3374
7OP9_06K,61,3.3842
7OP9_06K,62,3.9926
7OP9_06K,63,3.4161
7OP9_06K,64,2.6833
7OP9_06K,65,4.0196
7OP9_06K,66,3.3983
7OP9_06K,67,4.1315
7OP9_06K,68,2.6461
7OP9_06K,69,3.3743
7OP9_06K,7,3.4453
7OP9_06K,70,3.8434
7OP9_06K,71,4.4038
7OP9_06K,72,3.0951
7OP9_06K,73,4.4387
7OP9_06K,74,3.4070
7OP9_06K,75,4.2141
7OP9_06K,76,3.4208
7OP9_06K,77,2.8543
7OP9_06K,78,4.3366
7OP9_06K,79,1.3428
7OP9_06K,8,3.4234
7OP9_06K,80,4.2282
7OP9_06K,81,4.0794
7OP9_06K,82,2.5980
7OP9_06K,83,4.1597
7OP9_06K,84,3.3962
7OP9_06K,85,4.1750
7OP9_06K,86,2.2492
7OP9_06K,87,1.7621
7OP9_06K,88,4.2607
7OP9_06K,89,4.3223
7OP9_06K,9,3.8061
7OP9_06K,90,3.3851
7OP9_06K,91,4.2838
7OP9_06K,92,3.0320
7OP9_06K,93,4.3051
7OP9_06K,94,3.6165
7OP9_06K,95,3.4142
7OP9_06K,96,3.0484
7OP9_06K,97,4.2544
7OP9_06K,98,4.2674
7OP9_06K,99,4.1448
7OPG_06N,0,1.1293
7OPG_06N,1,0.5919
7OPG_06N,10,0.9809
7OPG_06N,10,0.4854
7OPG_06N,100,4.9444
7OPG_06N,101,4.8356
7OPG_06N,102,4.9761
7OPG_06N,103,0.8617
7OPG_06N,104,5.2714
7OPG_06N,105,2.1994
7OPG_06N,106,4.9747
7OPG_06N,107,4.7438
7OPG_06N,108,5.0852
7OPG_06N,109,1.1815
7OPG_06N,11,5.0409
7OPG_06N,110,4.9329
7OPG_06N,111,0.8041
7OPG_06N,112,4.9856
7OPG_06N,113,1.5717
7OPG_06N,114,1.0944
7OPG_06N,115,4.8613
7OPG_06N,116,4.8932
7OPG_06N,117,4.4298
7OPG_06N,118,4.3111
7OPG_06N,119,4.4458
7OPG_06N,12,0.9902
7OPG_06N,120,4.8212
7OPG_06N,121,5.1295
7OPG_06N,122,0.7360
7OPG_06N,123,0.9262
7OPG_06N,124,0.4093
7OPG_06N,125,0.5332
7OPG_06N,126,0.7096
7OPG_06N,127,0.5263
7OPG_06N,128,0.7728
7OPG_06N,129,0.7889
7OPG_06N,13,1.7725
7OPG_06N,130,5.4272
7OPG_06N,131,0.4781
7OPG_06N,132,4.7893
7OPG_06N,133,0.5231
7OPG_06N,134,0.4253
7OPG_06N,135,2.6207
7OPG_06N,136,0.7406
7OPG_06N,137,0.9189
7OPG_06N,138,0.6274
7OPG_06N,139,0.9683
7OPG_06N,14,0.9014
7OPG_06N,15,0.9199
7OPG_06N,16,0.3651
7OPG_06N,17,0.5014
7OPG_06N,18,4.8215
7OPG_06N,19,0.6512
7OPG_06N,2,4.9843
7OPG_06N,20,4.7909
7OPG_06N,21,0.6913
7OPG_06N,22,5.5496
7OPG_06N,23,1.1869
7OPG_06N,24,0.7142
7OPG_06N,25,1.0096
7OPG_06N,26,0.6959
7OPG_06N,27,0.5403
7OPG_06N,28,4.9624
7OPG_06N,29,4.7060
7OPG_06N,3,5.4437
7OPG_06N,30,1.1992
7OPG_06N,31,0.5069
7OPG_06N,32,4.8776
7OPG_06N,33,4.9815
7OPG_06N,34,1.1370
7OPG_06N,35,4.9003
7OPG_06N,36,0.5597
7OPG_06N,37,1.1267
7OPG_06N,38,4.8776
7OPG_06N,39,5.1173
7OPG_06N,4,0.4833
7OPG_06N,40,0.7020
7OPG_06N,41,0.6027
7OPG_06N,42,4.8582
7OPG_06N,43,4.9290
7OPG_06N,44,0.4589
7OPG_06N,45,2.4428
7OPG_06N,46,1.0683
7OPG_06N,47,5.0170
7OPG_06N,48,4.7851
7OPG_06N,49,0.7744
7OPG_06N,5,6.3053
7OPG_06N,50,0.6851
7OPG_06N,51,1.2060
7OPG_06N,52,1.2780
7OPG_06N,53,0.8984
7OPG_06N,54,5.6736
7OPG_06N,55,5.2810
7OPG_06N,56,0.6752
7OPG_06N,57,5.1280
7OPG_06N,58,4.6974
7OPG_06N,59,2.4679
7OPG_06N,6,4.7376
7OPG_06N,60,0.9376
7OPG_06N,61,0.5203
7OPG_06N,62,1.0874
7OPG_06N,63,0.6692
7OPG_06N,64,2.0203
7OPG_06N,65,4.9989
7OPG_06N,66,0.8308
7OPG_06N,67,4.8257
7OPG_06N,68,4.7483
7OPG_06N,69,2.2035
7OPG_06N,7,5.0196
7OPG_06N,70,2.4822
7OPG_06N,71,2.4521
7OPG_06N,72,5.5916
7OPG_06N,73,5.4698
7OPG_06N,74,0.7204
7OPG_06N,75,5.2912
7OPG_06N,76,4.7345
7OPG_06N,77,5.5240
7OPG_06N,78,5.1850
7OPG_06N,79,2.5724
7OPG_06N,8,6.1929
7OPG_06N,80,5.1087
7OPG_06N,81,4.9342
7OPG_06N,82,4.8097
7OPG_06N,83,0.6725
7OPG_06N,84,4.6293
7OPG_06N,85,0.5954
7OPG_06N,86,4.8444
7OPG_06N,87,3.2736
7OPG_06N,88,5.0236
7OPG_06N,89,0.6994
7OPG_06N,9,0.7088
7OPG_06N,90,5.4948
7OPG_06N,91,0.7408
7OPG_06N,92,0.4605
7OPG_06N,93,6.2187
7OPG_06N,94,0.5357
7OPG_06N,95,1.3667
7OPG_06N,96,0.5936
7OPG_06N,97,4.9215
7OPG_06N,98,0.8973
7OPG_06N,99,5.1977
7OSO_0V1,0,2.2225
7OSO_0V1,1,1.7733
7OSO_0V1,10,3.6486
7OSO_0V1,100,1.8615
7OSO_0V1,101,2.5654
7OSO_0V1,102,2.0677
7OSO_0V1,103,2.3340
7OSO_0V1,104,2.5566
7OSO_0V1,105,1.6045
7OSO_0V1,106,3.0420
7OSO_0V1,107,3.2257
7OSO_0V1,108,3.4757
7OSO_0V1,109,1.5950
7OSO_0V1,11,1.1762
7OSO_0V1,110,1.7242
7OSO_0V1,111,2.1268
7OSO_0V1,112,3.5268
7OSO_0V1,113,3.4232
7OSO_0V1,114,3.5319
7OSO_0V1,115,1.9361
7OSO_0V1,116,3.4130
7OSO_0V1,117,2.8396
7OSO_0V1,118,2.2893
7OSO_0V1,119,2.2502
7OSO_0V1,12,1.4773
7OSO_0V1,120,1.3113
7OSO_0V1,121,3.4838
7OSO_0V1,122,1.0467
7OSO_0V1,123,1.9033
7OSO_0V1,124,3.4625
7OSO_0V1,125,2.4615
7OSO_0V1,126,2.4275
7OSO_0V1,127,1.6316
7OSO_0V1,128,2.6029
7OSO_0V1,129,3.2771
7OSO_0V1,13,3.0781
7OSO_0V1,130,3.3973
7OSO_0V1,131,3.6117
7OSO_0V1,132,2.0922
7OSO_0V1,133,3.1627
7OSO_0V1,134,1.4295
7OSO_0V1,135,2.7035
7OSO_0V1,136,2.2991
7OSO_0V1,137,2.7588
7OSO_0V1,138,1.6114
7OSO_0V1,139,2.2105
7OSO_0V1,14,1.7643
7OSO_0V1,15,3.2697
7OSO_0V1,16,2.3410
7OSO_0V1,17,3.5950
7OSO_0V1,18,1.9520
7OSO_0V1,19,1.6843
7OSO_0V1,2,3.6095
7OSO_0V1,20,2.4540
7OSO_0V1,21,2.4941
7OSO_0V1,22,1.6479
7OSO_0V1,23,0.8450
7OSO_0V1,24,2.0984
7OSO_0V1,25,1.6655
7OSO_0V1,26,1.4697
7OSO_0V1,27,3.3042
7OSO_0V1,28,3.1903
7OSO_0V1,29,1.8791
7OSO_0V1,3,1.2775
7OSO_0V1,30,2.0388
7OSO_0V1,31,1.7665
7OSO_0V1,32,3.3080
7OSO_0V1,33,3.7259
7OSO_0V1,34,2.2196
7OSO_0V1,35,2.3559
7OSO_0V1,36,3.5954
7OSO_0V1,37,2.7789
7OSO_0V1,38,2.7168
7OSO_0V1,39,2.7678
7OSO_0V1,4,1.7872
7OSO_0V1,40,2.1424
7OSO_0V1,41,1.5032
7OSO_0V1,42,3.8310
7OSO_0V1,43,2.7559
7OSO_0V1,44,1.7629
7OSO_0V1,45,3.7724
7OSO_0V1,46,3.5672
7OSO_0V1,47,3.4457
7OSO_0V1,48,2.6422
7OSO_0V1,49,3.4346
7OSO_0V1,5,3.3958
7OSO_0V1,50,2.4625
7OSO_0V1,51,2.1710
7OSO_0V1,52,2.1002
7OSO_0V1,53,2.1477
7OSO_0V1,54,1.8357
7OSO_0V1,55,2.1606
7OSO_0V1,56,2.6336
7OSO_0V1,57,1.0484
7OSO_0V1,58,1.9705
7OSO_0V1,59,2.2281
7OSO_0V1,6,1.6254
7OSO_0V1,60,3.1221
7OSO_0V1,61,3.2760
7OSO_0V1,62,3.3366
7OSO_0V1,63,3.6693
7OSO_0V1,64,2.7479
7OSO_0V1,65,3.5667
7OSO_0V1,66,3.5362
7OSO_0V1,67,2.3397
7OSO_0V1,68,2.1809
7OSO_0V1,69,3.1431
7OSO_0V1,7,2.4785
7OSO_0V1,70,1.7123
7OSO_0V1,71,2.4346
7OSO_0V1,72,3.1199
7OSO_0V1,73,2.2105
7OSO_0V1,74,2.5498
7OSO_0V1,75,1.1889
7OSO_0V1,76,3.4441
7OSO_0V1,77,2.5052
7OSO_0V1,78,1.5268
7OSO_0V1,79,1.8941
7OSO_0V1,8,2.2058
7OSO_0V1,80,3.3214
7OSO_0V1,81,3.5108
7OSO_0V1,82,2.2922
7OSO_0V1,83,1.5664
7OSO_0V1,84,3.1310
7OSO_0V1,85,1.9978
7OSO_0V1,86,2.3906
7OSO_0V1,87,3.7223
7OSO_0V1,88,2.2030
7OSO_0V1,89,2.2343
7OSO_0V1,9,2.4182
7OSO_0V1,90,3.3963
7OSO_0V1,91,3.5795
7OSO_0V1,92,3.2533
7OSO_0V1,93,1.7976
7OSO_0V1,94,3.3174
7OSO_0V1,95,1.5926
7OSO_0V1,96,1.4524
7OSO_0V1,97,1.9054
7OSO_0V1,97,1.4738
7OSO_0V1,98,3.8881
7OSO_0V1,99,3.3329
7OZ9_NGK,0,4.3495
7OZ9_NGK,1,3.8216
7OZ9_NGK,10,3.8806
7OZ9_NGK,100,2.2372
7OZ9_NGK,101,3.6295
7OZ9_NGK,102,3.9334
7OZ9_NGK,103,3.7076
7OZ9_NGK,104,3.7994
7OZ9_NGK,105,3.6131
7OZ9_NGK,106,3.9798
7OZ9_NGK,107,3.6303
7OZ9_NGK,108,4.9785
7OZ9_NGK,109,3.4375
7OZ9_NGK,11,3.7380
7OZ9_NGK,110,3.6851
7OZ9_NGK,111,3.7656
7OZ9_NGK,112,3.6396
7OZ9_NGK,113,3.8183
7OZ9_NGK,114,4.0578
7OZ9_NGK,115,3.4474
7OZ9_NGK,116,4.0668
7OZ9_NGK,117,3.4309
7OZ9_NGK,118,3.6574
7OZ9_NGK,119,3.7030
7OZ9_NGK,12,3.6281
7OZ9_NGK,120,3.4657
7OZ9_NGK,121,3.6595
7OZ9_NGK,122,3.5727
7OZ9_NGK,123,3.4500
7OZ9_NGK,124,3.6979
7OZ9_NGK,125,3.6926
7OZ9_NGK,126,3.6634
7OZ9_NGK,127,3.8273
7OZ9_NGK,128,3.5339
7OZ9_NGK,129,3.6360
7OZ9_NGK,13,3.1476
7OZ9_NGK,130,3.8100
7OZ9_NGK,131,3.6061
7OZ9_NGK,132,3.9291
7OZ9_NGK,133,3.7637
7OZ9_NGK,134,3.6947
7OZ9_NGK,135,3.1404
7OZ9_NGK,136,4.8044
7OZ9_NGK,137,3.5883
7OZ9_NGK,138,5.0406
7OZ9_NGK,139,1.2943
7OZ9_NGK,14,3.4433
7OZ9_NGK,15,3.6231
7OZ9_NGK,16,3.5135
7OZ9_NGK,17,4.0210
7OZ9_NGK,18,3.5828
7OZ9_NGK,19,3.7435
7OZ9_NGK,2,4.0763
7OZ9_NGK,20,3.7830
7OZ9_NGK,21,5.1253
7OZ9_NGK,22,3.5791
7OZ9_NGK,23,4.6939
7OZ9_NGK,24,3.7684
7OZ9_NGK,25,3.8530
7OZ9_NGK,26,3.6793
7OZ9_NGK,27,3.7413
7OZ9_NGK,28,1.3420
7OZ9_NGK,29,3.9238
7OZ9_NGK,3,3.4231
7OZ9_NGK,30,3.5578
7OZ9_NGK,31,3.7103
7OZ9_NGK,32,3.6756
7OZ9_NGK,33,3.5917
7OZ9_NGK,34,3.6615
7OZ9_NGK,35,3.4745
7OZ9_NGK,36,1.9859
7OZ9_NGK,37,5.3087
7OZ9_NGK,38,4.1770
7OZ9_NGK,39,3.8667
7OZ9_NGK,4,3.8251
7OZ9_NGK,40,3.7301
7OZ9_NGK,41,3.6265
7OZ9_NGK,42,3.4673
7OZ9_NGK,43,3.6466
7OZ9_NGK,44,3.4252
7OZ9_NGK,45,4.8605
7OZ9_NGK,46,3.5348
7OZ9_NGK,47,3.3592
7OZ9_NGK,48,3.4348
7OZ9_NGK,49,3.5860
7OZ9_NGK,5,3.3539
7OZ9_NGK,50,4.8831
7OZ9_NGK,51,3.9245
7OZ9_NGK,52,3.8333
7OZ9_NGK,53,3.8326
7OZ9_NGK,54,3.6034
7OZ9_NGK,55,3.6865
7OZ9_NGK,56,3.5890
7OZ9_NGK,57,3.5009
7OZ9_NGK,58,3.9236
7OZ9_NGK,59,3.4128
7OZ9_NGK,6,3.5847
7OZ9_NGK,60,3.4067
7OZ9_NGK,61,3.6269
7OZ9_NGK,62,3.6841
7OZ9_NGK,63,3.8356
7OZ9_NGK,64,0.9566
7OZ9_NGK,65,3.2956
7OZ9_NGK,66,3.8849
7OZ9_NGK,67,3.4791
7OZ9_NGK,68,3.7223
7OZ9_NGK,69,3.4644
7OZ9_NGK,7,3.8460
7OZ9_NGK,70,3.5169
7OZ9_NGK,71,3.7550
7OZ9_NGK,72,3.8231
7OZ9_NGK,73,3.5869
7OZ9_NGK,74,3.7585
7OZ9_NGK,75,3.2383
7OZ9_NGK,76,3.7606
7OZ9_NGK,77,1.7675
7OZ9_NGK,78,3.5562
7OZ9_NGK,79,3.6208
7OZ9_NGK,8,4.9923
7OZ9_NGK,80,2.8255
7OZ9_NGK,81,3.6460
7OZ9_NGK,82,3.8988
7OZ9_NGK,83,2.7331
7OZ9_NGK,84,3.5879
7OZ9_NGK,85,4.0189
7OZ9_NGK,86,3.8016
7OZ9_NGK,87,4.7599
7OZ9_NGK,88,3.6800
7OZ9_NGK,89,3.7564
7OZ9_NGK,9,1.9674
7OZ9_NGK,90,3.7606
7OZ9_NGK,91,3.6345
7OZ9_NGK,92,3.8788
7OZ9_NGK,93,3.6543
7OZ9_NGK,94,3.7837
7OZ9_NGK,95,3.5158
7OZ9_NGK,96,4.0883
7OZ9_NGK,97,3.7775
7OZ9_NGK,98,5.2960
7OZ9_NGK,99,3.1909
7OZC_G6S,0,5.7430
7OZC_G6S,1,5.4786
7OZC_G6S,10,5.4993
7OZC_G6S,100,5.4907
7OZC_G6S,101,5.6607
7OZC_G6S,102,5.3428
7OZC_G6S,103,5.6668
7OZC_G6S,104,2.6011
7OZC_G6S,105,5.7396
7OZC_G6S,106,1.2212
7OZC_G6S,107,5.6474
7OZC_G6S,108,5.5522
7OZC_G6S,109,5.7385
7OZC_G6S,11,5.6511
7OZC_G6S,110,5.7378
7OZC_G6S,111,5.5669
7OZC_G6S,112,1.3541
7OZC_G6S,113,5.7329
7OZC_G6S,114,5.7086
7OZC_G6S,115,5.5886
7OZC_G6S,116,5.6821
7OZC_G6S,117,1.0849
7OZC_G6S,118,5.5974
7OZC_G6S,119,5.6702
7OZC_G6S,12,5.7448
7OZC_G6S,120,5.7423
7OZC_G6S,121,1.3941
7OZC_G6S,122,5.5153
7OZC_G6S,123,5.9132
7OZC_G6S,124,5.6608
7OZC_G6S,125,5.8034
7OZC_G6S,126,2.3717
7OZC_G6S,127,5.9428
7OZC_G6S,128,6.0813
7OZC_G6S,129,5.6061
7OZC_G6S,13,5.7487
7OZC_G6S,130,5.5643
7OZC_G6S,131,5.7825
7OZC_G6S,132,5.5678
7OZC_G6S,133,5.6445
7OZC_G6S,134,5.6196
7OZC_G6S,135,5.6632
7OZC_G6S,136,5.7127
7OZC_G6S,137,5.7664
7OZC_G6S,138,5.8066
7OZC_G6S,139,5.6909
7OZC_G6S,14,5.3632
7OZC_G6S,15,5.7799
7OZC_G6S,16,5.5130
7OZC_G6S,17,5.5984
7OZC_G6S,18,2.5509
7OZC_G6S,19,1.6345
7OZC_G6S,2,5.5194
7OZC_G6S,20,5.4440
7OZC_G6S,21,2.4633
7OZC_G6S,22,5.4474
7OZC_G6S,23,2.4306
7OZC_G6S,24,5.5242
7OZC_G6S,25,5.6385
7OZC_G6S,26,5.7621
7OZC_G6S,27,5.5572
7OZC_G6S,28,5.8331
7OZC_G6S,29,5.6705
7OZC_G6S,3,5.7138
7OZC_G6S,30,5.7351
7OZC_G6S,31,5.6541
7OZC_G6S,32,1.8288
7OZC_G6S,33,5.6525
7OZC_G6S,34,3.8658
7OZC_G6S,35,5.7295
7OZC_G6S,36,5.6999
7OZC_G6S,37,5.6406
7OZC_G6S,38,5.5592
7OZC_G6S,39,5.7058
7OZC_G6S,4,5.4679
7OZC_G6S,40,5.4385
7OZC_G6S,41,1.1430
7OZC_G6S,42,5.6172
7OZC_G6S,43,6.0697
7OZC_G6S,44,5.6601
7OZC_G6S,45,5.5778
7OZC_G6S,46,5.8780
7OZC_G6S,47,0.9000
7OZC_G6S,48,5.6960
7OZC_G6S,49,2.6576
7OZC_G6S,5,2.4881
7OZC_G6S,50,5.6070
7OZC_G6S,51,5.4262
7OZC_G6S,52,5.6208
7OZC_G6S,53,2.5552
7OZC_G6S,54,5.4764
7OZC_G6S,55,5.7086
7OZC_G6S,56,5.5826
7OZC_G6S,57,2.1864
7OZC_G6S,58,5.6594
7OZC_G6S,59,2.8857
7OZC_G6S,6,5.5944
7OZC_G6S,60,5.6367
7OZC_G6S,61,5.6445
7OZC_G6S,62,5.6594
7OZC_G6S,63,5.7222
7OZC_G6S,64,5.6524
7OZC_G6S,65,5.5153
7OZC_G6S,66,5.6769
7OZC_G6S,67,5.3986
7OZC_G6S,68,5.4661
7OZC_G6S,69,5.6617
7OZC_G6S,7,5.5554
7OZC_G6S,70,2.6363
7OZC_G6S,71,5.6058
7OZC_G6S,72,5.7860
7OZC_G6S,73,5.7487
7OZC_G6S,74,5.3855
7OZC_G6S,75,5.7521
7OZC_G6S,76,5.8113
7OZC_G6S,77,2.2992
7OZC_G6S,78,1.0740
7OZC_G6S,79,5.5074
7OZC_G6S,8,5.5264
7OZC_G6S,80,5.8163
7OZC_G6S,81,5.9198
7OZC_G6S,82,5.4696
7OZC_G6S,83,5.5739
7OZC_G6S,84,5.4912
7OZC_G6S,85,5.6010
7OZC_G6S,86,2.4967
7OZC_G6S,87,5.7180
7OZC_G6S,88,5.9701
7OZC_G6S,89,5.7845
7OZC_G6S,9,5.5284
7OZC_G6S,90,5.7363
7OZC_G6S,91,5.4956
7OZC_G6S,92,5.6066
7OZC_G6S,93,6.0032
7OZC_G6S,94,5.6553
7OZC_G6S,95,1.2518
7OZC_G6S,96,5.6915
7OZC_G6S,97,5.5969
7OZC_G6S,98,5.6965
7OZC_G6S,99,5.4859
7P1F_KFN,0,1.5183
7P1F_KFN,1,1.9330
7P1F_KFN,10,1.4999
7P1F_KFN,100,1.1413
7P1F_KFN,101,3.6571
7P1F_KFN,102,1.2913
7P1F_KFN,103,3.6529
7P1F_KFN,104,0.9847
7P1F_KFN,105,1.2348
7P1F_KFN,106,2.3675
7P1F_KFN,107,3.9921
7P1F_KFN,108,1.6091
7P1F_KFN,109,2.1495
7P1F_KFN,11,1.4293
7P1F_KFN,110,3.6434
7P1F_KFN,111,1.4431
7P1F_KFN,112,1.4826
7P1F_KFN,113,1.4046
7P1F_KFN,114,2.0492
7P1F_KFN,115,3.5164
7P1F_KFN,116,1.5085
7P1F_KFN,117,0.9732
7P1F_KFN,118,0.8809
7P1F_KFN,119,2.3475
7P1F_KFN,12,4.0531
7P1F_KFN,120,3.5879
7P1F_KFN,121,3.5352
7P1F_KFN,122,2.2599
7P1F_KFN,123,1.5452
7P1F_KFN,124,0.7880
7P1F_KFN,125,1.1445
7P1F_KFN,126,1.1313
7P1F_KFN,127,3.4766
7P1F_KFN,128,1.0868
7P1F_KFN,129,1.3567
7P1F_KFN,13,3.6665
7P1F_KFN,130,1.9054
7P1F_KFN,131,1.4942
7P1F_KFN,132,1.4923
7P1F_KFN,133,3.7211
7P1F_KFN,134,0.7495
7P1F_KFN,135,1.3158
7P1F_KFN,136,1.1498
7P1F_KFN,137,0.9150
7P1F_KFN,138,3.5404
7P1F_KFN,139,2.6273
7P1F_KFN,14,1.0490
7P1F_KFN,15,1.4929
7P1F_KFN,16,3.8278
7P1F_KFN,17,1.5837
7P1F_KFN,18,3.3474
7P1F_KFN,19,0.7112
7P1F_KFN,2,1.0464
7P1F_KFN,20,1.2061
7P1F_KFN,21,1.0750
7P1F_KFN,22,1.2225
7P1F_KFN,23,1.6702
7P1F_KFN,24,0.8011
7P1F_KFN,25,1.9853
7P1F_KFN,26,3.3188
7P1F_KFN,27,1.3731
7P1F_KFN,28,4.0814
7P1F_KFN,29,3.6578
7P1F_KFN,3,1.1361
7P1F_KFN,30,1.9826
7P1F_KFN,31,1.9617
7P1F_KFN,32,1.1749
7P1F_KFN,33,0.9847
7P1F_KFN,34,1.9848
7P1F_KFN,35,0.8960
7P1F_KFN,36,4.3064
7P1F_KFN,37,1.0391
7P1F_KFN,38,1.1232
7P1F_KFN,39,1.3217
7P1F_KFN,4,0.6628
7P1F_KFN,40,1.3033
7P1F_KFN,41,2.4646
7P1F_KFN,42,1.3962
7P1F_KFN,43,4.0398
7P1F_KFN,44,1.0709
7P1F_KFN,45,2.2256
7P1F_KFN,46,1.7063
7P1F_KFN,47,3.9950
7P1F_KFN,48,3.7004
7P1F_KFN,49,1.1939
7P1F_KFN,5,0.8051
7P1F_KFN,50,1.6665
7P1F_KFN,51,1.7265
7P1F_KFN,52,1.7281
7P1F_KFN,53,3.7426
7P1F_KFN,54,2.0142
7P1F_KFN,55,2.1373
7P1F_KFN,56,1.5379
7P1F_KFN,57,1.4471
7P1F_KFN,58,3.7501
7P1F_KFN,59,1.7763
7P1F_KFN,6,1.0376
7P1F_KFN,60,1.1987
7P1F_KFN,61,1.0348
7P1F_KFN,62,1.8718
7P1F_KFN,63,3.4879
7P1F_KFN,64,1.8064
7P1F_KFN,65,1.1406
7P1F_KFN,66,1.9238
7P1F_KFN,67,1.3952
7P1F_KFN,68,3.3291
7P1F_KFN,69,1.5883
7P1F_KFN,7,1.4085
7P1F_KFN,70,0.7899
7P1F_KFN,71,1.6149
7P1F_KFN,72,3.5024
7P1F_KFN,73,2.3309
7P1F_KFN,74,3.4116
7P1F_KFN,75,4.1297
7P1F_KFN,76,1.7156
7P1F_KFN,77,1.8100
7P1F_KFN,78,1.7305
7P1F_KFN,79,0.6824
7P1F_KFN,8,1.9972
7P1F_KFN,80,3.7490
7P1F_KFN,81,1.5299
7P1F_KFN,82,1.5590
7P1F_KFN,83,1.4209
7P1F_KFN,84,2.2780
7P1F_KFN,85,1.2728
7P1F_KFN,86,3.9427
7P1F_KFN,87,1.3953
7P1F_KFN,88,1.1269
7P1F_KFN,89,1.1879
7P1F_KFN,9,1.2889
7P1F_KFN,90,3.6070
7P1F_KFN,91,1.6168
7P1F_KFN,92,1.3275
7P1F_KFN,93,3.7715
7P1F_KFN,94,2.6378
7P1F_KFN,95,2.2593
7P1F_KFN,96,1.4303
7P1F_KFN,97,1.3013
7P1F_KFN,98,1.3021
7P1F_KFN,99,1.5664
7P1M_4IU,0,1.9659
7P1M_4IU,1,2.2751
7P1M_4IU,10,1.5501
7P1M_4IU,100,2.2836
7P1M_4IU,101,2.5132
7P1M_4IU,102,1.3956
7P1M_4IU,103,1.6316
7P1M_4IU,104,1.5725
7P1M_4IU,105,1.9700
7P1M_4IU,106,1.1687
7P1M_4IU,107,1.7460
7P1M_4IU,108,2.1458
7P1M_4IU,109,2.3332
7P1M_4IU,11,2.4052
7P1M_4IU,110,2.1113
7P1M_4IU,111,1.8917
7P1M_4IU,112,0.9311
7P1M_4IU,113,1.3897
7P1M_4IU,114,2.5050
7P1M_4IU,115,2.4784
7P1M_4IU,116,2.1063
7P1M_4IU,117,1.8041
7P1M_4IU,118,2.3105
7P1M_4IU,119,1.4384
7P1M_4IU,12,1.9140
7P1M_4IU,120,2.0941
7P1M_4IU,121,1.2489
7P1M_4IU,122,2.4297
7P1M_4IU,123,2.9661
7P1M_4IU,124,2.0021
7P1M_4IU,125,1.8475
7P1M_4IU,126,1.7761
7P1M_4IU,127,2.6502
7P1M_4IU,128,1.8986
7P1M_4IU,129,1.8177
7P1M_4IU,13,1.7834
7P1M_4IU,130,2.2943
7P1M_4IU,131,1.9689
7P1M_4IU,132,3.1660
7P1M_4IU,133,1.9843
7P1M_4IU,134,1.9191
7P1M_4IU,135,2.2940
7P1M_4IU,136,2.0277
7P1M_4IU,137,2.2588
7P1M_4IU,138,2.0760
7P1M_4IU,139,2.5355
7P1M_4IU,14,2.4862
7P1M_4IU,15,0.5617
7P1M_4IU,16,2.3650
7P1M_4IU,17,1.3656
7P1M_4IU,18,2.2642
7P1M_4IU,19,1.7098
7P1M_4IU,2,2.3425
7P1M_4IU,20,8.7626
7P1M_4IU,21,1.2751
7P1M_4IU,22,1.9697
7P1M_4IU,23,2.0419
7P1M_4IU,24,0.7441
7P1M_4IU,25,2.4973
7P1M_4IU,26,2.3643
7P1M_4IU,27,2.1551
7P1M_4IU,28,2.1777
7P1M_4IU,29,2.0938
7P1M_4IU,3,1.9001
7P1M_4IU,30,2.6420
7P1M_4IU,31,1.8063
7P1M_4IU,32,0.9093
7P1M_4IU,33,1.3679
7P1M_4IU,34,2.6080
7P1M_4IU,35,2.4180
7P1M_4IU,36,1.2247
7P1M_4IU,37,2.4020
7P1M_4IU,38,2.5706
7P1M_4IU,39,2.2050
7P1M_4IU,4,2.3450
7P1M_4IU,40,0.9370
7P1M_4IU,41,2.8348
7P1M_4IU,42,0.9767
7P1M_4IU,43,2.2696
7P1M_4IU,44,1.6138
7P1M_4IU,45,1.2474
7P1M_4IU,46,1.1765
7P1M_4IU,47,1.8200
7P1M_4IU,48,2.2990
7P1M_4IU,49,2.8046
7P1M_4IU,5,1.9482
7P1M_4IU,50,3.1355
7P1M_4IU,51,1.9245
7P1M_4IU,52,1.9458
7P1M_4IU,53,1.9218
7P1M_4IU,54,2.4568
7P1M_4IU,55,2.5504
7P1M_4IU,56,2.0969
7P1M_4IU,57,2.0417
7P1M_4IU,58,1.2382
7P1M_4IU,59,1.3039
7P1M_4IU,6,0.9898
7P1M_4IU,60,2.1835
7P1M_4IU,61,2.1501
7P1M_4IU,62,1.7897
7P1M_4IU,63,1.7601
7P1M_4IU,64,1.7521
7P1M_4IU,65,1.9023
7P1M_4IU,66,2.1862
7P1M_4IU,67,3.6297
7P1M_4IU,68,1.1895
7P1M_4IU,69,1.4042
7P1M_4IU,7,1.9525
7P1M_4IU,70,1.4079
7P1M_4IU,71,2.4836
7P1M_4IU,72,1.5661
7P1M_4IU,73,2.5853
7P1M_4IU,74,1.8422
7P1M_4IU,75,1.7475
7P1M_4IU,76,2.9041
7P1M_4IU,77,2.7259
7P1M_4IU,78,2.3399
7P1M_4IU,79,2.2797
7P1M_4IU,8,1.2954
7P1M_4IU,80,2.1429
7P1M_4IU,81,2.1663
7P1M_4IU,82,2.0226
7P1M_4IU,83,2.1575
7P1M_4IU,84,1.2173
7P1M_4IU,85,1.7243
7P1M_4IU,86,1.5024
7P1M_4IU,87,1.1242
7P1M_4IU,88,1.3076
7P1M_4IU,89,2.6829
7P1M_4IU,9,2.7722
7P1M_4IU,90,1.6685
7P1M_4IU,91,1.8502
7P1M_4IU,92,1.8101
7P1M_4IU,93,1.2818
7P1M_4IU,94,1.8477
7P1M_4IU,95,2.2397
7P1M_4IU,96,7.9589
7P1M_4IU,97,2.0005
7P1M_4IU,98,2.6567
7P1M_4IU,98,1.4438
7P1M_4IU,99,2.0185
7P2I_MFU,0,1.2744
7P2I_MFU,1,1.2462
7P2I_MFU,10,1.5249
7P2I_MFU,100,0.8467
7P2I_MFU,101,1.8651
7P2I_MFU,102,3.1237
7P2I_MFU,103,3.2298
7P2I_MFU,104,0.7630
7P2I_MFU,105,0.8653
7P2I_MFU,106,1.3870
7P2I_MFU,107,1.7223
7P2I_MFU,107,2.4232
7P2I_MFU,108,3.2257
7P2I_MFU,109,0.6452
7P2I_MFU,11,1.5928
7P2I_MFU,110,1.4690
7P2I_MFU,111,1.5016
7P2I_MFU,112,1.3443
7P2I_MFU,113,1.1414
7P2I_MFU,114,3.1757
7P2I_MFU,115,1.5296
7P2I_MFU,116,0.8734
7P2I_MFU,117,0.6793
7P2I_MFU,118,0.7956
7P2I_MFU,119,2.2693
7P2I_MFU,12,1.1673
7P2I_MFU,120,1.2331
7P2I_MFU,121,0.9824
7P2I_MFU,122,1.2882
7P2I_MFU,123,0.3254
7P2I_MFU,124,1.7365
7P2I_MFU,125,3.0812
7P2I_MFU,126,0.2501
7P2I_MFU,127,3.0820
7P2I_MFU,128,0.8401
7P2I_MFU,129,0.7074
7P2I_MFU,13,0.4845
7P2I_MFU,130,1.2805
7P2I_MFU,131,1.5146
7P2I_MFU,132,0.8008
7P2I_MFU,133,1.2764
7P2I_MFU,134,1.3551
7P2I_MFU,135,3.1470
7P2I_MFU,136,1.1857
7P2I_MFU,137,1.8320
7P2I_MFU,138,1.1343
7P2I_MFU,139,1.2907
7P2I_MFU,14,3.0408
7P2I_MFU,15,1.4437
7P2I_MFU,16,2.9606
7P2I_MFU,17,0.8589
7P2I_MFU,18,1.1192
7P2I_MFU,19,1.1711
7P2I_MFU,2,1.4001
7P2I_MFU,20,1.5088
7P2I_MFU,21,0.9602
7P2I_MFU,22,1.1559
7P2I_MFU,23,1.5046
7P2I_MFU,24,1.1011
7P2I_MFU,25,0.6990
7P2I_MFU,26,3.1583
7P2I_MFU,27,2.3259
7P2I_MFU,28,3.1578
7P2I_MFU,29,0.9983
7P2I_MFU,3,1.6472
7P2I_MFU,30,1.8384
7P2I_MFU,31,3.0679
7P2I_MFU,32,2.3918
7P2I_MFU,33,1.0922
7P2I_MFU,34,0.8861
7P2I_MFU,35,0.7249
7P2I_MFU,36,2.7937
7P2I_MFU,37,0.3744
7P2I_MFU,38,1.1092
7P2I_MFU,39,1.8751
7P2I_MFU,4,1.6135
7P2I_MFU,40,0.9044
7P2I_MFU,41,0.7517
7P2I_MFU,42,3.1174
7P2I_MFU,43,3.2302
7P2I_MFU,44,1.0349
7P2I_MFU,45,1.1098
7P2I_MFU,46,2.8149
7P2I_MFU,47,1.6816
7P2I_MFU,48,1.4357
7P2I_MFU,49,0.5136
7P2I_MFU,5,1.2397
7P2I_MFU,50,2.9735
7P2I_MFU,51,2.1851
7P2I_MFU,52,3.2226
7P2I_MFU,53,3.2897
7P2I_MFU,54,3.0716
7P2I_MFU,55,1.0385
7P2I_MFU,56,2.1644
7P2I_MFU,57,1.2065
7P2I_MFU,58,1.1324
7P2I_MFU,59,0.7153
7P2I_MFU,6,0.6328
7P2I_MFU,60,2.6170
7P2I_MFU,61,0.7091
7P2I_MFU,62,0.3321
7P2I_MFU,63,0.7170
7P2I_MFU,64,0.7659
7P2I_MFU,65,0.6268
7P2I_MFU,66,0.6556
7P2I_MFU,67,0.8488
7P2I_MFU,68,1.3537
7P2I_MFU,69,0.7837
7P2I_MFU,7,0.6314
7P2I_MFU,70,1.2716
7P2I_MFU,71,3.1634
7P2I_MFU,72,0.5202
7P2I_MFU,73,1.5279
7P2I_MFU,74,0.3292
7P2I_MFU,75,3.3023
7P2I_MFU,76,3.1541
7P2I_MFU,77,1.1792
7P2I_MFU,78,3.1411
7P2I_MFU,79,3.0510
7P2I_MFU,8,0.6815
7P2I_MFU,80,3.1146
7P2I_MFU,81,1.6663
7P2I_MFU,82,0.5994
7P2I_MFU,83,0.7169
7P2I_MFU,84,3.0972
7P2I_MFU,85,0.2481
7P2I_MFU,86,2.7000
7P2I_MFU,87,1.2424
7P2I_MFU,88,1.6524
7P2I_MFU,89,1.0385
7P2I_MFU,9,0.8259
7P2I_MFU,90,0.8864
7P2I_MFU,91,3.0469
7P2I_MFU,92,0.7348
7P2I_MFU,93,1.2239
7P2I_MFU,94,1.4747
7P2I_MFU,95,1.1696
7P2I_MFU,96,1.1859
7P2I_MFU,97,0.6456
7P2I_MFU,98,1.1953
7P2I_MFU,99,1.5785
7P4C_5OV,0,0.6180
7P4C_5OV,1,1.0701
7P4C_5OV,10,3.6852
7P4C_5OV,100,0.4813
7P4C_5OV,101,2.1721
7P4C_5OV,102,1.1876
7P4C_5OV,103,1.1654
7P4C_5OV,104,1.1153
7P4C_5OV,105,4.0219
7P4C_5OV,106,1.1997
7P4C_5OV,107,3.6758
7P4C_5OV,108,3.7774
7P4C_5OV,109,1.3958
7P4C_5OV,11,1.8566
7P4C_5OV,110,3.7629
7P4C_5OV,111,1.1603
7P4C_5OV,112,0.5610
7P4C_5OV,113,0.5291
7P4C_5OV,114,3.1721
7P4C_5OV,115,3.7950
7P4C_5OV,116,1.2138
7P4C_5OV,117,1.1929
7P4C_5OV,118,3.9104
7P4C_5OV,119,3.9184
7P4C_5OV,12,3.6772
7P4C_5OV,120,3.9503
7P4C_5OV,121,3.7030
7P4C_5OV,122,0.7418
7P4C_5OV,123,0.2241
7P4C_5OV,124,3.8802
7P4C_5OV,125,1.6902
7P4C_5OV,126,3.8353
7P4C_5OV,127,1.3656
7P4C_5OV,128,0.3750
7P4C_5OV,129,3.5977
7P4C_5OV,13,3.9246
7P4C_5OV,130,1.0359
7P4C_5OV,131,1.3766
7P4C_5OV,132,0.8856
7P4C_5OV,133,3.7558
7P4C_5OV,134,1.1583
7P4C_5OV,135,0.2495
7P4C_5OV,136,4.2859
7P4C_5OV,137,0.3577
7P4C_5OV,138,1.3271
7P4C_5OV,139,3.7491
7P4C_5OV,14,1.0544
7P4C_5OV,15,0.6958
7P4C_5OV,16,0.3646
7P4C_5OV,17,1.1287
7P4C_5OV,18,1.0902
7P4C_5OV,19,0.6224
7P4C_5OV,2,0.8407
7P4C_5OV,20,0.5563
7P4C_5OV,21,3.7891
7P4C_5OV,22,0.2446
7P4C_5OV,23,0.3678
7P4C_5OV,24,3.7803
7P4C_5OV,25,4.0692
7P4C_5OV,26,0.5283
7P4C_5OV,27,3.7790
7P4C_5OV,28,1.2145
7P4C_5OV,29,3.8036
7P4C_5OV,3,1.4850
7P4C_5OV,30,1.2655
7P4C_5OV,31,0.4443
7P4C_5OV,32,3.8183
7P4C_5OV,33,4.0318
7P4C_5OV,34,0.3259
7P4C_5OV,35,3.8249
7P4C_5OV,36,0.5094
7P4C_5OV,37,1.2903
7P4C_5OV,38,0.6048
7P4C_5OV,39,3.9753
7P4C_5OV,4,3.7467
7P4C_5OV,40,1.2207
7P4C_5OV,41,3.8679
7P4C_5OV,42,3.9768
7P4C_5OV,43,1.1578
7P4C_5OV,44,1.1954
7P4C_5OV,45,0.2254
7P4C_5OV,46,3.7872
7P4C_5OV,47,1.2039
7P4C_5OV,48,0.7042
7P4C_5OV,49,1.7352
7P4C_5OV,5,1.0851
7P4C_5OV,50,3.9331
7P4C_5OV,51,4.8664
7P4C_5OV,52,1.0590
7P4C_5OV,53,0.6002
7P4C_5OV,54,1.0056
7P4C_5OV,55,3.9272
7P4C_5OV,56,1.2618
7P4C_5OV,57,1.1318
7P4C_5OV,58,0.9902
7P4C_5OV,59,1.0921
7P4C_5OV,6,3.7021
7P4C_5OV,60,1.3706
7P4C_5OV,61,0.9887
7P4C_5OV,62,0.2870
7P4C_5OV,63,0.5513
7P4C_5OV,64,1.0997
7P4C_5OV,65,0.6890
7P4C_5OV,66,0.3033
7P4C_5OV,67,3.8130
7P4C_5OV,68,0.5791
7P4C_5OV,69,3.3758
7P4C_5OV,7,1.5634
7P4C_5OV,70,1.2134
7P4C_5OV,71,3.7258
7P4C_5OV,72,0.3346
7P4C_5OV,73,1.3860
7P4C_5OV,74,3.6844
7P4C_5OV,75,3.6424
7P4C_5OV,76,1.4534
7P4C_5OV,77,0.2932
7P4C_5OV,78,1.0886
7P4C_5OV,79,1.0493
7P4C_5OV,8,1.2546
7P4C_5OV,80,1.3839
7P4C_5OV,81,3.8562
7P4C_5OV,82,1.4421
7P4C_5OV,83,0.2933
7P4C_5OV,84,1.5345
7P4C_5OV,85,0.6747
7P4C_5OV,86,3.9657
7P4C_5OV,87,3.7416
7P4C_5OV,88,3.9267
7P4C_5OV,89,4.0191
7P4C_5OV,9,1.3032
7P4C_5OV,90,4.0700
7P4C_5OV,91,0.2267
7P4C_5OV,92,4.0328
7P4C_5OV,93,0.4247
7P4C_5OV,94,1.2096
7P4C_5OV,95,3.9171
7P4C_5OV,96,1.3941
7P4C_5OV,97,4.0007
7P4C_5OV,98,1.1308
7P4C_5OV,99,1.1567
7P5T_5YG,0,9.9778
7P5T_5YG,1,9.9357
7P5T_5YG,10,1.7558
7P5T_5YG,100,10.0923
7P5T_5YG,101,10.0301
7P5T_5YG,102,10.0538
7P5T_5YG,103,9.9898
7P5T_5YG,104,10.1342
7P5T_5YG,105,10.0943
7P5T_5YG,106,10.0218
7P5T_5YG,107,9.7897
7P5T_5YG,108,9.9568
7P5T_5YG,109,10.1159
7P5T_5YG,11,1.7371
7P5T_5YG,110,9.9917
7P5T_5YG,111,10.1337
7P5T_5YG,112,9.8549
7P5T_5YG,113,9.9693
7P5T_5YG,114,9.9622
7P5T_5YG,115,10.0903
7P5T_5YG,116,9.9503
7P5T_5YG,117,10.0452
7P5T_5YG,118,10.0751
7P5T_5YG,119,10.0306
7P5T_5YG,119,10.0831
7P5T_5YG,12,9.8105
7P5T_5YG,120,9.8752
7P5T_5YG,121,10.0139
7P5T_5YG,122,10.0129
7P5T_5YG,123,9.9976
7P5T_5YG,124,10.1893
7P5T_5YG,125,9.9764
7P5T_5YG,126,10.0666
7P5T_5YG,127,1.1931
7P5T_5YG,128,0.7743
7P5T_5YG,129,9.9728
7P5T_5YG,13,10.0291
7P5T_5YG,130,9.9592
7P5T_5YG,131,1.0240
7P5T_5YG,132,9.9863
7P5T_5YG,133,1.4611
7P5T_5YG,134,9.9952
7P5T_5YG,135,10.0423
7P5T_5YG,136,10.0984
7P5T_5YG,137,2.0815
7P5T_5YG,138,10.0417
7P5T_5YG,139,10.0459
7P5T_5YG,14,10.2236
7P5T_5YG,15,1.7409
7P5T_5YG,16,10.0299
7P5T_5YG,17,9.9761
7P5T_5YG,18,0.9968
7P5T_5YG,19,9.9163
7P5T_5YG,2,9.9515
7P5T_5YG,20,9.9501
7P5T_5YG,21,10.1199
7P5T_5YG,22,9.9362
7P5T_5YG,23,1.0981
7P5T_5YG,24,10.0018
7P5T_5YG,25,0.9154
7P5T_5YG,26,9.7534
7P5T_5YG,27,1.5087
7P5T_5YG,28,0.7844
7P5T_5YG,29,9.8714
7P5T_5YG,3,10.1858
7P5T_5YG,30,1.3359
7P5T_5YG,31,1.6962
7P5T_5YG,32,10.0533
7P5T_5YG,33,10.1496
7P5T_5YG,34,10.0098
7P5T_5YG,35,9.9467
7P5T_5YG,36,10.1155
7P5T_5YG,37,9.9896
7P5T_5YG,38,10.0361
7P5T_5YG,39,10.0952
7P5T_5YG,4,9.9019
7P5T_5YG,40,10.0906
7P5T_5YG,41,10.0982
7P5T_5YG,42,9.9682
7P5T_5YG,43,1.1774
7P5T_5YG,44,10.0695
7P5T_5YG,45,10.0962
7P5T_5YG,46,10.0224
7P5T_5YG,47,10.0896
7P5T_5YG,48,9.5447
7P5T_5YG,49,1.6022
7P5T_5YG,5,1.2540
7P5T_5YG,50,9.9232
7P5T_5YG,51,1.6712
7P5T_5YG,52,9.9864
7P5T_5YG,53,9.8945
7P5T_5YG,54,9.9972
7P5T_5YG,55,10.1192
7P5T_5YG,56,9.7929
7P5T_5YG,57,9.8423
7P5T_5YG,58,9.9905
7P5T_5YG,59,10.0621
7P5T_5YG,6,9.8881
7P5T_5YG,60,9.9947
7P5T_5YG,61,9.9259
7P5T_5YG,62,9.9895
7P5T_5YG,63,9.9519
7P5T_5YG,64,10.0309
7P5T_5YG,65,10.0675
7P5T_5YG,66,9.9902
7P5T_5YG,67,10.0727
7P5T_5YG,68,1.9765
7P5T_5YG,69,9.9194
7P5T_5YG,7,9.9301
7P5T_5YG,70,10.0566
7P5T_5YG,71,10.1106
7P5T_5YG,72,9.9593
7P5T_5YG,73,10.0026
7P5T_5YG,74,9.9956
7P5T_5YG,75,9.8597
7P5T_5YG,76,9.9418
7P5T_5YG,77,9.5953
7P5T_5YG,78,9.9281
7P5T_5YG,79,0.9694
7P5T_5YG,8,10.0394
7P5T_5YG,80,9.9193
7P5T_5YG,81,10.1399
7P5T_5YG,82,9.9581
7P5T_5YG,83,10.0487
7P5T_5YG,84,10.0562
7P5T_5YG,85,0.8605
7P5T_5YG,86,9.7442
7P5T_5YG,87,10.0454
7P5T_5YG,88,1.1619
7P5T_5YG,89,9.8712
7P5T_5YG,9,10.0350
7P5T_5YG,90,10.0039
7P5T_5YG,91,10.0057
7P5T_5YG,92,9.9954
7P5T_5YG,93,10.1223
7P5T_5YG,94,9.9022
7P5T_5YG,95,9.9150
7P5T_5YG,96,9.9672
7P5T_5YG,97,10.0931
7P5T_5YG,98,10.0206
7P5T_5YG,99,10.0474
7PGX_FMN,0,4.7519
7PGX_FMN,1,1.7190
7PGX_FMN,10,1.4547
7PGX_FMN,100,1.3131
7PGX_FMN,101,1.4935
7PGX_FMN,102,1.7124
7PGX_FMN,103,4.8747
7PGX_FMN,104,1.3941
7PGX_FMN,105,4.8079
7PGX_FMN,106,1.7303
7PGX_FMN,107,1.4691
7PGX_FMN,108,1.5311
7PGX_FMN,109,1.7824
7PGX_FMN,11,1.9729
7PGX_FMN,110,4.7983
7PGX_FMN,111,1.9057
7PGX_FMN,112,4.8622
7PGX_FMN,113,1.4942
7PGX_FMN,114,1.4744
7PGX_FMN,115,4.9433
7PGX_FMN,116,1.6819
7PGX_FMN,117,4.7754
7PGX_FMN,118,1.8827
7PGX_FMN,119,1.5979
7PGX_FMN,12,1.9854
7PGX_FMN,120,4.7817
7PGX_FMN,121,1.5489
7PGX_FMN,122,1.3864
7PGX_FMN,123,1.6493
7PGX_FMN,124,1.1843
7PGX_FMN,125,2.1071
7PGX_FMN,126,2.0505
7PGX_FMN,127,1.6248
7PGX_FMN,128,1.6176
7PGX_FMN,129,1.3965
7PGX_FMN,13,1.8108
7PGX_FMN,130,1.6123
7PGX_FMN,131,1.9072
7PGX_FMN,132,2.9287
7PGX_FMN,133,5.0101
7PGX_FMN,134,4.9845
7PGX_FMN,135,1.5013
7PGX_FMN,136,4.7072
7PGX_FMN,137,1.5844
7PGX_FMN,138,2.1500
7PGX_FMN,139,1.7216
7PGX_FMN,14,1.6754
7PGX_FMN,15,4.7229
7PGX_FMN,16,4.7341
7PGX_FMN,17,2.6809
7PGX_FMN,18,1.7676
7PGX_FMN,19,1.6160
7PGX_FMN,2,2.5447
7PGX_FMN,20,4.8725
7PGX_FMN,21,1.9188
7PGX_FMN,22,4.0678
7PGX_FMN,23,1.9932
7PGX_FMN,24,1.6556
7PGX_FMN,25,2.2403
7PGX_FMN,26,1.6041
7PGX_FMN,27,1.6438
7PGX_FMN,28,1.6418
7PGX_FMN,29,1.1156
7PGX_FMN,3,1.7352
7PGX_FMN,30,1.5448
7PGX_FMN,31,1.6968
7PGX_FMN,32,1.3741
7PGX_FMN,33,4.8040
7PGX_FMN,34,4.7506
7PGX_FMN,35,1.4925
7PGX_FMN,36,5.0790
7PGX_FMN,37,4.6908
7PGX_FMN,38,2.4555
7PGX_FMN,39,1.5390
7PGX_FMN,4,2.4123
7PGX_FMN,40,5.1299
7PGX_FMN,41,1.5309
7PGX_FMN,42,2.3257
7PGX_FMN,43,4.7262
7PGX_FMN,44,4.6751
7PGX_FMN,45,1.1312
7PGX_FMN,46,4.8138
7PGX_FMN,47,1.7095
7PGX_FMN,48,1.2669
7PGX_FMN,49,2.0134
7PGX_FMN,5,4.9684
7PGX_FMN,50,1.2972
7PGX_FMN,51,1.4545
7PGX_FMN,52,1.4279
7PGX_FMN,53,1.5572
7PGX_FMN,54,4.9218
7PGX_FMN,55,4.7934
7PGX_FMN,56,4.6752
7PGX_FMN,57,4.5942
7PGX_FMN,58,1.5336
7PGX_FMN,59,4.6771
7PGX_FMN,6,1.3140
7PGX_FMN,60,1.6139
7PGX_FMN,61,1.9006
7PGX_FMN,62,2.1035
7PGX_FMN,63,4.6681
7PGX_FMN,64,1.5996
7PGX_FMN,65,1.8567
7PGX_FMN,66,1.9367
7PGX_FMN,67,1.7061
7PGX_FMN,68,1.5431
7PGX_FMN,69,4.8814
7PGX_FMN,7,1.2287
7PGX_FMN,70,1.5882
7PGX_FMN,71,1.5167
7PGX_FMN,72,2.6353
7PGX_FMN,73,1.5480
7PGX_FMN,74,3.1698
7PGX_FMN,75,1.5446
7PGX_FMN,76,4.8867
7PGX_FMN,77,1.4840
7PGX_FMN,78,1.6192
7PGX_FMN,79,4.6924
7PGX_FMN,8,1.1899
7PGX_FMN,80,1.3414
7PGX_FMN,81,1.4219
7PGX_FMN,82,1.7151
7PGX_FMN,83,2.1318
7PGX_FMN,84,1.4683
7PGX_FMN,85,4.7046
7PGX_FMN,86,5.0957
7PGX_FMN,87,1.6267
7PGX_FMN,88,4.5241
7PGX_FMN,89,1.4661
7PGX_FMN,9,1.3542
7PGX_FMN,90,1.5691
7PGX_FMN,91,1.6250
7PGX_FMN,92,1.5253
7PGX_FMN,93,2.1826
7PGX_FMN,94,1.3733
7PGX_FMN,95,4.8798
7PGX_FMN,96,1.8601
7PGX_FMN,97,1.0068
7PGX_FMN,98,1.6510
7PGX_FMN,99,1.5321
7PIH_7QW,0,1.6057
7PIH_7QW,1,1.0150
7PIH_7QW,10,1.5640
7PIH_7QW,100,0.8597
7PIH_7QW,101,1.4730
7PIH_7QW,102,0.8178
7PIH_7QW,103,1.2786
7PIH_7QW,104,1.9539
7PIH_7QW,105,1.4848
7PIH_7QW,106,1.4902
7PIH_7QW,107,1.7194
7PIH_7QW,108,1.8830
7PIH_7QW,109,1.6909
7PIH_7QW,11,1.5347
7PIH_7QW,110,2.2087
7PIH_7QW,111,2.3960
7PIH_7QW,112,1.9020
7PIH_7QW,113,2.2443
7PIH_7QW,114,1.9719
7PIH_7QW,115,2.6165
7PIH_7QW,116,1.8116
7PIH_7QW,117,1.9717
7PIH_7QW,118,2.6447
7PIH_7QW,119,1.4110
7PIH_7QW,12,1.8458
7PIH_7QW,120,2.1507
7PIH_7QW,121,2.4412
7PIH_7QW,122,0.9990
7PIH_7QW,123,1.3421
7PIH_7QW,124,1.2543
7PIH_7QW,125,2.2784
7PIH_7QW,126,2.8735
7PIH_7QW,127,1.5046
7PIH_7QW,128,2.3423
7PIH_7QW,129,1.0937
7PIH_7QW,13,1.6858
7PIH_7QW,130,2.2476
7PIH_7QW,131,1.3450
7PIH_7QW,132,2.5554
7PIH_7QW,133,1.0455
7PIH_7QW,134,2.3421
7PIH_7QW,135,1.4034
7PIH_7QW,135,2.4731
7PIH_7QW,136,1.9239
7PIH_7QW,137,2.6133
7PIH_7QW,138,2.4216
7PIH_7QW,139,1.2352
7PIH_7QW,14,2.2507
7PIH_7QW,15,1.6156
7PIH_7QW,16,2.0257
7PIH_7QW,17,1.7119
7PIH_7QW,18,2.4126
7PIH_7QW,19,2.4903
7PIH_7QW,2,2.1187
7PIH_7QW,20,1.2450
7PIH_7QW,21,2.5845
7PIH_7QW,22,2.2167
7PIH_7QW,23,1.6493
7PIH_7QW,24,2.0719
7PIH_7QW,25,2.1546
7PIH_7QW,26,1.9021
7PIH_7QW,27,2.0504
7PIH_7QW,28,1.5755
7PIH_7QW,29,2.2248
7PIH_7QW,3,0.9144
7PIH_7QW,30,2.0610
7PIH_7QW,31,1.4158
7PIH_7QW,32,2.0619
7PIH_7QW,33,2.2602
7PIH_7QW,34,1.2212
7PIH_7QW,35,1.6665
7PIH_7QW,36,2.0505
7PIH_7QW,37,2.0047
7PIH_7QW,38,2.4320
7PIH_7QW,39,2.2370
7PIH_7QW,4,2.2670
7PIH_7QW,40,1.9373
7PIH_7QW,41,0.8099
7PIH_7QW,42,1.3699
7PIH_7QW,43,2.5009
7PIH_7QW,44,1.5161
7PIH_7QW,45,2.1108
7PIH_7QW,46,1.4458
7PIH_7QW,47,1.6314
7PIH_7QW,48,2.2076
7PIH_7QW,49,2.2066
7PIH_7QW,5,1.2598
7PIH_7QW,50,1.7365
7PIH_7QW,51,2.0274
7PIH_7QW,52,1.5449
7PIH_7QW,53,2.2563
7PIH_7QW,54,1.2754
7PIH_7QW,55,2.1537
7PIH_7QW,56,2.5409
7PIH_7QW,57,2.4538
7PIH_7QW,58,1.3675
7PIH_7QW,59,2.0888
7PIH_7QW,6,2.1875
7PIH_7QW,60,2.3695
7PIH_7QW,61,1.1006
7PIH_7QW,62,1.5023
7PIH_7QW,63,2.4700
7PIH_7QW,64,1.8067
7PIH_7QW,65,2.3017
7PIH_7QW,66,2.2639
7PIH_7QW,67,2.4020
7PIH_7QW,68,1.2155
7PIH_7QW,69,2.3633
7PIH_7QW,7,1.8943
7PIH_7QW,70,1.2433
7PIH_7QW,71,1.1749
7PIH_7QW,72,2.2037
7PIH_7QW,73,2.3726
7PIH_7QW,74,1.6732
7PIH_7QW,75,2.2551
7PIH_7QW,76,1.7881
7PIH_7QW,77,2.4693
7PIH_7QW,78,1.3411
7PIH_7QW,79,2.4101
7PIH_7QW,8,1.9751
7PIH_7QW,80,2.6149
7PIH_7QW,81,1.5557
7PIH_7QW,82,1.5644
7PIH_7QW,83,1.6880
7PIH_7QW,84,2.2439
7PIH_7QW,85,0.9764
7PIH_7QW,86,2.3487
7PIH_7QW,87,2.0586
7PIH_7QW,88,1.8457
7PIH_7QW,89,1.1957
7PIH_7QW,9,1.5115
7PIH_7QW,90,1.6889
7PIH_7QW,91,1.6979
7PIH_7QW,92,2.6377
7PIH_7QW,93,1.3040
7PIH_7QW,94,2.2452
7PIH_7QW,95,2.1321
7PIH_7QW,96,2.0037
7PIH_7QW,97,1.0871
7PIH_7QW,98,1.4272
7PIH_7QW,99,1.3704
7PJQ_OWH,0,1.1614
7PJQ_OWH,1,1.3576
7PJQ_OWH,10,2.1567
7PJQ_OWH,100,1.6265
7PJQ_OWH,101,1.6814
7PJQ_OWH,102,4.3864
7PJQ_OWH,103,4.5468
7PJQ_OWH,104,0.9348
7PJQ_OWH,105,2.0836
7PJQ_OWH,106,0.8815
7PJQ_OWH,107,1.6630
7PJQ_OWH,108,4.1477
7PJQ_OWH,109,4.1932
7PJQ_OWH,11,1.9585
7PJQ_OWH,110,1.3295
7PJQ_OWH,111,1.3440
7PJQ_OWH,112,0.9273
7PJQ_OWH,113,0.8188
7PJQ_OWH,114,1.9204
7PJQ_OWH,115,1.6606
7PJQ_OWH,116,4.4596
7PJQ_OWH,117,4.4059
7PJQ_OWH,118,1.7314
7PJQ_OWH,119,1.9747
7PJQ_OWH,12,4.2541
7PJQ_OWH,120,1.7314
7PJQ_OWH,121,1.2497
7PJQ_OWH,122,4.2744
7PJQ_OWH,123,2.0155
7PJQ_OWH,124,1.7157
7PJQ_OWH,125,1.6624
7PJQ_OWH,126,0.6185
7PJQ_OWH,127,1.2924
7PJQ_OWH,128,1.9427
7PJQ_OWH,129,1.5895
7PJQ_OWH,13,0.3283
7PJQ_OWH,130,1.0004
7PJQ_OWH,131,1.4001
7PJQ_OWH,132,4.3846
7PJQ_OWH,133,1.9922
7PJQ_OWH,134,1.8695
7PJQ_OWH,135,1.6448
7PJQ_OWH,136,4.3400
7PJQ_OWH,137,4.2239
7PJQ_OWH,138,2.1575
7PJQ_OWH,139,4.4613
7PJQ_OWH,14,4.4772
7PJQ_OWH,15,4.4178
7PJQ_OWH,16,4.4144
7PJQ_OWH,17,4.1252
7PJQ_OWH,18,1.1109
7PJQ_OWH,19,1.7924
7PJQ_OWH,2,1.4648
7PJQ_OWH,20,2.7270
7PJQ_OWH,21,2.0932
7PJQ_OWH,22,4.5413
7PJQ_OWH,23,1.7571
7PJQ_OWH,24,1.8913
7PJQ_OWH,25,3.8862
7PJQ_OWH,26,2.2276
7PJQ_OWH,27,4.4407
7PJQ_OWH,28,4.0757
7PJQ_OWH,29,4.5300
7PJQ_OWH,3,0.8435
7PJQ_OWH,30,1.9056
7PJQ_OWH,31,1.0554
7PJQ_OWH,32,2.0989
7PJQ_OWH,33,2.0250
7PJQ_OWH,34,1.7755
7PJQ_OWH,35,0.5834
7PJQ_OWH,36,2.0295
7PJQ_OWH,37,1.3138
7PJQ_OWH,38,1.2817
7PJQ_OWH,39,1.4481
7PJQ_OWH,4,0.6718
7PJQ_OWH,40,1.9554
7PJQ_OWH,41,0.6659
7PJQ_OWH,42,1.9475
7PJQ_OWH,43,0.9451
7PJQ_OWH,44,4.3542
7PJQ_OWH,45,1.6272
7PJQ_OWH,46,1.6871
7PJQ_OWH,47,0.3151
7PJQ_OWH,48,2.0328
7PJQ_OWH,49,1.9158
7PJQ_OWH,5,1.7000
7PJQ_OWH,5,1.1785
7PJQ_OWH,50,4.2719
7PJQ_OWH,51,0.9007
7PJQ_OWH,52,4.5335
7PJQ_OWH,53,1.7056
7PJQ_OWH,54,1.8896
7PJQ_OWH,55,0.4984
7PJQ_OWH,56,4.4967
7PJQ_OWH,57,0.8097
7PJQ_OWH,58,3.0104
7PJQ_OWH,59,3.1254
7PJQ_OWH,6,2.1579
7PJQ_OWH,60,1.8774
7PJQ_OWH,61,1.7462
7PJQ_OWH,62,3.9451
7PJQ_OWH,63,1.7217
7PJQ_OWH,64,1.6209
7PJQ_OWH,65,0.2880
7PJQ_OWH,66,2.1988
7PJQ_OWH,67,1.8427
7PJQ_OWH,68,1.7248
7PJQ_OWH,69,4.5482
7PJQ_OWH,7,4.1310
7PJQ_OWH,70,1.7776
7PJQ_OWH,71,1.4782
7PJQ_OWH,72,1.5431
7PJQ_OWH,73,4.3927
7PJQ_OWH,74,1.4744
7PJQ_OWH,75,2.5902
7PJQ_OWH,76,4.2047
7PJQ_OWH,77,4.3941
7PJQ_OWH,78,0.7865
7PJQ_OWH,79,1.7528
7PJQ_OWH,8,2.0389
7PJQ_OWH,80,4.4977
7PJQ_OWH,81,1.8239
7PJQ_OWH,82,2.1334
7PJQ_OWH,83,1.7001
7PJQ_OWH,84,1.2737
7PJQ_OWH,85,0.9743
7PJQ_OWH,86,4.2031
7PJQ_OWH,87,1.7492
7PJQ_OWH,88,4.4111
7PJQ_OWH,89,4.2626
7PJQ_OWH,89,4.3352
7PJQ_OWH,9,1.3522
7PJQ_OWH,90,4.5267
7PJQ_OWH,91,2.1170
7PJQ_OWH,92,2.0276
7PJQ_OWH,93,2.0572
7PJQ_OWH,94,1.9053
7PJQ_OWH,95,1.6430
7PJQ_OWH,96,1.2982
7PJQ_OWH,97,1.0717
7PJQ_OWH,98,1.7665
7PJQ_OWH,99,1.4748
7PK0_BYC,0,12.8786
7PK0_BYC,1,4.9996
7PK0_BYC,10,13.2893
7PK0_BYC,100,8.5738
7PK0_BYC,101,14.3313
7PK0_BYC,102,9.3841
7PK0_BYC,103,4.0956
7PK0_BYC,104,5.3329
7PK0_BYC,104,11.2032
7PK0_BYC,105,11.8055
7PK0_BYC,106,7.5758
7PK0_BYC,107,11.8428
7PK0_BYC,108,11.4764
7PK0_BYC,109,14.1799
7PK0_BYC,11,12.6600
7PK0_BYC,110,11.8374
7PK0_BYC,111,12.2215
7PK0_BYC,112,6.2542
7PK0_BYC,113,9.2114
7PK0_BYC,114,9.9081
7PK0_BYC,115,13.6059
7PK0_BYC,116,8.7610
7PK0_BYC,117,5.2233
7PK0_BYC,118,9.3794
7PK0_BYC,119,11.5722
7PK0_BYC,12,12.0013
7PK0_BYC,120,11.5826
7PK0_BYC,121,4.6263
7PK0_BYC,122,12.9096
7PK0_BYC,123,11.7558
7PK0_BYC,124,11.8449
7PK0_BYC,125,8.5264
7PK0_BYC,126,7.5176
7PK0_BYC,127,10.3765
7PK0_BYC,128,11.3716
7PK0_BYC,129,12.2813
7PK0_BYC,13,3.8672
7PK0_BYC,130,11.9998
7PK0_BYC,131,4.4538
7PK0_BYC,132,5.7019
7PK0_BYC,133,11.0122
7PK0_BYC,134,7.7024
7PK0_BYC,135,11.6918
7PK0_BYC,136,8.0058
7PK0_BYC,137,14.0620
7PK0_BYC,138,3.1158
7PK0_BYC,139,11.4278
7PK0_BYC,14,5.9887
7PK0_BYC,15,2.7745
7PK0_BYC,16,12.3019
7PK0_BYC,17,4.4485
7PK0_BYC,18,4.7544
7PK0_BYC,19,4.7826
7PK0_BYC,2,9.9529
7PK0_BYC,20,9.9030
7PK0_BYC,21,12.9442
7PK0_BYC,22,13.0837
7PK0_BYC,23,11.4284
7PK0_BYC,24,11.6882
7PK0_BYC,25,5.0645
7PK0_BYC,26,9.4871
7PK0_BYC,27,11.1994
7PK0_BYC,28,12.3609
7PK0_BYC,29,13.2399
7PK0_BYC,3,7.1364
7PK0_BYC,30,10.7079
7PK0_BYC,31,7.6177
7PK0_BYC,32,4.9538
7PK0_BYC,33,2.4213
7PK0_BYC,34,11.4966
7PK0_BYC,35,12.3605
7PK0_BYC,36,8.4077
7PK0_BYC,37,11.7781
7PK0_BYC,38,4.8807
7PK0_BYC,39,8.9235
7PK0_BYC,4,11.5573
7PK0_BYC,40,11.9620
7PK0_BYC,41,12.7354
7PK0_BYC,42,12.5431
7PK0_BYC,43,4.7202
7PK0_BYC,44,11.6985
7PK0_BYC,45,5.4096
7PK0_BYC,46,11.9769
7PK0_BYC,47,13.2386
7PK0_BYC,48,13.3524
7PK0_BYC,49,11.5166
7PK0_BYC,5,11.8545
7PK0_BYC,50,4.1051
7PK0_BYC,51,5.2412
7PK0_BYC,52,4.7412
7PK0_BYC,53,11.1449
7PK0_BYC,54,4.6279
7PK0_BYC,55,9.2015
7PK0_BYC,56,13.1559
7PK0_BYC,57,4.7931
7PK0_BYC,58,8.4020
7PK0_BYC,59,4.6480
7PK0_BYC,6,12.0038
7PK0_BYC,60,5.1859
7PK0_BYC,61,3.0769
7PK0_BYC,62,4.6694
7PK0_BYC,63,4.1222
7PK0_BYC,64,12.2750
7PK0_BYC,65,11.4142
7PK0_BYC,66,7.3608
7PK0_BYC,67,5.7011
7PK0_BYC,68,4.6949
7PK0_BYC,68,12.7208
7PK0_BYC,69,11.9592
7PK0_BYC,7,3.0454
7PK0_BYC,70,12.2152
7PK0_BYC,71,11.9589
7PK0_BYC,72,13.4286
7PK0_BYC,73,11.7804
7PK0_BYC,74,4.6264
7PK0_BYC,75,12.7447
7PK0_BYC,76,12.8147
7PK0_BYC,77,4.6092
7PK0_BYC,78,10.4330
7PK0_BYC,79,5.5211
7PK0_BYC,8,11.7346
7PK0_BYC,80,11.6953
7PK0_BYC,81,4.7971
7PK0_BYC,82,12.7172
7PK0_BYC,83,6.9927
7PK0_BYC,84,12.2866
7PK0_BYC,85,12.9808
7PK0_BYC,86,12.6147
7PK0_BYC,87,3.8523
7PK0_BYC,88,11.6799
7PK0_BYC,89,12.6723
7PK0_BYC,9,12.2636
7PK0_BYC,90,5.3158
7PK0_BYC,91,11.0280
7PK0_BYC,92,6.5902
7PK0_BYC,93,5.1071
7PK0_BYC,94,12.9142
7PK0_BYC,95,5.5148
7PK0_BYC,96,11.8937
7PK0_BYC,97,10.5011
7PK0_BYC,98,13.0325
7PK0_BYC,99,11.9360
7PL1_SFG,0,1.0773
7PL1_SFG,1,1.4631
7PL1_SFG,10,1.2315
7PL1_SFG,100,2.0475
7PL1_SFG,101,1.4059
7PL1_SFG,102,1.1397
7PL1_SFG,103,1.2839
7PL1_SFG,104,2.2122
7PL1_SFG,105,1.4052
7PL1_SFG,106,1.1963
7PL1_SFG,107,1.0208
7PL1_SFG,108,2.3395
7PL1_SFG,109,2.2356
7PL1_SFG,11,1.2755
7PL1_SFG,110,2.3387
7PL1_SFG,111,1.4826
7PL1_SFG,112,2.2282
7PL1_SFG,113,1.3344
7PL1_SFG,114,1.4694
7PL1_SFG,115,1.7037
7PL1_SFG,116,1.3092
7PL1_SFG,117,1.5695
7PL1_SFG,118,1.1156
7PL1_SFG,119,1.3733
7PL1_SFG,12,1.5930
7PL1_SFG,120,1.2062
7PL1_SFG,121,1.5374
7PL1_SFG,122,1.4234
7PL1_SFG,123,2.5597
7PL1_SFG,124,2.1635
7PL1_SFG,125,1.2093
7PL1_SFG,126,1.4781
7PL1_SFG,127,1.4059
7PL1_SFG,128,2.9534
7PL1_SFG,129,1.6756
7PL1_SFG,13,0.9533
7PL1_SFG,130,2.1279
7PL1_SFG,131,1.3190
7PL1_SFG,132,1.3978
7PL1_SFG,133,1.0104
7PL1_SFG,134,1.1659
7PL1_SFG,135,1.3754
7PL1_SFG,136,1.0055
7PL1_SFG,137,2.5862
7PL1_SFG,138,1.2557
7PL1_SFG,139,1.6280
7PL1_SFG,14,1.4749
7PL1_SFG,15,1.0676
7PL1_SFG,16,2.1898
7PL1_SFG,17,2.3405
7PL1_SFG,18,1.3313
7PL1_SFG,19,1.3781
7PL1_SFG,2,2.2657
7PL1_SFG,20,0.9802
7PL1_SFG,21,1.1609
7PL1_SFG,22,1.4270
7PL1_SFG,23,2.1717
7PL1_SFG,24,1.0326
7PL1_SFG,25,1.1365
7PL1_SFG,26,1.4712
7PL1_SFG,27,1.3644
7PL1_SFG,28,1.2151
7PL1_SFG,29,1.4187
7PL1_SFG,3,1.6617
7PL1_SFG,30,1.2976
7PL1_SFG,31,1.3606
7PL1_SFG,32,1.4855
7PL1_SFG,33,1.2532
7PL1_SFG,34,2.1057
7PL1_SFG,35,0.9121
7PL1_SFG,36,1.6443
7PL1_SFG,37,2.1116
7PL1_SFG,38,1.4218
7PL1_SFG,39,1.0997
7PL1_SFG,4,0.9302
7PL1_SFG,40,1.1686
7PL1_SFG,41,1.2024
7PL1_SFG,42,1.7018
7PL1_SFG,43,1.2675
7PL1_SFG,44,1.6615
7PL1_SFG,45,2.3423
7PL1_SFG,46,1.6343
7PL1_SFG,47,1.3920
7PL1_SFG,48,1.4234
7PL1_SFG,49,1.2750
7PL1_SFG,5,1.8656
7PL1_SFG,50,2.4528
7PL1_SFG,51,2.3650
7PL1_SFG,52,2.0974
7PL1_SFG,53,1.8616
7PL1_SFG,54,1.6820
7PL1_SFG,55,1.4277
7PL1_SFG,56,1.1454
7PL1_SFG,57,2.6809
7PL1_SFG,58,1.1511
7PL1_SFG,59,2.1248
7PL1_SFG,6,1.1906
7PL1_SFG,60,2.1615
7PL1_SFG,61,1.2131
7PL1_SFG,62,1.4667
7PL1_SFG,63,1.8215
7PL1_SFG,64,1.8350
7PL1_SFG,65,1.5245
7PL1_SFG,66,1.3432
7PL1_SFG,67,1.9578
7PL1_SFG,68,1.4045
7PL1_SFG,69,1.2956
7PL1_SFG,7,0.8845
7PL1_SFG,70,1.5461
7PL1_SFG,71,1.8948
7PL1_SFG,72,1.1975
7PL1_SFG,73,1.6789
7PL1_SFG,74,1.2380
7PL1_SFG,75,2.2054
7PL1_SFG,76,1.5251
7PL1_SFG,77,0.9829
7PL1_SFG,78,1.5017
7PL1_SFG,79,1.6409
7PL1_SFG,8,1.4001
7PL1_SFG,80,1.5087
7PL1_SFG,81,1.3819
7PL1_SFG,82,1.5123
7PL1_SFG,83,1.4059
7PL1_SFG,84,1.6653
7PL1_SFG,85,1.5409
7PL1_SFG,86,2.2448
7PL1_SFG,87,1.4383
7PL1_SFG,88,1.7946
7PL1_SFG,89,4.0660
7PL1_SFG,9,1.0979
7PL1_SFG,90,2.0773
7PL1_SFG,91,1.3482
7PL1_SFG,92,2.2826
7PL1_SFG,93,1.5068
7PL1_SFG,94,1.3032
7PL1_SFG,95,1.8994
7PL1_SFG,96,1.2470
7PL1_SFG,97,2.1958
7PL1_SFG,98,1.2500
7PL1_SFG,99,1.2094
7POM_7VZ,0,0.8012
7POM_7VZ,1,1.2214
7POM_7VZ,10,1.1707
7POM_7VZ,100,1.7004
7POM_7VZ,101,1.2345
7POM_7VZ,102,1.3864
7POM_7VZ,103,1.1343
7POM_7VZ,104,1.9930
7POM_7VZ,105,1.0026
7POM_7VZ,106,4.3307
7POM_7VZ,107,0.7725
7POM_7VZ,108,2.1363
7POM_7VZ,109,2.5904
7POM_7VZ,11,1.5739
7POM_7VZ,110,1.1989
7POM_7VZ,111,1.7507
7POM_7VZ,112,0.7067
7POM_7VZ,113,2.1911
7POM_7VZ,114,5.7547
7POM_7VZ,115,2.8612
7POM_7VZ,116,1.1653
7POM_7VZ,117,1.5661
7POM_7VZ,118,1.1933
7POM_7VZ,119,1.3151
7POM_7VZ,12,1.0187
7POM_7VZ,120,1.5958
7POM_7VZ,121,5.1220
7POM_7VZ,122,1.1215
7POM_7VZ,123,1.3812
7POM_7VZ,124,2.0647
7POM_7VZ,125,2.0793
7POM_7VZ,126,1.5490
7POM_7VZ,127,1.7192
7POM_7VZ,128,1.0891
7POM_7VZ,129,1.8722
7POM_7VZ,13,1.7670
7POM_7VZ,130,1.1836
7POM_7VZ,131,1.5410
7POM_7VZ,132,5.4861
7POM_7VZ,133,2.5133
7POM_7VZ,134,5.4471
7POM_7VZ,135,2.0254
7POM_7VZ,136,1.2885
7POM_7VZ,137,1.3340
7POM_7VZ,138,1.2742
7POM_7VZ,139,1.8862
7POM_7VZ,14,2.0147
7POM_7VZ,15,1.5393
7POM_7VZ,16,1.4940
7POM_7VZ,17,1.3526
7POM_7VZ,18,6.0111
7POM_7VZ,19,1.3495
7POM_7VZ,2,1.9156
7POM_7VZ,20,1.6712
7POM_7VZ,21,1.2826
7POM_7VZ,22,0.9283
7POM_7VZ,23,1.1515
7POM_7VZ,24,1.4411
7POM_7VZ,25,1.2830
7POM_7VZ,26,1.2449
7POM_7VZ,27,1.3182
7POM_7VZ,28,1.3086
7POM_7VZ,29,2.8118
7POM_7VZ,3,0.9040
7POM_7VZ,30,0.5805
7POM_7VZ,31,1.4029
7POM_7VZ,32,1.2077
7POM_7VZ,33,2.3752
7POM_7VZ,34,1.4290
7POM_7VZ,35,1.3290
7POM_7VZ,36,0.5487
7POM_7VZ,37,4.7169
7POM_7VZ,38,2.7432
7POM_7VZ,39,1.3051
7POM_7VZ,4,0.6673
7POM_7VZ,40,1.4726
7POM_7VZ,41,1.0332
7POM_7VZ,42,1.1034
7POM_7VZ,43,1.4378
7POM_7VZ,44,1.7827
7POM_7VZ,45,1.2599
7POM_7VZ,46,2.4234
7POM_7VZ,47,1.3424
7POM_7VZ,48,1.4172
7POM_7VZ,49,1.1835
7POM_7VZ,5,1.7479
7POM_7VZ,50,1.0912
7POM_7VZ,51,1.4249
7POM_7VZ,52,0.9178
7POM_7VZ,53,0.8265
7POM_7VZ,54,2.4318
7POM_7VZ,55,1.8131
7POM_7VZ,56,1.2610
7POM_7VZ,57,2.0375
7POM_7VZ,58,1.2030
7POM_7VZ,59,1.5996
7POM_7VZ,6,5.2646
7POM_7VZ,60,1.4329
7POM_7VZ,61,2.1222
7POM_7VZ,62,4.8410
7POM_7VZ,63,2.4819
7POM_7VZ,64,6.1135
7POM_7VZ,65,0.8351
7POM_7VZ,66,1.2794
7POM_7VZ,67,1.2437
7POM_7VZ,68,1.3769
7POM_7VZ,69,1.3731
7POM_7VZ,7,0.9739
7POM_7VZ,70,1.0598
7POM_7VZ,71,0.8898
7POM_7VZ,72,1.4779
7POM_7VZ,73,0.9189
7POM_7VZ,74,1.2284
7POM_7VZ,75,1.2894
7POM_7VZ,76,0.8687
7POM_7VZ,77,0.7031
7POM_7VZ,78,0.7279
7POM_7VZ,79,0.9115
7POM_7VZ,8,1.8341
7POM_7VZ,80,3.1421
7POM_7VZ,81,1.6500
7POM_7VZ,82,1.1763
7POM_7VZ,83,1.6023
7POM_7VZ,84,1.6243
7POM_7VZ,85,1.1341
7POM_7VZ,86,1.2115
7POM_7VZ,87,2.5298
7POM_7VZ,88,1.4074
7POM_7VZ,89,2.5333
7POM_7VZ,9,1.7430
7POM_7VZ,90,0.7694
7POM_7VZ,91,2.7538
7POM_7VZ,92,1.4091
7POM_7VZ,93,1.6030
7POM_7VZ,94,2.4557
7POM_7VZ,95,2.0621
7POM_7VZ,96,1.2907
7POM_7VZ,97,3.8843
7POM_7VZ,98,1.3136
7POM_7VZ,99,1.7607
7PRI_7TI,0,3.4550
7PRI_7TI,1,4.7302
7PRI_7TI,10,4.9036
7PRI_7TI,100,1.5447
7PRI_7TI,101,1.6869
7PRI_7TI,102,1.3532
7PRI_7TI,103,1.5124
7PRI_7TI,104,3.2814
7PRI_7TI,105,2.3234
7PRI_7TI,106,2.2618
7PRI_7TI,107,1.6033
7PRI_7TI,108,4.9521
7PRI_7TI,109,4.0660
7PRI_7TI,11,3.4040
7PRI_7TI,110,1.4879
7PRI_7TI,111,1.8281
7PRI_7TI,112,5.0000
7PRI_7TI,113,3.3652
7PRI_7TI,113,1.5697
7PRI_7TI,114,1.6629
7PRI_7TI,115,2.1551
7PRI_7TI,116,5.0031
7PRI_7TI,117,4.7925
7PRI_7TI,118,5.2859
7PRI_7TI,119,3.5090
7PRI_7TI,12,1.7139
7PRI_7TI,120,5.4279
7PRI_7TI,121,4.7857
7PRI_7TI,122,4.7683
7PRI_7TI,123,3.1597
7PRI_7TI,124,5.0561
7PRI_7TI,125,2.1550
7PRI_7TI,126,4.9810
7PRI_7TI,127,3.3683
7PRI_7TI,128,5.0786
7PRI_7TI,129,4.5892
7PRI_7TI,13,1.6212
7PRI_7TI,130,2.0625
7PRI_7TI,131,1.4592
7PRI_7TI,132,4.9388
7PRI_7TI,133,1.6742
7PRI_7TI,134,5.0649
7PRI_7TI,135,4.9487
7PRI_7TI,136,4.9097
7PRI_7TI,137,3.4777
7PRI_7TI,138,1.6326
7PRI_7TI,139,3.5400
7PRI_7TI,14,2.1697
7PRI_7TI,15,1.2057
7PRI_7TI,16,1.5257
7PRI_7TI,17,4.5686
7PRI_7TI,18,3.3492
7PRI_7TI,19,3.6145
7PRI_7TI,2,5.4683
7PRI_7TI,20,2.7388
7PRI_7TI,21,4.7334
7PRI_7TI,22,3.5492
7PRI_7TI,23,3.2936
7PRI_7TI,24,6.0842
7PRI_7TI,25,5.0320
7PRI_7TI,26,5.1376
7PRI_7TI,27,1.5110
7PRI_7TI,28,3.1576
7PRI_7TI,29,4.6978
7PRI_7TI,3,2.0659
7PRI_7TI,30,1.8255
7PRI_7TI,31,3.6371
7PRI_7TI,32,4.9479
7PRI_7TI,33,3.5109
7PRI_7TI,34,2.8833
7PRI_7TI,35,3.1827
7PRI_7TI,36,5.6879
7PRI_7TI,37,5.0743
7PRI_7TI,38,3.7373
7PRI_7TI,39,4.6665
7PRI_7TI,4,4.7662
7PRI_7TI,40,4.7729
7PRI_7TI,41,1.4194
7PRI_7TI,42,1.9531
7PRI_7TI,43,2.1854
7PRI_7TI,44,1.7416
7PRI_7TI,45,2.5952
7PRI_7TI,46,1.8136
7PRI_7TI,47,2.6296
7PRI_7TI,48,2.1660
7PRI_7TI,49,3.2160
7PRI_7TI,5,1.5305
7PRI_7TI,50,5.0320
7PRI_7TI,51,3.6013
7PRI_7TI,52,2.8104
7PRI_7TI,53,3.5782
7PRI_7TI,54,2.6112
7PRI_7TI,55,1.2256
7PRI_7TI,56,1.7322
7PRI_7TI,57,1.8713
7PRI_7TI,58,1.5282
7PRI_7TI,59,2.0863
7PRI_7TI,6,5.1820
7PRI_7TI,60,5.1735
7PRI_7TI,61,3.9134
7PRI_7TI,62,3.5669
7PRI_7TI,63,5.2796
7PRI_7TI,64,1.8244
7PRI_7TI,65,3.0655
7PRI_7TI,66,3.2856
7PRI_7TI,67,1.8570
7PRI_7TI,68,1.7470
7PRI_7TI,69,5.0664
7PRI_7TI,7,5.1400
7PRI_7TI,70,1.7524
7PRI_7TI,71,2.8218
7PRI_7TI,72,4.8505
7PRI_7TI,73,1.7750
7PRI_7TI,74,4.6799
7PRI_7TI,75,1.9287
7PRI_7TI,76,0.6840
7PRI_7TI,77,2.6869
7PRI_7TI,78,2.6954
7PRI_7TI,79,3.4719
7PRI_7TI,8,1.5703
7PRI_7TI,80,5.2451
7PRI_7TI,81,3.1153
7PRI_7TI,82,5.0000
7PRI_7TI,83,1.4503
7PRI_7TI,84,2.8652
7PRI_7TI,85,1.5752
7PRI_7TI,86,1.6512
7PRI_7TI,87,3.3283
7PRI_7TI,88,1.7472
7PRI_7TI,89,2.8503
7PRI_7TI,9,2.6144
7PRI_7TI,90,4.9689
7PRI_7TI,91,1.5438
7PRI_7TI,92,4.8493
7PRI_7TI,93,3.4582
7PRI_7TI,94,4.8369
7PRI_7TI,95,1.3523
7PRI_7TI,96,1.7515
7PRI_7TI,97,1.8206
7PRI_7TI,98,2.4705
7PRI_7TI,99,2.2643
7PRM_81I,0,1.2005
7PRM_81I,1,1.2081
7PRM_81I,10,0.9432
7PRM_81I,100,0.9834
7PRM_81I,101,1.8092
7PRM_81I,102,0.8108
7PRM_81I,103,1.2040
7PRM_81I,104,1.1332
7PRM_81I,105,1.3683
7PRM_81I,106,0.7994
7PRM_81I,107,1.2751
7PRM_81I,108,1.2878
7PRM_81I,109,1.0464
7PRM_81I,11,1.7345
7PRM_81I,110,0.9734
7PRM_81I,111,1.2430
7PRM_81I,112,1.1722
7PRM_81I,113,1.1079
7PRM_81I,114,1.2143
7PRM_81I,115,1.1578
7PRM_81I,116,1.4174
7PRM_81I,117,0.6877
7PRM_81I,118,1.4340
7PRM_81I,119,1.3189
7PRM_81I,12,0.8228
7PRM_81I,120,1.3766
7PRM_81I,121,1.0018
7PRM_81I,122,1.0312
7PRM_81I,123,1.4095
7PRM_81I,124,1.0770
7PRM_81I,125,1.5559
7PRM_81I,126,1.1097
7PRM_81I,127,0.9139
7PRM_81I,128,1.2886
7PRM_81I,129,1.0099
7PRM_81I,13,0.7312
7PRM_81I,130,0.6527
7PRM_81I,131,0.9320
7PRM_81I,132,1.0729
7PRM_81I,133,1.4861
7PRM_81I,134,1.4816
7PRM_81I,135,0.4469
7PRM_81I,136,1.0186
7PRM_81I,137,1.1853
7PRM_81I,138,1.5606
7PRM_81I,139,0.5275
7PRM_81I,14,1.2486
7PRM_81I,15,1.3022
7PRM_81I,16,1.0340
7PRM_81I,17,10.9005
7PRM_81I,18,0.6573
7PRM_81I,19,1.2790
7PRM_81I,2,0.9634
7PRM_81I,20,0.5439
7PRM_81I,21,1.4281
7PRM_81I,22,0.4743
7PRM_81I,23,1.3305
7PRM_81I,24,1.3282
7PRM_81I,25,11.5288
7PRM_81I,26,0.9172
7PRM_81I,27,1.4729
7PRM_81I,28,1.6859
7PRM_81I,29,1.1899
7PRM_81I,3,1.1529
7PRM_81I,30,0.8184
7PRM_81I,31,1.0168
7PRM_81I,32,0.8890
7PRM_81I,33,1.0724
7PRM_81I,34,1.3669
7PRM_81I,35,1.5722
7PRM_81I,36,1.0802
7PRM_81I,37,0.5791
7PRM_81I,38,1.0806
7PRM_81I,39,1.1550
7PRM_81I,4,0.9504
7PRM_81I,40,1.2084
7PRM_81I,41,1.2739
7PRM_81I,42,0.5879
7PRM_81I,43,1.3061
7PRM_81I,44,1.3674
7PRM_81I,45,1.0096
7PRM_81I,46,1.3583
7PRM_81I,47,1.2959
7PRM_81I,48,0.8243
7PRM_81I,49,0.9234
7PRM_81I,5,1.3573
7PRM_81I,50,1.4502
7PRM_81I,51,0.8646
7PRM_81I,52,1.0823
7PRM_81I,53,0.7259
7PRM_81I,54,1.6159
7PRM_81I,55,0.9732
7PRM_81I,56,0.8700
7PRM_81I,57,0.9930
7PRM_81I,58,0.4679
7PRM_81I,59,0.9175
7PRM_81I,6,1.0551
7PRM_81I,60,0.6158
7PRM_81I,61,1.5302
7PRM_81I,62,1.5740
7PRM_81I,63,0.9755
7PRM_81I,64,1.1002
7PRM_81I,65,1.9010
7PRM_81I,66,1.3874
7PRM_81I,67,1.2805
7PRM_81I,68,1.4238
7PRM_81I,69,0.8285
7PRM_81I,7,1.3335
7PRM_81I,70,1.3654
7PRM_81I,71,1.8093
7PRM_81I,72,0.6711
7PRM_81I,73,1.3586
7PRM_81I,74,1.3526
7PRM_81I,75,0.7674
7PRM_81I,76,1.5094
7PRM_81I,77,1.1687
7PRM_81I,78,0.8906
7PRM_81I,79,8.2409
7PRM_81I,8,1.7145
7PRM_81I,80,1.3431
7PRM_81I,81,0.9298
7PRM_81I,82,0.4194
7PRM_81I,83,0.8486
7PRM_81I,84,0.7279
7PRM_81I,85,0.7524
7PRM_81I,86,1.1813
7PRM_81I,87,0.9340
7PRM_81I,88,0.5706
7PRM_81I,89,0.8063
7PRM_81I,9,0.8585
7PRM_81I,90,0.5974
7PRM_81I,91,1.3528
7PRM_81I,92,0.8195
7PRM_81I,93,1.4731
7PRM_81I,94,0.7524
7PRM_81I,95,1.7086
7PRM_81I,96,1.6012
7PRM_81I,97,0.9186
7PRM_81I,98,1.4027
7PRM_81I,99,0.5956
7PT3_3KK,0,2.3198
7PT3_3KK,1,2.2610
7PT3_3KK,10,1.9958
7PT3_3KK,100,2.6108
7PT3_3KK,101,2.0614
7PT3_3KK,102,3.0085
7PT3_3KK,103,8.9599
7PT3_3KK,104,2.1838
7PT3_3KK,105,1.7271
7PT3_3KK,106,2.4929
7PT3_3KK,107,1.5270
7PT3_3KK,108,2.3263
7PT3_3KK,109,2.3021
7PT3_3KK,11,2.6855
7PT3_3KK,110,2.3715
7PT3_3KK,111,2.3368
7PT3_3KK,112,3.8234
7PT3_3KK,113,2.3813
7PT3_3KK,114,2.4252
7PT3_3KK,115,1.9742
7PT3_3KK,116,3.8840
7PT3_3KK,117,3.2609
7PT3_3KK,118,2.5690
7PT3_3KK,119,2.3810
7PT3_3KK,12,2.1309
7PT3_3KK,120,3.0624
7PT3_3KK,121,1.8186
7PT3_3KK,122,3.2370
7PT3_3KK,123,2.5722
7PT3_3KK,124,2.2449
7PT3_3KK,125,2.2265
7PT3_3KK,126,2.9777
7PT3_3KK,127,4.2841
7PT3_3KK,128,4.1090
7PT3_3KK,129,4.7306
7PT3_3KK,13,4.0583
7PT3_3KK,130,1.7217
7PT3_3KK,131,7.0284
7PT3_3KK,132,2.2756
7PT3_3KK,133,3.3086
7PT3_3KK,134,4.8593
7PT3_3KK,135,2.2850
7PT3_3KK,136,10.2641
7PT3_3KK,137,2.0716
7PT3_3KK,138,1.7897
7PT3_3KK,139,2.0280
7PT3_3KK,14,3.2302
7PT3_3KK,15,2.8684
7PT3_3KK,16,4.4658
7PT3_3KK,17,1.7723
7PT3_3KK,18,1.7319
7PT3_3KK,19,2.2535
7PT3_3KK,2,3.3559
7PT3_3KK,20,2.8789
7PT3_3KK,21,2.1133
7PT3_3KK,22,3.2400
7PT3_3KK,23,2.5526
7PT3_3KK,24,3.2568
7PT3_3KK,25,6.5001
7PT3_3KK,26,2.1657
7PT3_3KK,27,2.1465
7PT3_3KK,28,1.7746
7PT3_3KK,29,2.0930
7PT3_3KK,3,1.8820
7PT3_3KK,30,3.8618
7PT3_3KK,31,2.8326
7PT3_3KK,32,4.1247
7PT3_3KK,33,3.4575
7PT3_3KK,34,2.0877
7PT3_3KK,35,6.5397
7PT3_3KK,36,3.6138
7PT3_3KK,37,1.9213
7PT3_3KK,38,2.2062
7PT3_3KK,39,14.7569
7PT3_3KK,4,1.4167
7PT3_3KK,40,1.9165
7PT3_3KK,41,2.6477
7PT3_3KK,42,2.4868
7PT3_3KK,43,2.0314
7PT3_3KK,44,2.4149
7PT3_3KK,45,2.3920
7PT3_3KK,46,2.2282
7PT3_3KK,47,2.2384
7PT3_3KK,48,5.2087
7PT3_3KK,49,2.0535
7PT3_3KK,5,2.9708
7PT3_3KK,50,1.6837
7PT3_3KK,51,3.0950
7PT3_3KK,52,2.1138
7PT3_3KK,53,2.1496
7PT3_3KK,54,2.8444
7PT3_3KK,55,1.9218
7PT3_3KK,56,1.9297
7PT3_3KK,57,2.2616
7PT3_3KK,58,2.0117
7PT3_3KK,59,1.3752
7PT3_3KK,6,3.5447
7PT3_3KK,60,2.4021
7PT3_3KK,61,4.7071
7PT3_3KK,62,2.6687
7PT3_3KK,63,3.5717
7PT3_3KK,64,1.3944
7PT3_3KK,65,5.4413
7PT3_3KK,66,3.8858
7PT3_3KK,67,2.0275
7PT3_3KK,68,5.5619
7PT3_3KK,69,3.6820
7PT3_3KK,7,2.1025
7PT3_3KK,70,8.2327
7PT3_3KK,71,3.0422
7PT3_3KK,72,1.9985
7PT3_3KK,73,2.4092
7PT3_3KK,74,1.5674
7PT3_3KK,75,3.7333
7PT3_3KK,76,2.2861
7PT3_3KK,77,3.8672
7PT3_3KK,78,2.0707
7PT3_3KK,79,1.9386
7PT3_3KK,8,2.2770
7PT3_3KK,80,2.8307
7PT3_3KK,81,2.2187
7PT3_3KK,82,1.8588
7PT3_3KK,83,2.0495
7PT3_3KK,84,2.0258
7PT3_3KK,85,6.0952
7PT3_3KK,86,8.6454
7PT3_3KK,87,1.8821
7PT3_3KK,88,2.7433
7PT3_3KK,89,2.0011
7PT3_3KK,9,3.8051
7PT3_3KK,90,2.7177
7PT3_3KK,91,1.6309
7PT3_3KK,92,1.9099
7PT3_3KK,93,1.6936
7PT3_3KK,94,3.5925
7PT3_3KK,95,4.6447
7PT3_3KK,96,2.0850
7PT3_3KK,97,3.4882
7PT3_3KK,98,2.0902
7PT3_3KK,99,2.2181
7PUV_84Z,0,1.1430
7PUV_84Z,1,3.2838
7PUV_84Z,10,1.8680
7PUV_84Z,100,3.2338
7PUV_84Z,101,1.7017
7PUV_84Z,102,2.9427
7PUV_84Z,103,1.0226
7PUV_84Z,104,1.9018
7PUV_84Z,105,0.9196
7PUV_84Z,106,3.1259
7PUV_84Z,107,0.5710
7PUV_84Z,108,1.2674
7PUV_84Z,109,1.5936
7PUV_84Z,11,1.1622
7PUV_84Z,110,2.7679
7PUV_84Z,111,1.7781
7PUV_84Z,112,2.8967
7PUV_84Z,113,2.1517
7PUV_84Z,114,3.2529
7PUV_84Z,115,2.7136
7PUV_84Z,116,2.9303
7PUV_84Z,117,1.3707
7PUV_84Z,118,1.1473
7PUV_84Z,119,1.2954
7PUV_84Z,12,1.4999
7PUV_84Z,120,1.1200
7PUV_84Z,121,2.9618
7PUV_84Z,122,1.3519
7PUV_84Z,123,2.8992
7PUV_84Z,124,1.6373
7PUV_84Z,125,2.7673
7PUV_84Z,126,1.5638
7PUV_84Z,127,3.0582
7PUV_84Z,128,0.9492
7PUV_84Z,129,2.6802
7PUV_84Z,13,0.9705
7PUV_84Z,130,1.9088
7PUV_84Z,131,2.1040
7PUV_84Z,132,1.6265
7PUV_84Z,133,2.2565
7PUV_84Z,134,2.5681
7PUV_84Z,135,3.0307
7PUV_84Z,136,1.1637
7PUV_84Z,137,3.1799
7PUV_84Z,138,1.4655
7PUV_84Z,139,2.8890
7PUV_84Z,14,1.1570
7PUV_84Z,15,1.3188
7PUV_84Z,16,2.3913
7PUV_84Z,17,2.8672
7PUV_84Z,18,1.4678
7PUV_84Z,19,2.2236
7PUV_84Z,2,2.0288
7PUV_84Z,20,2.3487
7PUV_84Z,21,2.4785
7PUV_84Z,22,0.9096
7PUV_84Z,23,3.1233
7PUV_84Z,24,3.6390
7PUV_84Z,25,2.7441
7PUV_84Z,26,1.8018
7PUV_84Z,27,1.6284
7PUV_84Z,28,1.2005
7PUV_84Z,29,1.4043
7PUV_84Z,3,2.7933
7PUV_84Z,30,1.1367
7PUV_84Z,31,0.8942
7PUV_84Z,32,1.9678
7PUV_84Z,33,1.0632
7PUV_84Z,34,2.8824
7PUV_84Z,35,1.8516
7PUV_84Z,36,1.7332
7PUV_84Z,37,1.7451
7PUV_84Z,38,2.1713
7PUV_84Z,39,2.9472
7PUV_84Z,4,1.1348
7PUV_84Z,40,1.8448
7PUV_84Z,41,2.8407
7PUV_84Z,42,3.2008
7PUV_84Z,43,1.2009
7PUV_84Z,44,1.3418
7PUV_84Z,45,0.7290
7PUV_84Z,46,2.8276
7PUV_84Z,47,2.0929
7PUV_84Z,48,1.1690
7PUV_84Z,49,2.9046
7PUV_84Z,5,3.1985
7PUV_84Z,50,2.6662
7PUV_84Z,50,1.3159
7PUV_84Z,51,1.0646
7PUV_84Z,52,1.4523
7PUV_84Z,53,3.0391
7PUV_84Z,54,2.9273
7PUV_84Z,55,2.8273
7PUV_84Z,56,1.2429
7PUV_84Z,57,0.7820
7PUV_84Z,58,3.3511
7PUV_84Z,59,1.1273
7PUV_84Z,6,1.9872
7PUV_84Z,60,1.2274
7PUV_84Z,61,1.4122
7PUV_84Z,62,1.6823
7PUV_84Z,63,2.3974
7PUV_84Z,64,0.9691
7PUV_84Z,65,2.9947
7PUV_84Z,66,2.0412
7PUV_84Z,67,1.2551
7PUV_84Z,68,1.6918
7PUV_84Z,69,2.8936
7PUV_84Z,7,1.3575
7PUV_84Z,70,1.2729
7PUV_84Z,71,0.9419
7PUV_84Z,72,0.8902
7PUV_84Z,73,2.5858
7PUV_84Z,74,0.8439
7PUV_84Z,75,3.0589
7PUV_84Z,76,2.9641
7PUV_84Z,77,1.5373
7PUV_84Z,78,3.0629
7PUV_84Z,79,3.0964
7PUV_84Z,8,1.2255
7PUV_84Z,80,3.0500
7PUV_84Z,81,2.8682
7PUV_84Z,82,1.8549
7PUV_84Z,83,2.8302
7PUV_84Z,84,2.8243
7PUV_84Z,85,0.9898
7PUV_84Z,86,1.3397
7PUV_84Z,87,2.9807
7PUV_84Z,88,3.2021
7PUV_84Z,89,1.8890
7PUV_84Z,9,1.9795
7PUV_84Z,90,1.0680
7PUV_84Z,91,2.2084
7PUV_84Z,92,2.6949
7PUV_84Z,93,1.4198
7PUV_84Z,94,1.0852
7PUV_84Z,95,1.8882
7PUV_84Z,96,3.0022
7PUV_84Z,97,2.9383
7PUV_84Z,98,2.1112
7PUV_84Z,99,1.0003
7Q25_8J9,0,2.3309
7Q25_8J9,1,2.4308
7Q25_8J9,10,3.5117
7Q25_8J9,100,3.7222
7Q25_8J9,101,3.3375
7Q25_8J9,102,7.0363
7Q25_8J9,103,2.1020
7Q25_8J9,104,2.8546
7Q25_8J9,105,2.3873
7Q25_8J9,106,2.2247
7Q25_8J9,107,1.9199
7Q25_8J9,108,2.0461
7Q25_8J9,109,2.0118
7Q25_8J9,11,1.8799
7Q25_8J9,110,2.0388
7Q25_8J9,111,2.1138
7Q25_8J9,112,1.8787
7Q25_8J9,113,2.6814
7Q25_8J9,114,4.7638
7Q25_8J9,115,1.1920
7Q25_8J9,116,2.1922
7Q25_8J9,117,1.6142
7Q25_8J9,118,7.0861
7Q25_8J9,119,1.0991
7Q25_8J9,12,3.9396
7Q25_8J9,120,1.1104
7Q25_8J9,121,1.7729
7Q25_8J9,122,1.0784
7Q25_8J9,123,6.4088
7Q25_8J9,124,8.8537
7Q25_8J9,125,3.9599
7Q25_8J9,126,2.9889
7Q25_8J9,127,3.1457
7Q25_8J9,128,2.2224
7Q25_8J9,129,5.4716
7Q25_8J9,13,2.5995
7Q25_8J9,130,3.6426
7Q25_8J9,131,1.6916
7Q25_8J9,132,1.6072
7Q25_8J9,133,2.6159
7Q25_8J9,134,1.2042
7Q25_8J9,135,7.4223
7Q25_8J9,136,1.7566
7Q25_8J9,137,1.8748
7Q25_8J9,138,1.5768
7Q25_8J9,139,1.8876
7Q25_8J9,14,2.0277
7Q25_8J9,15,1.5892
7Q25_8J9,16,1.7954
7Q25_8J9,17,6.6313
7Q25_8J9,18,1.5123
7Q25_8J9,19,2.6990
7Q25_8J9,2,1.1089
7Q25_8J9,20,2.1193
7Q25_8J9,21,2.7351
7Q25_8J9,22,2.0261
7Q25_8J9,23,3.5842
7Q25_8J9,24,2.9838
7Q25_8J9,25,1.8238
7Q25_8J9,26,2.8475
7Q25_8J9,27,2.1326
7Q25_8J9,28,2.9263
7Q25_8J9,29,1.8929
7Q25_8J9,3,1.8644
7Q25_8J9,30,2.1250
7Q25_8J9,31,2.8228
7Q25_8J9,32,1.9772
7Q25_8J9,33,1.6747
7Q25_8J9,34,2.3907
7Q25_8J9,35,1.3870
7Q25_8J9,36,1.9977
7Q25_8J9,37,2.4444
7Q25_8J9,38,5.9423
7Q25_8J9,39,5.6554
7Q25_8J9,4,2.7313
7Q25_8J9,40,3.9584
7Q25_8J9,41,7.7703
7Q25_8J9,42,1.7457
7Q25_8J9,43,1.6195
7Q25_8J9,44,3.9455
7Q25_8J9,45,4.1839
7Q25_8J9,46,6.0676
7Q25_8J9,47,1.1180
7Q25_8J9,48,3.3961
7Q25_8J9,49,2.9117
7Q25_8J9,5,1.6248
7Q25_8J9,50,1.7805
7Q25_8J9,51,4.0329
7Q25_8J9,52,1.4759
7Q25_8J9,53,4.0927
7Q25_8J9,54,2.9523
7Q25_8J9,55,3.3767
7Q25_8J9,56,1.2895
7Q25_8J9,57,2.7317
7Q25_8J9,58,1.1396
7Q25_8J9,59,1.6438
7Q25_8J9,6,1.1564
7Q25_8J9,60,1.2770
7Q25_8J9,61,1.1559
7Q25_8J9,62,1.4249
7Q25_8J9,63,2.3880
7Q25_8J9,64,1.8603
7Q25_8J9,65,3.6799
7Q25_8J9,66,5.6196
7Q25_8J9,67,2.0135
7Q25_8J9,68,2.1274
7Q25_8J9,69,1.2253
7Q25_8J9,7,2.5271
7Q25_8J9,70,1.0788
7Q25_8J9,71,3.9257
7Q25_8J9,72,2.6470
7Q25_8J9,73,1.7940
7Q25_8J9,74,3.5879
7Q25_8J9,75,1.9513
7Q25_8J9,76,7.2440
7Q25_8J9,77,2.7666
7Q25_8J9,78,1.5035
7Q25_8J9,79,1.7764
7Q25_8J9,8,4.9381
7Q25_8J9,80,2.8437
7Q25_8J9,81,1.6036
7Q25_8J9,82,1.5641
7Q25_8J9,83,2.2139
7Q25_8J9,84,5.9388
7Q25_8J9,85,9.1197
7Q25_8J9,86,1.6195
7Q25_8J9,87,1.8064
7Q25_8J9,88,1.5167
7Q25_8J9,89,3.0564
7Q25_8J9,9,7.0890
7Q25_8J9,90,2.2032
7Q25_8J9,91,3.0862
7Q25_8J9,92,6.0022
7Q25_8J9,93,1.8082
7Q25_8J9,94,3.8453
7Q25_8J9,95,3.4216
7Q25_8J9,96,2.7037
7Q25_8J9,97,3.4592
7Q25_8J9,98,1.4039
7Q25_8J9,99,2.0187
7Q27_8KC,0,1.6747
7Q27_8KC,1,6.0055
7Q27_8KC,10,2.6834
7Q27_8KC,100,4.9308
7Q27_8KC,101,1.3900
7Q27_8KC,102,3.5692
7Q27_8KC,103,2.2721
7Q27_8KC,104,2.4542
7Q27_8KC,105,2.0806
7Q27_8KC,106,3.8815
7Q27_8KC,107,3.2629
7Q27_8KC,108,3.9076
7Q27_8KC,109,1.9604
7Q27_8KC,11,2.7295
7Q27_8KC,110,1.7610
7Q27_8KC,111,1.5201
7Q27_8KC,112,4.2527
7Q27_8KC,113,1.7147
7Q27_8KC,114,1.9784
7Q27_8KC,115,2.8025
7Q27_8KC,116,1.9203
7Q27_8KC,117,6.8991
7Q27_8KC,118,1.8214
7Q27_8KC,119,1.4744
7Q27_8KC,12,1.0083
7Q27_8KC,120,1.9214
7Q27_8KC,121,1.6443
7Q27_8KC,122,2.5153
7Q27_8KC,123,1.7559
7Q27_8KC,124,2.2999
7Q27_8KC,125,1.6834
7Q27_8KC,126,3.0050
7Q27_8KC,127,2.5651
7Q27_8KC,128,1.4184
7Q27_8KC,129,3.4045
7Q27_8KC,13,2.6660
7Q27_8KC,130,1.8028
7Q27_8KC,131,3.3180
7Q27_8KC,132,2.8622
7Q27_8KC,133,6.6865
7Q27_8KC,134,1.5860
7Q27_8KC,135,1.6422
7Q27_8KC,136,2.3010
7Q27_8KC,137,1.2432
7Q27_8KC,138,1.8094
7Q27_8KC,139,1.7117
7Q27_8KC,14,1.3373
7Q27_8KC,15,3.4359
7Q27_8KC,16,6.4742
7Q27_8KC,17,1.7701
7Q27_8KC,18,1.6373
7Q27_8KC,19,2.4439
7Q27_8KC,2,1.8114
7Q27_8KC,20,2.7823
7Q27_8KC,21,1.8477
7Q27_8KC,22,2.7167
7Q27_8KC,22,1.9492
7Q27_8KC,23,1.9799
7Q27_8KC,24,5.0852
7Q27_8KC,25,1.6214
7Q27_8KC,26,1.6721
7Q27_8KC,27,1.6133
7Q27_8KC,28,1.9260
7Q27_8KC,29,2.0444
7Q27_8KC,3,1.7681
7Q27_8KC,30,4.8167
7Q27_8KC,31,2.0396
7Q27_8KC,32,1.8440
7Q27_8KC,33,2.0410
7Q27_8KC,34,1.5365
7Q27_8KC,35,3.7919
7Q27_8KC,36,1.9296
7Q27_8KC,37,1.8380
7Q27_8KC,38,1.6638
7Q27_8KC,39,1.6555
7Q27_8KC,4,1.3733
7Q27_8KC,40,1.8797
7Q27_8KC,41,1.6337
7Q27_8KC,42,1.6054
7Q27_8KC,43,1.1436
7Q27_8KC,44,2.4104
7Q27_8KC,45,2.3211
7Q27_8KC,46,4.1596
7Q27_8KC,47,4.0181
7Q27_8KC,48,1.7805
7Q27_8KC,49,2.1798
7Q27_8KC,5,3.9952
7Q27_8KC,50,1.6175
7Q27_8KC,51,2.2346
7Q27_8KC,52,1.6629
7Q27_8KC,53,4.6741
7Q27_8KC,54,3.0541
7Q27_8KC,55,1.4153
7Q27_8KC,56,1.9715
7Q27_8KC,57,1.4961
7Q27_8KC,58,0.8706
7Q27_8KC,59,2.4203
7Q27_8KC,6,1.4978
7Q27_8KC,60,3.7054
7Q27_8KC,61,1.6631
7Q27_8KC,62,1.9366
7Q27_8KC,63,1.8965
7Q27_8KC,64,1.5969
7Q27_8KC,65,1.2706
7Q27_8KC,66,1.5884
7Q27_8KC,67,5.6656
7Q27_8KC,68,2.0497
7Q27_8KC,69,2.4748
7Q27_8KC,7,1.6664
7Q27_8KC,70,5.8902
7Q27_8KC,71,2.3286
7Q27_8KC,72,3.2633
7Q27_8KC,73,2.0525
7Q27_8KC,74,1.7545
7Q27_8KC,75,1.7124
7Q27_8KC,76,1.9748
7Q27_8KC,77,5.9192
7Q27_8KC,78,1.6285
7Q27_8KC,79,2.2396
7Q27_8KC,8,2.0819
7Q27_8KC,80,1.8342
7Q27_8KC,81,1.6418
7Q27_8KC,82,1.4768
7Q27_8KC,83,1.7869
7Q27_8KC,84,2.0307
7Q27_8KC,85,1.6757
7Q27_8KC,86,2.6311
7Q27_8KC,87,2.7831
7Q27_8KC,88,4.3228
7Q27_8KC,89,2.9363
7Q27_8KC,9,2.4756
7Q27_8KC,90,2.4596
7Q27_8KC,91,2.2523
7Q27_8KC,92,2.4706
7Q27_8KC,93,2.2595
7Q27_8KC,94,1.7564
7Q27_8KC,95,2.1578
7Q27_8KC,96,2.2024
7Q27_8KC,97,2.2607
7Q27_8KC,98,1.6946
7Q27_8KC,99,2.2685
7Q2B_M6H,0,1.0258
7Q2B_M6H,1,1.7728
7Q2B_M6H,10,0.9436
7Q2B_M6H,100,1.4403
7Q2B_M6H,101,1.0415
7Q2B_M6H,102,1.3208
7Q2B_M6H,103,1.2689
7Q2B_M6H,104,0.9425
7Q2B_M6H,105,1.1455
7Q2B_M6H,106,1.3575
7Q2B_M6H,107,0.7730
7Q2B_M6H,108,0.8711
7Q2B_M6H,109,1.0240
7Q2B_M6H,11,0.7581
7Q2B_M6H,110,1.1042
7Q2B_M6H,111,1.3097
7Q2B_M6H,112,1.1567
7Q2B_M6H,113,1.3245
7Q2B_M6H,114,0.6561
7Q2B_M6H,115,1.3098
7Q2B_M6H,116,1.2812
7Q2B_M6H,117,0.9112
7Q2B_M6H,118,1.3304
7Q2B_M6H,119,1.0152
7Q2B_M6H,12,1.2704
7Q2B_M6H,120,1.4937
7Q2B_M6H,121,1.2452
7Q2B_M6H,122,1.5834
7Q2B_M6H,123,0.9682
7Q2B_M6H,124,1.1209
7Q2B_M6H,125,1.1470
7Q2B_M6H,126,1.1783
7Q2B_M6H,127,1.0720
7Q2B_M6H,128,0.7452
7Q2B_M6H,129,1.5208
7Q2B_M6H,13,1.2513
7Q2B_M6H,130,0.7781
7Q2B_M6H,131,1.2057
7Q2B_M6H,132,1.2463
7Q2B_M6H,133,1.2173
7Q2B_M6H,134,1.3700
7Q2B_M6H,135,0.7743
7Q2B_M6H,136,1.8318
7Q2B_M6H,137,1.1886
7Q2B_M6H,138,0.8023
7Q2B_M6H,139,1.2809
7Q2B_M6H,14,1.2319
7Q2B_M6H,15,1.4038
7Q2B_M6H,16,1.8010
7Q2B_M6H,17,1.6419
7Q2B_M6H,18,1.4686
7Q2B_M6H,19,1.3456
7Q2B_M6H,2,1.3085
7Q2B_M6H,20,0.6517
7Q2B_M6H,21,1.0280
7Q2B_M6H,22,1.6359
7Q2B_M6H,23,0.4309
7Q2B_M6H,24,1.4464
7Q2B_M6H,25,1.4737
7Q2B_M6H,26,0.5879
7Q2B_M6H,27,1.0138
7Q2B_M6H,28,1.7471
7Q2B_M6H,29,1.1310
7Q2B_M6H,3,1.9431
7Q2B_M6H,30,0.8150
7Q2B_M6H,31,1.2316
7Q2B_M6H,32,1.1556
7Q2B_M6H,33,0.9763
7Q2B_M6H,34,1.2613
7Q2B_M6H,35,1.5107
7Q2B_M6H,36,0.9685
7Q2B_M6H,37,0.5492
7Q2B_M6H,38,1.8009
7Q2B_M6H,39,1.3145
7Q2B_M6H,4,0.9075
7Q2B_M6H,40,1.2675
7Q2B_M6H,41,1.1978
7Q2B_M6H,42,1.1510
7Q2B_M6H,43,1.1778
7Q2B_M6H,44,1.1191
7Q2B_M6H,45,0.9254
7Q2B_M6H,46,1.5373
7Q2B_M6H,47,1.4311
7Q2B_M6H,48,0.6279
7Q2B_M6H,49,1.2357
7Q2B_M6H,5,1.4079
7Q2B_M6H,50,1.3412
7Q2B_M6H,51,1.0677
7Q2B_M6H,52,1.9475
7Q2B_M6H,53,1.5358
7Q2B_M6H,54,1.3132
7Q2B_M6H,55,0.9391
7Q2B_M6H,56,1.8214
7Q2B_M6H,57,2.0370
7Q2B_M6H,58,1.3947
7Q2B_M6H,59,0.5217
7Q2B_M6H,6,1.3097
7Q2B_M6H,60,1.4678
7Q2B_M6H,61,1.2554
7Q2B_M6H,62,1.3907
7Q2B_M6H,63,1.8112
7Q2B_M6H,64,0.5977
7Q2B_M6H,65,0.5189
7Q2B_M6H,66,1.2425
7Q2B_M6H,67,1.1217
7Q2B_M6H,68,1.2449
7Q2B_M6H,69,1.3495
7Q2B_M6H,7,1.1322
7Q2B_M6H,70,1.3989
7Q2B_M6H,71,1.1772
7Q2B_M6H,72,1.5459
7Q2B_M6H,73,1.5606
7Q2B_M6H,74,1.5862
7Q2B_M6H,75,2.1824
7Q2B_M6H,76,0.7988
7Q2B_M6H,77,1.7755
7Q2B_M6H,78,0.6792
7Q2B_M6H,79,1.6352
7Q2B_M6H,8,0.6157
7Q2B_M6H,80,1.3604
7Q2B_M6H,81,1.2217
7Q2B_M6H,82,0.7526
7Q2B_M6H,83,1.1288
7Q2B_M6H,84,1.0239
7Q2B_M6H,85,1.1632
7Q2B_M6H,86,1.3496
7Q2B_M6H,87,1.0523
7Q2B_M6H,88,0.8603
7Q2B_M6H,89,1.2272
7Q2B_M6H,9,0.9177
7Q2B_M6H,90,1.2795
7Q2B_M6H,91,0.9858
7Q2B_M6H,92,1.7386
7Q2B_M6H,93,0.9748
7Q2B_M6H,94,1.5926
7Q2B_M6H,95,1.5211
7Q2B_M6H,96,1.1953
7Q2B_M6H,97,1.1619
7Q2B_M6H,98,1.3425
7Q2B_M6H,99,1.0318
7Q5I_I0F,0,1.0216
7Q5I_I0F,1,1.9675
7Q5I_I0F,10,1.6099
7Q5I_I0F,100,1.0418
7Q5I_I0F,101,1.6847
7Q5I_I0F,102,1.1769
7Q5I_I0F,103,2.4337
7Q5I_I0F,104,1.6394
7Q5I_I0F,105,1.8305
7Q5I_I0F,106,2.0233
7Q5I_I0F,107,0.8801
7Q5I_I0F,108,1.5203
7Q5I_I0F,109,1.6500
7Q5I_I0F,11,1.5488
7Q5I_I0F,110,1.6200
7Q5I_I0F,111,1.8898
7Q5I_I0F,112,1.5680
7Q5I_I0F,113,2.0930
7Q5I_I0F,114,1.7241
7Q5I_I0F,115,1.4980
7Q5I_I0F,116,1.6191
7Q5I_I0F,117,1.6683
7Q5I_I0F,118,1.6766
7Q5I_I0F,119,1.0394
7Q5I_I0F,12,1.3945
7Q5I_I0F,120,1.6255
7Q5I_I0F,121,1.8214
7Q5I_I0F,122,0.4848
7Q5I_I0F,123,1.5807
7Q5I_I0F,124,1.8536
7Q5I_I0F,125,1.2242
7Q5I_I0F,126,1.5841
7Q5I_I0F,127,0.9340
7Q5I_I0F,128,1.6517
7Q5I_I0F,129,1.7171
7Q5I_I0F,13,0.8491
7Q5I_I0F,130,1.5916
7Q5I_I0F,131,0.6703
7Q5I_I0F,132,1.6185
7Q5I_I0F,133,1.8336
7Q5I_I0F,134,1.5326
7Q5I_I0F,135,2.4365
7Q5I_I0F,136,1.6760
7Q5I_I0F,137,1.7380
7Q5I_I0F,138,1.6664
7Q5I_I0F,139,1.6201
7Q5I_I0F,14,1.5309
7Q5I_I0F,15,0.9521
7Q5I_I0F,16,1.6663
7Q5I_I0F,17,1.6148
7Q5I_I0F,18,1.5262
7Q5I_I0F,19,1.6367
7Q5I_I0F,2,1.8026
7Q5I_I0F,20,2.3332
7Q5I_I0F,21,0.6760
7Q5I_I0F,22,1.7263
7Q5I_I0F,23,1.5364
7Q5I_I0F,24,1.3625
7Q5I_I0F,25,1.5945
7Q5I_I0F,26,1.6768
7Q5I_I0F,27,1.0794
7Q5I_I0F,28,2.0273
7Q5I_I0F,29,0.9574
7Q5I_I0F,3,1.7607
7Q5I_I0F,30,2.0503
7Q5I_I0F,31,1.3934
7Q5I_I0F,32,2.3602
7Q5I_I0F,33,1.6154
7Q5I_I0F,34,1.8473
7Q5I_I0F,35,1.6864
7Q5I_I0F,36,0.8294
7Q5I_I0F,37,0.9068
7Q5I_I0F,38,1.7629
7Q5I_I0F,39,1.4906
7Q5I_I0F,4,1.6340
7Q5I_I0F,40,1.9528
7Q5I_I0F,41,1.7487
7Q5I_I0F,42,1.8007
7Q5I_I0F,43,0.8259
7Q5I_I0F,44,1.5019
7Q5I_I0F,45,0.7434
7Q5I_I0F,46,1.7208
7Q5I_I0F,47,1.9476
7Q5I_I0F,48,1.5236
7Q5I_I0F,49,2.1548
7Q5I_I0F,5,0.6512
7Q5I_I0F,50,1.6390
7Q5I_I0F,51,0.5357
7Q5I_I0F,52,1.8005
7Q5I_I0F,53,1.5177
7Q5I_I0F,54,1.2952
7Q5I_I0F,55,0.9686
7Q5I_I0F,56,1.5099
7Q5I_I0F,57,1.5833
7Q5I_I0F,58,2.0377
7Q5I_I0F,59,0.9105
7Q5I_I0F,6,1.6194
7Q5I_I0F,60,1.6624
7Q5I_I0F,60,1.6738
7Q5I_I0F,61,1.7363
7Q5I_I0F,62,1.9378
7Q5I_I0F,63,1.8842
7Q5I_I0F,64,0.9301
7Q5I_I0F,65,0.7206
7Q5I_I0F,66,1.6557
7Q5I_I0F,67,1.6917
7Q5I_I0F,68,1.6443
7Q5I_I0F,69,1.6494
7Q5I_I0F,7,1.9315
7Q5I_I0F,70,1.7163
7Q5I_I0F,71,1.1308
7Q5I_I0F,72,1.8986
7Q5I_I0F,73,1.6436
7Q5I_I0F,74,1.4756
7Q5I_I0F,75,2.0841
7Q5I_I0F,76,0.7278
7Q5I_I0F,77,1.5206
7Q5I_I0F,78,0.9735
7Q5I_I0F,79,1.7711
7Q5I_I0F,8,1.6371
7Q5I_I0F,80,1.6193
7Q5I_I0F,81,1.6842
7Q5I_I0F,82,2.5326
7Q5I_I0F,83,2.2379
7Q5I_I0F,84,1.5412
7Q5I_I0F,85,1.8667
7Q5I_I0F,86,1.4923
7Q5I_I0F,87,0.8876
7Q5I_I0F,88,1.9624
7Q5I_I0F,89,2.1162
7Q5I_I0F,9,0.7605
7Q5I_I0F,90,0.7369
7Q5I_I0F,91,1.7733
7Q5I_I0F,92,0.8230
7Q5I_I0F,93,0.9544
7Q5I_I0F,94,1.8042
7Q5I_I0F,95,1.5469
7Q5I_I0F,96,2.7930
7Q5I_I0F,97,1.2446
7Q5I_I0F,98,1.5929
7Q5I_I0F,99,1.8501
7QE4_NGA,0,1.2973
7QE4_NGA,1,1.1903
7QE4_NGA,10,1.8265
7QE4_NGA,100,2.7964
7QE4_NGA,101,2.8074
7QE4_NGA,102,3.2544
7QE4_NGA,103,2.7553
7QE4_NGA,104,1.8299
7QE4_NGA,105,1.7689
7QE4_NGA,106,3.0004
7QE4_NGA,107,2.2488
7QE4_NGA,108,2.5914
7QE4_NGA,109,2.4518
7QE4_NGA,11,2.7461
7QE4_NGA,110,2.6213
7QE4_NGA,111,0.8506
7QE4_NGA,112,2.5839
7QE4_NGA,113,0.9729
7QE4_NGA,114,2.1683
7QE4_NGA,115,2.5876
7QE4_NGA,116,3.0667
7QE4_NGA,117,1.2592
7QE4_NGA,118,3.0408
7QE4_NGA,119,3.3699
7QE4_NGA,12,1.4564
7QE4_NGA,120,1.4025
7QE4_NGA,121,1.6311
7QE4_NGA,122,1.4204
7QE4_NGA,123,3.4122
7QE4_NGA,124,3.1210
7QE4_NGA,125,2.7510
7QE4_NGA,126,3.0647
7QE4_NGA,127,2.7042
7QE4_NGA,128,3.0527
7QE4_NGA,129,1.7872
7QE4_NGA,13,1.9550
7QE4_NGA,130,1.6591
7QE4_NGA,131,3.3336
7QE4_NGA,132,2.5779
7QE4_NGA,133,2.7513
7QE4_NGA,134,2.3583
7QE4_NGA,135,1.2292
7QE4_NGA,136,2.7598
7QE4_NGA,137,2.7767
7QE4_NGA,138,2.7809
7QE4_NGA,139,2.6894
7QE4_NGA,14,1.8160
7QE4_NGA,15,1.2787
7QE4_NGA,16,1.4165
7QE4_NGA,17,2.3116
7QE4_NGA,18,2.5102
7QE4_NGA,19,2.5575
7QE4_NGA,2,1.5119
7QE4_NGA,20,2.3497
7QE4_NGA,21,3.1005
7QE4_NGA,22,2.9038
7QE4_NGA,23,1.5403
7QE4_NGA,24,2.4655
7QE4_NGA,25,2.6768
7QE4_NGA,26,2.5271
7QE4_NGA,27,2.1364
7QE4_NGA,28,2.2287
7QE4_NGA,29,2.0865
7QE4_NGA,3,1.6487
7QE4_NGA,30,2.4829
7QE4_NGA,31,1.7768
7QE4_NGA,32,1.5727
7QE4_NGA,33,3.1726
7QE4_NGA,34,2.7804
7QE4_NGA,35,1.6175
7QE4_NGA,36,2.9387
7QE4_NGA,37,2.8381
7QE4_NGA,38,2.0728
7QE4_NGA,39,2.6483
7QE4_NGA,4,1.8438
7QE4_NGA,40,1.5257
7QE4_NGA,41,1.8654
7QE4_NGA,42,1.4898
7QE4_NGA,43,2.7098
7QE4_NGA,44,2.8370
7QE4_NGA,45,2.4204
7QE4_NGA,46,2.4239
7QE4_NGA,47,3.3014
7QE4_NGA,48,1.9796
7QE4_NGA,49,2.3617
7QE4_NGA,5,1.5195
7QE4_NGA,50,1.7373
7QE4_NGA,51,1.4926
7QE4_NGA,52,1.1381
7QE4_NGA,53,2.6408
7QE4_NGA,54,2.4065
7QE4_NGA,55,2.8085
7QE4_NGA,56,2.2641
7QE4_NGA,57,1.4918
7QE4_NGA,58,2.6662
7QE4_NGA,59,2.7523
7QE4_NGA,6,2.7932
7QE4_NGA,60,2.8977
7QE4_NGA,61,2.9645
7QE4_NGA,62,1.3200
7QE4_NGA,63,2.5913
7QE4_NGA,64,2.0101
7QE4_NGA,65,2.3347
7QE4_NGA,66,2.7859
7QE4_NGA,67,2.4779
7QE4_NGA,68,2.0472
7QE4_NGA,69,1.1121
7QE4_NGA,7,2.5496
7QE4_NGA,70,2.0535
7QE4_NGA,71,2.3669
7QE4_NGA,72,2.2160
7QE4_NGA,73,1.4515
7QE4_NGA,74,3.0329
7QE4_NGA,75,1.6847
7QE4_NGA,76,1.0782
7QE4_NGA,77,1.4973
7QE4_NGA,78,2.1600
7QE4_NGA,79,2.7706
7QE4_NGA,8,2.5750
7QE4_NGA,80,3.3706
7QE4_NGA,81,2.7934
7QE4_NGA,82,2.1002
7QE4_NGA,83,2.6421
7QE4_NGA,84,2.0181
7QE4_NGA,85,1.6419
7QE4_NGA,86,2.5520
7QE4_NGA,87,2.7427
7QE4_NGA,88,2.6037
7QE4_NGA,89,2.0044
7QE4_NGA,9,1.9403
7QE4_NGA,90,2.7356
7QE4_NGA,91,2.5940
7QE4_NGA,92,1.8001
7QE4_NGA,93,1.5581
7QE4_NGA,94,2.7026
7QE4_NGA,95,2.1482
7QE4_NGA,96,4.9680
7QE4_NGA,97,2.5976
7QE4_NGA,98,2.7712
7QE4_NGA,99,0.9841
7QF4_RBF,0,1.3325
7QF4_RBF,1,1.8077
7QF4_RBF,10,1.0299
7QF4_RBF,100,1.6140
7QF4_RBF,101,6.1411
7QF4_RBF,102,1.3788
7QF4_RBF,103,1.9051
7QF4_RBF,104,1.4945
7QF4_RBF,105,5.0790
7QF4_RBF,106,0.9645
7QF4_RBF,107,1.3645
7QF4_RBF,108,1.1560
7QF4_RBF,109,1.5457
7QF4_RBF,11,1.1446
7QF4_RBF,110,1.3792
7QF4_RBF,111,0.9421
7QF4_RBF,112,1.5699
7QF4_RBF,113,1.3823
7QF4_RBF,114,2.1803
7QF4_RBF,115,1.3318
7QF4_RBF,116,1.2025
7QF4_RBF,117,4.6326
7QF4_RBF,118,2.6259
7QF4_RBF,119,5.0458
7QF4_RBF,12,1.3550
7QF4_RBF,120,1.1823
7QF4_RBF,121,2.9249
7QF4_RBF,122,1.3674
7QF4_RBF,123,1.1299
7QF4_RBF,124,5.4469
7QF4_RBF,125,1.2809
7QF4_RBF,126,1.3365
7QF4_RBF,127,1.2251
7QF4_RBF,128,1.0786
7QF4_RBF,129,1.3602
7QF4_RBF,13,1.9877
7QF4_RBF,130,1.6052
7QF4_RBF,131,1.1731
7QF4_RBF,132,0.9137
7QF4_RBF,133,1.4408
7QF4_RBF,134,0.9279
7QF4_RBF,135,1.3472
7QF4_RBF,136,1.4729
7QF4_RBF,137,1.7119
7QF4_RBF,138,5.0883
7QF4_RBF,139,1.1353
7QF4_RBF,14,5.0718
7QF4_RBF,15,1.4918
7QF4_RBF,16,1.1449
7QF4_RBF,17,1.1853
7QF4_RBF,18,0.9466
7QF4_RBF,19,1.1032
7QF4_RBF,2,1.2451
7QF4_RBF,20,1.2543
7QF4_RBF,21,1.8618
7QF4_RBF,22,1.1947
7QF4_RBF,23,0.9063
7QF4_RBF,24,1.2316
7QF4_RBF,25,1.3455
7QF4_RBF,26,1.2409
7QF4_RBF,27,1.2869
7QF4_RBF,28,1.0925
7QF4_RBF,29,1.2081
7QF4_RBF,3,1.0324
7QF4_RBF,30,1.2382
7QF4_RBF,31,1.0619
7QF4_RBF,32,1.5568
7QF4_RBF,33,1.8479
7QF4_RBF,34,1.2381
7QF4_RBF,35,5.1494
7QF4_RBF,36,1.3618
7QF4_RBF,37,5.0157
7QF4_RBF,38,1.4074
7QF4_RBF,39,1.1074
7QF4_RBF,4,1.3585
7QF4_RBF,40,1.4454
7QF4_RBF,41,1.2209
7QF4_RBF,42,2.0182
7QF4_RBF,43,1.0514
7QF4_RBF,44,1.1549
7QF4_RBF,45,1.5237
7QF4_RBF,46,4.6925
7QF4_RBF,47,1.1672
7QF4_RBF,48,3.9195
7QF4_RBF,49,1.5736
7QF4_RBF,5,2.3351
7QF4_RBF,50,1.1190
7QF4_RBF,51,4.9835
7QF4_RBF,52,1.2152
7QF4_RBF,53,1.3147
7QF4_RBF,54,4.9785
7QF4_RBF,55,1.4756
7QF4_RBF,56,0.8860
7QF4_RBF,57,1.1181
7QF4_RBF,58,1.4745
7QF4_RBF,59,2.4217
7QF4_RBF,6,1.1293
7QF4_RBF,60,1.6507
7QF4_RBF,61,1.1504
7QF4_RBF,62,0.9867
7QF4_RBF,63,1.1630
7QF4_RBF,64,1.5679
7QF4_RBF,65,1.8605
7QF4_RBF,66,1.5245
7QF4_RBF,67,1.5139
7QF4_RBF,68,1.1921
7QF4_RBF,69,1.3603
7QF4_RBF,7,1.4093
7QF4_RBF,70,4.9687
7QF4_RBF,71,1.2988
7QF4_RBF,72,1.3678
7QF4_RBF,73,1.3059
7QF4_RBF,74,1.0670
7QF4_RBF,75,1.1005
7QF4_RBF,76,1.2832
7QF4_RBF,77,5.0922
7QF4_RBF,78,1.1880
7QF4_RBF,79,2.5981
7QF4_RBF,8,0.9947
7QF4_RBF,80,0.8835
7QF4_RBF,81,4.5059
7QF4_RBF,82,1.2728
7QF4_RBF,83,1.1958
7QF4_RBF,84,2.7721
7QF4_RBF,84,1.2968
7QF4_RBF,85,1.2683
7QF4_RBF,86,1.1708
7QF4_RBF,87,2.1686
7QF4_RBF,88,1.1878
7QF4_RBF,89,5.2201
7QF4_RBF,9,1.7187
7QF4_RBF,90,1.6027
7QF4_RBF,91,1.7419
7QF4_RBF,92,5.0774
7QF4_RBF,93,1.4254
7QF4_RBF,94,1.3235
7QF4_RBF,95,5.2376
7QF4_RBF,96,1.3800
7QF4_RBF,97,1.4721
7QF4_RBF,98,1.3842
7QF4_RBF,99,1.4449
7QFM_AY3,0,1.7279
7QFM_AY3,1,3.0048
7QFM_AY3,10,1.4717
7QFM_AY3,100,2.9467
7QFM_AY3,101,2.1314
7QFM_AY3,102,1.2167
7QFM_AY3,103,1.5681
7QFM_AY3,104,3.0331
7QFM_AY3,105,3.7524
7QFM_AY3,106,1.2688
7QFM_AY3,107,1.1518
7QFM_AY3,108,2.7023
7QFM_AY3,109,1.3485
7QFM_AY3,11,1.7295
7QFM_AY3,110,3.4943
7QFM_AY3,111,3.2549
7QFM_AY3,112,2.8511
7QFM_AY3,113,2.9310
7QFM_AY3,114,1.6615
7QFM_AY3,115,3.2133
7QFM_AY3,116,0.8491
7QFM_AY3,117,1.2306
7QFM_AY3,118,1.3313
7QFM_AY3,119,1.6186
7QFM_AY3,12,2.1227
7QFM_AY3,120,1.2789
7QFM_AY3,121,1.5770
7QFM_AY3,122,2.4306
7QFM_AY3,123,2.6295
7QFM_AY3,124,2.6560
7QFM_AY3,125,0.6508
7QFM_AY3,126,1.2730
7QFM_AY3,127,2.7683
7QFM_AY3,128,2.7772
7QFM_AY3,129,1.2816
7QFM_AY3,13,1.0722
7QFM_AY3,130,2.7588
7QFM_AY3,131,1.2773
7QFM_AY3,132,1.3524
7QFM_AY3,133,1.1198
7QFM_AY3,134,1.8841
7QFM_AY3,135,2.5157
7QFM_AY3,136,2.1807
7QFM_AY3,137,2.9301
7QFM_AY3,138,0.7115
7QFM_AY3,139,1.1707
7QFM_AY3,14,2.0648
7QFM_AY3,15,3.3243
7QFM_AY3,16,3.2486
7QFM_AY3,17,0.9763
7QFM_AY3,18,3.9153
7QFM_AY3,19,2.3208
7QFM_AY3,2,2.9210
7QFM_AY3,20,3.3970
7QFM_AY3,21,2.8107
7QFM_AY3,22,1.3803
7QFM_AY3,23,1.5231
7QFM_AY3,24,6.2721
7QFM_AY3,25,0.8919
7QFM_AY3,26,1.3592
7QFM_AY3,27,3.2785
7QFM_AY3,28,3.2053
7QFM_AY3,29,1.6413
7QFM_AY3,3,1.7683
7QFM_AY3,30,1.1403
7QFM_AY3,31,3.2695
7QFM_AY3,32,1.6961
7QFM_AY3,33,2.4725
7QFM_AY3,34,1.4013
7QFM_AY3,35,3.6664
7QFM_AY3,36,3.2261
7QFM_AY3,37,6.7191
7QFM_AY3,38,1.1938
7QFM_AY3,39,2.9614
7QFM_AY3,4,3.3592
7QFM_AY3,40,6.8991
7QFM_AY3,41,1.2964
7QFM_AY3,42,3.3821
7QFM_AY3,43,1.4790
7QFM_AY3,44,1.7329
7QFM_AY3,45,1.4712
7QFM_AY3,46,1.0903
7QFM_AY3,47,1.3792
7QFM_AY3,48,1.9700
7QFM_AY3,49,3.2063
7QFM_AY3,5,6.2818
7QFM_AY3,50,1.3040
7QFM_AY3,51,1.6778
7QFM_AY3,52,1.0442
7QFM_AY3,53,1.0815
7QFM_AY3,54,2.8128
7QFM_AY3,55,1.4667
7QFM_AY3,56,1.5547
7QFM_AY3,57,1.0988
7QFM_AY3,58,2.7751
7QFM_AY3,59,1.7181
7QFM_AY3,6,1.5876
7QFM_AY3,60,1.3103
7QFM_AY3,61,1.4169
7QFM_AY3,62,5.8962
7QFM_AY3,63,2.8878
7QFM_AY3,64,2.2622
7QFM_AY3,65,1.4740
7QFM_AY3,66,2.0928
7QFM_AY3,67,6.5826
7QFM_AY3,68,1.4521
7QFM_AY3,69,1.9841
7QFM_AY3,7,2.7909
7QFM_AY3,70,1.5333
7QFM_AY3,71,2.3250
7QFM_AY3,72,0.6867
7QFM_AY3,73,3.5199
7QFM_AY3,74,2.9902
7QFM_AY3,75,2.1419
7QFM_AY3,76,2.2572
7QFM_AY3,77,1.4753
7QFM_AY3,78,1.3592
7QFM_AY3,79,1.9190
7QFM_AY3,8,1.8445
7QFM_AY3,80,1.9733
7QFM_AY3,81,6.6563
7QFM_AY3,82,1.0523
7QFM_AY3,83,1.8920
7QFM_AY3,84,1.1076
7QFM_AY3,85,1.5818
7QFM_AY3,86,3.0239
7QFM_AY3,87,1.2223
7QFM_AY3,88,2.1084
7QFM_AY3,89,1.4377
7QFM_AY3,9,3.2580
7QFM_AY3,90,3.2640
7QFM_AY3,91,1.1821
7QFM_AY3,92,3.1316
7QFM_AY3,93,2.8963
7QFM_AY3,94,2.2338
7QFM_AY3,95,2.8667
7QFM_AY3,96,1.4988
7QFM_AY3,97,1.9588
7QFM_AY3,98,1.8698
7QFM_AY3,99,1.5638
7QGP_DJ8,0,1.5658
7QGP_DJ8,1,1.4903
7QGP_DJ8,10,0.3711
7QGP_DJ8,100,0.8052
7QGP_DJ8,101,1.3955
7QGP_DJ8,102,1.4112
7QGP_DJ8,103,1.4660
7QGP_DJ8,104,0.7110
7QGP_DJ8,105,1.8916
7QGP_DJ8,106,3.5002
7QGP_DJ8,107,0.7615
7QGP_DJ8,108,0.8336
7QGP_DJ8,109,1.0055
7QGP_DJ8,11,1.2282
7QGP_DJ8,110,1.9114
7QGP_DJ8,111,1.2081
7QGP_DJ8,112,1.3785
7QGP_DJ8,113,0.7307
7QGP_DJ8,114,0.8120
7QGP_DJ8,115,1.4173
7QGP_DJ8,116,1.5016
7QGP_DJ8,117,0.9717
7QGP_DJ8,118,1.1195
7QGP_DJ8,119,1.6224
7QGP_DJ8,12,1.3046
7QGP_DJ8,120,1.1030
7QGP_DJ8,121,1.4759
7QGP_DJ8,122,1.5420
7QGP_DJ8,123,0.5688
7QGP_DJ8,124,3.6853
7QGP_DJ8,125,1.2731
7QGP_DJ8,126,0.7160
7QGP_DJ8,127,1.0780
7QGP_DJ8,128,1.3668
7QGP_DJ8,129,1.4594
7QGP_DJ8,13,4.2557
7QGP_DJ8,130,1.3591
7QGP_DJ8,131,1.2658
7QGP_DJ8,132,0.8990
7QGP_DJ8,133,0.9282
7QGP_DJ8,134,0.4844
7QGP_DJ8,135,1.4345
7QGP_DJ8,136,1.3972
7QGP_DJ8,137,1.3537
7QGP_DJ8,138,1.3520
7QGP_DJ8,139,4.3837
7QGP_DJ8,14,1.7106
7QGP_DJ8,15,1.3387
7QGP_DJ8,16,0.7162
7QGP_DJ8,17,1.4939
7QGP_DJ8,18,0.5427
7QGP_DJ8,19,1.3041
7QGP_DJ8,2,1.2013
7QGP_DJ8,20,3.1480
7QGP_DJ8,21,1.1019
7QGP_DJ8,22,1.3540
7QGP_DJ8,23,3.3393
7QGP_DJ8,24,1.2161
7QGP_DJ8,25,0.4194
7QGP_DJ8,26,1.1131
7QGP_DJ8,27,1.4050
7QGP_DJ8,28,3.6076
7QGP_DJ8,29,1.2150
7QGP_DJ8,3,1.3816
7QGP_DJ8,30,1.1066
7QGP_DJ8,31,1.1051
7QGP_DJ8,32,1.2786
7QGP_DJ8,33,0.9469
7QGP_DJ8,34,0.8605
7QGP_DJ8,35,0.8736
7QGP_DJ8,36,3.6234
7QGP_DJ8,37,1.3559
7QGP_DJ8,38,0.9198
7QGP_DJ8,39,0.6628
7QGP_DJ8,4,1.3244
7QGP_DJ8,40,1.3113
7QGP_DJ8,41,1.4542
7QGP_DJ8,42,0.7709
7QGP_DJ8,43,1.4993
7QGP_DJ8,44,0.6435
7QGP_DJ8,45,3.8897
7QGP_DJ8,46,1.2795
7QGP_DJ8,47,1.3122
7QGP_DJ8,48,2.1276
7QGP_DJ8,49,1.4347
7QGP_DJ8,5,0.5186
7QGP_DJ8,50,1.6193
7QGP_DJ8,51,1.1135
7QGP_DJ8,52,1.0650
7QGP_DJ8,53,1.2357
7QGP_DJ8,54,0.8902
7QGP_DJ8,55,0.5949
7QGP_DJ8,56,1.4593
7QGP_DJ8,57,0.6614
7QGP_DJ8,58,0.6182
7QGP_DJ8,59,1.4992
7QGP_DJ8,6,0.8160
7QGP_DJ8,60,2.1943
7QGP_DJ8,61,1.4865
7QGP_DJ8,62,1.4539
7QGP_DJ8,63,1.3624
7QGP_DJ8,64,1.4682
7QGP_DJ8,65,1.7510
7QGP_DJ8,66,0.8516
7QGP_DJ8,67,1.5727
7QGP_DJ8,68,1.5970
7QGP_DJ8,69,0.7657
7QGP_DJ8,7,2.7949
7QGP_DJ8,70,0.5663
7QGP_DJ8,71,3.6618
7QGP_DJ8,72,1.3288
7QGP_DJ8,73,0.7933
7QGP_DJ8,74,0.6414
7QGP_DJ8,75,1.4072
7QGP_DJ8,76,0.5662
7QGP_DJ8,77,2.0451
7QGP_DJ8,78,1.3320
7QGP_DJ8,79,1.3381
7QGP_DJ8,8,1.1516
7QGP_DJ8,80,1.2753
7QGP_DJ8,81,1.3165
7QGP_DJ8,82,1.2736
7QGP_DJ8,83,1.7274
7QGP_DJ8,84,0.9231
7QGP_DJ8,85,0.7794
7QGP_DJ8,86,0.7837
7QGP_DJ8,87,1.2339
7QGP_DJ8,88,0.6773
7QGP_DJ8,89,1.2503
7QGP_DJ8,9,1.5955
7QGP_DJ8,90,1.1785
7QGP_DJ8,91,0.8350
7QGP_DJ8,92,1.3306
7QGP_DJ8,93,0.6359
7QGP_DJ8,94,3.4969
7QGP_DJ8,95,4.0647
7QGP_DJ8,96,0.7430
7QGP_DJ8,97,4.2407
7QGP_DJ8,98,1.3267
7QGP_DJ8,99,1.4732
7QHG_T3B,0,5.4343
7QHG_T3B,1,6.2190
7QHG_T3B,10,5.6816
7QHG_T3B,100,6.1058
7QHG_T3B,101,6.1800
7QHG_T3B,102,1.2459
7QHG_T3B,103,5.6113
7QHG_T3B,104,6.3272
7QHG_T3B,105,1.4061
7QHG_T3B,106,0.8899
7QHG_T3B,107,1.6338
7QHG_T3B,108,5.3730
7QHG_T3B,109,6.2842
7QHG_T3B,11,2.1973
7QHG_T3B,110,6.4100
7QHG_T3B,111,1.8280
7QHG_T3B,112,6.2928
7QHG_T3B,113,6.3278
7QHG_T3B,114,6.3264
7QHG_T3B,115,6.2644
7QHG_T3B,116,1.9288
7QHG_T3B,117,2.1344
7QHG_T3B,118,6.0767
7QHG_T3B,119,6.4555
7QHG_T3B,12,6.0040
7QHG_T3B,120,1.8694
7QHG_T3B,121,6.1157
7QHG_T3B,122,5.7839
7QHG_T3B,123,1.9279
7QHG_T3B,124,6.2920
7QHG_T3B,125,5.9290
7QHG_T3B,126,5.9194
7QHG_T3B,127,4.8529
7QHG_T3B,128,5.5875
7QHG_T3B,129,6.3439
7QHG_T3B,13,1.8174
7QHG_T3B,130,4.7158
7QHG_T3B,131,5.6829
7QHG_T3B,132,2.2282
7QHG_T3B,133,1.4206
7QHG_T3B,134,6.2517
7QHG_T3B,135,5.2241
7QHG_T3B,136,5.1307
7QHG_T3B,137,1.1283
7QHG_T3B,138,6.4051
7QHG_T3B,139,6.3478
7QHG_T3B,14,5.7469
7QHG_T3B,15,6.1290
7QHG_T3B,16,5.2885
7QHG_T3B,17,1.4992
7QHG_T3B,18,1.8820
7QHG_T3B,19,1.7017
7QHG_T3B,2,5.5056
7QHG_T3B,20,5.5583
7QHG_T3B,21,5.8746
7QHG_T3B,22,6.3320
7QHG_T3B,23,6.1994
7QHG_T3B,24,4.7391
7QHG_T3B,25,2.6086
7QHG_T3B,26,2.1086
7QHG_T3B,27,1.6970
7QHG_T3B,28,6.5055
7QHG_T3B,29,6.1511
7QHG_T3B,3,1.7560
7QHG_T3B,30,6.4960
7QHG_T3B,31,1.5153
7QHG_T3B,32,1.2323
7QHG_T3B,33,6.4217
7QHG_T3B,34,0.9696
7QHG_T3B,35,5.8425
7QHG_T3B,36,1.7605
7QHG_T3B,37,6.4601
7QHG_T3B,38,1.6991
7QHG_T3B,39,6.2663
7QHG_T3B,4,2.3214
7QHG_T3B,40,6.0876
7QHG_T3B,41,1.1584
7QHG_T3B,42,6.2899
7QHG_T3B,43,5.5589
7QHG_T3B,44,1.1507
7QHG_T3B,45,1.4361
7QHG_T3B,46,5.9524
7QHG_T3B,47,6.6697
7QHG_T3B,48,5.6586
7QHG_T3B,49,3.6885
7QHG_T3B,5,1.5494
7QHG_T3B,50,5.3545
7QHG_T3B,51,5.1072
7QHG_T3B,52,5.3583
7QHG_T3B,53,1.1473
7QHG_T3B,54,1.8346
7QHG_T3B,55,6.2662
7QHG_T3B,56,1.5686
7QHG_T3B,57,5.6105
7QHG_T3B,58,5.6613
7QHG_T3B,59,1.4633
7QHG_T3B,6,3.9099
7QHG_T3B,60,6.1736
7QHG_T3B,61,2.3085
7QHG_T3B,62,6.1705
7QHG_T3B,63,6.3182
7QHG_T3B,64,6.3517
7QHG_T3B,65,5.9324
7QHG_T3B,66,1.6705
7QHG_T3B,66,6.2651
7QHG_T3B,67,1.7705
7QHG_T3B,68,6.0239
7QHG_T3B,69,3.9724
7QHG_T3B,7,5.9382
7QHG_T3B,70,5.7030
7QHG_T3B,71,5.6713
7QHG_T3B,72,1.3954
7QHG_T3B,73,6.0985
7QHG_T3B,74,0.8072
7QHG_T3B,75,1.6360
7QHG_T3B,76,6.3701
7QHG_T3B,77,5.5874
7QHG_T3B,78,5.5005
7QHG_T3B,79,1.8143
7QHG_T3B,8,6.1369
7QHG_T3B,80,5.5692
7QHG_T3B,81,2.3630
7QHG_T3B,82,1.9917
7QHG_T3B,83,6.1207
7QHG_T3B,84,6.2193
7QHG_T3B,85,1.6754
7QHG_T3B,86,2.0906
7QHG_T3B,87,6.2980
7QHG_T3B,88,6.2156
7QHG_T3B,89,6.1880
7QHG_T3B,9,1.5794
7QHG_T3B,90,6.3087
7QHG_T3B,91,2.0896
7QHG_T3B,92,1.1051
7QHG_T3B,93,4.8788
7QHG_T3B,94,1.9315
7QHG_T3B,95,6.3322
7QHG_T3B,96,1.9423
7QHG_T3B,97,6.2874
7QHG_T3B,98,1.7688
7QHG_T3B,99,6.1075
7QHL_D5P,0,1.4992
7QHL_D5P,1,4.0192
7QHL_D5P,10,1.3472
7QHL_D5P,100,1.3958
7QHL_D5P,101,3.5109
7QHL_D5P,102,1.6668
7QHL_D5P,103,3.5754
7QHL_D5P,104,1.4434
7QHL_D5P,105,1.0658
7QHL_D5P,106,1.3776
7QHL_D5P,107,1.3039
7QHL_D5P,108,1.2801
7QHL_D5P,109,1.5619
7QHL_D5P,11,0.9008
7QHL_D5P,110,1.6208
7QHL_D5P,111,1.1837
7QHL_D5P,112,3.3327
7QHL_D5P,113,1.8722
7QHL_D5P,114,2.3038
7QHL_D5P,115,0.8979
7QHL_D5P,116,0.9672
7QHL_D5P,117,0.8694
7QHL_D5P,118,2.8586
7QHL_D5P,119,3.8454
7QHL_D5P,12,2.3619
7QHL_D5P,120,1.0373
7QHL_D5P,121,1.3226
7QHL_D5P,122,1.1113
7QHL_D5P,123,1.2247
7QHL_D5P,124,1.5104
7QHL_D5P,125,1.3151
7QHL_D5P,126,1.9482
7QHL_D5P,127,3.5483
7QHL_D5P,128,1.0793
7QHL_D5P,129,1.5084
7QHL_D5P,13,0.9963
7QHL_D5P,130,1.6945
7QHL_D5P,131,1.7435
7QHL_D5P,132,2.5727
7QHL_D5P,133,0.9871
7QHL_D5P,134,1.5995
7QHL_D5P,135,1.3303
7QHL_D5P,136,1.8963
7QHL_D5P,137,1.1711
7QHL_D5P,138,1.1880
7QHL_D5P,139,1.2259
7QHL_D5P,14,3.5363
7QHL_D5P,15,2.5881
7QHL_D5P,16,1.3379
7QHL_D5P,17,1.3433
7QHL_D5P,18,1.1869
7QHL_D5P,19,0.9300
7QHL_D5P,2,3.8979
7QHL_D5P,20,1.3953
7QHL_D5P,21,1.2445
7QHL_D5P,22,2.1124
7QHL_D5P,23,0.7879
7QHL_D5P,24,2.3845
7QHL_D5P,25,2.5204
7QHL_D5P,26,1.1513
7QHL_D5P,27,1.0635
7QHL_D5P,28,1.3506
7QHL_D5P,29,1.5148
7QHL_D5P,3,0.9284
7QHL_D5P,30,3.5863
7QHL_D5P,31,1.6745
7QHL_D5P,32,1.5479
7QHL_D5P,33,3.8883
7QHL_D5P,34,1.1365
7QHL_D5P,35,1.3054
7QHL_D5P,36,1.2521
7QHL_D5P,37,3.1672
7QHL_D5P,38,1.4468
7QHL_D5P,39,0.7997
7QHL_D5P,4,1.3640
7QHL_D5P,40,1.0748
7QHL_D5P,41,2.3799
7QHL_D5P,42,1.1994
7QHL_D5P,43,1.1118
7QHL_D5P,44,1.1202
7QHL_D5P,45,1.6353
7QHL_D5P,46,3.6759
7QHL_D5P,47,1.2173
7QHL_D5P,48,1.1358
7QHL_D5P,49,1.0070
7QHL_D5P,5,2.8232
7QHL_D5P,50,3.2094
7QHL_D5P,51,0.9515
7QHL_D5P,52,1.2615
7QHL_D5P,53,3.6608
7QHL_D5P,54,2.7930
7QHL_D5P,55,1.7918
7QHL_D5P,56,1.3274
7QHL_D5P,57,1.6678
7QHL_D5P,58,1.4981
7QHL_D5P,59,1.5354
7QHL_D5P,6,3.6841
7QHL_D5P,60,1.7872
7QHL_D5P,61,2.6845
7QHL_D5P,62,3.6197
7QHL_D5P,63,4.0124
7QHL_D5P,64,1.3972
7QHL_D5P,65,3.5370
7QHL_D5P,66,1.3293
7QHL_D5P,67,3.7272
7QHL_D5P,68,4.2181
7QHL_D5P,69,1.5745
7QHL_D5P,7,1.1003
7QHL_D5P,70,3.8537
7QHL_D5P,71,1.0737
7QHL_D5P,72,1.1944
7QHL_D5P,73,1.0777
7QHL_D5P,74,4.0841
7QHL_D5P,75,0.9516
7QHL_D5P,76,1.3668
7QHL_D5P,77,2.0970
7QHL_D5P,78,3.8105
7QHL_D5P,79,0.9806
7QHL_D5P,8,1.3865
7QHL_D5P,80,1.5472
7QHL_D5P,81,1.1531
7QHL_D5P,82,3.0071
7QHL_D5P,83,1.2793
7QHL_D5P,84,0.7176
7QHL_D5P,85,1.2414
7QHL_D5P,86,1.0766
7QHL_D5P,87,0.8694
7QHL_D5P,88,2.6907
7QHL_D5P,89,1.7824
7QHL_D5P,9,3.6307
7QHL_D5P,90,1.3416
7QHL_D5P,91,1.1744
7QHL_D5P,92,2.1028
7QHL_D5P,93,1.2929
7QHL_D5P,94,1.8291
7QHL_D5P,95,1.0530
7QHL_D5P,96,3.5907
7QHL_D5P,97,2.1868
7QHL_D5P,98,1.2355
7QHL_D5P,99,1.5434
7QPP_VDX,0,2.7955
7QPP_VDX,1,1.2970
7QPP_VDX,10,1.3405
7QPP_VDX,100,2.5640
7QPP_VDX,101,2.5049
7QPP_VDX,102,2.3381
7QPP_VDX,103,2.0870
7QPP_VDX,104,2.0075
7QPP_VDX,105,1.0323
7QPP_VDX,106,0.8552
7QPP_VDX,107,2.5766
7QPP_VDX,108,1.8384
7QPP_VDX,109,2.0597
7QPP_VDX,11,2.0423
7QPP_VDX,110,1.1508
7QPP_VDX,111,1.9739
7QPP_VDX,112,1.7940
7QPP_VDX,113,1.5201
7QPP_VDX,114,1.9200
7QPP_VDX,115,2.1234
7QPP_VDX,116,1.9408
7QPP_VDX,117,2.1547
7QPP_VDX,118,1.3842
7QPP_VDX,119,0.7253
7QPP_VDX,12,1.8769
7QPP_VDX,120,1.1615
7QPP_VDX,121,2.6559
7QPP_VDX,122,1.2314
7QPP_VDX,123,1.0124
7QPP_VDX,124,2.0060
7QPP_VDX,125,1.9150
7QPP_VDX,126,2.7231
7QPP_VDX,127,2.0896
7QPP_VDX,128,2.2744
7QPP_VDX,129,1.7765
7QPP_VDX,13,1.1823
7QPP_VDX,130,1.0878
7QPP_VDX,131,1.1220
7QPP_VDX,132,2.0451
7QPP_VDX,133,1.9789
7QPP_VDX,134,2.7589
7QPP_VDX,135,1.8895
7QPP_VDX,136,2.6650
7QPP_VDX,137,1.9477
7QPP_VDX,138,1.5267
7QPP_VDX,139,2.0156
7QPP_VDX,14,0.8532
7QPP_VDX,15,1.2151
7QPP_VDX,16,1.2263
7QPP_VDX,17,2.2042
7QPP_VDX,18,1.9257
7QPP_VDX,19,0.8849
7QPP_VDX,2,1.9514
7QPP_VDX,20,1.1257
7QPP_VDX,21,1.5218
7QPP_VDX,22,2.7331
7QPP_VDX,23,2.1254
7QPP_VDX,24,2.1219
7QPP_VDX,25,0.9168
7QPP_VDX,26,0.9993
7QPP_VDX,27,2.0944
7QPP_VDX,28,2.1850
7QPP_VDX,29,0.9027
7QPP_VDX,3,0.9828
7QPP_VDX,30,1.4503
7QPP_VDX,31,1.0269
7QPP_VDX,32,2.1488
7QPP_VDX,33,1.7732
7QPP_VDX,34,2.2689
7QPP_VDX,35,1.7762
7QPP_VDX,36,1.6418
7QPP_VDX,37,2.7097
7QPP_VDX,38,2.0519
7QPP_VDX,39,2.0056
7QPP_VDX,4,0.6532
7QPP_VDX,40,1.0977
7QPP_VDX,41,1.1030
7QPP_VDX,42,2.0699
7QPP_VDX,43,1.9700
7QPP_VDX,44,2.3601
7QPP_VDX,45,2.4939
7QPP_VDX,46,2.6862
7QPP_VDX,47,1.3908
7QPP_VDX,48,2.6157
7QPP_VDX,49,1.4540
7QPP_VDX,5,1.8534
7QPP_VDX,50,2.0512
7QPP_VDX,51,1.4051
7QPP_VDX,52,0.8462
7QPP_VDX,53,1.8191
7QPP_VDX,54,2.6518
7QPP_VDX,55,1.2049
7QPP_VDX,56,1.2584
7QPP_VDX,57,1.1596
7QPP_VDX,58,1.0837
7QPP_VDX,59,1.2748
7QPP_VDX,6,0.6286
7QPP_VDX,60,2.1053
7QPP_VDX,61,1.9615
7QPP_VDX,62,0.9305
7QPP_VDX,63,1.3591
7QPP_VDX,64,1.8907
7QPP_VDX,65,2.2885
7QPP_VDX,66,1.2762
7QPP_VDX,67,2.0039
7QPP_VDX,68,2.1173
7QPP_VDX,69,1.8993
7QPP_VDX,7,2.1512
7QPP_VDX,70,1.8318
7QPP_VDX,71,2.1296
7QPP_VDX,72,2.5825
7QPP_VDX,73,2.4338
7QPP_VDX,74,1.0032
7QPP_VDX,75,2.1285
7QPP_VDX,76,0.5453
7QPP_VDX,77,2.6381
7QPP_VDX,78,1.1755
7QPP_VDX,79,1.4559
7QPP_VDX,8,2.4049
7QPP_VDX,80,2.2593
7QPP_VDX,81,1.7917
7QPP_VDX,82,1.8137
7QPP_VDX,83,1.0892
7QPP_VDX,84,2.6402
7QPP_VDX,85,2.4703
7QPP_VDX,86,0.9054
7QPP_VDX,87,2.3881
7QPP_VDX,88,2.7028
7QPP_VDX,89,1.9244
7QPP_VDX,9,1.8403
7QPP_VDX,90,1.8864
7QPP_VDX,91,2.0201
7QPP_VDX,92,2.5421
7QPP_VDX,93,1.0375
7QPP_VDX,94,1.1495
7QPP_VDX,95,1.5653
7QPP_VDX,96,0.8569
7QPP_VDX,97,0.9595
7QPP_VDX,98,0.8809
7QPP_VDX,99,0.9840
7QTA_URI,0,5.2828
7QTA_URI,1,5.5371
7QTA_URI,10,5.2008
7QTA_URI,100,5.3633
7QTA_URI,101,5.5587
7QTA_URI,102,5.5983
7QTA_URI,103,5.2649
7QTA_URI,104,5.4119
7QTA_URI,105,2.7272
7QTA_URI,106,2.5742
7QTA_URI,107,2.1300
7QTA_URI,108,5.4587
7QTA_URI,109,5.4060
7QTA_URI,11,5.5341
7QTA_URI,110,2.5182
7QTA_URI,111,5.2217
7QTA_URI,112,5.3145
7QTA_URI,113,5.5767
7QTA_URI,114,0.8311
7QTA_URI,115,5.5253
7QTA_URI,116,5.5026
7QTA_URI,117,5.3619
7QTA_URI,118,1.0409
7QTA_URI,119,5.4396
7QTA_URI,12,5.2733
7QTA_URI,120,5.3147
7QTA_URI,121,2.8398
7QTA_URI,122,5.2656
7QTA_URI,123,5.2635
7QTA_URI,124,5.6890
7QTA_URI,125,5.3060
7QTA_URI,126,5.4435
7QTA_URI,127,5.5657
7QTA_URI,128,5.1819
7QTA_URI,129,5.4400
7QTA_URI,13,5.2286
7QTA_URI,130,5.7507
7QTA_URI,131,5.5798
7QTA_URI,132,5.3960
7QTA_URI,133,4.7353
7QTA_URI,134,2.6174
7QTA_URI,135,5.6228
7QTA_URI,136,2.5649
7QTA_URI,137,5.4994
7QTA_URI,138,5.3988
7QTA_URI,139,5.3710
7QTA_URI,14,5.5458
7QTA_URI,15,5.5844
7QTA_URI,16,5.5786
7QTA_URI,17,5.0474
7QTA_URI,18,5.3162
7QTA_URI,19,5.4014
7QTA_URI,2,5.3318
7QTA_URI,20,5.3402
7QTA_URI,21,5.2145
7QTA_URI,22,5.4975
7QTA_URI,23,5.5719
7QTA_URI,24,0.7990
7QTA_URI,25,5.4743
7QTA_URI,26,5.5093
7QTA_URI,27,5.5433
7QTA_URI,28,2.2206
7QTA_URI,29,5.4954
7QTA_URI,3,3.7251
7QTA_URI,30,5.3579
7QTA_URI,31,5.4021
7QTA_URI,32,5.3579
7QTA_URI,33,5.3760
7QTA_URI,34,5.3441
7QTA_URI,35,5.3218
7QTA_URI,36,5.5852
7QTA_URI,37,5.4839
7QTA_URI,38,5.4948
7QTA_URI,39,5.3031
7QTA_URI,4,5.6253
7QTA_URI,40,5.4458
7QTA_URI,41,5.3858
7QTA_URI,42,5.3184
7QTA_URI,43,5.4699
7QTA_URI,44,5.5856
7QTA_URI,45,5.4967
7QTA_URI,46,5.4733
7QTA_URI,47,5.2406
7QTA_URI,48,1.7671
7QTA_URI,49,5.3948
7QTA_URI,5,5.3540
7QTA_URI,50,0.8955
7QTA_URI,51,5.5044
7QTA_URI,52,5.0690
7QTA_URI,53,5.2807
7QTA_URI,54,2.2141
7QTA_URI,55,5.4219
7QTA_URI,56,5.5049
7QTA_URI,57,5.4137
7QTA_URI,58,5.5312
7QTA_URI,59,5.3634
7QTA_URI,6,5.3009
7QTA_URI,60,2.5139
7QTA_URI,61,1.6275
7QTA_URI,62,5.2378
7QTA_URI,63,5.3365
7QTA_URI,64,5.2843
7QTA_URI,65,5.4749
7QTA_URI,66,5.4767
7QTA_URI,67,2.4883
7QTA_URI,68,2.2691
7QTA_URI,69,5.3796
7QTA_URI,7,5.7347
7QTA_URI,70,2.8182
7QTA_URI,71,5.4869
7QTA_URI,72,5.3637
7QTA_URI,73,1.1242
7QTA_URI,74,5.6616
7QTA_URI,75,5.3425
7QTA_URI,76,5.5559
7QTA_URI,77,5.2395
7QTA_URI,78,5.3900
7QTA_URI,79,5.5329
7QTA_URI,8,5.3568
7QTA_URI,80,5.5038
7QTA_URI,81,5.7669
7QTA_URI,82,5.4174
7QTA_URI,83,5.5429
7QTA_URI,84,5.4111
7QTA_URI,85,3.3574
7QTA_URI,86,5.3043
7QTA_URI,87,5.3511
7QTA_URI,88,5.4353
7QTA_URI,89,5.3901
7QTA_URI,9,5.2692
7QTA_URI,90,5.2106
7QTA_URI,91,2.9882
7QTA_URI,92,5.4950
7QTA_URI,93,5.3086
7QTA_URI,94,2.1541
7QTA_URI,95,5.6805
7QTA_URI,96,2.3530
7QTA_URI,97,5.4044
7QTA_URI,98,5.4357
7QTA_URI,99,5.2947
7R3D_APR,0,1.9557
7R3D_APR,1,2.5883
7R3D_APR,10,2.2048
7R3D_APR,100,2.7269
7R3D_APR,101,2.4435
7R3D_APR,102,2.3814
7R3D_APR,103,0.9198
7R3D_APR,104,1.8825
7R3D_APR,105,2.5595
7R3D_APR,106,2.1482
7R3D_APR,107,2.8868
7R3D_APR,108,2.7739
7R3D_APR,109,2.4144
7R3D_APR,11,1.8895
7R3D_APR,110,2.4458
7R3D_APR,111,2.0128
7R3D_APR,112,2.0354
7R3D_APR,113,2.2965
7R3D_APR,114,2.2005
7R3D_APR,115,2.8609
7R3D_APR,116,3.1920
7R3D_APR,117,2.1459
7R3D_APR,118,2.6873
7R3D_APR,119,3.4623
7R3D_APR,12,2.1370
7R3D_APR,120,1.5183
7R3D_APR,121,1.8771
7R3D_APR,122,2.4439
7R3D_APR,123,2.3619
7R3D_APR,124,2.3432
7R3D_APR,125,2.7440
7R3D_APR,126,3.0092
7R3D_APR,127,2.3231
7R3D_APR,128,2.2589
7R3D_APR,129,3.2867
7R3D_APR,13,2.3676
7R3D_APR,130,2.6993
7R3D_APR,131,2.5526
7R3D_APR,132,1.8243
7R3D_APR,133,3.2257
7R3D_APR,134,3.1748
7R3D_APR,135,1.9088
7R3D_APR,136,2.5658
7R3D_APR,137,3.0862
7R3D_APR,138,2.3111
7R3D_APR,139,2.5703
7R3D_APR,14,2.5946
7R3D_APR,15,2.6536
7R3D_APR,16,6.0356
7R3D_APR,17,2.7331
7R3D_APR,18,3.0068
7R3D_APR,19,2.2645
7R3D_APR,2,3.0484
7R3D_APR,20,2.5592
7R3D_APR,21,1.9069
7R3D_APR,22,2.3561
7R3D_APR,23,2.2472
7R3D_APR,24,2.1539
7R3D_APR,25,3.1888
7R3D_APR,26,3.1652
7R3D_APR,27,2.3030
7R3D_APR,28,2.5844
7R3D_APR,29,1.6752
7R3D_APR,3,2.7292
7R3D_APR,30,2.1054
7R3D_APR,31,2.8097
7R3D_APR,32,1.7367
7R3D_APR,33,2.7121
7R3D_APR,34,2.4943
7R3D_APR,35,3.0508
7R3D_APR,36,2.0013
7R3D_APR,37,2.0608
7R3D_APR,38,1.4250
7R3D_APR,39,1.5987
7R3D_APR,4,2.3362
7R3D_APR,40,1.1867
7R3D_APR,41,2.6489
7R3D_APR,42,2.4722
7R3D_APR,43,2.3574
7R3D_APR,44,2.3201
7R3D_APR,45,2.1806
7R3D_APR,46,2.1936
7R3D_APR,47,2.8697
7R3D_APR,48,1.9304
7R3D_APR,49,3.2849
7R3D_APR,5,2.4048
7R3D_APR,50,1.4026
7R3D_APR,51,1.5504
7R3D_APR,52,1.9507
7R3D_APR,53,2.6110
7R3D_APR,54,2.2936
7R3D_APR,55,2.1276
7R3D_APR,56,2.1940
7R3D_APR,57,2.5116
7R3D_APR,58,2.5636
7R3D_APR,59,2.5758
7R3D_APR,6,2.6230
7R3D_APR,60,2.3894
7R3D_APR,61,2.1299
7R3D_APR,62,2.4316
7R3D_APR,63,2.3155
7R3D_APR,64,2.3686
7R3D_APR,65,2.4285
7R3D_APR,66,2.1524
7R3D_APR,67,2.1598
7R3D_APR,68,1.9374
7R3D_APR,69,1.6035
7R3D_APR,7,1.5209
7R3D_APR,70,2.5437
7R3D_APR,71,1.9235
7R3D_APR,72,2.7966
7R3D_APR,73,2.5481
7R3D_APR,74,1.9483
7R3D_APR,75,1.6357
7R3D_APR,76,2.6957
7R3D_APR,77,2.1731
7R3D_APR,78,3.3622
7R3D_APR,79,2.7518
7R3D_APR,8,2.9647
7R3D_APR,80,2.5150
7R3D_APR,81,3.2382
7R3D_APR,82,2.0216
7R3D_APR,83,2.1250
7R3D_APR,84,2.7139
7R3D_APR,85,1.5460
7R3D_APR,86,1.2096
7R3D_APR,87,2.4672
7R3D_APR,88,1.1890
7R3D_APR,88,3.0609
7R3D_APR,89,3.7851
7R3D_APR,9,3.1871
7R3D_APR,90,3.1873
7R3D_APR,91,3.5424
7R3D_APR,92,3.0770
7R3D_APR,93,2.8572
7R3D_APR,94,1.0648
7R3D_APR,95,3.0725
7R3D_APR,96,2.7980
7R3D_APR,97,3.1019
7R3D_APR,98,1.9216
7R3D_APR,99,2.4419
7R59_I5F,0,0.6039
7R59_I5F,1,0.7207
7R59_I5F,10,0.8822
7R59_I5F,100,0.7054
7R59_I5F,101,0.6611
7R59_I5F,102,0.5185
7R59_I5F,103,1.1840
7R59_I5F,104,0.7275
7R59_I5F,105,2.5241
7R59_I5F,106,2.0887
7R59_I5F,107,0.7071
7R59_I5F,108,1.2294
7R59_I5F,109,2.3627
7R59_I5F,11,0.4882
7R59_I5F,110,0.7236
7R59_I5F,111,0.7904
7R59_I5F,112,1.1302
7R59_I5F,113,0.8006
7R59_I5F,114,2.4092
7R59_I5F,115,0.7195
7R59_I5F,116,0.9589
7R59_I5F,117,0.7003
7R59_I5F,118,1.7508
7R59_I5F,119,4.5376
7R59_I5F,12,1.3741
7R59_I5F,120,0.4394
7R59_I5F,121,2.2872
7R59_I5F,122,2.2407
7R59_I5F,123,0.7220
7R59_I5F,124,0.5984
7R59_I5F,125,0.6738
7R59_I5F,126,1.3715
7R59_I5F,127,0.7214
7R59_I5F,128,2.3426
7R59_I5F,129,0.8180
7R59_I5F,13,2.2522
7R59_I5F,130,0.6370
7R59_I5F,131,0.7945
7R59_I5F,132,0.9151
7R59_I5F,133,2.3827
7R59_I5F,134,2.4869
7R59_I5F,135,0.7595
7R59_I5F,136,2.4614
7R59_I5F,137,2.7288
7R59_I5F,138,0.4527
7R59_I5F,139,0.7893
7R59_I5F,14,2.4472
7R59_I5F,15,0.7897
7R59_I5F,16,0.6228
7R59_I5F,17,1.5387
7R59_I5F,18,2.4229
7R59_I5F,19,1.0253
7R59_I5F,2,2.2862
7R59_I5F,20,2.2569
7R59_I5F,21,0.7485
7R59_I5F,22,0.6764
7R59_I5F,23,0.7411
7R59_I5F,24,0.6491
7R59_I5F,25,0.6954
7R59_I5F,26,0.7589
7R59_I5F,27,0.6833
7R59_I5F,28,1.1276
7R59_I5F,29,0.8935
7R59_I5F,3,2.3441
7R59_I5F,30,2.7829
7R59_I5F,31,0.5985
7R59_I5F,32,0.6152
7R59_I5F,33,0.4677
7R59_I5F,34,5.1341
7R59_I5F,35,0.8603
7R59_I5F,36,0.6097
7R59_I5F,37,0.7334
7R59_I5F,38,0.9579
7R59_I5F,39,0.8633
7R59_I5F,4,2.7527
7R59_I5F,40,0.6016
7R59_I5F,41,2.3174
7R59_I5F,42,0.6869
7R59_I5F,43,0.8327
7R59_I5F,44,0.6789
7R59_I5F,45,0.7625
7R59_I5F,46,0.7196
7R59_I5F,47,1.0637
7R59_I5F,48,0.6764
7R59_I5F,49,2.4568
7R59_I5F,5,0.8078
7R59_I5F,50,2.4225
7R59_I5F,51,2.1392
7R59_I5F,52,0.7362
7R59_I5F,53,0.8503
7R59_I5F,54,0.9679
7R59_I5F,55,0.5426
7R59_I5F,56,0.7176
7R59_I5F,57,0.7526
7R59_I5F,58,0.7852
7R59_I5F,59,0.6174
7R59_I5F,6,1.7279
7R59_I5F,60,0.7521
7R59_I5F,61,0.9660
7R59_I5F,62,0.6686
7R59_I5F,63,0.4614
7R59_I5F,64,1.3164
7R59_I5F,65,2.5267
7R59_I5F,66,0.7219
7R59_I5F,67,2.3746
7R59_I5F,68,4.4012
7R59_I5F,69,0.8158
7R59_I5F,7,1.5381
7R59_I5F,70,0.6331
7R59_I5F,71,0.7292
7R59_I5F,72,0.7494
7R59_I5F,73,0.8867
7R59_I5F,74,0.6968
7R59_I5F,75,1.0045
7R59_I5F,76,1.0806
7R59_I5F,77,0.7069
7R59_I5F,78,0.8441
7R59_I5F,79,2.4735
7R59_I5F,8,0.9827
7R59_I5F,80,2.2760
7R59_I5F,81,0.7149
7R59_I5F,82,0.7444
7R59_I5F,83,1.3856
7R59_I5F,84,0.6705
7R59_I5F,85,2.8347
7R59_I5F,86,0.6882
7R59_I5F,87,0.8002
7R59_I5F,88,2.5436
7R59_I5F,89,2.5265
7R59_I5F,9,0.9160
7R59_I5F,90,0.4373
7R59_I5F,91,0.9742
7R59_I5F,92,0.7041
7R59_I5F,93,0.7676
7R59_I5F,94,0.6356
7R59_I5F,95,0.6134
7R59_I5F,96,0.7262
7R59_I5F,97,1.7665
7R59_I5F,98,0.5624
7R59_I5F,99,2.3276
7R6J_2I7,0,3.8665
7R6J_2I7,1,1.9800
7R6J_2I7,10,3.7039
7R6J_2I7,100,2.1011
7R6J_2I7,101,3.7780
7R6J_2I7,102,3.7094
7R6J_2I7,103,3.6738
7R6J_2I7,104,3.2480
7R6J_2I7,105,3.2216
7R6J_2I7,106,4.2636
7R6J_2I7,107,3.6696
7R6J_2I7,108,3.7723
7R6J_2I7,109,4.0595
7R6J_2I7,11,3.6006
7R6J_2I7,110,3.7107
7R6J_2I7,111,3.5864
7R6J_2I7,112,3.7559
7R6J_2I7,113,2.5314
7R6J_2I7,114,3.6524
7R6J_2I7,115,4.2371
7R6J_2I7,116,3.4780
7R6J_2I7,117,3.8355
7R6J_2I7,118,3.5561
7R6J_2I7,119,2.4502
7R6J_2I7,12,3.1335
7R6J_2I7,120,1.7796
7R6J_2I7,121,1.2394
7R6J_2I7,122,2.0934
7R6J_2I7,123,2.4388
7R6J_2I7,124,1.9873
7R6J_2I7,125,2.5302
7R6J_2I7,126,3.7018
7R6J_2I7,127,3.8163
7R6J_2I7,128,4.1733
7R6J_2I7,129,3.5317
7R6J_2I7,13,3.5235
7R6J_2I7,130,4.0231
7R6J_2I7,131,4.1834
7R6J_2I7,132,2.9791
7R6J_2I7,133,3.7539
7R6J_2I7,134,2.6066
7R6J_2I7,135,4.1951
7R6J_2I7,136,3.5713
7R6J_2I7,137,3.9858
7R6J_2I7,138,3.4521
7R6J_2I7,139,3.2721
7R6J_2I7,14,4.2278
7R6J_2I7,15,2.9235
7R6J_2I7,16,3.8834
7R6J_2I7,17,3.8494
7R6J_2I7,18,3.2502
7R6J_2I7,19,3.7636
7R6J_2I7,2,2.1059
7R6J_2I7,20,3.6086
7R6J_2I7,21,2.4497
7R6J_2I7,22,2.5624
7R6J_2I7,23,3.6008
7R6J_2I7,24,3.5733
7R6J_2I7,25,2.3668
7R6J_2I7,26,1.7914
7R6J_2I7,27,3.1697
7R6J_2I7,28,3.8057
7R6J_2I7,29,2.4916
7R6J_2I7,3,4.9685
7R6J_2I7,30,3.8526
7R6J_2I7,31,2.3084
7R6J_2I7,32,3.6697
7R6J_2I7,33,1.4835
7R6J_2I7,34,3.7787
7R6J_2I7,35,2.5469
7R6J_2I7,36,3.5825
7R6J_2I7,37,3.5199
7R6J_2I7,38,3.4136
7R6J_2I7,39,3.5349
7R6J_2I7,4,3.6316
7R6J_2I7,40,4.1393
7R6J_2I7,41,3.5545
7R6J_2I7,42,3.5993
7R6J_2I7,43,2.8611
7R6J_2I7,44,3.5186
7R6J_2I7,45,3.6950
7R6J_2I7,46,3.4317
7R6J_2I7,47,3.9771
7R6J_2I7,48,3.7619
7R6J_2I7,49,3.2000
7R6J_2I7,5,3.9021
7R6J_2I7,50,3.8265
7R6J_2I7,51,2.9966
7R6J_2I7,52,3.6339
7R6J_2I7,53,3.6737
7R6J_2I7,54,3.7377
7R6J_2I7,55,3.7401
7R6J_2I7,56,4.0689
7R6J_2I7,57,2.9090
7R6J_2I7,58,4.2745
7R6J_2I7,59,3.8774
7R6J_2I7,6,3.8141
7R6J_2I7,60,3.5093
7R6J_2I7,61,1.5775
7R6J_2I7,62,2.3967
7R6J_2I7,63,3.7843
7R6J_2I7,64,2.4053
7R6J_2I7,65,3.5584
7R6J_2I7,66,3.5050
7R6J_2I7,67,3.6808
7R6J_2I7,68,3.1878
7R6J_2I7,69,2.4339
7R6J_2I7,7,3.9886
7R6J_2I7,70,3.6906
7R6J_2I7,71,3.7683
7R6J_2I7,72,3.5523
7R6J_2I7,73,4.5625
7R6J_2I7,74,3.5979
7R6J_2I7,75,3.7276
7R6J_2I7,76,3.3465
7R6J_2I7,77,3.8029
7R6J_2I7,78,3.7500
7R6J_2I7,79,3.6693
7R6J_2I7,8,3.6883
7R6J_2I7,80,3.2386
7R6J_2I7,81,3.5009
7R6J_2I7,82,4.2186
7R6J_2I7,83,3.5339
7R6J_2I7,84,6.2969
7R6J_2I7,85,3.4764
7R6J_2I7,86,3.8246
7R6J_2I7,87,3.8884
7R6J_2I7,88,3.7319
7R6J_2I7,89,3.7390
7R6J_2I7,9,1.6669
7R6J_2I7,90,3.9794
7R6J_2I7,91,3.6641
7R6J_2I7,92,3.8165
7R6J_2I7,93,4.2845
7R6J_2I7,94,4.1328
7R6J_2I7,94,2.6086
7R6J_2I7,95,2.7433
7R6J_2I7,96,3.9863
7R6J_2I7,97,4.2240
7R6J_2I7,98,4.4421
7R6J_2I7,99,3.6293
7R7R_AWJ,0,2.2930
7R7R_AWJ,1,2.8098
7R7R_AWJ,10,1.6280
7R7R_AWJ,100,1.2349
7R7R_AWJ,101,2.8285
7R7R_AWJ,102,2.8219
7R7R_AWJ,103,2.0275
7R7R_AWJ,104,2.1301
7R7R_AWJ,105,1.6747
7R7R_AWJ,106,1.9048
7R7R_AWJ,107,1.0262
7R7R_AWJ,108,1.0189
7R7R_AWJ,109,1.0440
7R7R_AWJ,11,3.6783
7R7R_AWJ,110,3.0938
7R7R_AWJ,111,1.0740
7R7R_AWJ,112,2.2473
7R7R_AWJ,113,1.9822
7R7R_AWJ,114,1.5610
7R7R_AWJ,115,2.5734
7R7R_AWJ,116,2.2758
7R7R_AWJ,117,1.9953
7R7R_AWJ,118,2.3274
7R7R_AWJ,119,4.3598
7R7R_AWJ,12,1.7297
7R7R_AWJ,120,2.8984
7R7R_AWJ,121,1.1604
7R7R_AWJ,122,1.6858
7R7R_AWJ,123,1.9550
7R7R_AWJ,124,3.7370
7R7R_AWJ,125,1.7334
7R7R_AWJ,126,1.2226
7R7R_AWJ,127,1.5991
7R7R_AWJ,128,2.1831
7R7R_AWJ,129,2.2788
7R7R_AWJ,13,1.1810
7R7R_AWJ,130,1.9346
7R7R_AWJ,131,3.3916
7R7R_AWJ,132,1.7387
7R7R_AWJ,133,0.9369
7R7R_AWJ,134,3.0188
7R7R_AWJ,135,1.4121
7R7R_AWJ,136,3.1723
7R7R_AWJ,137,2.8587
7R7R_AWJ,138,2.4014
7R7R_AWJ,139,2.7924
7R7R_AWJ,14,2.7430
7R7R_AWJ,15,2.9405
7R7R_AWJ,16,3.0979
7R7R_AWJ,17,3.4299
7R7R_AWJ,18,0.8501
7R7R_AWJ,19,1.2953
7R7R_AWJ,2,1.3398
7R7R_AWJ,20,3.0709
7R7R_AWJ,21,1.6279
7R7R_AWJ,22,2.7533
7R7R_AWJ,23,1.7326
7R7R_AWJ,24,2.0972
7R7R_AWJ,25,0.8971
7R7R_AWJ,26,2.8783
7R7R_AWJ,27,2.2661
7R7R_AWJ,28,1.8090
7R7R_AWJ,29,1.3565
7R7R_AWJ,3,1.7425
7R7R_AWJ,30,1.7268
7R7R_AWJ,31,2.2931
7R7R_AWJ,32,1.0682
7R7R_AWJ,33,1.6556
7R7R_AWJ,34,0.9770
7R7R_AWJ,35,2.3452
7R7R_AWJ,36,2.5338
7R7R_AWJ,37,2.0702
7R7R_AWJ,38,1.5273
7R7R_AWJ,39,1.7214
7R7R_AWJ,4,1.1942
7R7R_AWJ,40,1.3560
7R7R_AWJ,41,1.0373
7R7R_AWJ,42,1.6538
7R7R_AWJ,43,0.7976
7R7R_AWJ,44,1.3431
7R7R_AWJ,45,2.7073
7R7R_AWJ,46,1.5920
7R7R_AWJ,47,1.3691
7R7R_AWJ,48,2.2940
7R7R_AWJ,49,2.8699
7R7R_AWJ,5,0.8939
7R7R_AWJ,50,1.3169
7R7R_AWJ,51,1.1052
7R7R_AWJ,52,1.6627
7R7R_AWJ,53,1.6238
7R7R_AWJ,54,1.2102
7R7R_AWJ,55,1.6814
7R7R_AWJ,55,1.7459
7R7R_AWJ,56,1.6821
7R7R_AWJ,57,1.8242
7R7R_AWJ,58,2.1289
7R7R_AWJ,59,1.4047
7R7R_AWJ,6,3.1504
7R7R_AWJ,60,2.5941
7R7R_AWJ,61,1.5842
7R7R_AWJ,62,1.0039
7R7R_AWJ,63,1.6295
7R7R_AWJ,64,2.7603
7R7R_AWJ,65,3.1522
7R7R_AWJ,66,2.4693
7R7R_AWJ,67,1.6212
7R7R_AWJ,68,1.3973
7R7R_AWJ,69,5.9697
7R7R_AWJ,7,0.8510
7R7R_AWJ,70,2.5656
7R7R_AWJ,71,1.9260
7R7R_AWJ,72,1.2701
7R7R_AWJ,73,2.2759
7R7R_AWJ,74,1.8915
7R7R_AWJ,75,1.4028
7R7R_AWJ,76,1.2553
7R7R_AWJ,77,1.3545
7R7R_AWJ,78,1.1712
7R7R_AWJ,79,3.7579
7R7R_AWJ,8,3.4570
7R7R_AWJ,80,1.5010
7R7R_AWJ,81,2.0019
7R7R_AWJ,82,3.0352
7R7R_AWJ,83,3.2861
7R7R_AWJ,84,2.8665
7R7R_AWJ,85,1.7564
7R7R_AWJ,86,3.0954
7R7R_AWJ,87,2.1979
7R7R_AWJ,88,2.1268
7R7R_AWJ,89,3.0539
7R7R_AWJ,9,1.8957
7R7R_AWJ,90,3.1010
7R7R_AWJ,91,2.9517
7R7R_AWJ,92,2.7122
7R7R_AWJ,93,2.4343
7R7R_AWJ,94,2.3035
7R7R_AWJ,95,2.8754
7R7R_AWJ,96,2.5240
7R7R_AWJ,97,1.7740
7R7R_AWJ,98,1.3534
7R7R_AWJ,99,2.0959
7R9N_F97,0,7.5990
7R9N_F97,1,4.5675
7R9N_F97,10,1.7485
7R9N_F97,100,4.4964
7R9N_F97,101,7.6680
7R9N_F97,102,8.3763
7R9N_F97,103,1.3887
7R9N_F97,104,3.0842
7R9N_F97,105,1.8076
7R9N_F97,106,1.0252
7R9N_F97,107,1.2912
7R9N_F97,108,7.5081
7R9N_F97,109,8.4943
7R9N_F97,11,6.6909
7R9N_F97,110,0.5783
7R9N_F97,111,1.3025
7R9N_F97,112,7.5675
7R9N_F97,113,7.5888
7R9N_F97,114,2.3512
7R9N_F97,115,4.5905
7R9N_F97,116,2.1277
7R9N_F97,117,0.7263
7R9N_F97,118,6.4717
7R9N_F97,119,2.1928
7R9N_F97,12,1.5916
7R9N_F97,120,4.5223
7R9N_F97,121,1.0823
7R9N_F97,122,1.3809
7R9N_F97,123,7.6968
7R9N_F97,124,7.3733
7R9N_F97,125,6.2776
7R9N_F97,126,1.1802
7R9N_F97,127,7.5836
7R9N_F97,128,3.4780
7R9N_F97,129,2.2522
7R9N_F97,13,1.2224
7R9N_F97,130,5.2018
7R9N_F97,131,3.0164
7R9N_F97,132,4.7743
7R9N_F97,133,1.6504
7R9N_F97,134,7.6924
7R9N_F97,135,7.6110
7R9N_F97,136,7.4096
7R9N_F97,137,1.2479
7R9N_F97,138,4.2517
7R9N_F97,139,1.1807
7R9N_F97,14,2.9428
7R9N_F97,15,7.6124
7R9N_F97,16,2.1509
7R9N_F97,17,7.6234
7R9N_F97,18,7.1783
7R9N_F97,19,7.8249
7R9N_F97,2,5.2388
7R9N_F97,20,1.1217
7R9N_F97,21,7.9099
7R9N_F97,22,7.6811
7R9N_F97,23,7.0335
7R9N_F97,24,4.5060
7R9N_F97,25,5.6601
7R9N_F97,26,7.2568
7R9N_F97,27,1.3991
7R9N_F97,28,2.5472
7R9N_F97,29,6.7979
7R9N_F97,3,4.5317
7R9N_F97,30,1.0845
7R9N_F97,31,8.0932
7R9N_F97,32,4.7915
7R9N_F97,33,0.9620
7R9N_F97,34,6.8621
7R9N_F97,35,1.0762
7R9N_F97,36,7.2254
7R9N_F97,37,7.6279
7R9N_F97,38,4.1017
7R9N_F97,39,4.6252
7R9N_F97,4,4.7552
7R9N_F97,40,2.9711
7R9N_F97,41,7.6989
7R9N_F97,42,7.4872
7R9N_F97,43,6.3964
7R9N_F97,44,1.2335
7R9N_F97,45,7.7412
7R9N_F97,46,1.1309
7R9N_F97,47,2.0523
7R9N_F97,48,2.5642
7R9N_F97,49,2.3444
7R9N_F97,5,1.9845
7R9N_F97,50,6.9937
7R9N_F97,51,4.7130
7R9N_F97,52,1.8298
7R9N_F97,53,4.0194
7R9N_F97,54,1.2581
7R9N_F97,55,2.3978
7R9N_F97,56,4.6071
7R9N_F97,57,6.8996
7R9N_F97,58,7.5911
7R9N_F97,59,7.3844
7R9N_F97,6,7.2111
7R9N_F97,60,7.2638
7R9N_F97,61,7.4751
7R9N_F97,62,2.3032
7R9N_F97,63,1.1983
7R9N_F97,64,1.6142
7R9N_F97,65,4.9008
7R9N_F97,66,7.7683
7R9N_F97,67,7.6126
7R9N_F97,68,7.0716
7R9N_F97,69,8.2150
7R9N_F97,7,7.2145
7R9N_F97,70,7.4458
7R9N_F97,71,5.9635
7R9N_F97,72,1.6481
7R9N_F97,73,1.7639
7R9N_F97,74,7.4631
7R9N_F97,75,8.1714
7R9N_F97,76,0.8195
7R9N_F97,77,2.4884
7R9N_F97,78,1.5309
7R9N_F97,79,1.1608
7R9N_F97,8,7.4352
7R9N_F97,80,1.2680
7R9N_F97,81,8.5041
7R9N_F97,82,5.2437
7R9N_F97,83,4.3671
7R9N_F97,84,7.7221
7R9N_F97,85,7.7859
7R9N_F97,86,7.4181
7R9N_F97,87,0.5886
7R9N_F97,88,7.7139
7R9N_F97,89,2.3768
7R9N_F97,9,1.3853
7R9N_F97,90,3.9452
7R9N_F97,91,1.1266
7R9N_F97,92,1.1972
7R9N_F97,93,5.6766
7R9N_F97,94,7.2710
7R9N_F97,95,2.6014
7R9N_F97,96,2.5260
7R9N_F97,97,7.3302
7R9N_F97,98,2.3025
7R9N_F97,99,4.7044
7RC3_SAH,0,0.7001
7RC3_SAH,1,1.1896
7RC3_SAH,10,1.0205
7RC3_SAH,100,1.5656
7RC3_SAH,101,0.9563
7RC3_SAH,102,1.9546
7RC3_SAH,103,1.2403
7RC3_SAH,104,1.2703
7RC3_SAH,105,0.7365
7RC3_SAH,106,1.7300
7RC3_SAH,107,1.0664
7RC3_SAH,108,1.9759
7RC3_SAH,109,1.3465
7RC3_SAH,11,1.7374
7RC3_SAH,110,1.6040
7RC3_SAH,111,0.9696
7RC3_SAH,112,1.3981
7RC3_SAH,113,1.0968
7RC3_SAH,114,1.5408
7RC3_SAH,115,0.8014
7RC3_SAH,116,1.7275
7RC3_SAH,117,0.6493
7RC3_SAH,118,1.1301
7RC3_SAH,119,0.9405
7RC3_SAH,12,0.7149
7RC3_SAH,120,0.8944
7RC3_SAH,121,0.9132
7RC3_SAH,122,1.3505
7RC3_SAH,123,0.9183
7RC3_SAH,124,1.0461
7RC3_SAH,125,1.2372
7RC3_SAH,126,1.2478
7RC3_SAH,127,1.0349
7RC3_SAH,128,1.3172
7RC3_SAH,129,0.9772
7RC3_SAH,13,1.7419
7RC3_SAH,130,1.0676
7RC3_SAH,131,1.1152
7RC3_SAH,132,1.7911
7RC3_SAH,133,1.1585
7RC3_SAH,134,1.8116
7RC3_SAH,135,0.9671
7RC3_SAH,136,1.2526
7RC3_SAH,137,1.6726
7RC3_SAH,138,0.9546
7RC3_SAH,139,0.9254
7RC3_SAH,14,1.2750
7RC3_SAH,15,1.2379
7RC3_SAH,16,0.9008
7RC3_SAH,17,0.9373
7RC3_SAH,18,1.1321
7RC3_SAH,19,0.8208
7RC3_SAH,2,1.0975
7RC3_SAH,20,1.9962
7RC3_SAH,21,1.1746
7RC3_SAH,22,1.8960
7RC3_SAH,23,2.1906
7RC3_SAH,24,0.8792
7RC3_SAH,25,0.8182
7RC3_SAH,26,1.0373
7RC3_SAH,27,1.1009
7RC3_SAH,28,1.9521
7RC3_SAH,29,1.9796
7RC3_SAH,3,0.9793
7RC3_SAH,30,0.9388
7RC3_SAH,31,0.8947
7RC3_SAH,32,1.0876
7RC3_SAH,33,1.9421
7RC3_SAH,34,0.7780
7RC3_SAH,35,1.5438
7RC3_SAH,36,1.3336
7RC3_SAH,37,1.9957
7RC3_SAH,38,1.0564
7RC3_SAH,39,1.0160
7RC3_SAH,4,0.8527
7RC3_SAH,40,1.6651
7RC3_SAH,41,1.9756
7RC3_SAH,42,1.7560
7RC3_SAH,43,1.0006
7RC3_SAH,44,1.7011
7RC3_SAH,45,0.6915
7RC3_SAH,46,0.7393
7RC3_SAH,47,1.4431
7RC3_SAH,47,1.7305
7RC3_SAH,48,1.2583
7RC3_SAH,49,1.8583
7RC3_SAH,5,0.6169
7RC3_SAH,50,2.1227
7RC3_SAH,51,1.2200
7RC3_SAH,52,0.7880
7RC3_SAH,53,1.0525
7RC3_SAH,54,1.7325
7RC3_SAH,55,2.1652
7RC3_SAH,56,2.8263
7RC3_SAH,57,1.8788
7RC3_SAH,58,1.8753
7RC3_SAH,59,0.9637
7RC3_SAH,6,1.1179
7RC3_SAH,60,1.0349
7RC3_SAH,61,1.3777
7RC3_SAH,62,1.9473
7RC3_SAH,63,1.8884
7RC3_SAH,64,1.0428
7RC3_SAH,65,1.6817
7RC3_SAH,66,1.2913
7RC3_SAH,67,0.8673
7RC3_SAH,68,0.9225
7RC3_SAH,69,0.9073
7RC3_SAH,7,1.0337
7RC3_SAH,70,1.9552
7RC3_SAH,71,0.6326
7RC3_SAH,72,1.2297
7RC3_SAH,73,1.0479
7RC3_SAH,74,1.3975
7RC3_SAH,75,1.4086
7RC3_SAH,76,0.7910
7RC3_SAH,77,0.9930
7RC3_SAH,78,0.9471
7RC3_SAH,79,0.7821
7RC3_SAH,8,1.9165
7RC3_SAH,80,1.8773
7RC3_SAH,81,0.6940
7RC3_SAH,82,0.9945
7RC3_SAH,83,0.7853
7RC3_SAH,84,1.8425
7RC3_SAH,85,0.7581
7RC3_SAH,86,0.9628
7RC3_SAH,87,1.6481
7RC3_SAH,88,1.7422
7RC3_SAH,89,0.6946
7RC3_SAH,9,0.9572
7RC3_SAH,90,0.7504
7RC3_SAH,91,0.5706
7RC3_SAH,92,1.0358
7RC3_SAH,93,0.6782
7RC3_SAH,94,1.2951
7RC3_SAH,95,1.0528
7RC3_SAH,96,0.9638
7RC3_SAH,97,0.9680
7RC3_SAH,98,1.3817
7RC3_SAH,99,1.0374
7RH3_59O,0,5.3730
7RH3_59O,1,5.4530
7RH3_59O,10,5.6666
7RH3_59O,100,5.7198
7RH3_59O,101,5.8779
7RH3_59O,102,5.3623
7RH3_59O,103,5.5932
7RH3_59O,104,5.7528
7RH3_59O,105,5.5816
7RH3_59O,106,5.3787
7RH3_59O,107,5.4113
7RH3_59O,108,5.3027
7RH3_59O,109,6.8363
7RH3_59O,11,7.1179
7RH3_59O,110,2.2177
7RH3_59O,111,5.1776
7RH3_59O,112,5.4806
7RH3_59O,113,5.6195
7RH3_59O,114,5.7827
7RH3_59O,115,5.6878
7RH3_59O,116,2.1224
7RH3_59O,117,3.2583
7RH3_59O,118,5.7820
7RH3_59O,119,6.0758
7RH3_59O,12,5.5768
7RH3_59O,120,6.2009
7RH3_59O,121,6.0052
7RH3_59O,122,1.4755
7RH3_59O,123,6.0241
7RH3_59O,124,5.9713
7RH3_59O,125,6.4170
7RH3_59O,126,6.4756
7RH3_59O,127,6.9499
7RH3_59O,128,6.2260
7RH3_59O,129,5.7411
7RH3_59O,13,7.3364
7RH3_59O,130,5.3324
7RH3_59O,131,6.0329
7RH3_59O,132,5.8456
7RH3_59O,133,5.1703
7RH3_59O,134,5.5020
7RH3_59O,135,6.4728
7RH3_59O,136,5.3912
7RH3_59O,137,5.9682
7RH3_59O,138,5.7495
7RH3_59O,139,5.5890
7RH3_59O,14,5.6117
7RH3_59O,15,5.6939
7RH3_59O,16,5.8854
7RH3_59O,17,6.4675
7RH3_59O,18,5.4814
7RH3_59O,19,6.6437
7RH3_59O,2,5.3771
7RH3_59O,20,6.4161
7RH3_59O,21,6.1015
7RH3_59O,22,5.4898
7RH3_59O,23,5.6283
7RH3_59O,24,5.7240
7RH3_59O,25,6.1467
7RH3_59O,26,5.9529
7RH3_59O,27,5.3211
7RH3_59O,28,5.8651
7RH3_59O,29,6.3361
7RH3_59O,3,5.4426
7RH3_59O,30,5.3580
7RH3_59O,31,5.4386
7RH3_59O,32,5.4158
7RH3_59O,33,5.8506
7RH3_59O,34,6.1378
7RH3_59O,35,5.5827
7RH3_59O,36,5.6563
7RH3_59O,37,5.8236
7RH3_59O,38,5.7673
7RH3_59O,39,6.7940
7RH3_59O,4,5.1839
7RH3_59O,40,5.7680
7RH3_59O,41,5.7040
7RH3_59O,42,5.1939
7RH3_59O,43,6.0727
7RH3_59O,44,5.5300
7RH3_59O,45,5.9659
7RH3_59O,46,5.8044
7RH3_59O,47,5.9615
7RH3_59O,48,5.3515
7RH3_59O,49,6.1502
7RH3_59O,5,5.6629
7RH3_59O,50,5.9155
7RH3_59O,51,5.1851
7RH3_59O,52,5.4917
7RH3_59O,53,5.4530
7RH3_59O,54,5.7443
7RH3_59O,55,5.6994
7RH3_59O,56,5.8051
7RH3_59O,57,5.4232
7RH3_59O,58,5.6394
7RH3_59O,59,5.6651
7RH3_59O,6,5.8603
7RH3_59O,60,5.7614
7RH3_59O,61,5.8077
7RH3_59O,62,5.9829
7RH3_59O,63,5.0316
7RH3_59O,64,5.6076
7RH3_59O,65,5.7339
7RH3_59O,66,5.9044
7RH3_59O,67,5.5294
7RH3_59O,68,5.6269
7RH3_59O,69,1.9548
7RH3_59O,7,5.5907
7RH3_59O,70,6.3732
7RH3_59O,71,5.4735
7RH3_59O,72,5.7695
7RH3_59O,73,5.3848
7RH3_59O,74,6.0555
7RH3_59O,75,5.7239
7RH3_59O,76,5.7008
7RH3_59O,77,5.8998
7RH3_59O,78,5.5487
7RH3_59O,79,5.7962
7RH3_59O,8,5.9969
7RH3_59O,80,5.6362
7RH3_59O,81,5.1260
7RH3_59O,82,5.4375
7RH3_59O,83,6.2429
7RH3_59O,84,4.6883
7RH3_59O,85,5.6018
7RH3_59O,86,5.4236
7RH3_59O,87,5.6271
7RH3_59O,88,5.4849
7RH3_59O,89,6.1318
7RH3_59O,9,6.0711
7RH3_59O,90,5.5427
7RH3_59O,91,5.3719
7RH3_59O,92,4.9301
7RH3_59O,93,5.2729
7RH3_59O,94,5.3952
7RH3_59O,95,5.0655
7RH3_59O,96,5.9902
7RH3_59O,97,5.4094
7RH3_59O,98,7.1366
7RH3_59O,99,5.6096
7RKW_5TV,0,2.7037
7RKW_5TV,1,6.3047
7RKW_5TV,10,2.3873
7RKW_5TV,100,6.0851
7RKW_5TV,101,2.1494
7RKW_5TV,102,1.9991
7RKW_5TV,103,1.6447
7RKW_5TV,104,1.7193
7RKW_5TV,105,6.3503
7RKW_5TV,106,6.2776
7RKW_5TV,107,2.3993
7RKW_5TV,108,6.4082
7RKW_5TV,109,6.4085
7RKW_5TV,11,2.4363
7RKW_5TV,110,2.3818
7RKW_5TV,111,1.9844
7RKW_5TV,112,6.3738
7RKW_5TV,113,6.4769
7RKW_5TV,114,6.3423
7RKW_5TV,115,1.5645
7RKW_5TV,116,1.4149
7RKW_5TV,117,6.4855
7RKW_5TV,118,1.9337
7RKW_5TV,118,6.5167
7RKW_5TV,119,2.6276
7RKW_5TV,12,6.4012
7RKW_5TV,120,6.3176
7RKW_5TV,121,1.1768
7RKW_5TV,122,1.9239
7RKW_5TV,123,6.1198
7RKW_5TV,124,6.2405
7RKW_5TV,125,2.0848
7RKW_5TV,126,6.2797
7RKW_5TV,127,1.1075
7RKW_5TV,128,5.0422
7RKW_5TV,129,6.7317
7RKW_5TV,13,6.2725
7RKW_5TV,130,6.2102
7RKW_5TV,131,6.3750
7RKW_5TV,132,1.4150
7RKW_5TV,133,6.6049
7RKW_5TV,134,1.8651
7RKW_5TV,135,6.7130
7RKW_5TV,136,6.5169
7RKW_5TV,137,7.1692
7RKW_5TV,138,6.2707
7RKW_5TV,139,6.2103
7RKW_5TV,14,6.4031
7RKW_5TV,15,0.7266
7RKW_5TV,16,6.3696
7RKW_5TV,17,1.7179
7RKW_5TV,18,1.0262
7RKW_5TV,19,6.1310
7RKW_5TV,2,6.2347
7RKW_5TV,20,3.0074
7RKW_5TV,21,2.2849
7RKW_5TV,22,1.8939
7RKW_5TV,23,6.4392
7RKW_5TV,24,6.4064
7RKW_5TV,25,6.2819
7RKW_5TV,26,6.3542
7RKW_5TV,27,6.2948
7RKW_5TV,28,1.9123
7RKW_5TV,29,2.0702
7RKW_5TV,3,2.1961
7RKW_5TV,30,6.3663
7RKW_5TV,31,6.4157
7RKW_5TV,32,6.7050
7RKW_5TV,33,6.4053
7RKW_5TV,34,2.2776
7RKW_5TV,35,4.5423
7RKW_5TV,36,6.7157
7RKW_5TV,37,6.1844
7RKW_5TV,38,6.4833
7RKW_5TV,39,1.5179
7RKW_5TV,4,6.7080
7RKW_5TV,40,6.3636
7RKW_5TV,41,6.9531
7RKW_5TV,42,7.0702
7RKW_5TV,43,6.1775
7RKW_5TV,44,6.5066
7RKW_5TV,45,1.9246
7RKW_5TV,46,6.7371
7RKW_5TV,47,6.2136
7RKW_5TV,48,1.3402
7RKW_5TV,49,6.4432
7RKW_5TV,5,1.4772
7RKW_5TV,50,6.4373
7RKW_5TV,51,6.1711
7RKW_5TV,52,6.1601
7RKW_5TV,53,6.1102
7RKW_5TV,54,6.3686
7RKW_5TV,55,6.4486
7RKW_5TV,56,1.7720
7RKW_5TV,57,4.4680
7RKW_5TV,58,1.6898
7RKW_5TV,59,1.5206
7RKW_5TV,6,6.2247
7RKW_5TV,60,6.2190
7RKW_5TV,61,1.5495
7RKW_5TV,62,2.8908
7RKW_5TV,63,5.7598
7RKW_5TV,64,1.1238
7RKW_5TV,65,1.9598
7RKW_5TV,66,1.5372
7RKW_5TV,67,6.4230
7RKW_5TV,68,2.6578
7RKW_5TV,69,6.4506
7RKW_5TV,7,6.3878
7RKW_5TV,70,6.2024
7RKW_5TV,71,4.6819
7RKW_5TV,72,6.7140
7RKW_5TV,73,6.7494
7RKW_5TV,74,6.3752
7RKW_5TV,75,1.2956
7RKW_5TV,76,6.3747
7RKW_5TV,77,6.4772
7RKW_5TV,78,6.6766
7RKW_5TV,79,6.5010
7RKW_5TV,8,1.9388
7RKW_5TV,80,6.1428
7RKW_5TV,81,6.4918
7RKW_5TV,82,1.5992
7RKW_5TV,83,6.4900
7RKW_5TV,84,6.5511
7RKW_5TV,85,1.9245
7RKW_5TV,86,6.3847
7RKW_5TV,87,2.0821
7RKW_5TV,88,4.4778
7RKW_5TV,89,1.4661
7RKW_5TV,9,6.1796
7RKW_5TV,90,0.7797
7RKW_5TV,91,6.3290
7RKW_5TV,92,6.3767
7RKW_5TV,93,6.4259
7RKW_5TV,94,6.1914
7RKW_5TV,95,6.3960
7RKW_5TV,96,6.6384
7RKW_5TV,97,6.4363
7RKW_5TV,98,2.0930
7RKW_5TV,99,6.4164
7RNI_60I,0,2.0223
7RNI_60I,1,1.8538
7RNI_60I,10,3.6923
7RNI_60I,100,3.1207
7RNI_60I,101,2.4194
7RNI_60I,102,2.9271
7RNI_60I,103,4.2175
7RNI_60I,104,3.4382
7RNI_60I,105,2.5810
7RNI_60I,106,2.4720
7RNI_60I,107,3.6572
7RNI_60I,108,3.8824
7RNI_60I,109,2.5946
7RNI_60I,11,1.9232
7RNI_60I,110,3.2298
7RNI_60I,111,3.5074
7RNI_60I,112,1.7910
7RNI_60I,113,2.6236
7RNI_60I,114,2.1117
7RNI_60I,115,8.4672
7RNI_60I,116,3.4605
7RNI_60I,117,1.9945
7RNI_60I,118,3.6117
7RNI_60I,119,2.4859
7RNI_60I,12,3.3131
7RNI_60I,120,6.1084
7RNI_60I,121,2.4125
7RNI_60I,122,3.0165
7RNI_60I,123,1.5039
7RNI_60I,124,2.1043
7RNI_60I,125,2.5129
7RNI_60I,126,1.6770
7RNI_60I,127,4.1462
7RNI_60I,128,3.8803
7RNI_60I,129,3.8057
7RNI_60I,13,3.6030
7RNI_60I,130,1.0880
7RNI_60I,131,4.3777
7RNI_60I,132,1.4310
7RNI_60I,133,3.7469
7RNI_60I,134,1.6407
7RNI_60I,135,3.7291
7RNI_60I,136,2.3046
7RNI_60I,137,5.6682
7RNI_60I,138,4.0640
7RNI_60I,139,3.5813
7RNI_60I,14,3.8904
7RNI_60I,15,2.4124
7RNI_60I,16,3.5128
7RNI_60I,17,3.7598
7RNI_60I,18,2.1402
7RNI_60I,19,3.5864
7RNI_60I,2,3.7018
7RNI_60I,20,3.6077
7RNI_60I,21,3.3027
7RNI_60I,22,3.5827
7RNI_60I,23,3.6725
7RNI_60I,24,1.7360
7RNI_60I,25,3.9527
7RNI_60I,26,3.7328
7RNI_60I,27,4.6278
7RNI_60I,28,3.5226
7RNI_60I,29,3.4452
7RNI_60I,3,2.0408
7RNI_60I,30,2.8862
7RNI_60I,31,4.1041
7RNI_60I,32,3.5528
7RNI_60I,33,2.4439
7RNI_60I,34,2.5604
7RNI_60I,35,3.6247
7RNI_60I,36,4.0452
7RNI_60I,37,6.2355
7RNI_60I,38,3.9643
7RNI_60I,39,2.8718
7RNI_60I,4,1.9332
7RNI_60I,40,3.7895
7RNI_60I,41,2.5400
7RNI_60I,42,2.4851
7RNI_60I,43,6.4626
7RNI_60I,44,4.5402
7RNI_60I,45,4.8809
7RNI_60I,46,3.8094
7RNI_60I,47,2.1411
7RNI_60I,48,3.6082
7RNI_60I,49,1.5725
7RNI_60I,5,3.4113
7RNI_60I,50,3.2595
7RNI_60I,51,3.7535
7RNI_60I,52,2.0063
7RNI_60I,53,3.7019
7RNI_60I,54,2.0865
7RNI_60I,55,3.8501
7RNI_60I,56,2.5109
7RNI_60I,57,1.0725
7RNI_60I,58,3.2916
7RNI_60I,59,1.5171
7RNI_60I,6,7.0284
7RNI_60I,60,2.3412
7RNI_60I,61,2.0697
7RNI_60I,62,3.9761
7RNI_60I,63,2.2801
7RNI_60I,64,3.3950
7RNI_60I,65,1.8453
7RNI_60I,66,2.5459
7RNI_60I,67,3.6065
7RNI_60I,68,1.2229
7RNI_60I,69,2.2306
7RNI_60I,7,3.9268
7RNI_60I,70,3.7179
7RNI_60I,71,2.5898
7RNI_60I,72,2.6732
7RNI_60I,73,9.1433
7RNI_60I,74,3.9413
7RNI_60I,75,2.1652
7RNI_60I,76,2.5496
7RNI_60I,77,3.5991
7RNI_60I,78,3.4606
7RNI_60I,79,3.7134
7RNI_60I,8,2.6303
7RNI_60I,80,3.6909
7RNI_60I,81,1.7794
7RNI_60I,82,3.4690
7RNI_60I,83,4.0566
7RNI_60I,84,7.3323
7RNI_60I,85,3.0864
7RNI_60I,86,2.3602
7RNI_60I,87,2.2590
7RNI_60I,88,4.2346
7RNI_60I,89,2.1798
7RNI_60I,9,3.5919
7RNI_60I,90,2.8585
7RNI_60I,91,2.4247
7RNI_60I,92,2.1642
7RNI_60I,93,2.4254
7RNI_60I,94,3.4529
7RNI_60I,95,1.9036
7RNI_60I,96,4.0958
7RNI_60I,97,4.0180
7RNI_60I,98,2.3967
7RNI_60I,99,4.0062
7ROR_69X,0,2.3117
7ROR_69X,1,2.2593
7ROR_69X,10,1.6998
7ROR_69X,100,1.6951
7ROR_69X,101,1.8162
7ROR_69X,102,1.0197
7ROR_69X,103,1.9945
7ROR_69X,104,0.7446
7ROR_69X,105,1.7611
7ROR_69X,106,1.3032
7ROR_69X,107,1.1525
7ROR_69X,108,0.9961
7ROR_69X,109,2.0058
7ROR_69X,11,2.4935
7ROR_69X,110,1.2968
7ROR_69X,111,1.7362
7ROR_69X,112,1.2796
7ROR_69X,113,1.4182
7ROR_69X,114,1.8193
7ROR_69X,115,2.0718
7ROR_69X,116,2.1695
7ROR_69X,117,1.3762
7ROR_69X,118,1.1267
7ROR_69X,119,0.5828
7ROR_69X,12,2.8799
7ROR_69X,120,0.9705
7ROR_69X,121,1.1964
7ROR_69X,122,1.6065
7ROR_69X,123,1.8807
7ROR_69X,124,1.7220
7ROR_69X,125,1.9693
7ROR_69X,126,1.0237
7ROR_69X,127,1.6823
7ROR_69X,128,0.7721
7ROR_69X,129,2.0132
7ROR_69X,13,1.8470
7ROR_69X,130,1.7572
7ROR_69X,131,1.0684
7ROR_69X,132,1.6580
7ROR_69X,133,1.2023
7ROR_69X,134,1.5933
7ROR_69X,135,1.2585
7ROR_69X,136,1.9954
7ROR_69X,137,1.3158
7ROR_69X,138,2.8298
7ROR_69X,139,3.0007
7ROR_69X,14,0.9380
7ROR_69X,15,1.0231
7ROR_69X,16,1.9378
7ROR_69X,17,2.1741
7ROR_69X,18,0.8326
7ROR_69X,19,1.6406
7ROR_69X,2,1.1776
7ROR_69X,20,2.1247
7ROR_69X,21,0.9859
7ROR_69X,22,2.0946
7ROR_69X,23,0.8502
7ROR_69X,24,1.6372
7ROR_69X,25,1.6955
7ROR_69X,26,3.0720
7ROR_69X,27,3.1301
7ROR_69X,28,1.7309
7ROR_69X,29,1.4084
7ROR_69X,3,1.3637
7ROR_69X,30,1.8418
7ROR_69X,31,1.7449
7ROR_69X,32,1.2466
7ROR_69X,33,1.5300
7ROR_69X,34,2.9845
7ROR_69X,35,1.6717
7ROR_69X,36,2.8676
7ROR_69X,37,1.0198
7ROR_69X,38,0.8612
7ROR_69X,39,1.7399
7ROR_69X,4,1.8431
7ROR_69X,40,1.5859
7ROR_69X,41,1.2704
7ROR_69X,42,3.1165
7ROR_69X,43,0.9633
7ROR_69X,44,2.3047
7ROR_69X,45,1.8559
7ROR_69X,46,1.2372
7ROR_69X,47,1.3650
7ROR_69X,48,2.0999
7ROR_69X,49,1.1256
7ROR_69X,5,2.2170
7ROR_69X,50,3.0843
7ROR_69X,51,2.3544
7ROR_69X,52,1.5409
7ROR_69X,53,0.9165
7ROR_69X,54,1.5332
7ROR_69X,55,1.5624
7ROR_69X,56,0.9706
7ROR_69X,57,1.7351
7ROR_69X,58,0.6640
7ROR_69X,59,1.9641
7ROR_69X,6,0.9186
7ROR_69X,60,2.2597
7ROR_69X,61,0.6593
7ROR_69X,62,1.1788
7ROR_69X,63,1.8161
7ROR_69X,64,3.2469
7ROR_69X,65,1.4776
7ROR_69X,66,1.8342
7ROR_69X,67,2.3552
7ROR_69X,68,1.5651
7ROR_69X,69,1.6586
7ROR_69X,7,0.8083
7ROR_69X,70,0.6186
7ROR_69X,71,0.7482
7ROR_69X,72,1.6568
7ROR_69X,73,1.7310
7ROR_69X,74,1.6969
7ROR_69X,75,2.8638
7ROR_69X,76,3.2169
7ROR_69X,77,1.1252
7ROR_69X,78,1.1116
7ROR_69X,79,0.9626
7ROR_69X,8,1.0123
7ROR_69X,80,2.3830
7ROR_69X,81,3.1962
7ROR_69X,82,2.1432
7ROR_69X,83,1.2318
7ROR_69X,84,0.6215
7ROR_69X,85,1.2203
7ROR_69X,86,1.2681
7ROR_69X,87,1.4312
7ROR_69X,88,1.1675
7ROR_69X,89,1.8631
7ROR_69X,9,1.1540
7ROR_69X,90,0.8687
7ROR_69X,91,1.6682
7ROR_69X,92,1.8599
7ROR_69X,93,1.8102
7ROR_69X,94,1.4559
7ROR_69X,95,1.0669
7ROR_69X,96,1.7324
7ROR_69X,97,0.6388
7ROR_69X,98,1.7648
7ROR_69X,99,1.1019
7ROU_66I,0,1.2140
7ROU_66I,1,1.0153
7ROU_66I,10,1.3107
7ROU_66I,100,2.1685
7ROU_66I,101,1.2147
7ROU_66I,102,3.4115
7ROU_66I,103,3.0610
7ROU_66I,104,0.9689
7ROU_66I,105,1.1873
7ROU_66I,106,1.8225
7ROU_66I,107,1.3193
7ROU_66I,108,1.1059
7ROU_66I,109,2.6587
7ROU_66I,11,2.8724
7ROU_66I,110,1.1342
7ROU_66I,111,1.2766
7ROU_66I,112,0.8930
7ROU_66I,113,3.5248
7ROU_66I,114,3.6360
7ROU_66I,115,1.0249
7ROU_66I,116,1.5837
7ROU_66I,116,1.6007
7ROU_66I,117,1.6243
7ROU_66I,118,1.2364
7ROU_66I,119,1.4576
7ROU_66I,12,1.5974
7ROU_66I,120,1.6906
7ROU_66I,121,2.6418
7ROU_66I,122,2.5502
7ROU_66I,123,1.2720
7ROU_66I,124,3.4646
7ROU_66I,125,2.9701
7ROU_66I,126,1.5329
7ROU_66I,127,1.3684
7ROU_66I,128,1.5193
7ROU_66I,129,3.3563
7ROU_66I,13,1.3679
7ROU_66I,130,0.9362
7ROU_66I,131,3.4517
7ROU_66I,132,1.0162
7ROU_66I,133,1.2841
7ROU_66I,134,1.3472
7ROU_66I,135,1.4419
7ROU_66I,136,1.2832
7ROU_66I,137,3.5447
7ROU_66I,138,1.7594
7ROU_66I,139,1.0269
7ROU_66I,14,1.1800
7ROU_66I,15,1.5972
7ROU_66I,16,3.6387
7ROU_66I,17,1.7115
7ROU_66I,18,1.3915
7ROU_66I,19,1.7594
7ROU_66I,2,3.5862
7ROU_66I,20,1.5739
7ROU_66I,21,1.6688
7ROU_66I,22,2.9190
7ROU_66I,23,1.0833
7ROU_66I,24,1.2056
7ROU_66I,25,1.1580
7ROU_66I,26,2.8573
7ROU_66I,27,3.0127
7ROU_66I,28,1.0745
7ROU_66I,29,9.8550
7ROU_66I,3,1.7288
7ROU_66I,30,1.6198
7ROU_66I,31,1.1418
7ROU_66I,32,1.4518
7ROU_66I,33,2.4540
7ROU_66I,34,1.1469
7ROU_66I,35,1.2164
7ROU_66I,36,1.2783
7ROU_66I,37,3.4820
7ROU_66I,38,1.2540
7ROU_66I,39,2.1367
7ROU_66I,4,3.5198
7ROU_66I,40,2.9331
7ROU_66I,41,2.3950
7ROU_66I,42,1.3141
7ROU_66I,43,1.6653
7ROU_66I,44,1.5373
7ROU_66I,45,0.9447
7ROU_66I,46,2.3925
7ROU_66I,47,1.6101
7ROU_66I,48,1.1596
7ROU_66I,49,2.1361
7ROU_66I,5,2.3848
7ROU_66I,50,1.2376
7ROU_66I,51,1.7591
7ROU_66I,52,2.1591
7ROU_66I,53,2.7322
7ROU_66I,54,1.3004
7ROU_66I,55,1.5654
7ROU_66I,56,1.2120
7ROU_66I,57,3.8526
7ROU_66I,58,3.5230
7ROU_66I,59,1.9167
7ROU_66I,6,2.5240
7ROU_66I,60,2.6411
7ROU_66I,61,3.6369
7ROU_66I,62,1.1116
7ROU_66I,63,3.7844
7ROU_66I,64,0.9256
7ROU_66I,65,1.6430
7ROU_66I,66,0.9650
7ROU_66I,67,1.2527
7ROU_66I,68,1.8885
7ROU_66I,69,1.3688
7ROU_66I,7,2.1420
7ROU_66I,70,1.4633
7ROU_66I,71,1.2529
7ROU_66I,72,1.1490
7ROU_66I,73,1.6483
7ROU_66I,74,1.5738
7ROU_66I,75,1.4213
7ROU_66I,76,1.2338
7ROU_66I,77,1.6167
7ROU_66I,78,3.6123
7ROU_66I,79,1.1652
7ROU_66I,8,1.9841
7ROU_66I,80,2.7909
7ROU_66I,81,3.6873
7ROU_66I,82,3.4052
7ROU_66I,83,3.4720
7ROU_66I,84,1.6408
7ROU_66I,85,1.4659
7ROU_66I,86,1.0245
7ROU_66I,87,0.9802
7ROU_66I,88,1.6258
7ROU_66I,89,3.2034
7ROU_66I,9,1.0836
7ROU_66I,90,2.9247
7ROU_66I,91,1.4242
7ROU_66I,91,1.2747
7ROU_66I,92,3.4153
7ROU_66I,93,3.5178
7ROU_66I,94,0.8252
7ROU_66I,95,1.0664
7ROU_66I,96,1.4068
7ROU_66I,97,1.7839
7ROU_66I,98,3.0475
7ROU_66I,99,1.2001
7RSV_7IQ,0,0.6959
7RSV_7IQ,1,0.8213
7RSV_7IQ,10,1.6100
7RSV_7IQ,100,1.6097
7RSV_7IQ,101,1.0095
7RSV_7IQ,102,1.8352
7RSV_7IQ,103,1.6857
7RSV_7IQ,104,1.6222
7RSV_7IQ,105,0.9218
7RSV_7IQ,106,2.9331
7RSV_7IQ,107,6.1497
7RSV_7IQ,108,1.0114
7RSV_7IQ,109,5.9083
7RSV_7IQ,11,1.6147
7RSV_7IQ,110,1.4930
7RSV_7IQ,111,1.1456
7RSV_7IQ,112,0.6261
7RSV_7IQ,113,1.3730
7RSV_7IQ,114,1.5523
7RSV_7IQ,115,1.6409
7RSV_7IQ,116,2.4890
7RSV_7IQ,117,0.3426
7RSV_7IQ,118,1.5592
7RSV_7IQ,119,0.5578
7RSV_7IQ,12,6.4423
7RSV_7IQ,120,0.8390
7RSV_7IQ,121,1.6542
7RSV_7IQ,122,0.6893
7RSV_7IQ,123,0.8453
7RSV_7IQ,124,0.9769
7RSV_7IQ,125,1.5367
7RSV_7IQ,126,1.6445
7RSV_7IQ,127,0.8464
7RSV_7IQ,128,0.8615
7RSV_7IQ,129,1.2897
7RSV_7IQ,13,1.5199
7RSV_7IQ,130,0.8218
7RSV_7IQ,131,0.6660
7RSV_7IQ,132,1.6400
7RSV_7IQ,133,6.2337
7RSV_7IQ,134,0.4411
7RSV_7IQ,135,1.5095
7RSV_7IQ,136,0.8773
7RSV_7IQ,137,1.5246
7RSV_7IQ,138,1.6714
7RSV_7IQ,139,3.2145
7RSV_7IQ,14,0.8958
7RSV_7IQ,15,0.4412
7RSV_7IQ,16,1.2263
7RSV_7IQ,17,1.5978
7RSV_7IQ,18,0.4531
7RSV_7IQ,19,2.8173
7RSV_7IQ,2,1.5529
7RSV_7IQ,20,1.6227
7RSV_7IQ,21,0.8710
7RSV_7IQ,22,6.2204
7RSV_7IQ,23,1.5870
7RSV_7IQ,24,1.6560
7RSV_7IQ,25,0.7685
7RSV_7IQ,26,1.6588
7RSV_7IQ,27,1.6234
7RSV_7IQ,28,1.5033
7RSV_7IQ,29,1.6225
7RSV_7IQ,3,0.6810
7RSV_7IQ,30,6.4817
7RSV_7IQ,31,6.1392
7RSV_7IQ,32,1.6250
7RSV_7IQ,33,2.8513
7RSV_7IQ,34,0.6480
7RSV_7IQ,35,1.6116
7RSV_7IQ,36,0.8237
7RSV_7IQ,37,0.7438
7RSV_7IQ,38,2.5884
7RSV_7IQ,39,1.2139
7RSV_7IQ,4,1.6592
7RSV_7IQ,40,0.9918
7RSV_7IQ,41,0.8147
7RSV_7IQ,42,0.8635
7RSV_7IQ,43,2.2168
7RSV_7IQ,44,1.7190
7RSV_7IQ,45,0.6544
7RSV_7IQ,46,1.5996
7RSV_7IQ,47,0.6722
7RSV_7IQ,48,1.6444
7RSV_7IQ,49,1.6155
7RSV_7IQ,5,1.5687
7RSV_7IQ,50,6.3667
7RSV_7IQ,51,0.6725
7RSV_7IQ,52,6.3094
7RSV_7IQ,53,0.5309
7RSV_7IQ,54,0.8468
7RSV_7IQ,55,2.6955
7RSV_7IQ,56,6.5591
7RSV_7IQ,57,1.6367
7RSV_7IQ,58,3.0925
7RSV_7IQ,59,2.9418
7RSV_7IQ,6,1.5387
7RSV_7IQ,60,1.6522
7RSV_7IQ,61,0.7572
7RSV_7IQ,62,0.6772
7RSV_7IQ,63,1.5135
7RSV_7IQ,64,1.7436
7RSV_7IQ,65,1.4373
7RSV_7IQ,66,2.9992
7RSV_7IQ,67,0.9886
7RSV_7IQ,68,0.5563
7RSV_7IQ,69,6.1775
7RSV_7IQ,7,1.5906
7RSV_7IQ,70,1.0411
7RSV_7IQ,71,0.9974
7RSV_7IQ,72,0.7359
7RSV_7IQ,73,1.0268
7RSV_7IQ,74,2.3434
7RSV_7IQ,75,6.5258
7RSV_7IQ,76,1.6859
7RSV_7IQ,77,6.1645
7RSV_7IQ,78,2.9324
7RSV_7IQ,79,1.6376
7RSV_7IQ,8,0.8522
7RSV_7IQ,80,6.5769
7RSV_7IQ,81,0.7792
7RSV_7IQ,82,1.8608
7RSV_7IQ,83,0.7321
7RSV_7IQ,84,0.8234
7RSV_7IQ,85,0.9079
7RSV_7IQ,86,0.6204
7RSV_7IQ,87,0.3816
7RSV_7IQ,88,1.6194
7RSV_7IQ,89,0.7287
7RSV_7IQ,9,0.9199
7RSV_7IQ,90,1.5442
7RSV_7IQ,91,1.5072
7RSV_7IQ,92,1.5251
7RSV_7IQ,93,0.8811
7RSV_7IQ,94,1.6564
7RSV_7IQ,95,0.7336
7RSV_7IQ,96,1.6080
7RSV_7IQ,97,0.8750
7RSV_7IQ,98,0.7424
7RSV_7IQ,99,1.6247
7RWS_4UR,0,7.7685
7RWS_4UR,1,3.1312
7RWS_4UR,10,3.2199
7RWS_4UR,100,3.6619
7RWS_4UR,101,3.3416
7RWS_4UR,102,9.2629
7RWS_4UR,103,8.8731
7RWS_4UR,104,2.4815
7RWS_4UR,105,7.8843
7RWS_4UR,106,2.7469
7RWS_4UR,107,3.5578
7RWS_4UR,108,8.6753
7RWS_4UR,109,8.9770
7RWS_4UR,11,9.1511
7RWS_4UR,110,3.8207
7RWS_4UR,111,8.9359
7RWS_4UR,112,9.3669
7RWS_4UR,113,4.0968
7RWS_4UR,114,3.2451
7RWS_4UR,115,4.3319
7RWS_4UR,116,3.7046
7RWS_4UR,117,4.1888
7RWS_4UR,118,2.6927
7RWS_4UR,119,3.3470
7RWS_4UR,12,3.8450
7RWS_4UR,120,2.0247
7RWS_4UR,121,9.2439
7RWS_4UR,122,3.8501
7RWS_4UR,123,8.5555
7RWS_4UR,124,1.9868
7RWS_4UR,125,3.2677
7RWS_4UR,126,3.9484
7RWS_4UR,127,8.8906
7RWS_4UR,128,9.2439
7RWS_4UR,129,3.3363
7RWS_4UR,13,9.0678
7RWS_4UR,130,3.5115
7RWS_4UR,131,9.2464
7RWS_4UR,132,8.6994
7RWS_4UR,133,8.3624
7RWS_4UR,134,4.1767
7RWS_4UR,135,8.9770
7RWS_4UR,136,3.9765
7RWS_4UR,137,4.0850
7RWS_4UR,138,2.5926
7RWS_4UR,139,8.9814
7RWS_4UR,14,8.8587
7RWS_4UR,15,8.5508
7RWS_4UR,16,4.7308
7RWS_4UR,17,3.6762
7RWS_4UR,18,7.8357
7RWS_4UR,19,3.5057
7RWS_4UR,2,2.2303
7RWS_4UR,20,3.2901
7RWS_4UR,21,8.5140
7RWS_4UR,22,8.8886
7RWS_4UR,23,9.3394
7RWS_4UR,24,4.0637
7RWS_4UR,25,8.4487
7RWS_4UR,26,8.7523
7RWS_4UR,27,3.8948
7RWS_4UR,28,3.6932
7RWS_4UR,29,8.5826
7RWS_4UR,3,9.5446
7RWS_4UR,30,7.8569
7RWS_4UR,31,2.2296
7RWS_4UR,32,7.0344
7RWS_4UR,33,9.2235
7RWS_4UR,34,2.7216
7RWS_4UR,35,2.5690
7RWS_4UR,36,8.6584
7RWS_4UR,37,9.0327
7RWS_4UR,38,2.2340
7RWS_4UR,39,9.3115
7RWS_4UR,4,8.7390
7RWS_4UR,40,8.6867
7RWS_4UR,41,9.0175
7RWS_4UR,42,3.9692
7RWS_4UR,43,8.4329
7RWS_4UR,44,8.1260
7RWS_4UR,45,6.3770
7RWS_4UR,46,3.1595
7RWS_4UR,47,2.7121
7RWS_4UR,48,8.6158
7RWS_4UR,49,9.2707
7RWS_4UR,5,2.8020
7RWS_4UR,50,3.3477
7RWS_4UR,51,8.2505
7RWS_4UR,52,4.6984
7RWS_4UR,53,2.1001
7RWS_4UR,54,8.7410
7RWS_4UR,55,8.8157
7RWS_4UR,56,8.6774
7RWS_4UR,57,5.7391
7RWS_4UR,58,8.0393
7RWS_4UR,59,8.7313
7RWS_4UR,6,3.3364
7RWS_4UR,60,9.3458
7RWS_4UR,61,4.7599
7RWS_4UR,62,8.4720
7RWS_4UR,63,9.1883
7RWS_4UR,64,9.1754
7RWS_4UR,65,8.7849
7RWS_4UR,66,3.8305
7RWS_4UR,67,9.1997
7RWS_4UR,68,9.0111
7RWS_4UR,69,2.6137
7RWS_4UR,7,8.4375
7RWS_4UR,70,8.1776
7RWS_4UR,71,3.4882
7RWS_4UR,72,8.8706
7RWS_4UR,73,9.0978
7RWS_4UR,74,2.7965
7RWS_4UR,75,8.6285
7RWS_4UR,76,9.1746
7RWS_4UR,77,4.4941
7RWS_4UR,78,4.2410
7RWS_4UR,79,3.6298
7RWS_4UR,8,2.0654
7RWS_4UR,80,9.2328
7RWS_4UR,81,9.1562
7RWS_4UR,82,2.8110
7RWS_4UR,83,3.4512
7RWS_4UR,84,4.4752
7RWS_4UR,85,7.9451
7RWS_4UR,86,3.5943
7RWS_4UR,87,8.4189
7RWS_4UR,87,9.1086
7RWS_4UR,88,6.4775
7RWS_4UR,89,3.2165
7RWS_4UR,9,8.6431
7RWS_4UR,90,9.1857
7RWS_4UR,91,8.7108
7RWS_4UR,92,2.9674
7RWS_4UR,93,4.3777
7RWS_4UR,94,3.1433
7RWS_4UR,95,4.7108
7RWS_4UR,96,3.5911
7RWS_4UR,97,3.7246
7RWS_4UR,98,2.6598
7RWS_4UR,99,8.8382
7RZL_NPO,0,2.1792
7RZL_NPO,1,4.0227
7RZL_NPO,10,4.0744
7RZL_NPO,100,3.4040
7RZL_NPO,101,4.0433
7RZL_NPO,102,3.5245
7RZL_NPO,103,3.7239
7RZL_NPO,104,4.1560
7RZL_NPO,105,2.9855
7RZL_NPO,106,3.4960
7RZL_NPO,107,3.2953
7RZL_NPO,108,4.2107
7RZL_NPO,109,3.5842
7RZL_NPO,11,2.5912
7RZL_NPO,110,4.1756
7RZL_NPO,111,3.2453
7RZL_NPO,112,4.0882
7RZL_NPO,113,3.6293
7RZL_NPO,114,3.6519
7RZL_NPO,115,3.2510
7RZL_NPO,116,2.9919
7RZL_NPO,117,4.1959
7RZL_NPO,118,4.1769
7RZL_NPO,119,3.9594
7RZL_NPO,12,3.3414
7RZL_NPO,120,3.1792
7RZL_NPO,121,2.9043
7RZL_NPO,122,4.0783
7RZL_NPO,123,4.0515
7RZL_NPO,124,3.1972
7RZL_NPO,125,4.1332
7RZL_NPO,126,3.9856
7RZL_NPO,127,1.7215
7RZL_NPO,128,4.1677
7RZL_NPO,129,4.1090
7RZL_NPO,13,3.6824
7RZL_NPO,130,3.9896
7RZL_NPO,131,3.3557
7RZL_NPO,132,3.9736
7RZL_NPO,133,2.6868
7RZL_NPO,134,3.8754
7RZL_NPO,135,3.9538
7RZL_NPO,136,2.9632
7RZL_NPO,137,4.0387
7RZL_NPO,138,4.2122
7RZL_NPO,139,2.7375
7RZL_NPO,14,3.7237
7RZL_NPO,15,2.8045
7RZL_NPO,16,3.1815
7RZL_NPO,17,2.6861
7RZL_NPO,18,4.1087
7RZL_NPO,19,4.0167
7RZL_NPO,2,4.1708
7RZL_NPO,20,4.0090
7RZL_NPO,21,3.0822
7RZL_NPO,22,4.1811
7RZL_NPO,23,3.5870
7RZL_NPO,24,1.1229
7RZL_NPO,25,4.0667
7RZL_NPO,26,4.1409
7RZL_NPO,27,4.1528
7RZL_NPO,28,2.6511
7RZL_NPO,29,3.6246
7RZL_NPO,3,2.1849
7RZL_NPO,30,3.7829
7RZL_NPO,31,4.0880
7RZL_NPO,32,4.0249
7RZL_NPO,33,4.1446
7RZL_NPO,34,3.8383
7RZL_NPO,35,3.1982
7RZL_NPO,36,4.0695
7RZL_NPO,37,3.0785
7RZL_NPO,38,3.2725
7RZL_NPO,39,1.3256
7RZL_NPO,4,4.0835
7RZL_NPO,40,3.3232
7RZL_NPO,41,3.5237
7RZL_NPO,42,3.6886
7RZL_NPO,43,2.7665
7RZL_NPO,44,3.7828
7RZL_NPO,45,2.7261
7RZL_NPO,46,3.0952
7RZL_NPO,47,3.1167
7RZL_NPO,48,2.7377
7RZL_NPO,49,3.4573
7RZL_NPO,5,2.9695
7RZL_NPO,50,2.9244
7RZL_NPO,51,4.0501
7RZL_NPO,52,3.1799
7RZL_NPO,53,4.0322
7RZL_NPO,54,2.1589
7RZL_NPO,55,2.8293
7RZL_NPO,56,3.6118
7RZL_NPO,57,3.0275
7RZL_NPO,58,3.9310
7RZL_NPO,59,3.7471
7RZL_NPO,6,3.1768
7RZL_NPO,60,3.8796
7RZL_NPO,61,4.0218
7RZL_NPO,62,3.4496
7RZL_NPO,63,3.7435
7RZL_NPO,64,3.4699
7RZL_NPO,65,2.8524
7RZL_NPO,66,2.7232
7RZL_NPO,67,2.6229
7RZL_NPO,67,2.7314
7RZL_NPO,68,4.1344
7RZL_NPO,69,3.6516
7RZL_NPO,7,3.2071
7RZL_NPO,70,4.0022
7RZL_NPO,71,4.0332
7RZL_NPO,72,3.6224
7RZL_NPO,73,3.0077
7RZL_NPO,74,1.4527
7RZL_NPO,75,4.0707
7RZL_NPO,76,3.0449
7RZL_NPO,77,4.1478
7RZL_NPO,78,3.7790
7RZL_NPO,79,4.0716
7RZL_NPO,8,2.4066
7RZL_NPO,80,3.1075
7RZL_NPO,81,3.7649
7RZL_NPO,82,3.3587
7RZL_NPO,83,4.1673
7RZL_NPO,84,2.7599
7RZL_NPO,85,3.2879
7RZL_NPO,86,3.0612
7RZL_NPO,87,4.0228
7RZL_NPO,88,2.7252
7RZL_NPO,89,3.1499
7RZL_NPO,9,3.4711
7RZL_NPO,90,2.0540
7RZL_NPO,91,4.1117
7RZL_NPO,92,3.5996
7RZL_NPO,93,3.9720
7RZL_NPO,94,2.9068
7RZL_NPO,95,3.1963
7RZL_NPO,96,3.9091
7RZL_NPO,97,3.3954
7RZL_NPO,98,3.5473
7RZL_NPO,99,3.7144
7SCW_GSP,0,0.9510
7SCW_GSP,1,0.5660
7SCW_GSP,10,2.0725
7SCW_GSP,100,1.0493
7SCW_GSP,101,0.9093
7SCW_GSP,102,2.5760
7SCW_GSP,103,1.8696
7SCW_GSP,104,0.9287
7SCW_GSP,105,2.0110
7SCW_GSP,106,2.0389
7SCW_GSP,107,1.1135
7SCW_GSP,108,1.9511
7SCW_GSP,109,0.8931
7SCW_GSP,11,0.5566
7SCW_GSP,110,0.5688
7SCW_GSP,111,1.0400
7SCW_GSP,112,2.1027
7SCW_GSP,113,2.2050
7SCW_GSP,114,1.3802
7SCW_GSP,115,1.9037
7SCW_GSP,116,0.8649
7SCW_GSP,117,0.9249
7SCW_GSP,118,0.8117
7SCW_GSP,119,2.0169
7SCW_GSP,12,2.2472
7SCW_GSP,120,0.7821
7SCW_GSP,121,1.2223
7SCW_GSP,122,2.1512
7SCW_GSP,123,1.5173
7SCW_GSP,124,1.6113
7SCW_GSP,125,0.9747
7SCW_GSP,126,0.9031
7SCW_GSP,127,0.7754
7SCW_GSP,128,1.2117
7SCW_GSP,129,1.3087
7SCW_GSP,13,2.2033
7SCW_GSP,130,1.9743
7SCW_GSP,131,1.9695
7SCW_GSP,132,1.1007
7SCW_GSP,133,1.1435
7SCW_GSP,134,1.2172
7SCW_GSP,135,2.0650
7SCW_GSP,136,2.0742
7SCW_GSP,137,1.2515
7SCW_GSP,138,2.3890
7SCW_GSP,139,0.5612
7SCW_GSP,14,1.1340
7SCW_GSP,15,0.8794
7SCW_GSP,16,0.9808
7SCW_GSP,17,1.0382
7SCW_GSP,18,0.8269
7SCW_GSP,19,1.0155
7SCW_GSP,2,0.7831
7SCW_GSP,20,0.6442
7SCW_GSP,21,1.0697
7SCW_GSP,22,1.3638
7SCW_GSP,23,2.0917
7SCW_GSP,24,1.5828
7SCW_GSP,25,2.0372
7SCW_GSP,26,1.0296
7SCW_GSP,27,1.1728
7SCW_GSP,28,0.9524
7SCW_GSP,29,1.0753
7SCW_GSP,3,2.1029
7SCW_GSP,30,1.2450
7SCW_GSP,31,0.9140
7SCW_GSP,32,0.6035
7SCW_GSP,33,1.0569
7SCW_GSP,34,1.4691
7SCW_GSP,35,0.5479
7SCW_GSP,36,0.9709
7SCW_GSP,37,1.0559
7SCW_GSP,38,0.4904
7SCW_GSP,39,0.9993
7SCW_GSP,4,1.7765
7SCW_GSP,40,1.5272
7SCW_GSP,41,0.8310
7SCW_GSP,42,1.6704
7SCW_GSP,43,0.9061
7SCW_GSP,44,1.0922
7SCW_GSP,45,1.2372
7SCW_GSP,46,0.5101
7SCW_GSP,47,1.0847
7SCW_GSP,48,1.7511
7SCW_GSP,49,1.0430
7SCW_GSP,5,0.8172
7SCW_GSP,50,0.7764
7SCW_GSP,51,2.1833
7SCW_GSP,52,2.2401
7SCW_GSP,53,1.7204
7SCW_GSP,54,1.1627
7SCW_GSP,55,0.9643
7SCW_GSP,56,1.2363
7SCW_GSP,57,0.7463
7SCW_GSP,58,1.3881
7SCW_GSP,59,1.0192
7SCW_GSP,6,1.3104
7SCW_GSP,60,1.3139
7SCW_GSP,61,0.9773
7SCW_GSP,62,1.6945
7SCW_GSP,63,0.8198
7SCW_GSP,64,2.0208
7SCW_GSP,65,1.2007
7SCW_GSP,66,2.1079
7SCW_GSP,67,1.0608
7SCW_GSP,68,1.1579
7SCW_GSP,69,1.0042
7SCW_GSP,7,1.8698
7SCW_GSP,70,0.5090
7SCW_GSP,71,0.5447
7SCW_GSP,72,1.1130
7SCW_GSP,73,1.1991
7SCW_GSP,74,0.8830
7SCW_GSP,75,0.6703
7SCW_GSP,76,2.3791
7SCW_GSP,77,0.7099
7SCW_GSP,78,1.9792
7SCW_GSP,79,1.1137
7SCW_GSP,8,2.1062
7SCW_GSP,80,1.2545
7SCW_GSP,81,1.1179
7SCW_GSP,82,2.4642
7SCW_GSP,83,1.0990
7SCW_GSP,84,1.0972
7SCW_GSP,85,0.8310
7SCW_GSP,86,0.7928
7SCW_GSP,87,1.3762
7SCW_GSP,88,2.2158
7SCW_GSP,89,0.9351
7SCW_GSP,9,1.2261
7SCW_GSP,90,2.0012
7SCW_GSP,91,2.0837
7SCW_GSP,92,1.0455
7SCW_GSP,93,0.7351
7SCW_GSP,94,0.7435
7SCW_GSP,95,1.9965
7SCW_GSP,96,1.1443
7SCW_GSP,97,0.8031
7SCW_GSP,98,0.8687
7SCW_GSP,99,2.0084
7SDD_4IP,0,5.6125
7SDD_4IP,1,5.3625
7SDD_4IP,10,4.1613
7SDD_4IP,100,2.8031
7SDD_4IP,101,5.2544
7SDD_4IP,102,5.8978
7SDD_4IP,103,5.4052
7SDD_4IP,104,5.0956
7SDD_4IP,105,3.7539
7SDD_4IP,106,3.8633
7SDD_4IP,107,4.2247
7SDD_4IP,108,5.3838
7SDD_4IP,109,5.6837
7SDD_4IP,11,5.7228
7SDD_4IP,110,5.9038
7SDD_4IP,111,5.5452
7SDD_4IP,112,5.6085
7SDD_4IP,113,4.1920
7SDD_4IP,114,5.6055
7SDD_4IP,115,3.7431
7SDD_4IP,116,5.5788
7SDD_4IP,117,5.3910
7SDD_4IP,118,5.4361
7SDD_4IP,119,3.3885
7SDD_4IP,12,5.4173
7SDD_4IP,120,3.9809
7SDD_4IP,121,5.5086
7SDD_4IP,122,5.6118
7SDD_4IP,123,5.5668
7SDD_4IP,124,5.9098
7SDD_4IP,125,5.3364
7SDD_4IP,126,5.0555
7SDD_4IP,127,5.2403
7SDD_4IP,128,4.1326
7SDD_4IP,129,5.6477
7SDD_4IP,13,4.3937
7SDD_4IP,130,4.5965
7SDD_4IP,131,3.6166
7SDD_4IP,132,4.5484
7SDD_4IP,133,5.7943
7SDD_4IP,134,3.3652
7SDD_4IP,135,5.7695
7SDD_4IP,136,5.0787
7SDD_4IP,137,3.7834
7SDD_4IP,138,5.0550
7SDD_4IP,139,3.3355
7SDD_4IP,14,5.7208
7SDD_4IP,15,4.9671
7SDD_4IP,16,4.8215
7SDD_4IP,17,2.9267
7SDD_4IP,18,4.9266
7SDD_4IP,19,5.5291
7SDD_4IP,2,5.4426
7SDD_4IP,20,4.8372
7SDD_4IP,21,1.9641
7SDD_4IP,22,4.2428
7SDD_4IP,23,4.9937
7SDD_4IP,24,2.4898
7SDD_4IP,25,5.5567
7SDD_4IP,26,5.5269
7SDD_4IP,27,2.1602
7SDD_4IP,28,3.5730
7SDD_4IP,29,4.8007
7SDD_4IP,3,5.0227
7SDD_4IP,30,5.3518
7SDD_4IP,31,5.5122
7SDD_4IP,32,3.8776
7SDD_4IP,33,4.1936
7SDD_4IP,34,5.7159
7SDD_4IP,35,5.2684
7SDD_4IP,36,5.2944
7SDD_4IP,37,5.6268
7SDD_4IP,38,5.5889
7SDD_4IP,39,3.5434
7SDD_4IP,4,4.0617
7SDD_4IP,40,5.5333
7SDD_4IP,41,5.5179
7SDD_4IP,42,5.3492
7SDD_4IP,43,5.2568
7SDD_4IP,44,2.5097
7SDD_4IP,45,5.4047
7SDD_4IP,46,5.6440
7SDD_4IP,47,4.9993
7SDD_4IP,48,5.2270
7SDD_4IP,49,5.6855
7SDD_4IP,5,4.1414
7SDD_4IP,50,4.7245
7SDD_4IP,51,5.2450
7SDD_4IP,52,4.2196
7SDD_4IP,53,5.9172
7SDD_4IP,54,5.5656
7SDD_4IP,55,4.1795
7SDD_4IP,56,4.1960
7SDD_4IP,57,3.8484
7SDD_4IP,58,2.3730
7SDD_4IP,59,2.9578
7SDD_4IP,6,4.4867
7SDD_4IP,60,5.8397
7SDD_4IP,61,5.3183
7SDD_4IP,62,5.7334
7SDD_4IP,63,2.1608
7SDD_4IP,64,4.9449
7SDD_4IP,65,3.4756
7SDD_4IP,66,3.0446
7SDD_4IP,67,3.8313
7SDD_4IP,68,1.7842
7SDD_4IP,69,2.1088
7SDD_4IP,7,2.8732
7SDD_4IP,70,2.3282
7SDD_4IP,71,5.4204
7SDD_4IP,72,3.2095
7SDD_4IP,73,5.4066
7SDD_4IP,74,3.6753
7SDD_4IP,75,5.4215
7SDD_4IP,76,2.3229
7SDD_4IP,77,2.5894
7SDD_4IP,78,3.4016
7SDD_4IP,79,5.5730
7SDD_4IP,8,5.4988
7SDD_4IP,80,5.3776
7SDD_4IP,81,5.2450
7SDD_4IP,82,2.2962
7SDD_4IP,83,4.7508
7SDD_4IP,84,5.1551
7SDD_4IP,85,4.4747
7SDD_4IP,86,5.4769
7SDD_4IP,87,3.0819
7SDD_4IP,88,4.6838
7SDD_4IP,89,3.4635
7SDD_4IP,9,3.8175
7SDD_4IP,90,3.1085
7SDD_4IP,91,4.9060
7SDD_4IP,92,5.3721
7SDD_4IP,93,5.5433
7SDD_4IP,94,5.8361
7SDD_4IP,95,3.5016
7SDD_4IP,96,5.4617
7SDD_4IP,97,5.8292
7SDD_4IP,98,3.3083
7SDD_4IP,99,5.3400
7SFO_98L,0,1.6294
7SFO_98L,1,2.4647
7SFO_98L,10,4.7615
7SFO_98L,100,1.3236
7SFO_98L,101,1.4100
7SFO_98L,102,4.6525
7SFO_98L,103,1.4639
7SFO_98L,104,0.7919
7SFO_98L,105,4.5990
7SFO_98L,106,0.4620
7SFO_98L,107,2.6810
7SFO_98L,108,0.6659
7SFO_98L,109,4.5870
7SFO_98L,11,4.5094
7SFO_98L,110,1.3747
7SFO_98L,111,4.6678
7SFO_98L,112,1.4909
7SFO_98L,113,4.6356
7SFO_98L,114,1.2623
7SFO_98L,115,0.4641
7SFO_98L,116,1.3383
7SFO_98L,117,1.6957
7SFO_98L,118,2.3560
7SFO_98L,119,4.6943
7SFO_98L,12,4.5959
7SFO_98L,120,1.4784
7SFO_98L,121,1.9906
7SFO_98L,122,4.2900
7SFO_98L,123,4.5812
7SFO_98L,124,4.5702
7SFO_98L,125,4.5330
7SFO_98L,126,4.6245
7SFO_98L,127,1.1662
7SFO_98L,128,1.2912
7SFO_98L,129,0.5519
7SFO_98L,13,1.3333
7SFO_98L,130,4.6143
7SFO_98L,131,4.3401
7SFO_98L,132,2.2397
7SFO_98L,133,4.7071
7SFO_98L,134,1.3821
7SFO_98L,135,4.5552
7SFO_98L,136,1.3745
7SFO_98L,137,5.0795
7SFO_98L,138,4.5382
7SFO_98L,139,1.2292
7SFO_98L,14,1.3402
7SFO_98L,15,2.4152
7SFO_98L,16,4.5962
7SFO_98L,17,1.7632
7SFO_98L,18,4.4895
7SFO_98L,19,1.4644
7SFO_98L,2,0.7554
7SFO_98L,20,4.5619
7SFO_98L,21,1.6888
7SFO_98L,22,4.4880
7SFO_98L,23,4.6915
7SFO_98L,24,0.4269
7SFO_98L,25,1.3227
7SFO_98L,26,0.6797
7SFO_98L,27,4.6185
7SFO_98L,28,1.2825
7SFO_98L,29,4.6977
7SFO_98L,3,0.4412
7SFO_98L,30,1.3214
7SFO_98L,31,4.7285
7SFO_98L,32,0.5624
7SFO_98L,33,4.6194
7SFO_98L,34,4.4250
7SFO_98L,35,4.5800
7SFO_98L,36,0.7881
7SFO_98L,37,1.3211
7SFO_98L,38,1.3720
7SFO_98L,39,4.5303
7SFO_98L,4,1.0443
7SFO_98L,40,0.6205
7SFO_98L,41,4.5651
7SFO_98L,42,0.8895
7SFO_98L,43,4.6514
7SFO_98L,44,0.8953
7SFO_98L,45,0.4057
7SFO_98L,46,1.3883
7SFO_98L,47,1.3576
7SFO_98L,48,2.0325
7SFO_98L,49,4.9230
7SFO_98L,5,5.6138
7SFO_98L,50,0.5292
7SFO_98L,51,0.8887
7SFO_98L,52,0.7824
7SFO_98L,53,1.3838
7SFO_98L,54,0.9222
7SFO_98L,55,4.1931
7SFO_98L,56,4.6850
7SFO_98L,57,0.8627
7SFO_98L,58,1.4407
7SFO_98L,59,4.4723
7SFO_98L,6,0.9432
7SFO_98L,60,4.3601
7SFO_98L,61,1.5469
7SFO_98L,62,0.7041
7SFO_98L,63,4.5343
7SFO_98L,64,4.9545
7SFO_98L,65,1.2897
7SFO_98L,66,0.9826
7SFO_98L,67,1.5265
7SFO_98L,68,1.0644
7SFO_98L,69,5.1035
7SFO_98L,7,1.7683
7SFO_98L,70,0.9533
7SFO_98L,71,4.6394
7SFO_98L,72,4.8469
7SFO_98L,73,4.7608
7SFO_98L,74,2.6540
7SFO_98L,75,1.3880
7SFO_98L,76,2.5221
7SFO_98L,77,2.5941
7SFO_98L,78,2.6788
7SFO_98L,79,0.3550
7SFO_98L,8,0.8284
7SFO_98L,80,1.4631
7SFO_98L,81,2.4784
7SFO_98L,82,1.0512
7SFO_98L,83,1.0751
7SFO_98L,84,4.7201
7SFO_98L,85,5.1489
7SFO_98L,86,2.2231
7SFO_98L,87,1.0982
7SFO_98L,88,1.3555
7SFO_98L,89,4.6355
7SFO_98L,9,1.0011
7SFO_98L,90,1.4072
7SFO_98L,91,4.5269
7SFO_98L,92,2.4439
7SFO_98L,93,1.3587
7SFO_98L,94,4.6508
7SFO_98L,95,1.6707
7SFO_98L,96,4.7036
7SFO_98L,97,4.6136
7SFO_98L,98,4.8258
7SFO_98L,99,4.6771
7SIU_9ID,0,0.2555
7SIU_9ID,1,10.3838
7SIU_9ID,10,1.5291
7SIU_9ID,100,1.6423
7SIU_9ID,101,1.6568
7SIU_9ID,102,10.4761
7SIU_9ID,103,1.6032
7SIU_9ID,104,1.3986
7SIU_9ID,105,1.4071
7SIU_9ID,106,1.0077
7SIU_9ID,107,1.4372
7SIU_9ID,108,1.9867
7SIU_9ID,108,10.3393
7SIU_9ID,109,1.3506
7SIU_9ID,11,1.4024
7SIU_9ID,110,1.1901
7SIU_9ID,111,1.5468
7SIU_9ID,112,0.5841
7SIU_9ID,113,0.4473
7SIU_9ID,114,1.5070
7SIU_9ID,115,10.3020
7SIU_9ID,116,2.0367
7SIU_9ID,117,10.6034
7SIU_9ID,118,1.5551
7SIU_9ID,119,10.6822
7SIU_9ID,12,9.9676
7SIU_9ID,120,0.7530
7SIU_9ID,121,9.9811
7SIU_9ID,122,10.3164
7SIU_9ID,123,1.8178
7SIU_9ID,124,1.1818
7SIU_9ID,125,1.3120
7SIU_9ID,126,10.6499
7SIU_9ID,127,10.7133
7SIU_9ID,128,1.1318
7SIU_9ID,129,1.4383
7SIU_9ID,13,2.0053
7SIU_9ID,130,9.7527
7SIU_9ID,131,0.9031
7SIU_9ID,132,2.2183
7SIU_9ID,133,10.3932
7SIU_9ID,134,1.1218
7SIU_9ID,135,10.2153
7SIU_9ID,136,1.2068
7SIU_9ID,137,10.5123
7SIU_9ID,138,1.6034
7SIU_9ID,139,0.6706
7SIU_9ID,14,2.8918
7SIU_9ID,15,8.0280
7SIU_9ID,16,9.8641
7SIU_9ID,17,0.5158
7SIU_9ID,18,1.9524
7SIU_9ID,19,0.8643
7SIU_9ID,2,10.2343
7SIU_9ID,20,0.8338
7SIU_9ID,21,7.4631
7SIU_9ID,22,1.1772
7SIU_9ID,23,0.5411
7SIU_9ID,24,1.3240
7SIU_9ID,25,1.1621
7SIU_9ID,26,0.8234
7SIU_9ID,27,0.8804
7SIU_9ID,28,2.2319
7SIU_9ID,29,1.1654
7SIU_9ID,3,1.5074
7SIU_9ID,30,0.8649
7SIU_9ID,31,0.4634
7SIU_9ID,32,2.7197
7SIU_9ID,33,8.6397
7SIU_9ID,34,2.1367
7SIU_9ID,35,0.9880
7SIU_9ID,36,10.1676
7SIU_9ID,37,10.0661
7SIU_9ID,38,1.5084
7SIU_9ID,39,1.3975
7SIU_9ID,4,0.9263
7SIU_9ID,40,1.3387
7SIU_9ID,41,10.5823
7SIU_9ID,42,1.0469
7SIU_9ID,43,1.5655
7SIU_9ID,44,1.8500
7SIU_9ID,45,1.6304
7SIU_9ID,46,4.8344
7SIU_9ID,47,2.5727
7SIU_9ID,48,0.9460
7SIU_9ID,49,1.7481
7SIU_9ID,5,0.9018
7SIU_9ID,50,10.5730
7SIU_9ID,51,1.3650
7SIU_9ID,52,9.8447
7SIU_9ID,53,10.2237
7SIU_9ID,54,1.4493
7SIU_9ID,55,1.7145
7SIU_9ID,56,0.9414
7SIU_9ID,57,1.3233
7SIU_9ID,58,1.0204
7SIU_9ID,59,1.0858
7SIU_9ID,6,10.2866
7SIU_9ID,60,10.6537
7SIU_9ID,61,1.2314
7SIU_9ID,62,1.1727
7SIU_9ID,63,1.0350
7SIU_9ID,64,1.3518
7SIU_9ID,65,0.9000
7SIU_9ID,66,1.5674
7SIU_9ID,67,0.9843
7SIU_9ID,68,0.8368
7SIU_9ID,69,1.0647
7SIU_9ID,7,10.4553
7SIU_9ID,70,0.7830
7SIU_9ID,71,10.5034
7SIU_9ID,72,2.0023
7SIU_9ID,73,1.4237
7SIU_9ID,74,1.4637
7SIU_9ID,75,10.3848
7SIU_9ID,76,1.4337
7SIU_9ID,77,3.8834
7SIU_9ID,78,1.3091
7SIU_9ID,79,10.3855
7SIU_9ID,8,2.1162
7SIU_9ID,80,10.0141
7SIU_9ID,81,1.6699
7SIU_9ID,82,9.9069
7SIU_9ID,83,8.2300
7SIU_9ID,84,1.1695
7SIU_9ID,85,1.6961
7SIU_9ID,86,1.6363
7SIU_9ID,87,1.1032
7SIU_9ID,88,10.3679
7SIU_9ID,89,0.8870
7SIU_9ID,9,10.6411
7SIU_9ID,90,9.8415
7SIU_9ID,91,9.8807
7SIU_9ID,92,1.9135
7SIU_9ID,93,10.6970
7SIU_9ID,94,1.5720
7SIU_9ID,95,1.5072
7SIU_9ID,96,0.9477
7SIU_9ID,97,9.9613
7SIU_9ID,98,1.1558
7SIU_9ID,99,1.5978
7SUC_COM,0,3.8656
7SUC_COM,1,0.9798
7SUC_COM,10,1.5616
7SUC_COM,100,1.7350
7SUC_COM,101,1.2920
7SUC_COM,102,1.9968
7SUC_COM,103,1.0989
7SUC_COM,104,3.6148
7SUC_COM,105,1.5060
7SUC_COM,106,1.7976
7SUC_COM,107,1.9039
7SUC_COM,108,3.6098
7SUC_COM,109,3.7874
7SUC_COM,11,2.2257
7SUC_COM,110,1.5658
7SUC_COM,111,1.3722
7SUC_COM,112,1.6379
7SUC_COM,113,1.8985
7SUC_COM,114,1.5218
7SUC_COM,115,3.5230
7SUC_COM,116,1.1748
7SUC_COM,117,3.6817
7SUC_COM,118,1.5384
7SUC_COM,119,1.0506
7SUC_COM,12,1.9492
7SUC_COM,120,1.7744
7SUC_COM,121,3.6876
7SUC_COM,122,1.9427
7SUC_COM,123,1.4935
7SUC_COM,124,3.5364
7SUC_COM,125,2.3800
7SUC_COM,126,1.2116
7SUC_COM,127,2.4683
7SUC_COM,128,1.6701
7SUC_COM,129,1.6941
7SUC_COM,13,2.0817
7SUC_COM,130,2.0266
7SUC_COM,131,1.3013
7SUC_COM,132,1.1321
7SUC_COM,133,1.1693
7SUC_COM,134,1.6147
7SUC_COM,135,1.4479
7SUC_COM,136,1.9362
7SUC_COM,137,1.8406
7SUC_COM,138,1.4276
7SUC_COM,139,1.6942
7SUC_COM,14,1.5989
7SUC_COM,15,1.6551
7SUC_COM,16,3.8993
7SUC_COM,17,1.9876
7SUC_COM,18,1.7103
7SUC_COM,19,2.0717
7SUC_COM,2,3.7789
7SUC_COM,20,1.1113
7SUC_COM,21,1.9669
7SUC_COM,22,1.7924
7SUC_COM,23,1.6795
7SUC_COM,24,2.1000
7SUC_COM,25,3.6474
7SUC_COM,26,1.9793
7SUC_COM,27,1.4447
7SUC_COM,28,1.6524
7SUC_COM,29,2.2118
7SUC_COM,3,1.5447
7SUC_COM,30,2.1189
7SUC_COM,31,2.0393
7SUC_COM,32,1.8759
7SUC_COM,33,1.6587
7SUC_COM,34,1.9265
7SUC_COM,35,1.4492
7SUC_COM,36,3.6711
7SUC_COM,37,2.0648
7SUC_COM,38,1.9946
7SUC_COM,39,2.6622
7SUC_COM,4,1.3984
7SUC_COM,40,2.5678
7SUC_COM,41,1.6989
7SUC_COM,42,3.8499
7SUC_COM,43,1.6446
7SUC_COM,44,1.6437
7SUC_COM,45,2.0101
7SUC_COM,46,3.9443
7SUC_COM,47,2.1721
7SUC_COM,48,1.0596
7SUC_COM,49,1.7432
7SUC_COM,5,1.6712
7SUC_COM,50,3.7639
7SUC_COM,51,1.3476
7SUC_COM,52,1.6501
7SUC_COM,53,2.3377
7SUC_COM,54,2.6642
7SUC_COM,55,1.8895
7SUC_COM,56,1.3791
7SUC_COM,57,1.9925
7SUC_COM,58,1.7389
7SUC_COM,59,3.7929
7SUC_COM,6,1.9450
7SUC_COM,60,3.5302
7SUC_COM,61,2.0028
7SUC_COM,62,2.4959
7SUC_COM,63,2.9000
7SUC_COM,64,1.9883
7SUC_COM,65,1.9093
7SUC_COM,66,1.3130
7SUC_COM,67,1.5343
7SUC_COM,68,1.9465
7SUC_COM,69,2.0170
7SUC_COM,7,1.8339
7SUC_COM,70,1.9729
7SUC_COM,71,3.5719
7SUC_COM,72,3.3695
7SUC_COM,73,3.7594
7SUC_COM,74,1.8482
7SUC_COM,75,1.5991
7SUC_COM,76,1.9357
7SUC_COM,77,2.0684
7SUC_COM,78,1.7312
7SUC_COM,79,2.3435
7SUC_COM,8,3.5509
7SUC_COM,80,1.7144
7SUC_COM,80,1.9509
7SUC_COM,81,1.6657
7SUC_COM,82,1.8845
7SUC_COM,83,1.4337
7SUC_COM,84,1.6837
7SUC_COM,85,1.5814
7SUC_COM,86,1.8245
7SUC_COM,87,2.0462
7SUC_COM,88,1.4571
7SUC_COM,89,1.9834
7SUC_COM,9,1.3824
7SUC_COM,90,3.7403
7SUC_COM,91,1.6535
7SUC_COM,92,1.3901
7SUC_COM,93,1.8829
7SUC_COM,94,1.9001
7SUC_COM,95,1.7684
7SUC_COM,96,1.3448
7SUC_COM,97,1.6408
7SUC_COM,98,2.6761
7SUC_COM,99,2.6007
7SZA_DUI,0,0.4814
7SZA_DUI,1,2.4961
7SZA_DUI,10,2.5846
7SZA_DUI,100,2.6336
7SZA_DUI,101,2.5452
7SZA_DUI,102,0.9746
7SZA_DUI,103,0.6193
7SZA_DUI,104,2.7867
7SZA_DUI,105,2.6334
7SZA_DUI,106,2.4962
7SZA_DUI,107,1.2202
7SZA_DUI,108,2.7261
7SZA_DUI,109,2.5433
7SZA_DUI,11,0.7213
7SZA_DUI,110,2.6042
7SZA_DUI,111,2.5262
7SZA_DUI,112,2.6156
7SZA_DUI,113,2.5754
7SZA_DUI,114,2.4986
7SZA_DUI,115,1.6273
7SZA_DUI,116,1.7201
7SZA_DUI,117,0.5680
7SZA_DUI,118,2.5731
7SZA_DUI,119,2.5795
7SZA_DUI,12,2.5000
7SZA_DUI,120,1.4655
7SZA_DUI,121,1.5767
7SZA_DUI,122,2.3456
7SZA_DUI,123,1.0912
7SZA_DUI,124,2.6909
7SZA_DUI,125,2.4241
7SZA_DUI,126,2.4681
7SZA_DUI,127,1.5944
7SZA_DUI,128,2.5816
7SZA_DUI,129,1.2966
7SZA_DUI,13,2.5512
7SZA_DUI,130,2.7245
7SZA_DUI,131,2.6159
7SZA_DUI,132,2.5647
7SZA_DUI,133,2.5120
7SZA_DUI,134,2.3233
7SZA_DUI,135,2.5835
7SZA_DUI,136,2.6854
7SZA_DUI,137,2.5632
7SZA_DUI,138,2.6752
7SZA_DUI,139,2.5336
7SZA_DUI,14,2.4227
7SZA_DUI,15,1.6136
7SZA_DUI,16,1.2188
7SZA_DUI,17,2.5335
7SZA_DUI,18,2.5845
7SZA_DUI,19,2.6442
7SZA_DUI,2,2.5138
7SZA_DUI,20,2.6511
7SZA_DUI,21,2.8724
7SZA_DUI,22,2.5198
7SZA_DUI,23,1.3955
7SZA_DUI,24,1.3484
7SZA_DUI,25,1.3976
7SZA_DUI,26,2.4594
7SZA_DUI,27,2.5623
7SZA_DUI,28,2.4781
7SZA_DUI,29,2.8765
7SZA_DUI,3,1.3502
7SZA_DUI,30,2.5156
7SZA_DUI,31,2.5627
7SZA_DUI,32,2.6161
7SZA_DUI,33,2.5082
7SZA_DUI,34,2.7343
7SZA_DUI,35,2.5522
7SZA_DUI,36,2.4868
7SZA_DUI,37,1.2463
7SZA_DUI,38,2.5884
7SZA_DUI,39,1.2052
7SZA_DUI,4,1.1928
7SZA_DUI,40,2.4989
7SZA_DUI,41,1.2107
7SZA_DUI,42,2.5662
7SZA_DUI,43,2.5702
7SZA_DUI,44,2.5490
7SZA_DUI,45,2.3774
7SZA_DUI,46,1.3680
7SZA_DUI,47,1.1366
7SZA_DUI,48,1.2624
7SZA_DUI,49,1.2029
7SZA_DUI,5,2.5752
7SZA_DUI,50,1.3303
7SZA_DUI,51,2.5861
7SZA_DUI,52,1.3947
7SZA_DUI,53,2.5701
7SZA_DUI,54,1.6542
7SZA_DUI,55,2.3863
7SZA_DUI,56,1.9446
7SZA_DUI,57,2.4760
7SZA_DUI,58,1.2743
7SZA_DUI,59,2.4102
7SZA_DUI,6,2.4361
7SZA_DUI,60,1.3436
7SZA_DUI,61,1.2017
7SZA_DUI,62,2.4768
7SZA_DUI,63,1.2804
7SZA_DUI,64,2.4016
7SZA_DUI,65,2.5546
7SZA_DUI,66,2.5092
7SZA_DUI,67,2.6741
7SZA_DUI,68,2.6465
7SZA_DUI,69,2.5904
7SZA_DUI,7,2.7419
7SZA_DUI,70,1.3765
7SZA_DUI,71,2.6027
7SZA_DUI,72,2.6641
7SZA_DUI,73,2.4482
7SZA_DUI,74,2.5843
7SZA_DUI,75,2.5654
7SZA_DUI,76,1.4452
7SZA_DUI,77,2.6243
7SZA_DUI,78,2.6785
7SZA_DUI,79,2.2684
7SZA_DUI,8,1.2520
7SZA_DUI,80,1.3916
7SZA_DUI,81,2.5487
7SZA_DUI,82,2.4306
7SZA_DUI,83,2.5510
7SZA_DUI,84,2.6370
7SZA_DUI,85,2.6598
7SZA_DUI,86,0.9638
7SZA_DUI,87,2.4556
7SZA_DUI,88,1.1953
7SZA_DUI,89,1.6171
7SZA_DUI,9,2.5578
7SZA_DUI,90,2.4225
7SZA_DUI,91,1.3305
7SZA_DUI,92,0.6132
7SZA_DUI,93,2.4524
7SZA_DUI,94,2.5753
7SZA_DUI,95,2.5184
7SZA_DUI,96,2.3788
7SZA_DUI,97,2.6512
7SZA_DUI,98,1.5368
7SZA_DUI,99,2.4988
7T0D_FPP,0,2.1371
7T0D_FPP,1,1.5477
7T0D_FPP,10,1.3924
7T0D_FPP,100,1.4854
7T0D_FPP,101,1.5341
7T0D_FPP,102,1.9563
7T0D_FPP,103,1.8293
7T0D_FPP,104,1.3923
7T0D_FPP,105,1.5277
7T0D_FPP,106,1.7043
7T0D_FPP,107,1.2351
7T0D_FPP,108,1.4531
7T0D_FPP,109,1.9332
7T0D_FPP,11,1.7823
7T0D_FPP,110,1.8638
7T0D_FPP,111,1.7662
7T0D_FPP,112,1.6440
7T0D_FPP,113,1.7572
7T0D_FPP,114,1.8952
7T0D_FPP,115,2.2350
7T0D_FPP,116,1.6470
7T0D_FPP,117,1.5948
7T0D_FPP,118,1.9728
7T0D_FPP,119,1.9448
7T0D_FPP,12,2.1336
7T0D_FPP,120,1.9048
7T0D_FPP,121,2.2234
7T0D_FPP,122,1.5209
7T0D_FPP,123,1.7432
7T0D_FPP,124,1.3784
7T0D_FPP,125,2.0476
7T0D_FPP,126,2.3102
7T0D_FPP,127,1.2648
7T0D_FPP,128,1.6446
7T0D_FPP,129,1.5530
7T0D_FPP,13,1.9731
7T0D_FPP,130,1.8408
7T0D_FPP,131,2.1414
7T0D_FPP,132,1.7184
7T0D_FPP,133,1.5271
7T0D_FPP,134,1.3047
7T0D_FPP,135,1.3949
7T0D_FPP,136,3.4334
7T0D_FPP,137,1.5655
7T0D_FPP,138,2.3413
7T0D_FPP,139,1.9673
7T0D_FPP,139,1.5179
7T0D_FPP,14,1.3004
7T0D_FPP,15,2.0275
7T0D_FPP,16,1.8243
7T0D_FPP,17,2.0357
7T0D_FPP,18,1.9216
7T0D_FPP,19,2.4150
7T0D_FPP,2,2.2983
7T0D_FPP,20,1.5984
7T0D_FPP,21,2.0205
7T0D_FPP,22,1.8354
7T0D_FPP,23,2.0629
7T0D_FPP,24,1.9103
7T0D_FPP,25,2.0198
7T0D_FPP,26,1.3037
7T0D_FPP,27,2.2573
7T0D_FPP,28,1.7985
7T0D_FPP,29,2.2157
7T0D_FPP,3,1.4595
7T0D_FPP,30,1.4860
7T0D_FPP,31,2.4579
7T0D_FPP,32,2.3025
7T0D_FPP,33,1.8092
7T0D_FPP,34,1.7957
7T0D_FPP,35,1.6960
7T0D_FPP,36,1.9856
7T0D_FPP,37,1.6177
7T0D_FPP,38,1.7964
7T0D_FPP,39,1.8523
7T0D_FPP,4,1.0636
7T0D_FPP,40,2.1722
7T0D_FPP,41,1.5196
7T0D_FPP,42,1.7221
7T0D_FPP,43,1.7413
7T0D_FPP,44,2.3310
7T0D_FPP,45,1.9738
7T0D_FPP,46,1.6021
7T0D_FPP,47,2.3708
7T0D_FPP,48,2.0585
7T0D_FPP,49,1.3893
7T0D_FPP,5,1.0953
7T0D_FPP,50,1.3438
7T0D_FPP,51,2.8097
7T0D_FPP,52,2.3134
7T0D_FPP,53,1.5437
7T0D_FPP,54,2.9416
7T0D_FPP,55,2.8647
7T0D_FPP,56,1.7663
7T0D_FPP,57,2.2725
7T0D_FPP,58,2.3462
7T0D_FPP,59,2.0924
7T0D_FPP,6,1.6201
7T0D_FPP,60,1.8648
7T0D_FPP,61,1.4334
7T0D_FPP,62,1.3544
7T0D_FPP,63,1.7975
7T0D_FPP,64,1.5247
7T0D_FPP,65,1.1268
7T0D_FPP,66,2.1630
7T0D_FPP,67,1.8158
7T0D_FPP,68,2.1271
7T0D_FPP,69,2.0071
7T0D_FPP,7,1.7829
7T0D_FPP,70,1.6869
7T0D_FPP,71,1.5176
7T0D_FPP,72,2.5467
7T0D_FPP,73,1.8305
7T0D_FPP,74,1.3802
7T0D_FPP,75,1.4934
7T0D_FPP,76,1.8669
7T0D_FPP,77,1.8415
7T0D_FPP,78,1.5064
7T0D_FPP,79,1.0924
7T0D_FPP,8,1.7471
7T0D_FPP,80,1.4331
7T0D_FPP,81,1.6508
7T0D_FPP,82,2.0973
7T0D_FPP,83,1.9761
7T0D_FPP,84,2.0897
7T0D_FPP,85,1.5498
7T0D_FPP,86,2.2117
7T0D_FPP,87,2.0358
7T0D_FPP,88,2.3665
7T0D_FPP,89,1.2411
7T0D_FPP,9,1.5839
7T0D_FPP,90,2.0037
7T0D_FPP,91,1.7582
7T0D_FPP,92,1.8545
7T0D_FPP,93,1.6681
7T0D_FPP,94,1.9674
7T0D_FPP,95,2.5281
7T0D_FPP,96,1.9366
7T0D_FPP,97,1.5131
7T0D_FPP,98,1.4263
7T0D_FPP,99,1.9787
7T1D_E7K,0,1.3171
7T1D_E7K,1,1.6470
7T1D_E7K,10,11.8856
7T1D_E7K,100,12.2488
7T1D_E7K,101,11.9981
7T1D_E7K,102,1.6735
7T1D_E7K,103,12.2088
7T1D_E7K,104,2.3263
7T1D_E7K,105,1.3981
7T1D_E7K,106,0.8526
7T1D_E7K,107,11.9901
7T1D_E7K,108,12.1793
7T1D_E7K,109,12.4968
7T1D_E7K,11,11.9644
7T1D_E7K,110,1.0262
7T1D_E7K,111,1.9053
7T1D_E7K,112,12.6596
7T1D_E7K,113,1.1594
7T1D_E7K,114,12.3160
7T1D_E7K,115,12.1671
7T1D_E7K,116,1.5807
7T1D_E7K,117,1.4754
7T1D_E7K,118,12.3043
7T1D_E7K,119,0.7341
7T1D_E7K,12,12.0692
7T1D_E7K,120,12.2852
7T1D_E7K,121,12.2018
7T1D_E7K,122,12.3095
7T1D_E7K,123,12.1844
7T1D_E7K,124,1.3076
7T1D_E7K,125,12.4838
7T1D_E7K,126,12.7520
7T1D_E7K,127,1.8885
7T1D_E7K,128,12.1506
7T1D_E7K,129,12.1646
7T1D_E7K,13,1.3573
7T1D_E7K,130,12.0234
7T1D_E7K,131,12.2877
7T1D_E7K,132,1.7413
7T1D_E7K,133,1.4399
7T1D_E7K,134,12.2467
7T1D_E7K,135,12.1435
7T1D_E7K,136,12.0847
7T1D_E7K,137,12.1484
7T1D_E7K,138,12.2601
7T1D_E7K,139,11.8636
7T1D_E7K,14,1.2378
7T1D_E7K,15,12.0380
7T1D_E7K,16,0.7424
7T1D_E7K,17,12.2090
7T1D_E7K,18,12.2846
7T1D_E7K,19,12.3264
7T1D_E7K,2,0.9821
7T1D_E7K,20,12.0631
7T1D_E7K,21,12.2786
7T1D_E7K,22,12.2600
7T1D_E7K,23,2.4762
7T1D_E7K,24,11.9491
7T1D_E7K,25,11.9385
7T1D_E7K,26,1.3081
7T1D_E7K,27,1.7152
7T1D_E7K,28,1.5622
7T1D_E7K,29,12.0148
7T1D_E7K,3,4.9770
7T1D_E7K,30,12.3197
7T1D_E7K,31,1.4463
7T1D_E7K,32,12.0829
7T1D_E7K,33,1.4674
7T1D_E7K,34,12.3451
7T1D_E7K,35,12.3726
7T1D_E7K,36,12.1414
7T1D_E7K,37,11.6923
7T1D_E7K,38,1.5688
7T1D_E7K,39,12.1589
7T1D_E7K,4,2.1652
7T1D_E7K,40,11.9353
7T1D_E7K,41,12.3741
7T1D_E7K,42,12.1630
7T1D_E7K,43,11.8049
7T1D_E7K,44,12.1255
7T1D_E7K,45,0.8924
7T1D_E7K,46,1.6991
7T1D_E7K,47,0.5051
7T1D_E7K,48,1.4826
7T1D_E7K,49,12.0048
7T1D_E7K,5,2.1615
7T1D_E7K,50,12.2897
7T1D_E7K,51,12.4604
7T1D_E7K,52,11.6533
7T1D_E7K,53,12.1490
7T1D_E7K,54,12.0909
7T1D_E7K,55,12.1963
7T1D_E7K,56,12.1180
7T1D_E7K,57,12.1254
7T1D_E7K,58,12.0371
7T1D_E7K,59,12.0038
7T1D_E7K,6,12.0554
7T1D_E7K,60,1.4246
7T1D_E7K,61,12.1015
7T1D_E7K,62,1.3720
7T1D_E7K,63,11.8545
7T1D_E7K,64,0.8943
7T1D_E7K,65,12.0319
7T1D_E7K,66,2.2553
7T1D_E7K,67,12.2686
7T1D_E7K,68,12.1832
7T1D_E7K,69,12.3952
7T1D_E7K,7,12.4219
7T1D_E7K,70,2.3248
7T1D_E7K,71,1.5594
7T1D_E7K,72,0.9004
7T1D_E7K,73,11.7460
7T1D_E7K,74,1.4781
7T1D_E7K,75,11.7930
7T1D_E7K,76,1.2784
7T1D_E7K,77,1.2918
7T1D_E7K,78,1.5294
7T1D_E7K,79,12.3988
7T1D_E7K,8,12.1640
7T1D_E7K,80,1.4584
7T1D_E7K,81,1.5344
7T1D_E7K,82,12.1437
7T1D_E7K,83,12.0588
7T1D_E7K,84,8.9311
7T1D_E7K,85,11.9590
7T1D_E7K,86,1.6796
7T1D_E7K,87,12.1268
7T1D_E7K,88,11.8718
7T1D_E7K,89,12.0248
7T1D_E7K,9,12.2018
7T1D_E7K,90,12.2498
7T1D_E7K,91,12.2253
7T1D_E7K,92,11.8400
7T1D_E7K,93,1.3770
7T1D_E7K,94,12.3176
7T1D_E7K,95,12.0164
7T1D_E7K,96,0.8023
7T1D_E7K,97,1.4515
7T1D_E7K,98,12.3796
7T1D_E7K,99,12.1987
7T3E_SLB,0,1.4896
7T3E_SLB,1,1.4308
7T3E_SLB,10,0.8850
7T3E_SLB,100,1.4223
7T3E_SLB,101,1.2128
7T3E_SLB,102,1.4616
7T3E_SLB,103,1.8476
7T3E_SLB,104,1.6377
7T3E_SLB,105,1.7854
7T3E_SLB,106,1.4190
7T3E_SLB,107,1.4675
7T3E_SLB,108,2.9350
7T3E_SLB,109,2.5506
7T3E_SLB,11,1.3229
7T3E_SLB,110,1.6140
7T3E_SLB,111,1.8941
7T3E_SLB,112,1.3512
7T3E_SLB,113,1.1825
7T3E_SLB,114,1.3681
7T3E_SLB,115,1.7072
7T3E_SLB,116,4.7768
7T3E_SLB,117,2.0022
7T3E_SLB,118,1.8437
7T3E_SLB,119,1.9833
7T3E_SLB,12,1.4682
7T3E_SLB,120,1.4476
7T3E_SLB,121,1.9705
7T3E_SLB,122,1.9416
7T3E_SLB,123,1.2050
7T3E_SLB,124,1.8497
7T3E_SLB,125,1.1878
7T3E_SLB,126,1.3180
7T3E_SLB,127,1.2565
7T3E_SLB,128,1.9748
7T3E_SLB,129,1.2033
7T3E_SLB,13,1.8038
7T3E_SLB,130,1.4582
7T3E_SLB,131,1.4951
7T3E_SLB,132,1.7718
7T3E_SLB,133,1.4115
7T3E_SLB,134,1.1221
7T3E_SLB,135,2.5818
7T3E_SLB,136,1.2247
7T3E_SLB,137,1.3978
7T3E_SLB,138,2.2635
7T3E_SLB,139,1.4080
7T3E_SLB,14,1.5937
7T3E_SLB,15,3.1217
7T3E_SLB,16,1.4207
7T3E_SLB,17,1.9790
7T3E_SLB,18,1.5702
7T3E_SLB,19,0.9870
7T3E_SLB,2,1.8095
7T3E_SLB,20,1.4456
7T3E_SLB,21,2.9253
7T3E_SLB,22,1.4899
7T3E_SLB,23,2.0185
7T3E_SLB,24,2.3013
7T3E_SLB,25,1.6362
7T3E_SLB,26,1.4331
7T3E_SLB,27,1.7185
7T3E_SLB,28,1.6561
7T3E_SLB,29,1.4735
7T3E_SLB,3,1.5486
7T3E_SLB,30,1.7069
7T3E_SLB,31,1.7498
7T3E_SLB,32,2.3173
7T3E_SLB,33,1.9175
7T3E_SLB,34,1.6343
7T3E_SLB,35,1.7506
7T3E_SLB,36,1.6795
7T3E_SLB,37,1.5054
7T3E_SLB,38,1.5498
7T3E_SLB,39,1.7455
7T3E_SLB,4,1.3589
7T3E_SLB,40,1.5032
7T3E_SLB,41,1.8493
7T3E_SLB,42,1.3800
7T3E_SLB,43,2.1390
7T3E_SLB,44,1.3314
7T3E_SLB,45,1.5505
7T3E_SLB,46,2.8489
7T3E_SLB,47,1.7203
7T3E_SLB,48,1.2240
7T3E_SLB,49,1.0435
7T3E_SLB,5,2.1628
7T3E_SLB,50,1.4250
7T3E_SLB,51,1.8833
7T3E_SLB,52,1.3440
7T3E_SLB,53,2.2578
7T3E_SLB,54,1.5070
7T3E_SLB,55,1.5219
7T3E_SLB,56,1.5852
7T3E_SLB,57,1.6998
7T3E_SLB,58,1.1574
7T3E_SLB,59,1.9088
7T3E_SLB,6,2.3585
7T3E_SLB,60,1.4121
7T3E_SLB,61,1.3935
7T3E_SLB,62,1.6222
7T3E_SLB,63,1.1708
7T3E_SLB,64,1.3773
7T3E_SLB,65,1.7803
7T3E_SLB,66,1.3212
7T3E_SLB,67,1.0080
7T3E_SLB,68,2.4452
7T3E_SLB,69,1.9042
7T3E_SLB,7,1.7559
7T3E_SLB,70,1.6680
7T3E_SLB,71,1.3524
7T3E_SLB,72,1.0943
7T3E_SLB,73,1.3768
7T3E_SLB,74,1.7039
7T3E_SLB,75,1.2728
7T3E_SLB,76,1.3734
7T3E_SLB,77,4.0768
7T3E_SLB,78,1.1761
7T3E_SLB,79,1.8537
7T3E_SLB,8,1.4580
7T3E_SLB,80,1.7642
7T3E_SLB,81,1.6083
7T3E_SLB,82,1.5711
7T3E_SLB,83,0.9214
7T3E_SLB,84,1.4996
7T3E_SLB,85,1.4512
7T3E_SLB,86,1.1718
7T3E_SLB,87,1.7965
7T3E_SLB,88,1.9947
7T3E_SLB,89,1.6731
7T3E_SLB,9,1.5395
7T3E_SLB,90,1.5049
7T3E_SLB,91,1.2858
7T3E_SLB,92,1.4493
7T3E_SLB,93,1.4029
7T3E_SLB,94,1.2055
7T3E_SLB,95,2.8595
7T3E_SLB,96,1.5071
7T3E_SLB,97,1.1077
7T3E_SLB,98,2.1061
7T3E_SLB,99,1.6754
7TB0_UD1,0,2.6801
7TB0_UD1,1,2.0970
7TB0_UD1,10,4.4275
7TB0_UD1,100,3.3843
7TB0_UD1,101,2.0212
7TB0_UD1,102,2.8263
7TB0_UD1,103,4.2819
7TB0_UD1,104,3.3737
7TB0_UD1,105,2.2953
7TB0_UD1,106,4.7243
7TB0_UD1,107,4.7431
7TB0_UD1,108,2.2376
7TB0_UD1,109,2.5946
7TB0_UD1,11,2.1102
7TB0_UD1,110,3.9630
7TB0_UD1,111,2.3260
7TB0_UD1,112,3.3156
7TB0_UD1,113,2.0535
7TB0_UD1,114,4.4806
7TB0_UD1,115,3.1000
7TB0_UD1,116,3.1120
7TB0_UD1,117,3.0769
7TB0_UD1,118,2.3814
7TB0_UD1,119,2.2924
7TB0_UD1,12,1.9507
7TB0_UD1,120,1.7096
7TB0_UD1,121,3.2841
7TB0_UD1,122,3.7565
7TB0_UD1,123,2.5499
7TB0_UD1,124,3.1542
7TB0_UD1,125,1.9255
7TB0_UD1,126,2.7727
7TB0_UD1,127,1.9559
7TB0_UD1,128,2.0705
7TB0_UD1,129,3.3579
7TB0_UD1,13,4.5475
7TB0_UD1,130,3.0049
7TB0_UD1,131,2.9101
7TB0_UD1,132,3.3065
7TB0_UD1,133,2.5505
7TB0_UD1,134,3.9693
7TB0_UD1,135,1.5086
7TB0_UD1,136,3.0245
7TB0_UD1,137,3.6782
7TB0_UD1,138,2.2276
7TB0_UD1,139,4.3481
7TB0_UD1,14,3.0397
7TB0_UD1,15,3.1607
7TB0_UD1,16,3.5162
7TB0_UD1,17,3.4559
7TB0_UD1,18,4.6610
7TB0_UD1,19,3.7107
7TB0_UD1,2,3.7133
7TB0_UD1,20,3.9420
7TB0_UD1,21,3.3808
7TB0_UD1,22,3.0055
7TB0_UD1,23,1.9544
7TB0_UD1,24,2.0625
7TB0_UD1,25,3.3022
7TB0_UD1,26,2.3118
7TB0_UD1,27,3.6493
7TB0_UD1,28,4.5438
7TB0_UD1,29,4.5494
7TB0_UD1,3,1.9367
7TB0_UD1,30,3.2388
7TB0_UD1,31,4.3630
7TB0_UD1,32,3.6696
7TB0_UD1,33,3.9197
7TB0_UD1,34,3.1394
7TB0_UD1,35,3.0934
7TB0_UD1,36,4.1172
7TB0_UD1,37,3.4777
7TB0_UD1,38,3.6548
7TB0_UD1,39,4.3797
7TB0_UD1,4,4.2044
7TB0_UD1,40,4.3067
7TB0_UD1,41,4.2777
7TB0_UD1,42,3.1204
7TB0_UD1,43,2.9143
7TB0_UD1,44,1.7665
7TB0_UD1,45,4.5998
7TB0_UD1,46,3.9672
7TB0_UD1,47,3.0990
7TB0_UD1,48,3.2204
7TB0_UD1,49,4.3894
7TB0_UD1,5,2.7700
7TB0_UD1,50,4.7374
7TB0_UD1,51,3.4920
7TB0_UD1,52,2.0126
7TB0_UD1,53,3.1626
7TB0_UD1,54,4.8144
7TB0_UD1,55,4.0462
7TB0_UD1,56,3.0963
7TB0_UD1,57,4.3675
7TB0_UD1,58,4.5697
7TB0_UD1,59,3.2907
7TB0_UD1,6,3.0093
7TB0_UD1,60,3.2063
7TB0_UD1,61,4.7793
7TB0_UD1,62,2.4288
7TB0_UD1,63,3.1922
7TB0_UD1,64,3.9243
7TB0_UD1,65,4.6379
7TB0_UD1,66,2.0622
7TB0_UD1,67,1.7408
7TB0_UD1,68,2.5074
7TB0_UD1,69,3.8178
7TB0_UD1,7,4.0012
7TB0_UD1,70,3.2376
7TB0_UD1,71,2.5502
7TB0_UD1,72,3.1144
7TB0_UD1,73,3.4757
7TB0_UD1,74,3.3232
7TB0_UD1,75,4.0359
7TB0_UD1,76,3.2697
7TB0_UD1,77,2.6301
7TB0_UD1,78,3.2362
7TB0_UD1,79,3.8363
7TB0_UD1,8,2.3684
7TB0_UD1,80,3.3302
7TB0_UD1,81,3.5655
7TB0_UD1,82,3.8083
7TB0_UD1,82,4.5705
7TB0_UD1,83,3.9330
7TB0_UD1,84,2.3068
7TB0_UD1,85,3.6033
7TB0_UD1,86,2.1685
7TB0_UD1,87,3.2817
7TB0_UD1,88,3.5205
7TB0_UD1,89,4.7613
7TB0_UD1,9,2.7670
7TB0_UD1,90,3.7756
7TB0_UD1,91,4.2240
7TB0_UD1,92,3.3623
7TB0_UD1,93,2.2301
7TB0_UD1,94,3.6227
7TB0_UD1,95,3.5326
7TB0_UD1,96,2.5633
7TB0_UD1,97,4.5736
7TB0_UD1,98,4.4089
7TB0_UD1,99,3.3852
7TBU_S3P,0,1.4270
7TBU_S3P,1,1.7688
7TBU_S3P,10,1.3757
7TBU_S3P,100,1.1533
7TBU_S3P,101,1.0063
7TBU_S3P,102,1.3221
7TBU_S3P,103,4.9278
7TBU_S3P,104,1.3233
7TBU_S3P,105,1.5177
7TBU_S3P,106,1.2684
7TBU_S3P,107,1.1969
7TBU_S3P,108,2.1750
7TBU_S3P,109,4.9258
7TBU_S3P,11,5.2789
7TBU_S3P,110,1.3589
7TBU_S3P,111,0.7818
7TBU_S3P,112,5.1346
7TBU_S3P,113,2.8262
7TBU_S3P,114,4.7621
7TBU_S3P,115,1.0309
7TBU_S3P,116,2.5555
7TBU_S3P,117,1.8881
7TBU_S3P,118,4.8938
7TBU_S3P,119,1.2075
7TBU_S3P,12,0.9933
7TBU_S3P,120,0.9093
7TBU_S3P,121,0.9678
7TBU_S3P,122,5.2248
7TBU_S3P,123,1.1086
7TBU_S3P,124,3.6821
7TBU_S3P,125,1.3062
7TBU_S3P,126,4.9662
7TBU_S3P,127,1.2248
7TBU_S3P,128,4.8342
7TBU_S3P,129,1.7616
7TBU_S3P,13,4.5700
7TBU_S3P,130,1.5518
7TBU_S3P,131,0.6824
7TBU_S3P,132,5.0532
7TBU_S3P,133,3.3189
7TBU_S3P,134,1.4815
7TBU_S3P,135,4.8002
7TBU_S3P,136,3.9137
7TBU_S3P,137,4.9105
7TBU_S3P,138,1.3335
7TBU_S3P,139,3.4809
7TBU_S3P,14,4.8133
7TBU_S3P,15,2.5774
7TBU_S3P,16,0.9860
7TBU_S3P,17,2.2485
7TBU_S3P,18,1.5569
7TBU_S3P,19,3.5617
7TBU_S3P,2,5.1565
7TBU_S3P,20,4.9245
7TBU_S3P,21,5.0604
7TBU_S3P,22,4.8945
7TBU_S3P,23,1.2772
7TBU_S3P,24,4.9539
7TBU_S3P,25,5.1593
7TBU_S3P,26,2.9472
7TBU_S3P,27,4.7601
7TBU_S3P,28,2.5774
7TBU_S3P,29,5.0013
7TBU_S3P,3,1.0163
7TBU_S3P,30,4.8962
7TBU_S3P,31,1.5034
7TBU_S3P,32,1.4018
7TBU_S3P,33,5.0581
7TBU_S3P,34,1.2980
7TBU_S3P,35,1.2431
7TBU_S3P,36,4.9505
7TBU_S3P,37,3.9487
7TBU_S3P,38,0.9907
7TBU_S3P,39,1.7144
7TBU_S3P,4,5.2222
7TBU_S3P,40,3.4020
7TBU_S3P,41,0.7338
7TBU_S3P,42,2.0285
7TBU_S3P,43,3.4494
7TBU_S3P,44,5.0643
7TBU_S3P,45,5.0154
7TBU_S3P,46,4.9924
7TBU_S3P,47,4.8977
7TBU_S3P,48,1.6322
7TBU_S3P,49,1.6222
7TBU_S3P,5,2.1341
7TBU_S3P,50,1.6241
7TBU_S3P,51,4.9603
7TBU_S3P,52,5.0122
7TBU_S3P,53,4.8993
7TBU_S3P,54,5.0501
7TBU_S3P,55,1.3801
7TBU_S3P,56,5.3056
7TBU_S3P,57,1.4758
7TBU_S3P,58,1.3239
7TBU_S3P,59,4.9199
7TBU_S3P,6,3.7193
7TBU_S3P,60,5.0524
7TBU_S3P,61,1.3591
7TBU_S3P,62,1.5780
7TBU_S3P,63,2.2932
7TBU_S3P,64,4.0819
7TBU_S3P,65,1.1566
7TBU_S3P,66,4.8242
7TBU_S3P,67,0.5694
7TBU_S3P,68,4.9438
7TBU_S3P,69,4.7893
7TBU_S3P,7,1.9558
7TBU_S3P,70,5.0050
7TBU_S3P,71,1.2469
7TBU_S3P,72,1.5605
7TBU_S3P,73,1.3052
7TBU_S3P,74,1.0029
7TBU_S3P,75,3.7270
7TBU_S3P,76,5.4000
7TBU_S3P,77,1.2421
7TBU_S3P,78,1.2673
7TBU_S3P,79,2.3001
7TBU_S3P,8,1.0352
7TBU_S3P,80,4.8569
7TBU_S3P,81,3.4004
7TBU_S3P,82,5.0747
7TBU_S3P,83,1.1350
7TBU_S3P,84,5.2226
7TBU_S3P,85,1.6933
7TBU_S3P,86,3.5970
7TBU_S3P,87,2.2410
7TBU_S3P,88,1.2815
7TBU_S3P,89,1.6463
7TBU_S3P,9,2.2540
7TBU_S3P,90,1.2344
7TBU_S3P,91,4.9268
7TBU_S3P,92,4.8640
7TBU_S3P,93,4.9540
7TBU_S3P,94,1.3081
7TBU_S3P,95,0.8658
7TBU_S3P,96,4.8295
7TBU_S3P,97,2.2118
7TBU_S3P,98,4.9007
7TBU_S3P,99,1.5156
7TE8_P0T,0,1.1856
7TE8_P0T,1,2.7175
7TE8_P0T,10,2.9399
7TE8_P0T,100,1.1234
7TE8_P0T,101,3.8318
7TE8_P0T,102,1.2819
7TE8_P0T,103,1.4741
7TE8_P0T,104,2.9393
7TE8_P0T,105,2.9088
7TE8_P0T,106,0.9110
7TE8_P0T,107,1.1916
7TE8_P0T,108,0.6368
7TE8_P0T,109,1.1117
7TE8_P0T,11,2.9490
7TE8_P0T,110,1.6123
7TE8_P0T,111,2.9384
7TE8_P0T,112,3.1419
7TE8_P0T,113,2.3698
7TE8_P0T,114,2.8146
7TE8_P0T,115,0.8771
7TE8_P0T,116,3.0330
7TE8_P0T,117,6.5716
7TE8_P0T,118,2.9430
7TE8_P0T,119,0.8664
7TE8_P0T,12,2.9928
7TE8_P0T,120,1.2145
7TE8_P0T,121,3.2489
7TE8_P0T,122,2.9186
7TE8_P0T,123,1.1292
7TE8_P0T,124,3.0242
7TE8_P0T,125,1.0480
7TE8_P0T,126,7.5648
7TE8_P0T,127,0.6616
7TE8_P0T,128,1.1787
7TE8_P0T,129,1.7264
7TE8_P0T,13,1.2291
7TE8_P0T,130,2.9535
7TE8_P0T,131,1.1532
7TE8_P0T,132,7.4270
7TE8_P0T,133,2.8952
7TE8_P0T,134,2.3997
7TE8_P0T,135,0.9082
7TE8_P0T,136,3.3482
7TE8_P0T,137,6.8388
7TE8_P0T,138,0.8830
7TE8_P0T,139,2.9596
7TE8_P0T,14,0.7491
7TE8_P0T,15,0.8378
7TE8_P0T,16,7.3934
7TE8_P0T,17,7.3940
7TE8_P0T,18,7.5102
7TE8_P0T,19,0.9797
7TE8_P0T,2,1.2838
7TE8_P0T,20,2.9627
7TE8_P0T,21,1.0870
7TE8_P0T,22,1.1303
7TE8_P0T,23,2.8965
7TE8_P0T,24,3.1029
7TE8_P0T,25,2.2955
7TE8_P0T,26,0.8252
7TE8_P0T,27,0.8122
7TE8_P0T,28,0.8938
7TE8_P0T,29,2.9972
7TE8_P0T,3,2.7660
7TE8_P0T,30,1.1748
7TE8_P0T,31,2.8583
7TE8_P0T,32,6.9381
7TE8_P0T,33,0.8582
7TE8_P0T,34,0.9712
7TE8_P0T,35,3.1329
7TE8_P0T,36,1.1722
7TE8_P0T,37,1.2644
7TE8_P0T,38,7.1203
7TE8_P0T,39,2.6053
7TE8_P0T,4,1.8022
7TE8_P0T,40,2.5449
7TE8_P0T,41,3.0287
7TE8_P0T,42,7.7013
7TE8_P0T,43,3.2573
7TE8_P0T,44,3.7587
7TE8_P0T,45,2.9597
7TE8_P0T,46,1.0788
7TE8_P0T,47,0.6168
7TE8_P0T,48,1.7387
7TE8_P0T,49,2.9521
7TE8_P0T,5,0.6413
7TE8_P0T,50,3.0114
7TE8_P0T,51,1.1956
7TE8_P0T,52,1.6655
7TE8_P0T,53,1.7786
7TE8_P0T,54,6.8424
7TE8_P0T,55,0.7692
7TE8_P0T,56,3.2171
7TE8_P0T,57,3.3690
7TE8_P0T,58,2.9099
7TE8_P0T,59,2.9181
7TE8_P0T,6,1.1594
7TE8_P0T,60,2.7174
7TE8_P0T,61,3.0844
7TE8_P0T,62,1.0746
7TE8_P0T,63,3.3457
7TE8_P0T,64,0.9522
7TE8_P0T,65,2.8802
7TE8_P0T,66,2.8850
7TE8_P0T,67,0.7925
7TE8_P0T,68,1.2300
7TE8_P0T,69,1.1774
7TE8_P0T,7,3.2160
7TE8_P0T,70,1.1462
7TE8_P0T,71,0.8255
7TE8_P0T,72,3.2923
7TE8_P0T,73,0.7662
7TE8_P0T,74,1.4444
7TE8_P0T,75,1.9656
7TE8_P0T,76,1.6172
7TE8_P0T,77,3.0946
7TE8_P0T,78,2.1925
7TE8_P0T,79,2.8170
7TE8_P0T,8,2.9585
7TE8_P0T,80,2.5644
7TE8_P0T,81,1.7492
7TE8_P0T,82,0.6871
7TE8_P0T,83,6.7908
7TE8_P0T,84,2.9187
7TE8_P0T,85,2.9118
7TE8_P0T,86,1.1020
7TE8_P0T,87,1.0175
7TE8_P0T,88,2.9781
7TE8_P0T,89,1.1419
7TE8_P0T,9,2.9496
7TE8_P0T,90,1.1660
7TE8_P0T,91,2.1379
7TE8_P0T,92,0.7390
7TE8_P0T,93,2.7877
7TE8_P0T,94,1.9061
7TE8_P0T,95,2.9775
7TE8_P0T,96,0.9264
7TE8_P0T,97,0.8840
7TE8_P0T,98,1.0468
7TE8_P0T,99,3.4461
7TH4_FFO,0,3.8348
7TH4_FFO,1,3.9570
7TH4_FFO,10,3.5287
7TH4_FFO,100,4.1415
7TH4_FFO,101,2.6003
7TH4_FFO,102,4.0913
7TH4_FFO,103,4.4951
7TH4_FFO,104,4.3351
7TH4_FFO,105,3.7703
7TH4_FFO,106,2.5590
7TH4_FFO,107,3.2857
7TH4_FFO,108,3.9849
7TH4_FFO,109,3.6893
7TH4_FFO,11,3.0634
7TH4_FFO,110,3.4079
7TH4_FFO,111,3.1902
7TH4_FFO,112,2.7456
7TH4_FFO,113,3.3832
7TH4_FFO,114,3.7670
7TH4_FFO,115,3.5733
7TH4_FFO,116,3.6620
7TH4_FFO,117,3.8366
7TH4_FFO,118,4.5107
7TH4_FFO,119,3.7239
7TH4_FFO,12,2.9054
7TH4_FFO,120,3.0631
7TH4_FFO,121,3.7682
7TH4_FFO,122,2.8514
7TH4_FFO,123,3.2989
7TH4_FFO,124,3.3390
7TH4_FFO,125,2.9272
7TH4_FFO,126,3.3526
7TH4_FFO,127,3.6800
7TH4_FFO,128,3.0251
7TH4_FFO,129,2.9537
7TH4_FFO,13,3.5599
7TH4_FFO,130,3.8056
7TH4_FFO,131,3.6607
7TH4_FFO,132,3.3890
7TH4_FFO,133,3.6952
7TH4_FFO,134,3.1263
7TH4_FFO,135,3.2201
7TH4_FFO,136,4.3031
7TH4_FFO,137,3.9615
7TH4_FFO,138,3.6932
7TH4_FFO,139,3.0701
7TH4_FFO,14,3.7284
7TH4_FFO,15,3.6591
7TH4_FFO,16,4.0055
7TH4_FFO,17,2.7863
7TH4_FFO,18,3.5304
7TH4_FFO,19,3.5623
7TH4_FFO,2,3.0294
7TH4_FFO,20,3.7934
7TH4_FFO,21,3.4757
7TH4_FFO,22,3.6464
7TH4_FFO,23,3.1851
7TH4_FFO,24,4.1429
7TH4_FFO,25,3.1842
7TH4_FFO,26,2.7820
7TH4_FFO,27,4.2677
7TH4_FFO,28,3.6520
7TH4_FFO,29,2.9596
7TH4_FFO,3,3.9771
7TH4_FFO,30,4.4482
7TH4_FFO,31,2.7116
7TH4_FFO,32,3.9017
7TH4_FFO,33,3.5656
7TH4_FFO,34,2.6095
7TH4_FFO,35,3.2400
7TH4_FFO,36,3.5708
7TH4_FFO,37,3.5181
7TH4_FFO,38,4.0106
7TH4_FFO,39,3.2436
7TH4_FFO,4,3.4742
7TH4_FFO,40,3.0027
7TH4_FFO,40,3.7930
7TH4_FFO,41,2.9395
7TH4_FFO,42,3.0226
7TH4_FFO,43,3.9767
7TH4_FFO,44,3.0015
7TH4_FFO,45,4.0339
7TH4_FFO,46,3.7013
7TH4_FFO,47,4.1742
7TH4_FFO,48,3.7733
7TH4_FFO,49,3.0766
7TH4_FFO,5,4.0184
7TH4_FFO,50,3.7767
7TH4_FFO,51,3.1008
7TH4_FFO,52,2.2935
7TH4_FFO,53,3.9457
7TH4_FFO,54,3.2377
7TH4_FFO,55,3.6654
7TH4_FFO,56,2.7605
7TH4_FFO,57,3.3570
7TH4_FFO,58,4.0886
7TH4_FFO,59,3.7707
7TH4_FFO,6,3.7693
7TH4_FFO,60,2.4751
7TH4_FFO,61,2.1218
7TH4_FFO,62,3.0595
7TH4_FFO,63,3.5742
7TH4_FFO,64,3.6521
7TH4_FFO,65,3.2075
7TH4_FFO,66,3.5743
7TH4_FFO,67,3.3218
7TH4_FFO,68,3.5245
7TH4_FFO,69,4.0007
7TH4_FFO,7,4.2365
7TH4_FFO,70,3.5599
7TH4_FFO,71,3.1677
7TH4_FFO,72,3.5520
7TH4_FFO,73,3.2281
7TH4_FFO,74,2.6953
7TH4_FFO,75,3.5345
7TH4_FFO,76,2.6981
7TH4_FFO,77,3.7862
7TH4_FFO,78,3.2184
7TH4_FFO,79,2.8017
7TH4_FFO,8,4.3637
7TH4_FFO,80,3.0676
7TH4_FFO,81,4.2030
7TH4_FFO,82,3.1453
7TH4_FFO,83,3.4402
7TH4_FFO,84,2.7332
7TH4_FFO,85,3.2467
7TH4_FFO,86,2.9551
7TH4_FFO,87,3.7855
7TH4_FFO,88,3.7793
7TH4_FFO,89,3.4703
7TH4_FFO,9,3.4808
7TH4_FFO,90,3.0226
7TH4_FFO,91,3.1475
7TH4_FFO,92,3.7251
7TH4_FFO,93,3.6341
7TH4_FFO,94,3.4908
7TH4_FFO,95,3.9342
7TH4_FFO,96,3.2615
7TH4_FFO,97,4.0186
7TH4_FFO,98,3.2006
7TH4_FFO,99,3.9531
7THI_PGA,0,4.2475
7THI_PGA,1,1.2097
7THI_PGA,10,1.2801
7THI_PGA,100,4.3936
7THI_PGA,101,4.0777
7THI_PGA,102,4.4583
7THI_PGA,103,1.6275
7THI_PGA,104,4.2006
7THI_PGA,105,1.7839
7THI_PGA,106,4.5480
7THI_PGA,107,1.3790
7THI_PGA,108,1.6870
7THI_PGA,109,1.3517
7THI_PGA,11,1.6388
7THI_PGA,110,4.3397
7THI_PGA,111,4.2594
7THI_PGA,112,1.3904
7THI_PGA,113,1.3982
7THI_PGA,114,1.2049
7THI_PGA,115,4.2006
7THI_PGA,116,1.2192
7THI_PGA,117,4.5096
7THI_PGA,118,4.1622
7THI_PGA,119,1.0316
7THI_PGA,12,0.4984
7THI_PGA,120,1.3334
7THI_PGA,121,4.4654
7THI_PGA,122,4.3224
7THI_PGA,123,1.4025
7THI_PGA,124,4.4300
7THI_PGA,125,1.0966
7THI_PGA,126,4.1445
7THI_PGA,127,1.3473
7THI_PGA,128,4.3161
7THI_PGA,129,4.3317
7THI_PGA,13,4.3922
7THI_PGA,130,1.1703
7THI_PGA,131,4.1963
7THI_PGA,132,4.2276
7THI_PGA,133,0.8639
7THI_PGA,134,1.4801
7THI_PGA,135,1.2134
7THI_PGA,136,1.2289
7THI_PGA,137,4.1478
7THI_PGA,138,4.3533
7THI_PGA,138,1.6935
7THI_PGA,139,4.3751
7THI_PGA,14,1.4457
7THI_PGA,15,4.4106
7THI_PGA,16,1.4226
7THI_PGA,17,1.7395
7THI_PGA,18,1.4533
7THI_PGA,19,1.6991
7THI_PGA,2,4.3044
7THI_PGA,20,1.7074
7THI_PGA,21,4.4084
7THI_PGA,22,4.1967
7THI_PGA,23,1.8252
7THI_PGA,24,1.4735
7THI_PGA,25,1.3973
7THI_PGA,26,4.3977
7THI_PGA,27,4.1809
7THI_PGA,28,1.1620
7THI_PGA,29,1.2893
7THI_PGA,3,4.4061
7THI_PGA,30,1.6954
7THI_PGA,31,4.2810
7THI_PGA,32,4.1610
7THI_PGA,33,3.9442
7THI_PGA,34,1.3453
7THI_PGA,35,4.1925
7THI_PGA,36,1.7028
7THI_PGA,37,1.0666
7THI_PGA,38,4.3661
7THI_PGA,39,1.6821
7THI_PGA,4,0.8993
7THI_PGA,40,1.1638
7THI_PGA,41,1.8321
7THI_PGA,42,4.2760
7THI_PGA,43,4.5239
7THI_PGA,44,1.3018
7THI_PGA,45,4.2527
7THI_PGA,46,4.1585
7THI_PGA,47,1.4004
7THI_PGA,48,4.0733
7THI_PGA,49,4.4126
7THI_PGA,5,1.2958
7THI_PGA,50,0.8386
7THI_PGA,51,4.2939
7THI_PGA,52,4.3081
7THI_PGA,53,4.3290
7THI_PGA,54,4.4717
7THI_PGA,55,4.3283
7THI_PGA,56,4.1731
7THI_PGA,57,1.6754
7THI_PGA,58,1.6692
7THI_PGA,59,1.6988
7THI_PGA,6,4.4098
7THI_PGA,60,1.3518
7THI_PGA,61,1.4053
7THI_PGA,62,1.4445
7THI_PGA,63,4.0625
7THI_PGA,64,4.2925
7THI_PGA,65,1.3829
7THI_PGA,66,1.2609
7THI_PGA,67,4.2761
7THI_PGA,68,1.3797
7THI_PGA,69,4.2409
7THI_PGA,7,2.5752
7THI_PGA,70,4.3607
7THI_PGA,71,1.6125
7THI_PGA,72,1.1954
7THI_PGA,73,1.0700
7THI_PGA,74,1.5918
7THI_PGA,75,4.2835
7THI_PGA,76,4.2705
7THI_PGA,77,4.2392
7THI_PGA,78,4.3319
7THI_PGA,79,4.4873
7THI_PGA,8,4.3522
7THI_PGA,80,1.3220
7THI_PGA,81,1.3146
7THI_PGA,82,1.8220
7THI_PGA,83,1.5412
7THI_PGA,84,1.5703
7THI_PGA,85,4.3270
7THI_PGA,86,4.1685
7THI_PGA,87,4.2168
7THI_PGA,88,4.1525
7THI_PGA,89,4.3586
7THI_PGA,9,4.4400
7THI_PGA,90,4.3663
7THI_PGA,91,1.3896
7THI_PGA,92,1.6866
7THI_PGA,93,4.2224
7THI_PGA,94,0.8894
7THI_PGA,95,4.4563
7THI_PGA,96,0.9710
7THI_PGA,97,1.6833
7THI_PGA,98,0.7115
7THI_PGA,99,1.3229
7TM6_GPJ,0,0.6794
7TM6_GPJ,1,1.2608
7TM6_GPJ,10,1.5227
7TM6_GPJ,100,1.1116
7TM6_GPJ,101,1.0530
7TM6_GPJ,102,1.6049
7TM6_GPJ,103,1.3157
7TM6_GPJ,104,1.3645
7TM6_GPJ,105,1.2680
7TM6_GPJ,106,1.0521
7TM6_GPJ,107,1.4183
7TM6_GPJ,108,0.5012
7TM6_GPJ,109,1.3135
7TM6_GPJ,11,1.2547
7TM6_GPJ,110,1.6206
7TM6_GPJ,111,1.0272
7TM6_GPJ,112,1.5649
7TM6_GPJ,113,1.3596
7TM6_GPJ,114,1.1956
7TM6_GPJ,115,1.4073
7TM6_GPJ,116,0.9766
7TM6_GPJ,117,1.1838
7TM6_GPJ,118,0.3864
7TM6_GPJ,119,1.3479
7TM6_GPJ,12,1.4220
7TM6_GPJ,120,0.3388
7TM6_GPJ,121,1.6916
7TM6_GPJ,122,1.5259
7TM6_GPJ,123,1.2582
7TM6_GPJ,124,0.7563
7TM6_GPJ,125,1.6128
7TM6_GPJ,126,1.3777
7TM6_GPJ,127,1.1348
7TM6_GPJ,128,1.6682
7TM6_GPJ,129,1.4402
7TM6_GPJ,13,1.3432
7TM6_GPJ,130,1.7144
7TM6_GPJ,131,1.5314
7TM6_GPJ,132,1.4000
7TM6_GPJ,133,0.7760
7TM6_GPJ,134,1.0390
7TM6_GPJ,135,1.2964
7TM6_GPJ,136,1.3541
7TM6_GPJ,137,1.3580
7TM6_GPJ,138,1.2160
7TM6_GPJ,139,1.6182
7TM6_GPJ,14,0.4204
7TM6_GPJ,15,1.6472
7TM6_GPJ,16,1.5725
7TM6_GPJ,17,1.2739
7TM6_GPJ,18,0.5718
7TM6_GPJ,19,0.7127
7TM6_GPJ,2,1.4383
7TM6_GPJ,20,1.3332
7TM6_GPJ,21,1.5426
7TM6_GPJ,22,1.6495
7TM6_GPJ,23,0.4324
7TM6_GPJ,24,1.2477
7TM6_GPJ,25,1.5704
7TM6_GPJ,26,1.2356
7TM6_GPJ,27,1.6075
7TM6_GPJ,28,1.5610
7TM6_GPJ,29,1.6250
7TM6_GPJ,3,1.3518
7TM6_GPJ,30,1.6736
7TM6_GPJ,31,0.9961
7TM6_GPJ,32,1.4389
7TM6_GPJ,33,1.1460
7TM6_GPJ,34,1.2497
7TM6_GPJ,35,1.6306
7TM6_GPJ,36,1.2083
7TM6_GPJ,37,1.6200
7TM6_GPJ,38,1.1459
7TM6_GPJ,39,0.4230
7TM6_GPJ,4,0.3058
7TM6_GPJ,40,0.3661
7TM6_GPJ,41,1.5435
7TM6_GPJ,42,1.1387
7TM6_GPJ,43,1.1261
7TM6_GPJ,44,1.4425
7TM6_GPJ,45,1.3557
7TM6_GPJ,46,1.0959
7TM6_GPJ,47,1.1008
7TM6_GPJ,48,1.3292
7TM6_GPJ,49,1.5284
7TM6_GPJ,5,1.7579
7TM6_GPJ,50,0.6465
7TM6_GPJ,51,1.1879
7TM6_GPJ,52,1.3964
7TM6_GPJ,53,1.6381
7TM6_GPJ,54,0.6434
7TM6_GPJ,55,1.6568
7TM6_GPJ,56,1.3317
7TM6_GPJ,57,0.8633
7TM6_GPJ,58,1.1944
7TM6_GPJ,59,1.5922
7TM6_GPJ,6,1.3109
7TM6_GPJ,60,0.4510
7TM6_GPJ,61,1.6325
7TM6_GPJ,62,1.3443
7TM6_GPJ,62,0.6343
7TM6_GPJ,63,1.6521
7TM6_GPJ,64,1.1599
7TM6_GPJ,65,0.7602
7TM6_GPJ,66,1.5650
7TM6_GPJ,67,1.1025
7TM6_GPJ,68,1.2170
7TM6_GPJ,69,1.5626
7TM6_GPJ,7,1.7139
7TM6_GPJ,70,0.6200
7TM6_GPJ,71,1.8164
7TM6_GPJ,72,1.6660
7TM6_GPJ,73,1.3001
7TM6_GPJ,74,0.9315
7TM6_GPJ,75,1.6868
7TM6_GPJ,76,1.6987
7TM6_GPJ,77,1.4472
7TM6_GPJ,78,1.6171
7TM6_GPJ,79,1.2361
7TM6_GPJ,8,1.1989
7TM6_GPJ,80,1.3538
7TM6_GPJ,81,1.1586
7TM6_GPJ,82,1.5884
7TM6_GPJ,83,1.5670
7TM6_GPJ,84,1.2077
7TM6_GPJ,85,1.2422
7TM6_GPJ,86,1.3188
7TM6_GPJ,87,1.2404
7TM6_GPJ,88,1.6025
7TM6_GPJ,89,0.7141
7TM6_GPJ,9,1.3542
7TM6_GPJ,90,1.2861
7TM6_GPJ,91,1.4315
7TM6_GPJ,92,0.7474
7TM6_GPJ,93,1.5493
7TM6_GPJ,94,1.2276
7TM6_GPJ,95,0.5631
7TM6_GPJ,96,0.3880
7TM6_GPJ,97,1.1802
7TM6_GPJ,98,0.4289
7TM6_GPJ,99,1.3909
7TOM_5AD,0,6.0536
7TOM_5AD,1,5.7774
7TOM_5AD,10,5.8291
7TOM_5AD,100,5.8939
7TOM_5AD,101,5.9324
7TOM_5AD,102,6.0422
7TOM_5AD,103,5.8475
7TOM_5AD,104,5.9169
7TOM_5AD,105,5.8898
7TOM_5AD,106,5.8940
7TOM_5AD,107,5.8199
7TOM_5AD,108,2.1703
7TOM_5AD,109,5.4189
7TOM_5AD,11,5.7962
7TOM_5AD,110,0.7831
7TOM_5AD,111,5.8442
7TOM_5AD,112,2.3858
7TOM_5AD,113,5.7700
7TOM_5AD,114,0.8678
7TOM_5AD,115,5.9859
7TOM_5AD,116,5.1976
7TOM_5AD,117,5.7039
7TOM_5AD,118,2.2336
7TOM_5AD,119,5.5054
7TOM_5AD,12,2.2551
7TOM_5AD,120,5.9709
7TOM_5AD,121,5.7872
7TOM_5AD,122,5.9036
7TOM_5AD,123,5.7884
7TOM_5AD,124,5.8981
7TOM_5AD,125,2.6591
7TOM_5AD,126,2.8968
7TOM_5AD,127,1.8265
7TOM_5AD,128,5.9978
7TOM_5AD,129,2.6334
7TOM_5AD,13,1.3466
7TOM_5AD,130,5.8159
7TOM_5AD,131,6.0208
7TOM_5AD,132,5.7787
7TOM_5AD,133,5.8625
7TOM_5AD,134,5.5754
7TOM_5AD,135,5.7718
7TOM_5AD,136,5.7797
7TOM_5AD,137,5.8468
7TOM_5AD,138,5.8827
7TOM_5AD,139,0.6039
7TOM_5AD,14,6.0085
7TOM_5AD,15,5.9073
7TOM_5AD,16,5.7245
7TOM_5AD,17,2.2610
7TOM_5AD,18,5.6924
7TOM_5AD,19,5.9470
7TOM_5AD,2,2.3354
7TOM_5AD,20,5.9632
7TOM_5AD,21,5.9328
7TOM_5AD,22,5.3311
7TOM_5AD,23,2.0767
7TOM_5AD,24,5.7058
7TOM_5AD,25,5.9553
7TOM_5AD,26,1.9921
7TOM_5AD,27,1.5608
7TOM_5AD,28,5.7838
7TOM_5AD,29,2.4882
7TOM_5AD,3,5.8672
7TOM_5AD,30,5.8794
7TOM_5AD,31,5.6704
7TOM_5AD,32,0.7513
7TOM_5AD,33,5.9585
7TOM_5AD,34,5.8090
7TOM_5AD,35,5.9063
7TOM_5AD,36,5.8462
7TOM_5AD,37,2.6322
7TOM_5AD,38,1.9916
7TOM_5AD,39,5.6956
7TOM_5AD,4,5.7123
7TOM_5AD,40,5.8789
7TOM_5AD,41,5.7595
7TOM_5AD,42,5.9520
7TOM_5AD,43,5.7260
7TOM_5AD,44,5.9648
7TOM_5AD,45,0.5079
7TOM_5AD,46,5.8505
7TOM_5AD,47,5.6987
7TOM_5AD,48,6.0645
7TOM_5AD,49,5.8096
7TOM_5AD,5,5.5564
7TOM_5AD,50,5.7998
7TOM_5AD,51,5.6904
7TOM_5AD,52,5.8170
7TOM_5AD,53,5.8122
7TOM_5AD,54,5.9939
7TOM_5AD,55,2.5977
7TOM_5AD,56,5.9295
7TOM_5AD,57,5.8384
7TOM_5AD,58,6.0622
7TOM_5AD,59,5.8989
7TOM_5AD,6,5.6109
7TOM_5AD,60,5.9782
7TOM_5AD,61,1.0339
7TOM_5AD,62,0.9845
7TOM_5AD,63,5.8639
7TOM_5AD,64,1.9597
7TOM_5AD,65,5.9498
7TOM_5AD,66,6.0773
7TOM_5AD,67,5.8412
7TOM_5AD,68,5.6664
7TOM_5AD,69,5.6415
7TOM_5AD,7,5.9652
7TOM_5AD,70,5.8307
7TOM_5AD,71,0.6709
7TOM_5AD,72,5.9454
7TOM_5AD,73,5.8168
7TOM_5AD,74,5.7752
7TOM_5AD,75,5.6697
7TOM_5AD,76,0.9499
7TOM_5AD,76,5.9523
7TOM_5AD,77,5.7794
7TOM_5AD,78,5.7912
7TOM_5AD,79,6.0483
7TOM_5AD,8,5.9780
7TOM_5AD,80,5.8421
7TOM_5AD,81,5.6436
7TOM_5AD,82,5.9795
7TOM_5AD,83,5.9202
7TOM_5AD,84,5.5979
7TOM_5AD,85,5.2747
7TOM_5AD,86,5.7782
7TOM_5AD,87,5.8507
7TOM_5AD,88,0.8860
7TOM_5AD,89,5.7175
7TOM_5AD,9,1.9307
7TOM_5AD,90,5.6696
7TOM_5AD,91,2.6571
7TOM_5AD,92,5.6024
7TOM_5AD,93,6.0334
7TOM_5AD,94,5.8302
7TOM_5AD,95,5.7914
7TOM_5AD,96,6.0432
7TOM_5AD,97,5.6593
7TOM_5AD,98,5.6334
7TOM_5AD,99,5.9204
7TS6_KMI,0,6.3032
7TS6_KMI,1,2.6018
7TS6_KMI,10,3.5639
7TS6_KMI,100,1.3687
7TS6_KMI,101,0.9631
7TS6_KMI,102,1.4078
7TS6_KMI,103,5.0414
7TS6_KMI,104,6.9867
7TS6_KMI,105,6.2215
7TS6_KMI,106,3.7778
7TS6_KMI,107,2.9470
7TS6_KMI,108,6.4778
7TS6_KMI,109,2.5731
7TS6_KMI,11,3.0320
7TS6_KMI,110,2.3695
7TS6_KMI,111,1.6600
7TS6_KMI,112,1.9505
7TS6_KMI,113,6.5904
7TS6_KMI,114,2.7033
7TS6_KMI,115,2.2189
7TS6_KMI,116,2.7706
7TS6_KMI,117,3.1424
7TS6_KMI,118,3.2434
7TS6_KMI,119,2.5514
7TS6_KMI,12,5.8627
7TS6_KMI,120,2.6864
7TS6_KMI,121,2.2820
7TS6_KMI,122,2.3379
7TS6_KMI,123,2.9444
7TS6_KMI,124,6.4452
7TS6_KMI,125,6.1285
7TS6_KMI,126,2.7241
7TS6_KMI,127,2.1455
7TS6_KMI,128,6.0353
7TS6_KMI,129,0.8271
7TS6_KMI,13,2.4268
7TS6_KMI,130,0.6974
7TS6_KMI,131,4.0619
7TS6_KMI,132,4.6457
7TS6_KMI,133,5.0384
7TS6_KMI,134,2.4593
7TS6_KMI,135,3.0708
7TS6_KMI,136,2.9686
7TS6_KMI,137,2.1114
7TS6_KMI,138,6.1392
7TS6_KMI,139,3.9439
7TS6_KMI,14,2.8367
7TS6_KMI,15,4.7744
7TS6_KMI,16,5.7712
7TS6_KMI,17,6.0517
7TS6_KMI,18,2.7607
7TS6_KMI,19,5.6199
7TS6_KMI,2,4.0010
7TS6_KMI,20,2.2087
7TS6_KMI,21,6.1625
7TS6_KMI,22,1.3659
7TS6_KMI,23,7.6098
7TS6_KMI,24,2.9751
7TS6_KMI,25,2.3622
7TS6_KMI,26,1.9880
7TS6_KMI,27,2.9595
7TS6_KMI,28,2.5454
7TS6_KMI,29,1.4029
7TS6_KMI,3,6.3158
7TS6_KMI,30,5.9940
7TS6_KMI,31,2.1906
7TS6_KMI,32,2.8264
7TS6_KMI,33,6.3619
7TS6_KMI,34,6.0420
7TS6_KMI,35,6.4750
7TS6_KMI,36,4.5535
7TS6_KMI,37,1.0316
7TS6_KMI,38,2.1052
7TS6_KMI,39,2.3615
7TS6_KMI,4,2.1869
7TS6_KMI,40,6.3953
7TS6_KMI,41,3.1682
7TS6_KMI,42,6.3871
7TS6_KMI,43,2.9676
7TS6_KMI,44,6.2223
7TS6_KMI,45,6.4354
7TS6_KMI,46,0.6384
7TS6_KMI,46,1.9546
7TS6_KMI,47,5.6065
7TS6_KMI,48,1.7156
7TS6_KMI,49,1.0048
7TS6_KMI,5,1.8842
7TS6_KMI,50,3.9075
7TS6_KMI,51,1.2606
7TS6_KMI,52,2.9236
7TS6_KMI,53,0.8019
7TS6_KMI,54,6.2913
7TS6_KMI,55,6.2856
7TS6_KMI,56,2.6198
7TS6_KMI,57,6.1069
7TS6_KMI,58,3.8187
7TS6_KMI,59,2.8684
7TS6_KMI,6,0.8251
7TS6_KMI,60,2.6271
7TS6_KMI,61,4.8119
7TS6_KMI,62,5.5618
7TS6_KMI,63,2.5688
7TS6_KMI,64,6.1557
7TS6_KMI,65,1.0505
7TS6_KMI,66,2.2311
7TS6_KMI,67,2.2554
7TS6_KMI,68,3.3660
7TS6_KMI,69,6.1538
7TS6_KMI,7,5.1181
7TS6_KMI,70,2.1821
7TS6_KMI,71,2.7748
7TS6_KMI,72,2.5459
7TS6_KMI,73,2.5468
7TS6_KMI,74,5.9729
7TS6_KMI,75,1.6284
7TS6_KMI,76,3.2362
7TS6_KMI,77,2.5088
7TS6_KMI,78,5.8444
7TS6_KMI,79,2.2071
7TS6_KMI,8,6.2781
7TS6_KMI,80,5.3720
7TS6_KMI,81,2.8544
7TS6_KMI,82,6.2662
7TS6_KMI,83,3.9217
7TS6_KMI,84,2.8065
7TS6_KMI,85,6.2796
7TS6_KMI,86,2.8917
7TS6_KMI,87,2.2801
7TS6_KMI,88,3.2379
7TS6_KMI,89,2.3386
7TS6_KMI,9,0.9012
7TS6_KMI,90,2.7065
7TS6_KMI,91,6.1966
7TS6_KMI,92,6.1579
7TS6_KMI,93,0.7943
7TS6_KMI,94,4.5474
7TS6_KMI,95,2.5694
7TS6_KMI,96,3.2021
7TS6_KMI,97,6.5966
7TS6_KMI,98,6.1876
7TS6_KMI,99,5.2152
7TSF_H4B,0,5.8489
7TSF_H4B,1,5.9688
7TSF_H4B,10,5.5723
7TSF_H4B,100,5.7110
7TSF_H4B,100,5.7746
7TSF_H4B,101,5.8744
7TSF_H4B,102,3.4271
7TSF_H4B,103,6.0648
7TSF_H4B,104,5.5914
7TSF_H4B,105,5.9334
7TSF_H4B,106,5.6561
7TSF_H4B,107,5.6508
7TSF_H4B,108,5.5305
7TSF_H4B,109,6.1175
7TSF_H4B,11,5.8052
7TSF_H4B,110,5.6489
7TSF_H4B,111,5.6651
7TSF_H4B,112,5.6993
7TSF_H4B,113,5.6033
7TSF_H4B,114,5.7200
7TSF_H4B,115,5.4789
7TSF_H4B,116,6.0025
7TSF_H4B,117,5.9435
7TSF_H4B,118,5.9954
7TSF_H4B,119,5.4505
7TSF_H4B,12,5.7238
7TSF_H4B,120,5.7210
7TSF_H4B,121,5.7329
7TSF_H4B,122,5.9060
7TSF_H4B,123,2.2993
7TSF_H4B,124,1.5162
7TSF_H4B,125,5.9193
7TSF_H4B,126,5.4539
7TSF_H4B,127,5.7274
7TSF_H4B,128,6.0443
7TSF_H4B,129,5.9728
7TSF_H4B,13,5.6847
7TSF_H4B,130,5.8027
7TSF_H4B,131,5.6432
7TSF_H4B,131,5.6190
7TSF_H4B,132,6.2234
7TSF_H4B,133,5.6966
7TSF_H4B,134,5.6642
7TSF_H4B,135,5.7147
7TSF_H4B,136,6.0833
7TSF_H4B,137,6.0518
7TSF_H4B,138,5.6538
7TSF_H4B,139,1.5169
7TSF_H4B,14,6.0351
7TSF_H4B,15,5.8518
7TSF_H4B,16,5.7663
7TSF_H4B,17,5.9844
7TSF_H4B,18,6.0796
7TSF_H4B,19,5.6419
7TSF_H4B,2,5.4074
7TSF_H4B,20,5.9829
7TSF_H4B,21,6.0869
7TSF_H4B,22,6.0409
7TSF_H4B,23,5.5954
7TSF_H4B,24,4.9251
7TSF_H4B,25,5.5519
7TSF_H4B,26,5.6388
7TSF_H4B,27,5.8988
7TSF_H4B,28,5.8658
7TSF_H4B,29,5.7675
7TSF_H4B,3,5.8150
7TSF_H4B,30,5.7727
7TSF_H4B,31,5.7479
7TSF_H4B,32,6.0384
7TSF_H4B,33,5.8186
7TSF_H4B,34,5.5649
7TSF_H4B,35,5.7405
7TSF_H4B,36,5.3640
7TSF_H4B,37,5.6442
7TSF_H4B,38,5.9831
7TSF_H4B,39,5.4521
7TSF_H4B,4,5.9378
7TSF_H4B,40,5.8860
7TSF_H4B,41,5.7137
7TSF_H4B,42,5.6016
7TSF_H4B,43,5.6919
7TSF_H4B,44,5.6912
7TSF_H4B,45,5.6138
7TSF_H4B,46,5.7596
7TSF_H4B,47,5.7331
7TSF_H4B,48,6.2017
7TSF_H4B,49,5.9634
7TSF_H4B,5,5.9822
7TSF_H4B,50,5.6150
7TSF_H4B,51,5.7746
7TSF_H4B,52,5.4029
7TSF_H4B,53,5.6490
7TSF_H4B,54,5.8659
7TSF_H4B,55,5.5621
7TSF_H4B,56,5.9171
7TSF_H4B,57,6.0325
7TSF_H4B,58,5.7167
7TSF_H4B,59,5.6226
7TSF_H4B,59,5.6590
7TSF_H4B,6,5.7507
7TSF_H4B,60,5.9618
7TSF_H4B,61,6.0875
7TSF_H4B,62,5.7560
7TSF_H4B,63,5.6794
7TSF_H4B,64,6.0516
7TSF_H4B,65,5.6756
7TSF_H4B,66,4.8207
7TSF_H4B,67,5.7457
7TSF_H4B,68,5.9452
7TSF_H4B,69,5.8328
7TSF_H4B,7,5.8887
7TSF_H4B,70,5.6768
7TSF_H4B,71,5.8355
7TSF_H4B,72,5.6367
7TSF_H4B,73,5.7250
7TSF_H4B,74,5.6944
7TSF_H4B,75,5.7404
7TSF_H4B,76,5.9524
7TSF_H4B,77,5.1550
7TSF_H4B,78,6.0278
7TSF_H4B,79,5.8632
7TSF_H4B,8,5.6782
7TSF_H4B,80,5.6108
7TSF_H4B,81,5.8003
7TSF_H4B,82,5.8608
7TSF_H4B,83,5.7760
7TSF_H4B,84,5.4921
7TSF_H4B,85,3.6814
7TSF_H4B,86,5.9468
7TSF_H4B,87,5.7120
7TSF_H4B,88,6.0347
7TSF_H4B,89,6.0025
7TSF_H4B,9,5.9030
7TSF_H4B,90,5.5961
7TSF_H4B,91,5.7927
7TSF_H4B,92,5.4385
7TSF_H4B,93,5.7338
7TSF_H4B,94,6.0624
7TSF_H4B,95,6.0979
7TSF_H4B,96,4.4026
7TSF_H4B,97,5.8272
7TSF_H4B,98,5.6310
7TSF_H4B,99,5.6098
7TUO_KL9,0,12.0163
7TUO_KL9,1,11.7988
7TUO_KL9,10,11.8626
7TUO_KL9,100,11.8154
7TUO_KL9,101,11.7976
7TUO_KL9,102,1.7899
7TUO_KL9,103,12.0412
7TUO_KL9,104,11.8646
7TUO_KL9,105,11.7635
7TUO_KL9,106,11.7532
7TUO_KL9,106,11.9215
7TUO_KL9,107,11.9754
7TUO_KL9,108,11.9558
7TUO_KL9,109,11.9222
7TUO_KL9,11,11.8906
7TUO_KL9,110,11.8300
7TUO_KL9,111,12.0221
7TUO_KL9,112,11.9324
7TUO_KL9,113,11.5156
7TUO_KL9,114,11.9827
7TUO_KL9,115,11.7844
7TUO_KL9,116,1.9470
7TUO_KL9,117,12.0035
7TUO_KL9,118,11.7762
7TUO_KL9,119,11.9443
7TUO_KL9,12,12.2180
7TUO_KL9,120,1.2406
7TUO_KL9,121,12.0646
7TUO_KL9,122,2.0626
7TUO_KL9,123,11.7322
7TUO_KL9,124,11.7827
7TUO_KL9,125,12.1244
7TUO_KL9,126,1.7997
7TUO_KL9,127,11.8934
7TUO_KL9,128,12.1058
7TUO_KL9,129,12.1649
7TUO_KL9,13,12.0266
7TUO_KL9,130,11.9486
7TUO_KL9,131,10.9741
7TUO_KL9,132,11.6801
7TUO_KL9,133,11.8005
7TUO_KL9,134,12.0219
7TUO_KL9,135,11.9053
7TUO_KL9,136,1.9301
7TUO_KL9,137,1.6115
7TUO_KL9,138,1.8031
7TUO_KL9,139,11.9312
7TUO_KL9,14,11.8862
7TUO_KL9,15,1.9872
7TUO_KL9,16,12.1496
7TUO_KL9,17,11.9662
7TUO_KL9,18,11.9266
7TUO_KL9,19,1.6942
7TUO_KL9,2,11.7388
7TUO_KL9,20,2.0914
7TUO_KL9,21,11.9491
7TUO_KL9,22,11.9119
7TUO_KL9,23,11.9268
7TUO_KL9,24,1.1870
7TUO_KL9,25,12.0273
7TUO_KL9,26,11.8382
7TUO_KL9,27,1.2139
7TUO_KL9,28,12.0463
7TUO_KL9,29,11.9015
7TUO_KL9,3,1.9131
7TUO_KL9,30,12.1173
7TUO_KL9,31,11.7103
7TUO_KL9,32,11.9663
7TUO_KL9,33,12.0289
7TUO_KL9,34,11.9947
7TUO_KL9,35,2.7582
7TUO_KL9,36,11.9814
7TUO_KL9,37,12.0505
7TUO_KL9,38,11.9936
7TUO_KL9,39,11.9625
7TUO_KL9,4,12.1076
7TUO_KL9,40,12.0891
7TUO_KL9,41,11.8541
7TUO_KL9,42,11.7849
7TUO_KL9,43,11.7954
7TUO_KL9,44,12.0622
7TUO_KL9,45,12.0208
7TUO_KL9,46,12.0735
7TUO_KL9,47,11.8685
7TUO_KL9,48,1.7755
7TUO_KL9,49,1.7907
7TUO_KL9,5,11.7293
7TUO_KL9,50,2.0627
7TUO_KL9,51,11.8933
7TUO_KL9,52,11.8706
7TUO_KL9,53,1.7231
7TUO_KL9,54,12.1581
7TUO_KL9,55,11.7978
7TUO_KL9,56,11.9443
7TUO_KL9,57,11.9501
7TUO_KL9,58,1.0402
7TUO_KL9,59,7.7556
7TUO_KL9,6,11.4227
7TUO_KL9,60,12.0525
7TUO_KL9,61,11.6172
7TUO_KL9,62,11.4128
7TUO_KL9,63,1.2871
7TUO_KL9,64,11.8683
7TUO_KL9,65,12.0249
7TUO_KL9,66,11.9247
7TUO_KL9,67,11.9511
7TUO_KL9,68,12.0387
7TUO_KL9,69,11.9250
7TUO_KL9,7,12.2087
7TUO_KL9,70,11.9108
7TUO_KL9,71,11.9316
7TUO_KL9,72,12.1029
7TUO_KL9,73,11.9200
7TUO_KL9,74,11.8616
7TUO_KL9,75,11.9566
7TUO_KL9,76,11.9811
7TUO_KL9,77,12.0662
7TUO_KL9,78,12.0919
7TUO_KL9,79,11.6979
7TUO_KL9,8,11.9576
7TUO_KL9,80,11.6733
7TUO_KL9,81,11.7475
7TUO_KL9,82,11.9281
7TUO_KL9,83,12.1840
7TUO_KL9,84,12.0081
7TUO_KL9,85,12.0138
7TUO_KL9,86,12.0230
7TUO_KL9,87,1.9396
7TUO_KL9,88,11.8337
7TUO_KL9,89,2.0222
7TUO_KL9,9,11.8855
7TUO_KL9,90,11.9436
7TUO_KL9,91,11.9328
7TUO_KL9,92,11.8035
7TUO_KL9,93,11.9700
7TUO_KL9,94,12.0792
7TUO_KL9,95,1.5127
7TUO_KL9,96,11.8102
7TUO_KL9,97,1.7477
7TUO_KL9,98,2.0691
7TUO_KL9,99,11.8711
7TXK_LW8,0,1.5500
7TXK_LW8,1,0.8852
7TXK_LW8,10,0.9292
7TXK_LW8,100,1.7488
7TXK_LW8,101,0.9652
7TXK_LW8,102,1.3462
7TXK_LW8,103,1.4099
7TXK_LW8,104,0.6268
7TXK_LW8,105,1.7013
7TXK_LW8,106,0.8798
7TXK_LW8,107,4.8945
7TXK_LW8,108,1.2720
7TXK_LW8,109,1.5617
7TXK_LW8,11,1.6415
7TXK_LW8,110,1.7350
7TXK_LW8,111,2.0331
7TXK_LW8,112,1.4421
7TXK_LW8,113,1.1335
7TXK_LW8,114,0.9204
7TXK_LW8,115,1.1557
7TXK_LW8,116,1.2056
7TXK_LW8,117,1.4773
7TXK_LW8,118,1.1289
7TXK_LW8,119,1.5575
7TXK_LW8,12,3.0326
7TXK_LW8,120,0.6734
7TXK_LW8,121,1.4504
7TXK_LW8,122,0.9538
7TXK_LW8,123,0.6526
7TXK_LW8,124,5.1944
7TXK_LW8,125,1.0827
7TXK_LW8,126,1.2954
7TXK_LW8,127,1.5875
7TXK_LW8,128,1.4552
7TXK_LW8,129,0.9257
7TXK_LW8,13,1.7831
7TXK_LW8,130,1.1365
7TXK_LW8,131,1.5442
7TXK_LW8,132,1.7627
7TXK_LW8,133,0.9890
7TXK_LW8,134,2.1833
7TXK_LW8,135,0.9514
7TXK_LW8,136,0.8310
7TXK_LW8,137,1.5910
7TXK_LW8,138,1.2653
7TXK_LW8,139,5.1018
7TXK_LW8,14,1.4385
7TXK_LW8,15,1.2202
7TXK_LW8,16,1.2739
7TXK_LW8,17,5.0746
7TXK_LW8,18,1.6763
7TXK_LW8,19,1.4141
7TXK_LW8,2,1.4868
7TXK_LW8,20,1.5763
7TXK_LW8,21,1.2608
7TXK_LW8,22,1.7634
7TXK_LW8,23,1.4542
7TXK_LW8,24,0.6518
7TXK_LW8,25,1.1405
7TXK_LW8,26,0.7055
7TXK_LW8,27,1.2962
7TXK_LW8,28,1.5771
7TXK_LW8,29,1.7300
7TXK_LW8,3,1.0839
7TXK_LW8,30,0.9783
7TXK_LW8,31,1.3941
7TXK_LW8,32,0.9055
7TXK_LW8,33,0.4311
7TXK_LW8,34,0.9918
7TXK_LW8,35,1.2389
7TXK_LW8,36,1.2665
7TXK_LW8,37,1.2461
7TXK_LW8,38,1.7438
7TXK_LW8,39,1.5915
7TXK_LW8,4,1.5075
7TXK_LW8,40,0.8755
7TXK_LW8,41,1.4309
7TXK_LW8,42,1.5222
7TXK_LW8,43,1.4990
7TXK_LW8,44,1.0012
7TXK_LW8,45,5.2443
7TXK_LW8,46,0.8983
7TXK_LW8,47,0.8058
7TXK_LW8,48,2.5902
7TXK_LW8,49,2.0255
7TXK_LW8,5,1.5867
7TXK_LW8,50,1.3633
7TXK_LW8,51,1.5959
7TXK_LW8,52,1.9004
7TXK_LW8,53,1.2491
7TXK_LW8,54,0.4256
7TXK_LW8,55,5.0245
7TXK_LW8,56,1.6543
7TXK_LW8,57,1.6086
7TXK_LW8,58,1.1750
7TXK_LW8,59,1.4636
7TXK_LW8,6,1.2215
7TXK_LW8,60,1.2002
7TXK_LW8,61,1.4367
7TXK_LW8,62,1.7288
7TXK_LW8,63,1.6953
7TXK_LW8,64,1.4219
7TXK_LW8,65,0.6192
7TXK_LW8,66,1.1035
7TXK_LW8,67,1.0443
7TXK_LW8,68,5.1682
7TXK_LW8,69,1.0629
7TXK_LW8,7,1.1640
7TXK_LW8,70,1.1803
7TXK_LW8,71,1.4773
7TXK_LW8,72,1.3158
7TXK_LW8,73,1.2342
7TXK_LW8,74,1.1516
7TXK_LW8,75,1.9535
7TXK_LW8,76,1.2706
7TXK_LW8,77,1.2554
7TXK_LW8,78,1.0685
7TXK_LW8,79,1.3500
7TXK_LW8,8,1.6576
7TXK_LW8,80,2.9628
7TXK_LW8,81,1.7255
7TXK_LW8,82,1.9040
7TXK_LW8,83,1.2221
7TXK_LW8,84,1.1771
7TXK_LW8,85,0.8259
7TXK_LW8,86,1.4879
7TXK_LW8,87,2.0465
7TXK_LW8,88,0.8970
7TXK_LW8,89,1.2952
7TXK_LW8,9,1.4507
7TXK_LW8,90,1.3910
7TXK_LW8,91,1.4338
7TXK_LW8,92,1.5116
7TXK_LW8,93,2.9177
7TXK_LW8,94,1.0828
7TXK_LW8,95,1.5406
7TXK_LW8,96,1.2097
7TXK_LW8,97,1.4973
7TXK_LW8,98,1.6367
7TXK_LW8,99,1.1783
7TYP_KUR,0,1.2169
7TYP_KUR,1,4.0393
7TYP_KUR,10,1.7536
7TYP_KUR,100,4.4897
7TYP_KUR,101,1.7550
7TYP_KUR,102,4.3951
7TYP_KUR,103,3.8695
7TYP_KUR,104,1.4121
7TYP_KUR,105,3.9904
7TYP_KUR,106,1.3850
7TYP_KUR,107,2.7834
7TYP_KUR,108,1.2481
7TYP_KUR,109,2.8207
7TYP_KUR,11,4.2436
7TYP_KUR,110,8.1633
7TYP_KUR,111,2.7129
7TYP_KUR,112,4.1495
7TYP_KUR,113,4.7758
7TYP_KUR,114,3.9022
7TYP_KUR,115,8.3790
7TYP_KUR,116,4.4226
7TYP_KUR,117,4.6856
7TYP_KUR,118,1.5902
7TYP_KUR,119,4.5128
7TYP_KUR,12,4.3428
7TYP_KUR,120,3.7885
7TYP_KUR,121,4.0086
7TYP_KUR,122,1.3611
7TYP_KUR,123,2.0370
7TYP_KUR,124,2.0847
7TYP_KUR,125,1.6291
7TYP_KUR,126,1.3952
7TYP_KUR,127,4.4890
7TYP_KUR,128,3.7027
7TYP_KUR,129,3.6395
7TYP_KUR,13,1.3523
7TYP_KUR,130,1.5426
7TYP_KUR,131,1.4506
7TYP_KUR,132,3.8273
7TYP_KUR,133,4.2593
7TYP_KUR,134,8.9112
7TYP_KUR,135,4.0889
7TYP_KUR,136,1.5441
7TYP_KUR,137,4.3292
7TYP_KUR,138,1.2463
7TYP_KUR,139,2.0080
7TYP_KUR,14,1.5578
7TYP_KUR,15,1.8586
7TYP_KUR,16,3.1102
7TYP_KUR,17,3.7373
7TYP_KUR,18,4.1414
7TYP_KUR,19,2.6642
7TYP_KUR,2,4.6452
7TYP_KUR,20,3.6873
7TYP_KUR,21,1.2351
7TYP_KUR,22,2.8149
7TYP_KUR,23,1.7944
7TYP_KUR,24,3.7161
7TYP_KUR,25,3.2098
7TYP_KUR,26,4.3991
7TYP_KUR,27,3.9595
7TYP_KUR,28,2.0569
7TYP_KUR,29,4.4433
7TYP_KUR,3,1.4352
7TYP_KUR,30,2.9346
7TYP_KUR,31,1.7568
7TYP_KUR,32,1.3985
7TYP_KUR,33,3.6091
7TYP_KUR,34,4.9727
7TYP_KUR,35,4.6529
7TYP_KUR,36,3.3354
7TYP_KUR,37,9.0212
7TYP_KUR,38,4.4737
7TYP_KUR,39,6.9448
7TYP_KUR,4,3.5906
7TYP_KUR,40,2.9161
7TYP_KUR,41,4.1053
7TYP_KUR,42,2.6828
7TYP_KUR,43,1.4700
7TYP_KUR,44,1.4521
7TYP_KUR,45,4.0313
7TYP_KUR,46,4.2575
7TYP_KUR,47,2.0615
7TYP_KUR,48,3.9914
7TYP_KUR,49,4.5858
7TYP_KUR,5,4.2402
7TYP_KUR,50,3.9141
7TYP_KUR,51,4.7637
7TYP_KUR,52,4.1576
7TYP_KUR,53,4.7698
7TYP_KUR,54,8.6536
7TYP_KUR,55,1.4807
7TYP_KUR,56,2.1252
7TYP_KUR,57,2.8991
7TYP_KUR,58,4.5884
7TYP_KUR,59,8.2431
7TYP_KUR,6,4.2147
7TYP_KUR,60,3.6162
7TYP_KUR,61,3.7829
7TYP_KUR,62,4.2191
7TYP_KUR,63,0.6805
7TYP_KUR,64,3.0895
7TYP_KUR,65,4.3485
7TYP_KUR,66,4.2930
7TYP_KUR,67,1.5533
7TYP_KUR,68,1.4910
7TYP_KUR,69,4.1658
7TYP_KUR,7,4.3783
7TYP_KUR,70,1.6324
7TYP_KUR,71,4.4847
7TYP_KUR,72,3.8564
7TYP_KUR,73,3.2096
7TYP_KUR,74,1.1218
7TYP_KUR,75,4.0673
7TYP_KUR,76,4.3329
7TYP_KUR,77,2.4456
7TYP_KUR,78,3.9602
7TYP_KUR,79,1.3570
7TYP_KUR,8,4.3847
7TYP_KUR,80,2.5567
7TYP_KUR,81,1.0326
7TYP_KUR,82,1.4531
7TYP_KUR,83,3.5979
7TYP_KUR,84,1.4237
7TYP_KUR,85,4.1971
7TYP_KUR,86,1.6933
7TYP_KUR,87,3.8620
7TYP_KUR,88,4.4701
7TYP_KUR,89,8.8167
7TYP_KUR,9,1.1351
7TYP_KUR,90,3.6012
7TYP_KUR,91,2.0335
7TYP_KUR,92,4.2661
7TYP_KUR,93,1.8021
7TYP_KUR,94,1.4664
7TYP_KUR,95,1.6700
7TYP_KUR,96,4.2705
7TYP_KUR,97,2.2218
7TYP_KUR,98,2.0079
7TYP_KUR,99,4.3932
7U0U_FK5,0,6.2984
7U0U_FK5,1,3.8030
7U0U_FK5,10,5.2699
7U0U_FK5,100,4.8159
7U0U_FK5,101,4.9316
7U0U_FK5,102,3.5824
7U0U_FK5,103,4.3263
7U0U_FK5,104,5.8602
7U0U_FK5,105,5.2528
7U0U_FK5,106,7.3970
7U0U_FK5,107,5.3737
7U0U_FK5,108,6.2611
7U0U_FK5,109,3.6815
7U0U_FK5,11,5.4703
7U0U_FK5,110,3.7862
7U0U_FK5,111,5.4568
7U0U_FK5,112,6.3975
7U0U_FK5,113,3.9069
7U0U_FK5,114,3.2383
7U0U_FK5,115,7.0729
7U0U_FK5,116,2.9490
7U0U_FK5,117,5.9920
7U0U_FK5,118,6.3973
7U0U_FK5,119,6.1333
7U0U_FK5,12,3.2009
7U0U_FK5,120,5.2535
7U0U_FK5,121,4.7235
7U0U_FK5,122,7.2739
7U0U_FK5,123,3.3620
7U0U_FK5,124,4.6887
7U0U_FK5,125,4.0869
7U0U_FK5,126,7.6638
7U0U_FK5,127,4.5586
7U0U_FK5,128,5.3352
7U0U_FK5,129,5.5563
7U0U_FK5,13,7.5178
7U0U_FK5,130,5.9732
7U0U_FK5,131,6.1459
7U0U_FK5,132,3.6365
7U0U_FK5,133,4.2383
7U0U_FK5,134,5.6502
7U0U_FK5,135,3.5390
7U0U_FK5,136,3.6458
7U0U_FK5,137,5.8799
7U0U_FK5,138,6.6593
7U0U_FK5,139,5.3300
7U0U_FK5,14,4.9645
7U0U_FK5,15,4.7851
7U0U_FK5,16,7.6748
7U0U_FK5,17,4.0604
7U0U_FK5,18,4.2422
7U0U_FK5,19,7.2635
7U0U_FK5,2,6.5080
7U0U_FK5,20,7.0681
7U0U_FK5,21,6.2049
7U0U_FK5,22,5.5136
7U0U_FK5,23,6.0356
7U0U_FK5,24,5.5282
7U0U_FK5,25,5.0321
7U0U_FK5,26,5.5654
7U0U_FK5,27,8.4408
7U0U_FK5,28,5.2939
7U0U_FK5,29,3.7219
7U0U_FK5,3,5.3681
7U0U_FK5,30,5.8313
7U0U_FK5,31,4.0822
7U0U_FK5,32,5.2797
7U0U_FK5,33,4.6298
7U0U_FK5,34,5.6244
7U0U_FK5,35,7.2485
7U0U_FK5,36,6.6027
7U0U_FK5,37,6.4309
7U0U_FK5,38,5.3224
7U0U_FK5,39,6.9393
7U0U_FK5,4,7.8476
7U0U_FK5,40,6.2895
7U0U_FK5,41,4.4938
7U0U_FK5,42,5.8961
7U0U_FK5,43,3.4919
7U0U_FK5,44,5.7481
7U0U_FK5,45,4.9840
7U0U_FK5,46,5.1516
7U0U_FK5,47,6.0187
7U0U_FK5,48,6.2978
7U0U_FK5,49,5.4616
7U0U_FK5,5,5.1145
7U0U_FK5,50,4.5416
7U0U_FK5,51,5.1257
7U0U_FK5,52,3.3565
7U0U_FK5,53,3.2533
7U0U_FK5,54,4.9377
7U0U_FK5,55,4.7667
7U0U_FK5,56,5.9501
7U0U_FK5,57,4.7984
7U0U_FK5,58,4.0507
7U0U_FK5,59,5.6506
7U0U_FK5,6,7.1315
7U0U_FK5,60,4.6516
7U0U_FK5,61,6.8654
7U0U_FK5,62,5.1166
7U0U_FK5,63,6.8386
7U0U_FK5,64,3.5758
7U0U_FK5,65,4.9586
7U0U_FK5,66,7.0842
7U0U_FK5,67,6.9588
7U0U_FK5,68,3.8033
7U0U_FK5,69,8.7493
7U0U_FK5,7,5.0924
7U0U_FK5,70,6.5874
7U0U_FK5,71,7.4862
7U0U_FK5,72,6.1163
7U0U_FK5,73,3.8072
7U0U_FK5,74,5.9099
7U0U_FK5,75,9.2873
7U0U_FK5,76,5.6419
7U0U_FK5,77,6.1932
7U0U_FK5,78,6.2676
7U0U_FK5,79,6.5244
7U0U_FK5,8,5.2767
7U0U_FK5,80,6.4033
7U0U_FK5,81,5.1019
7U0U_FK5,82,7.0285
7U0U_FK5,83,5.5326
7U0U_FK5,84,6.8182
7U0U_FK5,85,3.4028
7U0U_FK5,86,6.5886
7U0U_FK5,87,7.7403
7U0U_FK5,88,6.6496
7U0U_FK5,89,8.0009
7U0U_FK5,9,5.3504
7U0U_FK5,90,5.9633
7U0U_FK5,91,4.7909
7U0U_FK5,92,6.8218
7U0U_FK5,93,5.5263
7U0U_FK5,94,4.7575
7U0U_FK5,95,7.1035
7U0U_FK5,96,7.6876
7U0U_FK5,97,8.2021
7U0U_FK5,98,6.1412
7U0U_FK5,99,7.8667
7U3J_L6U,0,4.2392
7U3J_L6U,1,9.0447
7U3J_L6U,10,7.1146
7U3J_L6U,100,8.0197
7U3J_L6U,101,4.4931
7U3J_L6U,102,8.2514
7U3J_L6U,103,6.1729
7U3J_L6U,104,4.1125
7U3J_L6U,105,5.1520
7U3J_L6U,106,8.5936
7U3J_L6U,107,4.8931
7U3J_L6U,108,1.7890
7U3J_L6U,109,8.4902
7U3J_L6U,11,4.4404
7U3J_L6U,110,4.7534
7U3J_L6U,111,4.3438
7U3J_L6U,112,3.9982
7U3J_L6U,113,4.9194
7U3J_L6U,114,4.1109
7U3J_L6U,115,3.3031
7U3J_L6U,116,8.5774
7U3J_L6U,117,4.9007
7U3J_L6U,118,8.6855
7U3J_L6U,119,4.9143
7U3J_L6U,12,4.5533
7U3J_L6U,120,8.0054
7U3J_L6U,121,8.7581
7U3J_L6U,122,8.2359
7U3J_L6U,123,4.2491
7U3J_L6U,124,8.9974
7U3J_L6U,125,4.2527
7U3J_L6U,126,4.1711
7U3J_L6U,127,8.9796
7U3J_L6U,128,6.3892
7U3J_L6U,129,3.5684
7U3J_L6U,13,4.9599
7U3J_L6U,130,5.3003
7U3J_L6U,131,3.7517
7U3J_L6U,132,4.6172
7U3J_L6U,133,8.5018
7U3J_L6U,134,4.3372
7U3J_L6U,135,4.2674
7U3J_L6U,136,4.6810
7U3J_L6U,137,4.8831
7U3J_L6U,138,8.6945
7U3J_L6U,139,6.4829
7U3J_L6U,14,3.8147
7U3J_L6U,15,8.8400
7U3J_L6U,16,3.4616
7U3J_L6U,17,8.1420
7U3J_L6U,18,7.4839
7U3J_L6U,19,2.9288
7U3J_L6U,2,5.1397
7U3J_L6U,20,8.8135
7U3J_L6U,21,8.3306
7U3J_L6U,22,3.4354
7U3J_L6U,23,3.5672
7U3J_L6U,24,8.6603
7U3J_L6U,25,8.8496
7U3J_L6U,26,8.2845
7U3J_L6U,27,8.9825
7U3J_L6U,28,4.2538
7U3J_L6U,29,7.7506
7U3J_L6U,3,3.7633
7U3J_L6U,30,7.8657
7U3J_L6U,31,3.3975
7U3J_L6U,32,2.9047
7U3J_L6U,33,4.3746
7U3J_L6U,34,8.5022
7U3J_L6U,35,3.6684
7U3J_L6U,36,4.5486
7U3J_L6U,37,8.4527
7U3J_L6U,38,8.8094
7U3J_L6U,39,4.2566
7U3J_L6U,4,8.6562
7U3J_L6U,40,4.8500
7U3J_L6U,41,3.8096
7U3J_L6U,42,6.0524
7U3J_L6U,43,4.2415
7U3J_L6U,44,8.1078
7U3J_L6U,45,4.2651
7U3J_L6U,46,4.5285
7U3J_L6U,47,4.5366
7U3J_L6U,48,4.0024
7U3J_L6U,49,7.7816
7U3J_L6U,5,4.2734
7U3J_L6U,50,4.4110
7U3J_L6U,51,2.8212
7U3J_L6U,52,4.1287
7U3J_L6U,53,8.4281
7U3J_L6U,54,3.6933
7U3J_L6U,55,9.2408
7U3J_L6U,56,8.9208
7U3J_L6U,57,4.3984
7U3J_L6U,58,8.6020
7U3J_L6U,59,3.9760
7U3J_L6U,6,8.8721
7U3J_L6U,60,3.8528
7U3J_L6U,61,8.8749
7U3J_L6U,62,8.6584
7U3J_L6U,63,3.0234
7U3J_L6U,64,4.2396
7U3J_L6U,65,5.0044
7U3J_L6U,66,3.4827
7U3J_L6U,67,4.8817
7U3J_L6U,68,7.0377
7U3J_L6U,69,5.0805
7U3J_L6U,7,7.2343
7U3J_L6U,70,4.3364
7U3J_L6U,71,4.0138
7U3J_L6U,72,4.9674
7U3J_L6U,73,4.5013
7U3J_L6U,74,8.9018
7U3J_L6U,75,3.7864
7U3J_L6U,76,9.4436
7U3J_L6U,77,9.2579
7U3J_L6U,78,4.2094
7U3J_L6U,79,5.0142
7U3J_L6U,8,8.8373
7U3J_L6U,80,9.2227
7U3J_L6U,81,2.2724
7U3J_L6U,82,5.8535
7U3J_L6U,83,4.5075
7U3J_L6U,84,8.5824
7U3J_L6U,85,7.8281
7U3J_L6U,86,8.5007
7U3J_L6U,87,4.1844
7U3J_L6U,88,4.6391
7U3J_L6U,89,4.3352
7U3J_L6U,9,8.8894
7U3J_L6U,90,3.0847
7U3J_L6U,91,3.2841
7U3J_L6U,92,3.6428
7U3J_L6U,93,8.7713
7U3J_L6U,94,4.6995
7U3J_L6U,95,3.5551
7U3J_L6U,96,8.6164
7U3J_L6U,97,8.2527
7U3J_L6U,98,3.8629
7U3J_L6U,99,4.3504
7UAS_MBU,0,2.3911
7UAS_MBU,1,5.2642
7UAS_MBU,10,1.4975
7UAS_MBU,100,6.7685
7UAS_MBU,101,6.8136
7UAS_MBU,102,8.3008
7UAS_MBU,103,6.2475
7UAS_MBU,104,6.4991
7UAS_MBU,105,7.6656
7UAS_MBU,106,5.2681
7UAS_MBU,107,2.6021
7UAS_MBU,108,7.4598
7UAS_MBU,109,5.6480
7UAS_MBU,11,6.2163
7UAS_MBU,110,4.9984
7UAS_MBU,111,5.0096
7UAS_MBU,112,7.1841
7UAS_MBU,113,6.8067
7UAS_MBU,114,6.9608
7UAS_MBU,115,8.1151
7UAS_MBU,116,7.0518
7UAS_MBU,117,7.9817
7UAS_MBU,118,3.8464
7UAS_MBU,119,7.9098
7UAS_MBU,12,8.3388
7UAS_MBU,120,7.0404
7UAS_MBU,121,6.8970
7UAS_MBU,122,6.9138
7UAS_MBU,123,5.1241
7UAS_MBU,124,6.9919
7UAS_MBU,125,8.3235
7UAS_MBU,126,8.4496
7UAS_MBU,127,7.1772
7UAS_MBU,128,6.7582
7UAS_MBU,129,6.5906
7UAS_MBU,13,1.9619
7UAS_MBU,130,8.3617
7UAS_MBU,131,7.3378
7UAS_MBU,132,7.2944
7UAS_MBU,133,5.8000
7UAS_MBU,134,7.5634
7UAS_MBU,135,6.5684
7UAS_MBU,136,7.5461
7UAS_MBU,137,5.1109
7UAS_MBU,138,7.5242
7UAS_MBU,139,6.7957
7UAS_MBU,14,5.1741
7UAS_MBU,15,6.0923
7UAS_MBU,16,8.6679
7UAS_MBU,17,3.6541
7UAS_MBU,18,6.0558
7UAS_MBU,19,7.5691
7UAS_MBU,2,7.2225
7UAS_MBU,20,7.0019
7UAS_MBU,21,6.8102
7UAS_MBU,22,6.7328
7UAS_MBU,23,7.5156
7UAS_MBU,24,6.9428
7UAS_MBU,25,3.5541
7UAS_MBU,26,3.5729
7UAS_MBU,27,5.8710
7UAS_MBU,28,3.3009
7UAS_MBU,29,7.0553
7UAS_MBU,3,5.9327
7UAS_MBU,30,7.2533
7UAS_MBU,31,8.3267
7UAS_MBU,32,7.2351
7UAS_MBU,33,7.8570
7UAS_MBU,34,7.0199
7UAS_MBU,35,7.0285
7UAS_MBU,36,4.8446
7UAS_MBU,37,5.8920
7UAS_MBU,38,7.7419
7UAS_MBU,39,4.5372
7UAS_MBU,4,5.9886
7UAS_MBU,40,5.8172
7UAS_MBU,41,5.4754
7UAS_MBU,42,8.0191
7UAS_MBU,43,8.2400
7UAS_MBU,44,6.3922
7UAS_MBU,45,8.4862
7UAS_MBU,46,7.2174
7UAS_MBU,47,6.9865
7UAS_MBU,48,8.6237
7UAS_MBU,49,7.4591
7UAS_MBU,5,6.5694
7UAS_MBU,50,7.8652
7UAS_MBU,51,8.1191
7UAS_MBU,52,5.7131
7UAS_MBU,53,6.8354
7UAS_MBU,54,7.2279
7UAS_MBU,55,7.2106
7UAS_MBU,56,7.6680
7UAS_MBU,57,7.5943
7UAS_MBU,58,9.1559
7UAS_MBU,59,7.2281
7UAS_MBU,6,6.4427
7UAS_MBU,60,7.8313
7UAS_MBU,61,7.1806
7UAS_MBU,62,5.9884
7UAS_MBU,63,6.4114
7UAS_MBU,64,4.1363
7UAS_MBU,65,6.4340
7UAS_MBU,66,6.7338
7UAS_MBU,67,2.8032
7UAS_MBU,68,7.9410
7UAS_MBU,69,7.1787
7UAS_MBU,7,3.8689
7UAS_MBU,70,7.6209
7UAS_MBU,71,6.9592
7UAS_MBU,72,7.2431
7UAS_MBU,73,7.5500
7UAS_MBU,74,7.3145
7UAS_MBU,75,4.5455
7UAS_MBU,76,6.9188
7UAS_MBU,77,6.8063
7UAS_MBU,78,3.2801
7UAS_MBU,79,6.4565
7UAS_MBU,8,7.1275
7UAS_MBU,80,7.3812
7UAS_MBU,81,6.9367
7UAS_MBU,82,5.8431
7UAS_MBU,83,8.0970
7UAS_MBU,84,1.8101
7UAS_MBU,85,8.4535
7UAS_MBU,86,7.4199
7UAS_MBU,87,8.1887
7UAS_MBU,88,6.1754
7UAS_MBU,89,7.8749
7UAS_MBU,9,0.9411
7UAS_MBU,90,7.0551
7UAS_MBU,91,7.2391
7UAS_MBU,92,8.3317
7UAS_MBU,93,5.7549
7UAS_MBU,94,7.4231
7UAS_MBU,95,6.3032
7UAS_MBU,96,8.2527
7UAS_MBU,97,7.3391
7UAS_MBU,98,8.2138
7UAS_MBU,99,5.9200
7UAW_MF6,0,5.7169
7UAW_MF6,1,3.9569
7UAW_MF6,10,4.1902
7UAW_MF6,100,1.5183
7UAW_MF6,101,5.7515
7UAW_MF6,102,5.3617
7UAW_MF6,103,5.6642
7UAW_MF6,104,5.8303
7UAW_MF6,105,4.0651
7UAW_MF6,106,1.8447
7UAW_MF6,107,3.9864
7UAW_MF6,108,5.7552
7UAW_MF6,109,4.9658
7UAW_MF6,11,4.9546
7UAW_MF6,110,5.5288
7UAW_MF6,111,4.5605
7UAW_MF6,112,4.5351
7UAW_MF6,113,4.4106
7UAW_MF6,114,4.3522
7UAW_MF6,115,5.5695
7UAW_MF6,116,4.4592
7UAW_MF6,117,3.9238
7UAW_MF6,118,4.7882
7UAW_MF6,119,2.6178
7UAW_MF6,12,4.2988
7UAW_MF6,120,4.8968
7UAW_MF6,121,4.5271
7UAW_MF6,122,4.7364
7UAW_MF6,123,4.7867
7UAW_MF6,124,4.9297
7UAW_MF6,125,5.9196
7UAW_MF6,126,5.2003
7UAW_MF6,127,3.9583
7UAW_MF6,128,5.0537
7UAW_MF6,129,4.0018
7UAW_MF6,13,4.4015
7UAW_MF6,130,5.4916
7UAW_MF6,131,4.7618
7UAW_MF6,132,3.8892
7UAW_MF6,133,4.4906
7UAW_MF6,134,5.9959
7UAW_MF6,135,5.0177
7UAW_MF6,136,4.6653
7UAW_MF6,137,3.6077
7UAW_MF6,138,4.1434
7UAW_MF6,139,2.0331
7UAW_MF6,14,5.3657
7UAW_MF6,15,2.8152
7UAW_MF6,16,5.3305
7UAW_MF6,17,4.1844
7UAW_MF6,18,5.1064
7UAW_MF6,19,5.5234
7UAW_MF6,2,4.7547
7UAW_MF6,20,5.9162
7UAW_MF6,21,5.1826
7UAW_MF6,22,4.3183
7UAW_MF6,23,4.6554
7UAW_MF6,24,4.7576
7UAW_MF6,25,4.0420
7UAW_MF6,26,5.2665
7UAW_MF6,27,3.3725
7UAW_MF6,28,3.0630
7UAW_MF6,29,5.2240
7UAW_MF6,3,5.3547
7UAW_MF6,30,4.4741
7UAW_MF6,31,3.7696
7UAW_MF6,32,3.7542
7UAW_MF6,33,5.2111
7UAW_MF6,34,2.1862
7UAW_MF6,35,5.0764
7UAW_MF6,36,4.7667
7UAW_MF6,37,1.3176
7UAW_MF6,38,4.1413
7UAW_MF6,39,4.5592
7UAW_MF6,4,4.1562
7UAW_MF6,40,5.5521
7UAW_MF6,41,4.8715
7UAW_MF6,42,5.3785
7UAW_MF6,43,5.9220
7UAW_MF6,44,5.9253
7UAW_MF6,45,5.5594
7UAW_MF6,46,4.4742
7UAW_MF6,47,4.7449
7UAW_MF6,48,3.9099
7UAW_MF6,49,5.1999
7UAW_MF6,5,3.7312
7UAW_MF6,50,3.9678
7UAW_MF6,51,5.0385
7UAW_MF6,52,5.4773
7UAW_MF6,53,4.4353
7UAW_MF6,54,4.0804
7UAW_MF6,55,4.8386
7UAW_MF6,56,2.3805
7UAW_MF6,57,3.7713
7UAW_MF6,58,3.8333
7UAW_MF6,59,4.7948
7UAW_MF6,6,5.6704
7UAW_MF6,60,4.5837
7UAW_MF6,61,3.4656
7UAW_MF6,62,5.8497
7UAW_MF6,63,5.9144
7UAW_MF6,64,5.6577
7UAW_MF6,65,3.3937
7UAW_MF6,66,5.1886
7UAW_MF6,67,5.1879
7UAW_MF6,68,4.1711
7UAW_MF6,69,4.7812
7UAW_MF6,7,4.3489
7UAW_MF6,70,4.3944
7UAW_MF6,71,5.4823
7UAW_MF6,72,5.8201
7UAW_MF6,73,4.1743
7UAW_MF6,74,4.5824
7UAW_MF6,75,2.6226
7UAW_MF6,76,4.8596
7UAW_MF6,77,4.8596
7UAW_MF6,78,4.5488
7UAW_MF6,79,5.4417
7UAW_MF6,8,5.7190
7UAW_MF6,80,1.9046
7UAW_MF6,81,3.9534
7UAW_MF6,82,4.3669
7UAW_MF6,83,5.0202
7UAW_MF6,84,4.7646
7UAW_MF6,85,5.5596
7UAW_MF6,86,3.8744
7UAW_MF6,87,4.4883
7UAW_MF6,88,4.8664
7UAW_MF6,89,4.9523
7UAW_MF6,9,3.9950
7UAW_MF6,90,5.5530
7UAW_MF6,91,4.5894
7UAW_MF6,92,3.2785
7UAW_MF6,93,3.3586
7UAW_MF6,94,5.2995
7UAW_MF6,95,5.8822
7UAW_MF6,96,2.5055
7UAW_MF6,97,4.0634
7UAW_MF6,98,2.5657
7UAW_MF6,99,1.7347
7UJ4_OQ4,0,2.6028
7UJ4_OQ4,1,2.8285
7UJ4_OQ4,10,11.8173
7UJ4_OQ4,100,11.5566
7UJ4_OQ4,101,4.0752
7UJ4_OQ4,102,12.2815
7UJ4_OQ4,103,5.5332
7UJ4_OQ4,104,1.4393
7UJ4_OQ4,105,4.0441
7UJ4_OQ4,106,11.8339
7UJ4_OQ4,107,3.5704
7UJ4_OQ4,108,3.6384
7UJ4_OQ4,109,4.5193
7UJ4_OQ4,11,4.8202
7UJ4_OQ4,110,4.7340
7UJ4_OQ4,111,12.8131
7UJ4_OQ4,112,3.4293
7UJ4_OQ4,113,4.9969
7UJ4_OQ4,114,3.2900
7UJ4_OQ4,115,3.0667
7UJ4_OQ4,116,11.6363
7UJ4_OQ4,117,11.6359
7UJ4_OQ4,118,3.4037
7UJ4_OQ4,119,12.2585
7UJ4_OQ4,12,11.8409
7UJ4_OQ4,120,3.1014
7UJ4_OQ4,121,2.5197
7UJ4_OQ4,122,4.4350
7UJ4_OQ4,123,6.5064
7UJ4_OQ4,124,12.5640
7UJ4_OQ4,125,4.9215
7UJ4_OQ4,126,7.9737
7UJ4_OQ4,127,3.9667
7UJ4_OQ4,128,11.8000
7UJ4_OQ4,129,10.5737
7UJ4_OQ4,13,11.3183
7UJ4_OQ4,130,12.0389
7UJ4_OQ4,131,11.6899
7UJ4_OQ4,132,10.7746
7UJ4_OQ4,133,11.2748
7UJ4_OQ4,134,12.0994
7UJ4_OQ4,135,8.1887
7UJ4_OQ4,136,7.4571
7UJ4_OQ4,137,2.7027
7UJ4_OQ4,138,3.2911
7UJ4_OQ4,139,3.7629
7UJ4_OQ4,14,11.3344
7UJ4_OQ4,15,4.0684
7UJ4_OQ4,16,3.6390
7UJ4_OQ4,17,2.4464
7UJ4_OQ4,18,4.0028
7UJ4_OQ4,19,3.0099
7UJ4_OQ4,2,11.9952
7UJ4_OQ4,20,3.5716
7UJ4_OQ4,21,4.1848
7UJ4_OQ4,22,11.9787
7UJ4_OQ4,23,4.7957
7UJ4_OQ4,24,3.4946
7UJ4_OQ4,25,3.2783
7UJ4_OQ4,26,4.3085
7UJ4_OQ4,27,3.4522
7UJ4_OQ4,28,12.7803
7UJ4_OQ4,29,2.5407
7UJ4_OQ4,3,12.4824
7UJ4_OQ4,30,12.1774
7UJ4_OQ4,31,9.8602
7UJ4_OQ4,32,4.9207
7UJ4_OQ4,33,11.9548
7UJ4_OQ4,34,12.4599
7UJ4_OQ4,35,6.2987
7UJ4_OQ4,36,12.6522
7UJ4_OQ4,37,3.6794
7UJ4_OQ4,38,4.3085
7UJ4_OQ4,39,3.7458
7UJ4_OQ4,4,5.0439
7UJ4_OQ4,40,3.8707
7UJ4_OQ4,41,4.0441
7UJ4_OQ4,42,5.0014
7UJ4_OQ4,43,11.6688
7UJ4_OQ4,44,3.8969
7UJ4_OQ4,45,6.9198
7UJ4_OQ4,46,3.6015
7UJ4_OQ4,47,3.9458
7UJ4_OQ4,48,5.0323
7UJ4_OQ4,49,4.2738
7UJ4_OQ4,5,4.3436
7UJ4_OQ4,50,11.8803
7UJ4_OQ4,51,11.7885
7UJ4_OQ4,52,3.9883
7UJ4_OQ4,53,12.1586
7UJ4_OQ4,54,11.5556
7UJ4_OQ4,55,2.9531
7UJ4_OQ4,56,11.2367
7UJ4_OQ4,57,3.2311
7UJ4_OQ4,58,2.8672
7UJ4_OQ4,59,4.1665
7UJ4_OQ4,6,5.0709
7UJ4_OQ4,60,9.7086
7UJ4_OQ4,61,11.5078
7UJ4_OQ4,62,2.8666
7UJ4_OQ4,63,11.3154
7UJ4_OQ4,64,3.6960
7UJ4_OQ4,65,3.7341
7UJ4_OQ4,66,11.5813
7UJ4_OQ4,67,11.6147
7UJ4_OQ4,68,2.8535
7UJ4_OQ4,69,3.0595
7UJ4_OQ4,7,4.0272
7UJ4_OQ4,70,3.6376
7UJ4_OQ4,71,3.7678
7UJ4_OQ4,72,11.2422
7UJ4_OQ4,73,4.8142
7UJ4_OQ4,74,2.6668
7UJ4_OQ4,75,9.9578
7UJ4_OQ4,76,12.5119
7UJ4_OQ4,77,5.3630
7UJ4_OQ4,78,12.4420
7UJ4_OQ4,79,1.2523
7UJ4_OQ4,8,10.7499
7UJ4_OQ4,80,2.7807
7UJ4_OQ4,81,4.2997
7UJ4_OQ4,82,3.4475
7UJ4_OQ4,83,3.8763
7UJ4_OQ4,84,3.6350
7UJ4_OQ4,85,1.7588
7UJ4_OQ4,86,10.4314
7UJ4_OQ4,87,1.7687
7UJ4_OQ4,88,12.5094
7UJ4_OQ4,89,11.5263
7UJ4_OQ4,9,3.7349
7UJ4_OQ4,90,10.6470
7UJ4_OQ4,91,3.9898
7UJ4_OQ4,92,2.7657
7UJ4_OQ4,93,3.3847
7UJ4_OQ4,94,12.0582
7UJ4_OQ4,95,3.0823
7UJ4_OQ4,96,3.7039
7UJ4_OQ4,97,3.5121
7UJ4_OQ4,98,4.6543
7UJ4_OQ4,99,3.4864
7UJ5_DGL,0,1.1883
7UJ5_DGL,1,1.4092
7UJ5_DGL,10,1.6349
7UJ5_DGL,100,1.0145
7UJ5_DGL,101,1.7402
7UJ5_DGL,102,1.6674
7UJ5_DGL,103,0.5737
7UJ5_DGL,104,1.4266
7UJ5_DGL,105,1.2716
7UJ5_DGL,106,1.3365
7UJ5_DGL,107,1.2107
7UJ5_DGL,108,1.0944
7UJ5_DGL,109,1.5827
7UJ5_DGL,11,1.1839
7UJ5_DGL,110,1.1321
7UJ5_DGL,111,1.2696
7UJ5_DGL,112,1.3369
7UJ5_DGL,113,1.4413
7UJ5_DGL,114,1.1212
7UJ5_DGL,115,1.2037
7UJ5_DGL,116,1.3833
7UJ5_DGL,117,1.7641
7UJ5_DGL,118,1.3787
7UJ5_DGL,119,1.4709
7UJ5_DGL,12,1.4945
7UJ5_DGL,120,1.2171
7UJ5_DGL,121,1.2284
7UJ5_DGL,122,0.9089
7UJ5_DGL,123,1.6528
7UJ5_DGL,124,1.1140
7UJ5_DGL,125,1.4138
7UJ5_DGL,126,1.5533
7UJ5_DGL,127,0.6294
7UJ5_DGL,128,1.4536
7UJ5_DGL,129,1.6030
7UJ5_DGL,13,1.2846
7UJ5_DGL,130,1.7434
7UJ5_DGL,131,1.6122
7UJ5_DGL,132,1.4446
7UJ5_DGL,133,1.5725
7UJ5_DGL,134,1.4281
7UJ5_DGL,135,1.6676
7UJ5_DGL,136,1.5118
7UJ5_DGL,137,1.6980
7UJ5_DGL,138,1.9037
7UJ5_DGL,139,1.4248
7UJ5_DGL,14,1.3648
7UJ5_DGL,15,1.2122
7UJ5_DGL,16,2.1665
7UJ5_DGL,17,1.4908
7UJ5_DGL,18,2.0024
7UJ5_DGL,19,1.0175
7UJ5_DGL,2,1.3701
7UJ5_DGL,20,1.2086
7UJ5_DGL,21,1.2523
7UJ5_DGL,22,1.7848
7UJ5_DGL,23,0.8866
7UJ5_DGL,24,0.9491
7UJ5_DGL,25,1.3138
7UJ5_DGL,26,1.2422
7UJ5_DGL,27,1.4709
7UJ5_DGL,28,0.4992
7UJ5_DGL,29,1.5373
7UJ5_DGL,3,1.2572
7UJ5_DGL,30,1.3988
7UJ5_DGL,31,0.9993
7UJ5_DGL,32,1.3651
7UJ5_DGL,33,1.2691
7UJ5_DGL,33,1.4451
7UJ5_DGL,34,1.1446
7UJ5_DGL,35,0.9562
7UJ5_DGL,36,1.2577
7UJ5_DGL,37,1.5848
7UJ5_DGL,38,1.6550
7UJ5_DGL,39,1.1501
7UJ5_DGL,4,1.2643
7UJ5_DGL,40,1.7055
7UJ5_DGL,41,0.9197
7UJ5_DGL,42,1.5366
7UJ5_DGL,43,1.5012
7UJ5_DGL,44,4.1266
7UJ5_DGL,45,1.2472
7UJ5_DGL,46,1.3651
7UJ5_DGL,47,1.9255
7UJ5_DGL,48,1.5137
7UJ5_DGL,49,1.5906
7UJ5_DGL,5,1.6392
7UJ5_DGL,50,1.1687
7UJ5_DGL,51,1.4685
7UJ5_DGL,52,1.7582
7UJ5_DGL,53,1.5045
7UJ5_DGL,54,1.7421
7UJ5_DGL,55,1.4415
7UJ5_DGL,56,1.6041
7UJ5_DGL,57,1.3824
7UJ5_DGL,58,1.0840
7UJ5_DGL,59,1.3226
7UJ5_DGL,6,1.7063
7UJ5_DGL,60,3.9460
7UJ5_DGL,61,1.4463
7UJ5_DGL,62,1.5986
7UJ5_DGL,63,1.0222
7UJ5_DGL,64,0.7296
7UJ5_DGL,65,1.6066
7UJ5_DGL,66,1.3263
7UJ5_DGL,67,1.3787
7UJ5_DGL,68,1.3268
7UJ5_DGL,69,1.2402
7UJ5_DGL,7,0.9902
7UJ5_DGL,70,0.7316
7UJ5_DGL,71,0.8390
7UJ5_DGL,72,1.8058
7UJ5_DGL,73,1.5367
7UJ5_DGL,74,0.9981
7UJ5_DGL,75,1.6019
7UJ5_DGL,76,1.4891
7UJ5_DGL,77,1.6200
7UJ5_DGL,78,1.1937
7UJ5_DGL,79,1.7964
7UJ5_DGL,8,1.3820
7UJ5_DGL,80,1.5177
7UJ5_DGL,81,1.5549
7UJ5_DGL,82,4.2797
7UJ5_DGL,83,1.2129
7UJ5_DGL,84,1.7139
7UJ5_DGL,85,1.7120
7UJ5_DGL,86,1.2303
7UJ5_DGL,87,1.7525
7UJ5_DGL,88,1.4908
7UJ5_DGL,89,1.4334
7UJ5_DGL,9,1.4683
7UJ5_DGL,90,1.6379
7UJ5_DGL,91,1.2009
7UJ5_DGL,92,1.0113
7UJ5_DGL,93,1.7441
7UJ5_DGL,94,1.3518
7UJ5_DGL,95,1.8103
7UJ5_DGL,96,1.3875
7UJ5_DGL,97,1.4217
7UJ5_DGL,98,1.3911
7UJ5_DGL,99,1.0119
7UJF_R3V,0,0.9810
7UJF_R3V,1,0.7866
7UJF_R3V,10,0.8506
7UJF_R3V,100,0.8032
7UJF_R3V,101,0.6379
7UJF_R3V,102,2.0083
7UJF_R3V,103,0.5910
7UJF_R3V,104,1.0428
7UJF_R3V,105,1.3505
7UJF_R3V,106,1.8515
7UJF_R3V,107,0.9373
7UJF_R3V,108,0.9717
7UJF_R3V,109,1.0105
7UJF_R3V,11,1.2990
7UJF_R3V,110,1.0369
7UJF_R3V,111,0.6092
7UJF_R3V,112,1.0411
7UJF_R3V,113,0.6689
7UJF_R3V,114,0.8586
7UJF_R3V,115,0.9563
7UJF_R3V,116,0.6874
7UJF_R3V,117,1.0577
7UJF_R3V,118,0.7535
7UJF_R3V,119,1.0536
7UJF_R3V,12,1.8857
7UJF_R3V,120,0.9938
7UJF_R3V,121,1.1518
7UJF_R3V,122,1.5116
7UJF_R3V,123,1.0277
7UJF_R3V,124,1.6411
7UJF_R3V,125,1.0598
7UJF_R3V,126,0.8191
7UJF_R3V,127,1.2570
7UJF_R3V,128,0.9488
7UJF_R3V,129,0.4818
7UJF_R3V,13,0.9452
7UJF_R3V,130,0.6339
7UJF_R3V,131,1.3272
7UJF_R3V,132,1.1470
7UJF_R3V,133,0.6746
7UJF_R3V,134,0.7959
7UJF_R3V,135,1.2791
7UJF_R3V,136,1.2556
7UJF_R3V,137,1.0020
7UJF_R3V,138,1.5606
7UJF_R3V,139,1.0951
7UJF_R3V,14,1.2086
7UJF_R3V,15,1.6720
7UJF_R3V,16,0.9570
7UJF_R3V,17,1.1880
7UJF_R3V,18,1.3067
7UJF_R3V,19,1.0119
7UJF_R3V,2,1.4297
7UJF_R3V,20,1.8432
7UJF_R3V,21,0.6088
7UJF_R3V,22,1.1737
7UJF_R3V,23,0.7881
7UJF_R3V,24,0.6252
7UJF_R3V,25,1.1312
7UJF_R3V,26,1.1428
7UJF_R3V,27,1.1149
7UJF_R3V,28,1.2770
7UJF_R3V,29,1.7409
7UJF_R3V,3,1.0677
7UJF_R3V,30,0.9705
7UJF_R3V,31,1.0458
7UJF_R3V,32,2.0138
7UJF_R3V,33,1.2979
7UJF_R3V,34,0.8134
7UJF_R3V,35,0.6488
7UJF_R3V,36,0.6225
7UJF_R3V,37,2.1054
7UJF_R3V,38,0.7038
7UJF_R3V,39,1.2892
7UJF_R3V,4,0.6242
7UJF_R3V,40,1.0938
7UJF_R3V,41,0.4010
7UJF_R3V,42,0.6008
7UJF_R3V,43,2.8780
7UJF_R3V,44,1.0795
7UJF_R3V,45,2.2687
7UJF_R3V,46,3.0022
7UJF_R3V,47,1.1305
7UJF_R3V,48,1.5428
7UJF_R3V,49,2.3524
7UJF_R3V,5,1.5197
7UJF_R3V,50,1.3617
7UJF_R3V,51,0.5355
7UJF_R3V,52,1.1664
7UJF_R3V,53,2.5679
7UJF_R3V,54,1.2315
7UJF_R3V,55,1.2319
7UJF_R3V,56,1.5940
7UJF_R3V,57,0.7861
7UJF_R3V,58,0.5469
7UJF_R3V,59,1.0641
7UJF_R3V,6,0.9301
7UJF_R3V,60,1.3176
7UJF_R3V,61,2.3447
7UJF_R3V,62,1.0657
7UJF_R3V,63,0.8867
7UJF_R3V,64,1.0377
7UJF_R3V,65,1.3707
7UJF_R3V,66,0.6488
7UJF_R3V,67,0.5818
7UJF_R3V,68,0.9720
7UJF_R3V,69,0.7903
7UJF_R3V,7,0.5872
7UJF_R3V,70,1.6848
7UJF_R3V,71,0.9712
7UJF_R3V,72,1.0260
7UJF_R3V,73,0.5008
7UJF_R3V,74,0.8752
7UJF_R3V,75,0.5265
7UJF_R3V,76,1.2539
7UJF_R3V,77,0.6108
7UJF_R3V,78,1.3360
7UJF_R3V,79,1.2272
7UJF_R3V,8,1.0109
7UJF_R3V,80,0.5519
7UJF_R3V,81,1.0703
7UJF_R3V,82,0.8584
7UJF_R3V,83,1.1017
7UJF_R3V,84,0.9683
7UJF_R3V,85,0.5774
7UJF_R3V,86,0.5583
7UJF_R3V,87,2.1822
7UJF_R3V,88,1.2578
7UJF_R3V,89,1.4291
7UJF_R3V,9,0.8066
7UJF_R3V,90,1.2941
7UJF_R3V,91,1.8988
7UJF_R3V,92,1.0762
7UJF_R3V,93,0.8003
7UJF_R3V,94,1.8506
7UJF_R3V,95,1.1018
7UJF_R3V,96,0.9012
7UJF_R3V,97,1.2057
7UJF_R3V,98,1.1203
7UJF_R3V,99,1.1242
7ULC_56B,0,4.2849
7ULC_56B,1,3.1090
7ULC_56B,10,2.2367
7ULC_56B,100,1.3807
7ULC_56B,101,1.4225
7ULC_56B,102,2.3799
7ULC_56B,103,3.3265
7ULC_56B,104,1.0981
7ULC_56B,105,1.2105
7ULC_56B,106,2.5765
7ULC_56B,107,3.1479
7ULC_56B,108,3.0940
7ULC_56B,109,3.5888
7ULC_56B,11,3.3861
7ULC_56B,110,2.5263
7ULC_56B,111,2.8308
7ULC_56B,112,6.0532
7ULC_56B,113,1.4753
7ULC_56B,114,1.4809
7ULC_56B,115,1.3810
7ULC_56B,116,1.5701
7ULC_56B,117,2.5477
7ULC_56B,118,2.4635
7ULC_56B,119,3.3716
7ULC_56B,12,1.5792
7ULC_56B,120,2.5099
7ULC_56B,121,1.7854
7ULC_56B,122,1.4228
7ULC_56B,123,1.6526
7ULC_56B,124,1.3755
7ULC_56B,125,2.5490
7ULC_56B,126,2.9402
7ULC_56B,127,3.1421
7ULC_56B,128,4.1660
7ULC_56B,129,1.1607
7ULC_56B,13,1.7212
7ULC_56B,130,2.3542
7ULC_56B,131,3.0691
7ULC_56B,132,1.3807
7ULC_56B,133,1.4408
7ULC_56B,134,2.2803
7ULC_56B,135,2.1527
7ULC_56B,136,1.7019
7ULC_56B,137,2.1610
7ULC_56B,138,1.4999
7ULC_56B,139,1.2330
7ULC_56B,14,2.8528
7ULC_56B,15,1.7334
7ULC_56B,16,1.3462
7ULC_56B,17,1.0757
7ULC_56B,18,1.3302
7ULC_56B,19,1.2661
7ULC_56B,2,4.4301
7ULC_56B,20,1.4676
7ULC_56B,21,1.7542
7ULC_56B,22,2.7223
7ULC_56B,23,1.5270
7ULC_56B,24,1.7221
7ULC_56B,25,1.7213
7ULC_56B,26,2.1327
7ULC_56B,27,1.4155
7ULC_56B,28,1.4848
7ULC_56B,29,1.5575
7ULC_56B,3,1.5149
7ULC_56B,30,1.3827
7ULC_56B,31,1.4632
7ULC_56B,32,1.0434
7ULC_56B,33,1.9447
7ULC_56B,34,1.6298
7ULC_56B,35,1.6798
7ULC_56B,36,2.8793
7ULC_56B,37,2.1396
7ULC_56B,38,1.6334
7ULC_56B,39,1.2085
7ULC_56B,4,1.7671
7ULC_56B,40,2.3482
7ULC_56B,41,2.8815
7ULC_56B,42,4.0840
7ULC_56B,43,1.5382
7ULC_56B,44,1.9172
7ULC_56B,45,4.2909
7ULC_56B,46,1.4511
7ULC_56B,47,2.1384
7ULC_56B,48,1.6099
7ULC_56B,49,1.2002
7ULC_56B,5,1.1336
7ULC_56B,50,1.4451
7ULC_56B,51,3.3498
7ULC_56B,52,2.8173
7ULC_56B,53,2.1448
7ULC_56B,54,1.0873
7ULC_56B,55,2.9930
7ULC_56B,56,3.2683
7ULC_56B,57,1.1808
7ULC_56B,58,1.2071
7ULC_56B,59,0.8837
7ULC_56B,6,0.9091
7ULC_56B,60,2.2109
7ULC_56B,61,1.4770
7ULC_56B,62,3.5318
7ULC_56B,63,2.9573
7ULC_56B,64,1.0662
7ULC_56B,65,3.5284
7ULC_56B,66,1.6828
7ULC_56B,67,1.5205
7ULC_56B,68,2.3889
7ULC_56B,69,1.7471
7ULC_56B,7,1.5469
7ULC_56B,70,2.1334
7ULC_56B,71,2.1035
7ULC_56B,72,3.3736
7ULC_56B,73,0.8839
7ULC_56B,74,1.7379
7ULC_56B,75,1.8258
7ULC_56B,76,2.3773
7ULC_56B,77,1.3821
7ULC_56B,78,2.5395
7ULC_56B,79,2.0492
7ULC_56B,8,2.8221
7ULC_56B,80,3.7029
7ULC_56B,81,2.1831
7ULC_56B,82,1.8752
7ULC_56B,83,1.5946
7ULC_56B,84,3.1597
7ULC_56B,85,1.0698
7ULC_56B,86,0.7693
7ULC_56B,87,1.2652
7ULC_56B,88,1.4554
7ULC_56B,89,4.0542
7ULC_56B,9,1.4243
7ULC_56B,90,1.9522
7ULC_56B,91,2.1857
7ULC_56B,92,1.2030
7ULC_56B,93,3.9340
7ULC_56B,94,2.3405
7ULC_56B,95,1.1145
7ULC_56B,96,2.5345
7ULC_56B,96,1.6027
7ULC_56B,97,1.0160
7ULC_56B,98,2.8539
7ULC_56B,99,4.0821
7UMW_NAD,0,11.0070
7UMW_NAD,1,2.0345
7UMW_NAD,10,3.0455
7UMW_NAD,100,10.6149
7UMW_NAD,101,10.5366
7UMW_NAD,102,10.7052
7UMW_NAD,103,11.1127
7UMW_NAD,104,10.9080
7UMW_NAD,105,10.6719
7UMW_NAD,106,10.9027
7UMW_NAD,107,10.6760
7UMW_NAD,108,10.5879
7UMW_NAD,109,10.9170
7UMW_NAD,11,10.6099
7UMW_NAD,110,10.5575
7UMW_NAD,111,10.9594
7UMW_NAD,112,10.8566
7UMW_NAD,113,10.8083
7UMW_NAD,114,10.7078
7UMW_NAD,115,10.9771
7UMW_NAD,116,3.0090
7UMW_NAD,117,10.5120
7UMW_NAD,118,2.7283
7UMW_NAD,119,11.1978
7UMW_NAD,12,11.0326
7UMW_NAD,120,2.3140
7UMW_NAD,121,11.1059
7UMW_NAD,122,10.9267
7UMW_NAD,123,2.6385
7UMW_NAD,124,10.7037
7UMW_NAD,125,11.1246
7UMW_NAD,126,11.0122
7UMW_NAD,127,10.8568
7UMW_NAD,128,10.9031
7UMW_NAD,129,10.6069
7UMW_NAD,13,10.8524
7UMW_NAD,130,10.4054
7UMW_NAD,131,10.8911
7UMW_NAD,132,11.0147
7UMW_NAD,133,3.1469
7UMW_NAD,134,2.8344
7UMW_NAD,135,2.5605
7UMW_NAD,136,10.7634
7UMW_NAD,137,11.0254
7UMW_NAD,138,10.7341
7UMW_NAD,139,11.0772
7UMW_NAD,14,10.5910
7UMW_NAD,15,3.3063
7UMW_NAD,16,2.6462
7UMW_NAD,17,1.8633
7UMW_NAD,18,10.7252
7UMW_NAD,19,8.1095
7UMW_NAD,2,10.8811
7UMW_NAD,20,11.1742
7UMW_NAD,21,11.0636
7UMW_NAD,22,10.7386
7UMW_NAD,23,10.8971
7UMW_NAD,24,10.7948
7UMW_NAD,25,10.7776
7UMW_NAD,26,11.0448
7UMW_NAD,27,10.7480
7UMW_NAD,28,10.4620
7UMW_NAD,29,10.6821
7UMW_NAD,3,10.8528
7UMW_NAD,30,10.6791
7UMW_NAD,31,11.0427
7UMW_NAD,32,10.8317
7UMW_NAD,33,10.6141
7UMW_NAD,34,2.0720
7UMW_NAD,35,2.3622
7UMW_NAD,36,3.0939
7UMW_NAD,37,10.8815
7UMW_NAD,38,10.7066
7UMW_NAD,39,10.8205
7UMW_NAD,4,11.0902
7UMW_NAD,40,10.9719
7UMW_NAD,41,10.7613
7UMW_NAD,42,2.7090
7UMW_NAD,43,11.0545
7UMW_NAD,44,10.6511
7UMW_NAD,45,10.7483
7UMW_NAD,46,11.0991
7UMW_NAD,47,10.7380
7UMW_NAD,48,10.8401
7UMW_NAD,49,11.2320
7UMW_NAD,5,10.8643
7UMW_NAD,50,10.9238
7UMW_NAD,51,1.9967
7UMW_NAD,52,9.5999
7UMW_NAD,53,10.9146
7UMW_NAD,54,10.6874
7UMW_NAD,55,2.2686
7UMW_NAD,56,10.7737
7UMW_NAD,57,11.1258
7UMW_NAD,58,2.4909
7UMW_NAD,59,11.0810
7UMW_NAD,6,10.9578
7UMW_NAD,60,11.1697
7UMW_NAD,61,1.9683
7UMW_NAD,62,2.5396
7UMW_NAD,63,2.3320
7UMW_NAD,64,2.7374
7UMW_NAD,65,11.1514
7UMW_NAD,66,10.9844
7UMW_NAD,67,10.9005
7UMW_NAD,68,2.1623
7UMW_NAD,69,10.9991
7UMW_NAD,7,6.2421
7UMW_NAD,70,10.9113
7UMW_NAD,71,10.5269
7UMW_NAD,72,10.3356
7UMW_NAD,73,11.1578
7UMW_NAD,74,10.5887
7UMW_NAD,74,10.7599
7UMW_NAD,75,2.3560
7UMW_NAD,76,10.5814
7UMW_NAD,77,11.0250
7UMW_NAD,78,10.7940
7UMW_NAD,79,10.5759
7UMW_NAD,8,10.9606
7UMW_NAD,80,11.2636
7UMW_NAD,81,10.6774
7UMW_NAD,82,11.0627
7UMW_NAD,83,11.2104
7UMW_NAD,84,2.4404
7UMW_NAD,85,10.9239
7UMW_NAD,86,10.7432
7UMW_NAD,87,3.1341
7UMW_NAD,88,2.8198
7UMW_NAD,89,1.6710
7UMW_NAD,9,11.2863
7UMW_NAD,90,2.1855
7UMW_NAD,91,10.6927
7UMW_NAD,92,2.4241
7UMW_NAD,93,2.3584
7UMW_NAD,94,11.3256
7UMW_NAD,95,11.0015
7UMW_NAD,96,10.9169
7UMW_NAD,97,10.8194
7UMW_NAD,98,10.8362
7UMW_NAD,99,3.3432
7UQ3_O2U,0,0.7309
7UQ3_O2U,1,1.4428
7UQ3_O2U,10,0.5622
7UQ3_O2U,100,1.0387
7UQ3_O2U,101,0.9205
7UQ3_O2U,102,0.7994
7UQ3_O2U,103,0.7675
7UQ3_O2U,104,0.3976
7UQ3_O2U,105,0.9088
7UQ3_O2U,106,1.1737
7UQ3_O2U,107,1.6496
7UQ3_O2U,108,1.1605
7UQ3_O2U,109,2.2088
7UQ3_O2U,11,2.2857
7UQ3_O2U,110,1.4846
7UQ3_O2U,111,1.5258
7UQ3_O2U,112,1.1441
7UQ3_O2U,113,2.2603
7UQ3_O2U,114,0.7163
7UQ3_O2U,115,2.3749
7UQ3_O2U,116,0.4453
7UQ3_O2U,117,1.3799
7UQ3_O2U,118,1.4015
7UQ3_O2U,119,0.9657
7UQ3_O2U,12,0.9811
7UQ3_O2U,120,2.2976
7UQ3_O2U,121,1.2623
7UQ3_O2U,122,2.4394
7UQ3_O2U,123,2.3322
7UQ3_O2U,124,1.8635
7UQ3_O2U,125,1.0910
7UQ3_O2U,126,2.1151
7UQ3_O2U,127,0.8356
7UQ3_O2U,128,1.4799
7UQ3_O2U,129,2.2691
7UQ3_O2U,13,1.1440
7UQ3_O2U,130,1.2096
7UQ3_O2U,130,0.6053
7UQ3_O2U,131,0.7205
7UQ3_O2U,132,1.0219
7UQ3_O2U,133,1.4891
7UQ3_O2U,134,1.4578
7UQ3_O2U,135,0.6847
7UQ3_O2U,136,2.3943
7UQ3_O2U,137,0.9899
7UQ3_O2U,138,0.9301
7UQ3_O2U,139,0.5666
7UQ3_O2U,14,1.0579
7UQ3_O2U,15,0.8217
7UQ3_O2U,16,2.3898
7UQ3_O2U,17,2.4498
7UQ3_O2U,18,0.3846
7UQ3_O2U,19,2.3489
7UQ3_O2U,2,1.1246
7UQ3_O2U,20,2.2227
7UQ3_O2U,21,2.3545
7UQ3_O2U,22,0.4150
7UQ3_O2U,23,1.3960
7UQ3_O2U,24,1.1523
7UQ3_O2U,25,0.6865
7UQ3_O2U,26,1.0544
7UQ3_O2U,27,2.2991
7UQ3_O2U,28,1.6278
7UQ3_O2U,29,1.2466
7UQ3_O2U,3,1.0901
7UQ3_O2U,30,1.0599
7UQ3_O2U,30,1.9043
7UQ3_O2U,31,0.5243
7UQ3_O2U,32,0.6686
7UQ3_O2U,33,1.0494
7UQ3_O2U,34,0.5823
7UQ3_O2U,35,2.2235
7UQ3_O2U,36,4.6116
7UQ3_O2U,37,1.0508
7UQ3_O2U,38,0.6723
7UQ3_O2U,39,1.5090
7UQ3_O2U,4,0.8938
7UQ3_O2U,40,0.7486
7UQ3_O2U,41,1.3121
7UQ3_O2U,42,1.6358
7UQ3_O2U,43,1.3781
7UQ3_O2U,44,1.1742
7UQ3_O2U,45,1.3406
7UQ3_O2U,46,1.1624
7UQ3_O2U,47,1.5280
7UQ3_O2U,48,1.2375
7UQ3_O2U,49,0.4402
7UQ3_O2U,5,1.7479
7UQ3_O2U,50,0.4599
7UQ3_O2U,51,2.2564
7UQ3_O2U,52,1.1280
7UQ3_O2U,53,1.9611
7UQ3_O2U,54,2.4170
7UQ3_O2U,55,0.9151
7UQ3_O2U,56,1.1365
7UQ3_O2U,57,2.2438
7UQ3_O2U,58,1.3122
7UQ3_O2U,59,1.0572
7UQ3_O2U,6,0.7044
7UQ3_O2U,60,1.1878
7UQ3_O2U,61,1.0798
7UQ3_O2U,62,2.1756
7UQ3_O2U,63,1.2525
7UQ3_O2U,64,1.0727
7UQ3_O2U,65,2.2500
7UQ3_O2U,66,1.2135
7UQ3_O2U,67,0.8030
7UQ3_O2U,68,0.4302
7UQ3_O2U,69,1.0476
7UQ3_O2U,7,1.2105
7UQ3_O2U,70,1.4180
7UQ3_O2U,71,2.2464
7UQ3_O2U,72,2.2722
7UQ3_O2U,73,1.6126
7UQ3_O2U,74,1.5283
7UQ3_O2U,75,2.3280
7UQ3_O2U,76,0.8371
7UQ3_O2U,77,1.7477
7UQ3_O2U,78,2.3599
7UQ3_O2U,79,0.7126
7UQ3_O2U,8,2.3890
7UQ3_O2U,80,2.2769
7UQ3_O2U,81,1.3910
7UQ3_O2U,82,0.6068
7UQ3_O2U,83,2.2159
7UQ3_O2U,84,0.5984
7UQ3_O2U,85,4.0896
7UQ3_O2U,86,4.1898
7UQ3_O2U,87,0.6074
7UQ3_O2U,88,1.2591
7UQ3_O2U,89,1.4083
7UQ3_O2U,9,2.3666
7UQ3_O2U,90,1.5109
7UQ3_O2U,91,2.3844
7UQ3_O2U,92,1.5898
7UQ3_O2U,93,2.2239
7UQ3_O2U,94,0.5142
7UQ3_O2U,95,1.3508
7UQ3_O2U,96,2.3865
7UQ3_O2U,97,0.4813
7UQ3_O2U,98,1.2170
7UQ3_O2U,99,2.4760
7USH_82V,0,6.6597
7USH_82V,1,1.7532
7USH_82V,10,2.0857
7USH_82V,100,1.6785
7USH_82V,101,1.8974
7USH_82V,102,5.3367
7USH_82V,103,4.8506
7USH_82V,104,0.7381
7USH_82V,105,1.7882
7USH_82V,106,2.3966
7USH_82V,107,2.0101
7USH_82V,108,1.6574
7USH_82V,109,1.8853
7USH_82V,109,6.0914
7USH_82V,11,4.4766
7USH_82V,110,2.0990
7USH_82V,111,5.6246
7USH_82V,112,2.4582
7USH_82V,113,5.2411
7USH_82V,114,1.9813
7USH_82V,115,6.6714
7USH_82V,116,3.1927
7USH_82V,117,5.3976
7USH_82V,118,3.6583
7USH_82V,119,3.3741
7USH_82V,12,3.7964
7USH_82V,120,2.4719
7USH_82V,121,1.4202
7USH_82V,122,1.1902
7USH_82V,123,5.9610
7USH_82V,124,1.1696
7USH_82V,125,2.6974
7USH_82V,126,2.3406
7USH_82V,127,1.4391
7USH_82V,128,1.1857
7USH_82V,129,0.7118
7USH_82V,13,1.1113
7USH_82V,130,1.3659
7USH_82V,131,3.1362
7USH_82V,132,1.9904
7USH_82V,133,1.6829
7USH_82V,134,6.8563
7USH_82V,135,0.8110
7USH_82V,136,5.0575
7USH_82V,137,6.9963
7USH_82V,138,1.5479
7USH_82V,139,6.2249
7USH_82V,14,1.4978
7USH_82V,15,1.0682
7USH_82V,16,2.4291
7USH_82V,17,5.2080
7USH_82V,18,1.8276
7USH_82V,19,6.4539
7USH_82V,2,1.8957
7USH_82V,20,0.6447
7USH_82V,21,3.7104
7USH_82V,22,5.3432
7USH_82V,23,0.8632
7USH_82V,24,5.5246
7USH_82V,25,6.0523
7USH_82V,26,1.4051
7USH_82V,27,3.9705
7USH_82V,28,2.5077
7USH_82V,29,2.1859
7USH_82V,3,4.1775
7USH_82V,30,0.6501
7USH_82V,31,0.7102
7USH_82V,32,2.5389
7USH_82V,33,2.1448
7USH_82V,34,5.1819
7USH_82V,35,3.3504
7USH_82V,36,6.2242
7USH_82V,37,1.0130
7USH_82V,38,2.3234
7USH_82V,39,1.1980
7USH_82V,4,1.4727
7USH_82V,40,2.3528
7USH_82V,41,1.9457
7USH_82V,42,2.2390
7USH_82V,43,6.6479
7USH_82V,44,5.3985
7USH_82V,45,3.3834
7USH_82V,46,6.3339
7USH_82V,47,2.6895
7USH_82V,48,1.7689
7USH_82V,49,1.7629
7USH_82V,5,1.8834
7USH_82V,50,0.9519
7USH_82V,51,3.4098
7USH_82V,52,2.2261
7USH_82V,53,5.4944
7USH_82V,54,1.0824
7USH_82V,55,7.2131
7USH_82V,56,5.7641
7USH_82V,57,2.0242
7USH_82V,58,5.7752
7USH_82V,59,2.1535
7USH_82V,6,1.6418
7USH_82V,60,0.8358
7USH_82V,61,2.3427
7USH_82V,62,4.7669
7USH_82V,63,6.1345
7USH_82V,64,5.4035
7USH_82V,65,1.8456
7USH_82V,66,2.1104
7USH_82V,67,2.8930
7USH_82V,68,2.3844
7USH_82V,69,6.6732
7USH_82V,7,6.2441
7USH_82V,70,1.5785
7USH_82V,71,5.2510
7USH_82V,72,2.3322
7USH_82V,73,1.1271
7USH_82V,74,1.6019
7USH_82V,75,4.8180
7USH_82V,76,1.6998
7USH_82V,77,1.7885
7USH_82V,78,2.1768
7USH_82V,79,1.5326
7USH_82V,8,0.8698
7USH_82V,80,2.1381
7USH_82V,81,6.1901
7USH_82V,82,2.8990
7USH_82V,83,1.1036
7USH_82V,84,1.8885
7USH_82V,85,5.7850
7USH_82V,86,2.6019
7USH_82V,87,2.8502
7USH_82V,88,5.2373
7USH_82V,89,2.5365
7USH_82V,9,2.3940
7USH_82V,90,0.9856
7USH_82V,91,0.8826
7USH_82V,92,1.4371
7USH_82V,93,4.6833
7USH_82V,94,2.6112
7USH_82V,95,1.7602
7USH_82V,96,1.0712
7USH_82V,97,0.9785
7USH_82V,98,6.0477
7USH_82V,99,1.3560
7UTW_NAI,0,11.7268
7UTW_NAI,1,4.5155
7UTW_NAI,10,1.2019
7UTW_NAI,100,12.0550
7UTW_NAI,101,2.3572
7UTW_NAI,102,12.0691
7UTW_NAI,103,2.3473
7UTW_NAI,104,11.9053
7UTW_NAI,105,1.2242
7UTW_NAI,106,2.3983
7UTW_NAI,107,0.9720
7UTW_NAI,108,2.3627
7UTW_NAI,109,1.6345
7UTW_NAI,11,1.5456
7UTW_NAI,110,11.8501
7UTW_NAI,111,1.9261
7UTW_NAI,112,1.6917
7UTW_NAI,113,1.2890
7UTW_NAI,114,2.1677
7UTW_NAI,115,1.3686
7UTW_NAI,116,1.1016
7UTW_NAI,117,1.9396
7UTW_NAI,118,1.4473
7UTW_NAI,119,11.0700
7UTW_NAI,12,12.3263
7UTW_NAI,120,1.8655
7UTW_NAI,121,1.6871
7UTW_NAI,122,2.4246
7UTW_NAI,123,1.4266
7UTW_NAI,124,1.7405
7UTW_NAI,125,2.2727
7UTW_NAI,126,11.8093
7UTW_NAI,127,2.2345
7UTW_NAI,128,11.9347
7UTW_NAI,129,11.7909
7UTW_NAI,13,4.6270
7UTW_NAI,130,12.0454
7UTW_NAI,130,2.1431
7UTW_NAI,131,2.5737
7UTW_NAI,132,2.1394
7UTW_NAI,133,2.0279
7UTW_NAI,134,2.8021
7UTW_NAI,135,11.7776
7UTW_NAI,136,1.7753
7UTW_NAI,137,1.0118
7UTW_NAI,138,2.0890
7UTW_NAI,139,5.5972
7UTW_NAI,14,2.7432
7UTW_NAI,15,1.6134
7UTW_NAI,16,1.4344
7UTW_NAI,17,2.3553
7UTW_NAI,18,1.5846
7UTW_NAI,19,2.1140
7UTW_NAI,2,1.9992
7UTW_NAI,20,1.7026
7UTW_NAI,21,12.1253
7UTW_NAI,22,1.5504
7UTW_NAI,23,11.6940
7UTW_NAI,24,12.2497
7UTW_NAI,25,1.8945
7UTW_NAI,26,11.9444
7UTW_NAI,27,11.6810
7UTW_NAI,28,1.1150
7UTW_NAI,29,11.8296
7UTW_NAI,3,2.0033
7UTW_NAI,30,11.8771
7UTW_NAI,31,3.0161
7UTW_NAI,32,2.1253
7UTW_NAI,33,2.3504
7UTW_NAI,34,1.9839
7UTW_NAI,35,3.1717
7UTW_NAI,36,1.5389
7UTW_NAI,37,2.8155
7UTW_NAI,38,11.9907
7UTW_NAI,39,2.2418
7UTW_NAI,4,1.8965
7UTW_NAI,40,1.4467
7UTW_NAI,41,1.0176
7UTW_NAI,42,4.1701
7UTW_NAI,43,11.7044
7UTW_NAI,44,1.7433
7UTW_NAI,45,1.6497
7UTW_NAI,46,2.5248
7UTW_NAI,47,2.7129
7UTW_NAI,48,3.5146
7UTW_NAI,49,1.1789
7UTW_NAI,5,3.3347
7UTW_NAI,50,1.4460
7UTW_NAI,51,1.7159
7UTW_NAI,52,1.0733
7UTW_NAI,53,1.6611
7UTW_NAI,54,1.4678
7UTW_NAI,55,1.2167
7UTW_NAI,56,1.2441
7UTW_NAI,57,2.2729
7UTW_NAI,58,1.5365
7UTW_NAI,59,1.7463
7UTW_NAI,6,2.7925
7UTW_NAI,60,11.0573
7UTW_NAI,61,12.0517
7UTW_NAI,62,2.1428
7UTW_NAI,63,1.5907
7UTW_NAI,64,1.4627
7UTW_NAI,65,2.6763
7UTW_NAI,66,1.3092
7UTW_NAI,67,5.4804
7UTW_NAI,68,1.8856
7UTW_NAI,69,1.8933
7UTW_NAI,7,2.8316
7UTW_NAI,70,2.0711
7UTW_NAI,71,4.1557
7UTW_NAI,72,11.9843
7UTW_NAI,73,11.5113
7UTW_NAI,74,2.9783
7UTW_NAI,75,11.8479
7UTW_NAI,76,2.1512
7UTW_NAI,77,2.1094
7UTW_NAI,78,1.8024
7UTW_NAI,79,1.2532
7UTW_NAI,8,2.6082
7UTW_NAI,80,1.6245
7UTW_NAI,81,1.9805
7UTW_NAI,82,4.4127
7UTW_NAI,83,1.5233
7UTW_NAI,84,2.4845
7UTW_NAI,85,2.0006
7UTW_NAI,86,1.9489
7UTW_NAI,87,11.4335
7UTW_NAI,88,1.8144
7UTW_NAI,89,3.4930
7UTW_NAI,9,1.8239
7UTW_NAI,90,0.9847
7UTW_NAI,91,1.9114
7UTW_NAI,92,1.7902
7UTW_NAI,93,1.7619
7UTW_NAI,94,1.8096
7UTW_NAI,95,2.1003
7UTW_NAI,96,1.6051
7UTW_NAI,97,1.7017
7UTW_NAI,98,11.8451
7UTW_NAI,99,1.8501
7UXS_OJC,0,3.0330
7UXS_OJC,1,2.4070
7UXS_OJC,10,5.9679
7UXS_OJC,100,2.4606
7UXS_OJC,101,2.4430
7UXS_OJC,102,2.3219
7UXS_OJC,103,2.6209
7UXS_OJC,104,1.8210
7UXS_OJC,105,2.6610
7UXS_OJC,106,1.8556
7UXS_OJC,107,3.5572
7UXS_OJC,108,2.9955
7UXS_OJC,109,4.0011
7UXS_OJC,11,4.5747
7UXS_OJC,110,1.1652
7UXS_OJC,111,7.1333
7UXS_OJC,112,2.1393
7UXS_OJC,113,4.3522
7UXS_OJC,114,2.7497
7UXS_OJC,115,4.4156
7UXS_OJC,116,1.9376
7UXS_OJC,117,1.8664
7UXS_OJC,118,4.1620
7UXS_OJC,119,7.3454
7UXS_OJC,12,4.4607
7UXS_OJC,120,3.7586
7UXS_OJC,121,1.5977
7UXS_OJC,122,2.1950
7UXS_OJC,123,2.7758
7UXS_OJC,124,1.9289
7UXS_OJC,125,4.3193
7UXS_OJC,126,4.1074
7UXS_OJC,127,4.6198
7UXS_OJC,128,1.6882
7UXS_OJC,129,1.1093
7UXS_OJC,13,4.1113
7UXS_OJC,130,2.2957
7UXS_OJC,131,3.9075
7UXS_OJC,132,3.4861
7UXS_OJC,133,2.1325
7UXS_OJC,134,4.2727
7UXS_OJC,135,2.1024
7UXS_OJC,136,5.0793
7UXS_OJC,137,4.7108
7UXS_OJC,138,3.8568
7UXS_OJC,139,1.5293
7UXS_OJC,14,2.3183
7UXS_OJC,15,1.6715
7UXS_OJC,16,1.5534
7UXS_OJC,17,1.7128
7UXS_OJC,18,1.8712
7UXS_OJC,19,3.1549
7UXS_OJC,2,2.1898
7UXS_OJC,20,4.0760
7UXS_OJC,21,3.9994
7UXS_OJC,22,3.0186
7UXS_OJC,23,3.2204
7UXS_OJC,24,2.3929
7UXS_OJC,25,3.2767
7UXS_OJC,26,1.4034
7UXS_OJC,27,2.5629
7UXS_OJC,28,1.6447
7UXS_OJC,29,3.2738
7UXS_OJC,3,2.4093
7UXS_OJC,30,1.9878
7UXS_OJC,31,2.0189
7UXS_OJC,32,4.0698
7UXS_OJC,33,1.3920
7UXS_OJC,34,2.6274
7UXS_OJC,35,2.2068
7UXS_OJC,36,2.3732
7UXS_OJC,37,3.0680
7UXS_OJC,38,2.4591
7UXS_OJC,39,2.9937
7UXS_OJC,4,6.0737
7UXS_OJC,40,5.1081
7UXS_OJC,41,2.2668
7UXS_OJC,42,3.1243
7UXS_OJC,43,3.0211
7UXS_OJC,44,4.0778
7UXS_OJC,45,2.3882
7UXS_OJC,46,2.1562
7UXS_OJC,47,2.8022
7UXS_OJC,48,2.3393
7UXS_OJC,49,3.0056
7UXS_OJC,5,4.0690
7UXS_OJC,50,2.2113
7UXS_OJC,51,1.8382
7UXS_OJC,52,1.9599
7UXS_OJC,53,2.1452
7UXS_OJC,54,1.9671
7UXS_OJC,55,2.0379
7UXS_OJC,56,1.9439
7UXS_OJC,57,2.5175
7UXS_OJC,58,2.5307
7UXS_OJC,59,2.3407
7UXS_OJC,6,2.7079
7UXS_OJC,60,4.0742
7UXS_OJC,61,4.0119
7UXS_OJC,62,1.8025
7UXS_OJC,63,5.2933
7UXS_OJC,64,4.5376
7UXS_OJC,65,1.9863
7UXS_OJC,66,2.3939
7UXS_OJC,67,3.7276
7UXS_OJC,68,2.3876
7UXS_OJC,69,3.1330
7UXS_OJC,7,4.1426
7UXS_OJC,70,3.0673
7UXS_OJC,71,4.0171
7UXS_OJC,72,2.5276
7UXS_OJC,73,2.3404
7UXS_OJC,74,4.1897
7UXS_OJC,75,2.5968
7UXS_OJC,76,4.3605
7UXS_OJC,77,4.1061
7UXS_OJC,78,4.0617
7UXS_OJC,79,1.8789
7UXS_OJC,8,1.5223
7UXS_OJC,80,2.6530
7UXS_OJC,81,2.1217
7UXS_OJC,82,3.8087
7UXS_OJC,83,2.6592
7UXS_OJC,84,3.9181
7UXS_OJC,85,2.0273
7UXS_OJC,86,2.5475
7UXS_OJC,87,4.9013
7UXS_OJC,88,7.2814
7UXS_OJC,89,2.6552
7UXS_OJC,9,1.4378
7UXS_OJC,90,3.2338
7UXS_OJC,91,2.1172
7UXS_OJC,92,1.9257
7UXS_OJC,93,6.7547
7UXS_OJC,94,5.6654
7UXS_OJC,95,2.3524
7UXS_OJC,96,1.5210
7UXS_OJC,97,3.2451
7UXS_OJC,98,2.5194
7UXS_OJC,99,4.1779
7UY4_SMI,0,6.3438
7UY4_SMI,1,5.8837
7UY4_SMI,10,1.8589
7UY4_SMI,100,5.0111
7UY4_SMI,101,6.1982
7UY4_SMI,102,1.6924
7UY4_SMI,103,5.6245
7UY4_SMI,104,6.0453
7UY4_SMI,105,6.1175
7UY4_SMI,106,6.2960
7UY4_SMI,107,6.4083
7UY4_SMI,108,5.8717
7UY4_SMI,109,5.8386
7UY4_SMI,11,6.3678
7UY4_SMI,110,5.5983
7UY4_SMI,111,5.9198
7UY4_SMI,112,5.7954
7UY4_SMI,113,5.6937
7UY4_SMI,114,1.3681
7UY4_SMI,115,5.7127
7UY4_SMI,116,6.1237
7UY4_SMI,117,5.7863
7UY4_SMI,118,3.2944
7UY4_SMI,119,6.1298
7UY4_SMI,12,5.6382
7UY4_SMI,120,2.6422
7UY4_SMI,121,5.7389
7UY4_SMI,122,1.8194
7UY4_SMI,123,1.2380
7UY4_SMI,124,5.9066
7UY4_SMI,125,6.3520
7UY4_SMI,126,5.9776
7UY4_SMI,127,5.4225
7UY4_SMI,128,2.4739
7UY4_SMI,129,5.9504
7UY4_SMI,13,5.8569
7UY4_SMI,130,5.7048
7UY4_SMI,131,6.2572
7UY4_SMI,132,1.0547
7UY4_SMI,133,5.7498
7UY4_SMI,134,6.0997
7UY4_SMI,135,3.7028
7UY4_SMI,136,5.4475
7UY4_SMI,137,5.8034
7UY4_SMI,138,5.6726
7UY4_SMI,139,5.8411
7UY4_SMI,14,6.2866
7UY4_SMI,15,5.7406
7UY4_SMI,16,5.8111
7UY4_SMI,17,6.1361
7UY4_SMI,18,5.9789
7UY4_SMI,19,3.4758
7UY4_SMI,2,3.1647
7UY4_SMI,20,5.6161
7UY4_SMI,21,6.1563
7UY4_SMI,22,5.9169
7UY4_SMI,23,5.7903
7UY4_SMI,24,3.7730
7UY4_SMI,25,6.0723
7UY4_SMI,26,6.2119
7UY4_SMI,27,5.8397
7UY4_SMI,28,5.6188
7UY4_SMI,29,5.5443
7UY4_SMI,3,6.0485
7UY4_SMI,30,6.3059
7UY4_SMI,31,1.2620
7UY4_SMI,32,6.1678
7UY4_SMI,33,6.2842
7UY4_SMI,34,6.0660
7UY4_SMI,35,6.1245
7UY4_SMI,36,3.4481
7UY4_SMI,37,6.2279
7UY4_SMI,38,5.4516
7UY4_SMI,39,3.8462
7UY4_SMI,4,3.8103
7UY4_SMI,40,1.5864
7UY4_SMI,41,5.6934
7UY4_SMI,42,6.2028
7UY4_SMI,43,6.1809
7UY4_SMI,44,5.6753
7UY4_SMI,45,1.6186
7UY4_SMI,46,6.2257
7UY4_SMI,47,5.8745
7UY4_SMI,48,6.1692
7UY4_SMI,49,6.2406
7UY4_SMI,5,5.6389
7UY4_SMI,50,6.0425
7UY4_SMI,51,5.8405
7UY4_SMI,52,6.3335
7UY4_SMI,53,5.6943
7UY4_SMI,54,5.4098
7UY4_SMI,55,6.3369
7UY4_SMI,56,5.3417
7UY4_SMI,57,5.2985
7UY4_SMI,58,5.5895
7UY4_SMI,59,6.1092
7UY4_SMI,6,5.8170
7UY4_SMI,60,6.3641
7UY4_SMI,61,2.4845
7UY4_SMI,62,5.6005
7UY4_SMI,63,5.9089
7UY4_SMI,64,6.2873
7UY4_SMI,65,6.2240
7UY4_SMI,66,5.8422
7UY4_SMI,67,6.2123
7UY4_SMI,68,5.7773
7UY4_SMI,69,5.7981
7UY4_SMI,7,5.4233
7UY4_SMI,70,5.4976
7UY4_SMI,71,5.4767
7UY4_SMI,72,6.1034
7UY4_SMI,73,5.7296
7UY4_SMI,74,5.6244
7UY4_SMI,75,5.6725
7UY4_SMI,76,5.8869
7UY4_SMI,77,3.4357
7UY4_SMI,78,5.7406
7UY4_SMI,79,5.9083
7UY4_SMI,8,5.8851
7UY4_SMI,80,2.5212
7UY4_SMI,81,5.6937
7UY4_SMI,82,6.2864
7UY4_SMI,83,6.3733
7UY4_SMI,84,1.4076
7UY4_SMI,85,6.0752
7UY4_SMI,86,5.6745
7UY4_SMI,87,5.8468
7UY4_SMI,88,5.8822
7UY4_SMI,89,5.7028
7UY4_SMI,9,5.9144
7UY4_SMI,90,2.1477
7UY4_SMI,91,6.1669
7UY4_SMI,92,6.4531
7UY4_SMI,93,5.8956
7UY4_SMI,94,5.9284
7UY4_SMI,95,5.8454
7UY4_SMI,96,5.8416
7UY4_SMI,97,5.9489
7UY4_SMI,98,4.1217
7UY4_SMI,99,5.6600
7UYB_OK0,0,8.6998
7UYB_OK0,1,2.6412
7UYB_OK0,10,2.7375
7UYB_OK0,100,2.5996
7UYB_OK0,101,2.7789
7UYB_OK0,102,2.3008
7UYB_OK0,103,2.6743
7UYB_OK0,104,1.8886
7UYB_OK0,105,2.4068
7UYB_OK0,106,3.2720
7UYB_OK0,107,3.9241
7UYB_OK0,108,2.5905
7UYB_OK0,109,2.9114
7UYB_OK0,11,1.6611
7UYB_OK0,110,1.4107
7UYB_OK0,111,3.6091
7UYB_OK0,112,3.0200
7UYB_OK0,113,2.1022
7UYB_OK0,114,1.4123
7UYB_OK0,115,2.6716
7UYB_OK0,116,3.4001
7UYB_OK0,117,3.8803
7UYB_OK0,118,3.0648
7UYB_OK0,119,5.2238
7UYB_OK0,12,3.4816
7UYB_OK0,120,3.7757
7UYB_OK0,121,1.3189
7UYB_OK0,122,2.4620
7UYB_OK0,123,3.5419
7UYB_OK0,124,1.1049
7UYB_OK0,125,3.0294
7UYB_OK0,126,3.1796
7UYB_OK0,127,3.2497
7UYB_OK0,128,7.6694
7UYB_OK0,129,2.4809
7UYB_OK0,13,1.2226
7UYB_OK0,130,3.0383
7UYB_OK0,131,2.4152
7UYB_OK0,132,3.3457
7UYB_OK0,133,2.5486
7UYB_OK0,134,2.3797
7UYB_OK0,135,3.2643
7UYB_OK0,136,3.1585
7UYB_OK0,137,3.2376
7UYB_OK0,138,2.8920
7UYB_OK0,139,3.0336
7UYB_OK0,14,2.3080
7UYB_OK0,15,3.2169
7UYB_OK0,16,4.0921
7UYB_OK0,17,8.3625
7UYB_OK0,18,3.1622
7UYB_OK0,19,2.2810
7UYB_OK0,2,3.0690
7UYB_OK0,20,3.0520
7UYB_OK0,21,2.1273
7UYB_OK0,22,2.0716
7UYB_OK0,23,1.4077
7UYB_OK0,24,3.2714
7UYB_OK0,25,3.3248
7UYB_OK0,26,3.2468
7UYB_OK0,27,3.2586
7UYB_OK0,28,6.7395
7UYB_OK0,29,2.3617
7UYB_OK0,3,2.1340
7UYB_OK0,30,2.6031
7UYB_OK0,31,3.2031
7UYB_OK0,32,2.2930
7UYB_OK0,33,2.9193
7UYB_OK0,34,2.6277
7UYB_OK0,35,8.3847
7UYB_OK0,36,0.8726
7UYB_OK0,37,1.4600
7UYB_OK0,38,1.4521
7UYB_OK0,39,3.1654
7UYB_OK0,4,3.0636
7UYB_OK0,40,2.0197
7UYB_OK0,41,1.0847
7UYB_OK0,42,3.3847
7UYB_OK0,43,2.9823
7UYB_OK0,44,1.4399
7UYB_OK0,45,3.2063
7UYB_OK0,46,2.0277
7UYB_OK0,47,3.0620
7UYB_OK0,48,1.4477
7UYB_OK0,49,1.0871
7UYB_OK0,5,1.4325
7UYB_OK0,50,3.9692
7UYB_OK0,51,0.7148
7UYB_OK0,52,2.3542
7UYB_OK0,53,2.2868
7UYB_OK0,54,3.5411
7UYB_OK0,55,3.4697
7UYB_OK0,56,1.2580
7UYB_OK0,57,1.7283
7UYB_OK0,58,3.1208
7UYB_OK0,59,3.1918
7UYB_OK0,6,2.3551
7UYB_OK0,60,2.8264
7UYB_OK0,61,0.8126
7UYB_OK0,62,3.1469
7UYB_OK0,63,3.2638
7UYB_OK0,64,3.0581
7UYB_OK0,65,3.2752
7UYB_OK0,66,2.4405
7UYB_OK0,67,2.1967
7UYB_OK0,68,2.7088
7UYB_OK0,69,3.2507
7UYB_OK0,7,4.1738
7UYB_OK0,70,2.5816
7UYB_OK0,71,2.8474
7UYB_OK0,72,2.7418
7UYB_OK0,73,2.4210
7UYB_OK0,74,1.8226
7UYB_OK0,75,2.3094
7UYB_OK0,76,0.9699
7UYB_OK0,77,3.1043
7UYB_OK0,78,3.2439
7UYB_OK0,79,3.1372
7UYB_OK0,8,3.3613
7UYB_OK0,80,3.2926
7UYB_OK0,81,2.3306
7UYB_OK0,82,2.3643
7UYB_OK0,83,2.9213
7UYB_OK0,84,1.6525
7UYB_OK0,85,1.3703
7UYB_OK0,86,2.6903
7UYB_OK0,87,2.8177
7UYB_OK0,88,2.9124
7UYB_OK0,89,3.2629
7UYB_OK0,9,8.0890
7UYB_OK0,90,3.4955
7UYB_OK0,91,8.2113
7UYB_OK0,92,2.9242
7UYB_OK0,93,3.2899
7UYB_OK0,94,3.3104
7UYB_OK0,95,3.3958
7UYB_OK0,96,2.4567
7UYB_OK0,97,3.3109
7UYB_OK0,98,3.2325
7UYB_OK0,99,3.1671
7V14_ORU,0,2.4136
7V14_ORU,1,0.8004
7V14_ORU,10,3.8895
7V14_ORU,100,1.1329
7V14_ORU,101,1.1583
7V14_ORU,102,1.3733
7V14_ORU,103,1.4092
7V14_ORU,104,1.2699
7V14_ORU,105,1.1162
7V14_ORU,106,1.5362
7V14_ORU,107,1.2991
7V14_ORU,108,1.3095
7V14_ORU,109,1.2925
7V14_ORU,11,1.5903
7V14_ORU,110,1.5179
7V14_ORU,111,1.3361
7V14_ORU,112,1.5072
7V14_ORU,113,1.5173
7V14_ORU,114,1.3978
7V14_ORU,115,1.9375
7V14_ORU,116,2.1487
7V14_ORU,117,1.8476
7V14_ORU,118,1.3759
7V14_ORU,119,1.4497
7V14_ORU,12,1.3996
7V14_ORU,120,1.5706
7V14_ORU,121,2.0199
7V14_ORU,122,1.5211
7V14_ORU,123,0.9198
7V14_ORU,124,1.4737
7V14_ORU,125,1.4214
7V14_ORU,126,1.6980
7V14_ORU,127,1.3173
7V14_ORU,128,1.4472
7V14_ORU,129,1.1618
7V14_ORU,13,1.1145
7V14_ORU,130,1.8694
7V14_ORU,131,1.6294
7V14_ORU,132,1.6087
7V14_ORU,133,1.6058
7V14_ORU,134,1.1352
7V14_ORU,135,1.6205
7V14_ORU,136,1.0238
7V14_ORU,137,1.2465
7V14_ORU,138,4.0005
7V14_ORU,139,1.5685
7V14_ORU,14,0.9536
7V14_ORU,15,1.3676
7V14_ORU,16,0.8576
7V14_ORU,17,1.4941
7V14_ORU,18,0.9290
7V14_ORU,19,1.5852
7V14_ORU,2,1.0067
7V14_ORU,20,1.4626
7V14_ORU,21,1.2938
7V14_ORU,22,1.3019
7V14_ORU,23,1.6464
7V14_ORU,24,0.8063
7V14_ORU,25,1.1631
7V14_ORU,26,0.9805
7V14_ORU,27,0.9335
7V14_ORU,28,1.3719
7V14_ORU,29,1.4140
7V14_ORU,3,1.1175
7V14_ORU,30,1.4537
7V14_ORU,31,1.0019
7V14_ORU,32,1.3962
7V14_ORU,33,0.8823
7V14_ORU,34,1.4902
7V14_ORU,35,1.5045
7V14_ORU,36,1.2584
7V14_ORU,37,1.1679
7V14_ORU,38,1.3047
7V14_ORU,39,1.7436
7V14_ORU,4,1.5232
7V14_ORU,40,1.2904
7V14_ORU,41,0.8684
7V14_ORU,42,1.8109
7V14_ORU,43,1.0521
7V14_ORU,44,0.9272
7V14_ORU,45,1.3220
7V14_ORU,46,1.5119
7V14_ORU,47,1.3412
7V14_ORU,48,1.4410
7V14_ORU,49,1.8453
7V14_ORU,5,1.3460
7V14_ORU,50,1.5186
7V14_ORU,51,0.9964
7V14_ORU,52,1.7025
7V14_ORU,53,0.9215
7V14_ORU,54,2.2891
7V14_ORU,55,1.5536
7V14_ORU,56,1.9987
7V14_ORU,57,1.6709
7V14_ORU,58,1.6461
7V14_ORU,59,1.3040
7V14_ORU,6,1.1171
7V14_ORU,60,1.0794
7V14_ORU,61,3.5873
7V14_ORU,62,1.9503
7V14_ORU,63,1.9440
7V14_ORU,64,1.6123
7V14_ORU,65,1.9675
7V14_ORU,66,1.1073
7V14_ORU,67,1.2416
7V14_ORU,68,1.3079
7V14_ORU,69,1.3986
7V14_ORU,7,1.5909
7V14_ORU,70,0.7214
7V14_ORU,71,0.9377
7V14_ORU,72,1.4159
7V14_ORU,73,1.0900
7V14_ORU,74,1.7963
7V14_ORU,75,1.1793
7V14_ORU,76,1.1604
7V14_ORU,77,1.1584
7V14_ORU,78,1.5926
7V14_ORU,79,1.7605
7V14_ORU,8,1.3455
7V14_ORU,80,1.5568
7V14_ORU,81,1.7013
7V14_ORU,82,1.1399
7V14_ORU,83,1.5560
7V14_ORU,84,1.3150
7V14_ORU,85,1.0255
7V14_ORU,86,1.6154
7V14_ORU,87,1.1862
7V14_ORU,88,0.8528
7V14_ORU,89,1.9263
7V14_ORU,9,1.2031
7V14_ORU,90,1.6904
7V14_ORU,91,1.8642
7V14_ORU,92,0.9121
7V14_ORU,93,0.9677
7V14_ORU,94,1.8426
7V14_ORU,95,1.0256
7V14_ORU,96,1.1844
7V14_ORU,97,1.0037
7V14_ORU,98,1.5934
7V14_ORU,99,1.1617
7V3N_AKG,0,1.3109
7V3N_AKG,1,1.4901
7V3N_AKG,10,4.6460
7V3N_AKG,100,4.9042
7V3N_AKG,101,1.2970
7V3N_AKG,102,0.4181
7V3N_AKG,103,1.4116
7V3N_AKG,104,1.9711
7V3N_AKG,105,1.0256
7V3N_AKG,106,1.7148
7V3N_AKG,107,1.5767
7V3N_AKG,108,1.2080
7V3N_AKG,109,1.3470
7V3N_AKG,11,1.0449
7V3N_AKG,110,1.3663
7V3N_AKG,111,1.3211
7V3N_AKG,112,1.3355
7V3N_AKG,113,1.6727
7V3N_AKG,114,1.4417
7V3N_AKG,115,1.9085
7V3N_AKG,116,1.6174
7V3N_AKG,117,1.2270
7V3N_AKG,118,1.1152
7V3N_AKG,119,1.7893
7V3N_AKG,12,1.7420
7V3N_AKG,120,1.2145
7V3N_AKG,121,1.1196
7V3N_AKG,122,0.7191
7V3N_AKG,123,1.2602
7V3N_AKG,123,1.2708
7V3N_AKG,124,1.3731
7V3N_AKG,125,1.0555
7V3N_AKG,126,1.3055
7V3N_AKG,127,0.4941
7V3N_AKG,128,1.0439
7V3N_AKG,129,1.1801
7V3N_AKG,13,1.1218
7V3N_AKG,130,1.6365
7V3N_AKG,131,1.3843
7V3N_AKG,132,1.0776
7V3N_AKG,133,1.0467
7V3N_AKG,134,1.4635
7V3N_AKG,135,1.0177
7V3N_AKG,136,1.9236
7V3N_AKG,137,1.5901
7V3N_AKG,138,1.0113
7V3N_AKG,139,0.5441
7V3N_AKG,14,1.2272
7V3N_AKG,15,1.5626
7V3N_AKG,16,1.4737
7V3N_AKG,17,0.9639
7V3N_AKG,18,2.2116
7V3N_AKG,19,1.4937
7V3N_AKG,2,1.0168
7V3N_AKG,20,1.0155
7V3N_AKG,21,1.8159
7V3N_AKG,22,1.5607
7V3N_AKG,23,1.0505
7V3N_AKG,24,0.8845
7V3N_AKG,25,1.2565
7V3N_AKG,26,1.2623
7V3N_AKG,27,1.6557
7V3N_AKG,28,0.9839
7V3N_AKG,29,1.1000
7V3N_AKG,3,1.2307
7V3N_AKG,30,1.2626
7V3N_AKG,31,1.5180
7V3N_AKG,32,1.2053
7V3N_AKG,33,1.6482
7V3N_AKG,34,1.1710
7V3N_AKG,35,1.6539
7V3N_AKG,36,0.4585
7V3N_AKG,37,1.5489
7V3N_AKG,38,1.4465
7V3N_AKG,39,1.5763
7V3N_AKG,4,1.0703
7V3N_AKG,40,1.6175
7V3N_AKG,41,1.2333
7V3N_AKG,42,1.6096
7V3N_AKG,43,1.8733
7V3N_AKG,44,2.0331
7V3N_AKG,45,1.2949
7V3N_AKG,46,1.0301
7V3N_AKG,47,1.5508
7V3N_AKG,48,1.0687
7V3N_AKG,48,1.0991
7V3N_AKG,49,1.4289
7V3N_AKG,5,1.2731
7V3N_AKG,50,1.0654
7V3N_AKG,51,1.5824
7V3N_AKG,52,1.4890
7V3N_AKG,53,1.1375
7V3N_AKG,54,1.5266
7V3N_AKG,55,1.3551
7V3N_AKG,56,1.5589
7V3N_AKG,57,1.2033
7V3N_AKG,58,4.7096
7V3N_AKG,59,1.8633
7V3N_AKG,6,4.7294
7V3N_AKG,60,1.5625
7V3N_AKG,61,1.5195
7V3N_AKG,62,0.9870
7V3N_AKG,63,1.0821
7V3N_AKG,64,1.3012
7V3N_AKG,65,1.4528
7V3N_AKG,66,1.5407
7V3N_AKG,67,1.1925
7V3N_AKG,68,1.6505
7V3N_AKG,69,1.4243
7V3N_AKG,7,1.1180
7V3N_AKG,70,0.5860
7V3N_AKG,71,1.4467
7V3N_AKG,72,2.0498
7V3N_AKG,73,0.8512
7V3N_AKG,74,1.3024
7V3N_AKG,75,1.8383
7V3N_AKG,76,1.2295
7V3N_AKG,77,0.3700
7V3N_AKG,78,1.1873
7V3N_AKG,79,4.9430
7V3N_AKG,8,1.2501
7V3N_AKG,80,0.5022
7V3N_AKG,81,1.5532
7V3N_AKG,82,1.1054
7V3N_AKG,83,1.1679
7V3N_AKG,84,1.2337
7V3N_AKG,85,1.7591
7V3N_AKG,86,1.6490
7V3N_AKG,87,0.5254
7V3N_AKG,88,4.8276
7V3N_AKG,89,1.2338
7V3N_AKG,9,1.5943
7V3N_AKG,90,1.1252
7V3N_AKG,91,1.9778
7V3N_AKG,92,1.7750
7V3N_AKG,93,1.7634
7V3N_AKG,94,0.6185
7V3N_AKG,95,0.8651
7V3N_AKG,96,0.7890
7V3N_AKG,97,1.2259
7V3N_AKG,98,1.0844
7V3N_AKG,99,1.4744
7V3S_5I9,0,1.0175
7V3S_5I9,1,1.2483
7V3S_5I9,10,1.3138
7V3S_5I9,100,2.4374
7V3S_5I9,101,1.2568
7V3S_5I9,102,0.4252
7V3S_5I9,103,1.0238
7V3S_5I9,104,0.9140
7V3S_5I9,105,0.8395
7V3S_5I9,106,2.9239
7V3S_5I9,107,2.2724
7V3S_5I9,108,2.0051
7V3S_5I9,109,0.4384
7V3S_5I9,11,1.1236
7V3S_5I9,110,2.3460
7V3S_5I9,111,3.2203
7V3S_5I9,112,1.2006
7V3S_5I9,113,1.0330
7V3S_5I9,114,0.4583
7V3S_5I9,115,0.7219
7V3S_5I9,116,0.8379
7V3S_5I9,117,2.2333
7V3S_5I9,118,0.9490
7V3S_5I9,119,0.6108
7V3S_5I9,12,0.8121
7V3S_5I9,120,1.2932
7V3S_5I9,121,0.8044
7V3S_5I9,122,1.9803
7V3S_5I9,123,1.3380
7V3S_5I9,124,3.1427
7V3S_5I9,125,1.4225
7V3S_5I9,126,1.1543
7V3S_5I9,127,2.0916
7V3S_5I9,128,0.3947
7V3S_5I9,129,0.7278
7V3S_5I9,13,1.4321
7V3S_5I9,130,1.3861
7V3S_5I9,131,1.6098
7V3S_5I9,132,0.4395
7V3S_5I9,133,0.9488
7V3S_5I9,134,2.9331
7V3S_5I9,135,1.2569
7V3S_5I9,136,1.9449
7V3S_5I9,137,0.7192
7V3S_5I9,138,1.0138
7V3S_5I9,139,0.6874
7V3S_5I9,14,0.6600
7V3S_5I9,15,1.2472
7V3S_5I9,16,2.5311
7V3S_5I9,17,0.4792
7V3S_5I9,18,0.8245
7V3S_5I9,19,0.7910
7V3S_5I9,2,1.2337
7V3S_5I9,20,1.2983
7V3S_5I9,21,0.7703
7V3S_5I9,22,0.4487
7V3S_5I9,23,0.4836
7V3S_5I9,24,2.2458
7V3S_5I9,25,0.8883
7V3S_5I9,26,1.3511
7V3S_5I9,27,1.1171
7V3S_5I9,28,1.4652
7V3S_5I9,29,0.7301
7V3S_5I9,3,3.0434
7V3S_5I9,30,0.5998
7V3S_5I9,31,1.3833
7V3S_5I9,32,1.9578
7V3S_5I9,33,0.4229
7V3S_5I9,34,1.1644
7V3S_5I9,35,0.4971
7V3S_5I9,36,0.7250
7V3S_5I9,37,0.5188
7V3S_5I9,38,1.4222
7V3S_5I9,39,0.7395
7V3S_5I9,4,0.7911
7V3S_5I9,40,3.1968
7V3S_5I9,41,1.1167
7V3S_5I9,42,2.5385
7V3S_5I9,43,1.0225
7V3S_5I9,44,1.2770
7V3S_5I9,45,1.0354
7V3S_5I9,46,1.7437
7V3S_5I9,47,2.7170
7V3S_5I9,48,1.3983
7V3S_5I9,49,1.2648
7V3S_5I9,5,2.1680
7V3S_5I9,50,1.2005
7V3S_5I9,51,3.0859
7V3S_5I9,52,0.4948
7V3S_5I9,53,1.4225
7V3S_5I9,54,1.2955
7V3S_5I9,55,0.5875
7V3S_5I9,56,1.3556
7V3S_5I9,57,0.8582
7V3S_5I9,58,1.2001
7V3S_5I9,59,0.8414
7V3S_5I9,6,0.8201
7V3S_5I9,60,0.8684
7V3S_5I9,61,1.1342
7V3S_5I9,62,0.7658
7V3S_5I9,63,0.7977
7V3S_5I9,64,2.3478
7V3S_5I9,65,0.7788
7V3S_5I9,66,1.8681
7V3S_5I9,67,0.4488
7V3S_5I9,68,0.3237
7V3S_5I9,69,0.8775
7V3S_5I9,7,1.4272
7V3S_5I9,70,2.2943
7V3S_5I9,71,0.7801
7V3S_5I9,72,2.0736
7V3S_5I9,73,1.1641
7V3S_5I9,74,1.2375
7V3S_5I9,75,1.1132
7V3S_5I9,76,0.8422
7V3S_5I9,77,0.4925
7V3S_5I9,78,1.2775
7V3S_5I9,79,1.2547
7V3S_5I9,8,2.2138
7V3S_5I9,80,1.0050
7V3S_5I9,81,1.5378
7V3S_5I9,82,1.2625
7V3S_5I9,83,0.6895
7V3S_5I9,84,1.5519
7V3S_5I9,85,1.4237
7V3S_5I9,86,1.2233
7V3S_5I9,87,2.3531
7V3S_5I9,88,1.0487
7V3S_5I9,89,0.9379
7V3S_5I9,9,1.4370
7V3S_5I9,90,2.0703
7V3S_5I9,91,0.9916
7V3S_5I9,92,1.1441
7V3S_5I9,93,2.4266
7V3S_5I9,94,1.3437
7V3S_5I9,95,1.3837
7V3S_5I9,96,0.7682
7V3S_5I9,97,1.3650
7V3S_5I9,98,1.1636
7V3S_5I9,99,0.8630
7V43_C4O,0,0.7777
7V43_C4O,1,3.4652
7V43_C4O,10,0.3495
7V43_C4O,100,0.8807
7V43_C4O,101,0.7404
7V43_C4O,102,0.7388
7V43_C4O,103,0.6699
7V43_C4O,104,3.4827
7V43_C4O,105,3.4426
7V43_C4O,106,0.5223
7V43_C4O,107,3.4612
7V43_C4O,108,3.4453
7V43_C4O,109,3.4809
7V43_C4O,11,3.4427
7V43_C4O,110,3.4854
7V43_C4O,111,0.6304
7V43_C4O,112,3.4885
7V43_C4O,113,0.5594
7V43_C4O,114,0.3176
7V43_C4O,115,3.4975
7V43_C4O,116,1.0868
7V43_C4O,117,3.5054
7V43_C4O,118,3.4543
7V43_C4O,119,0.6059
7V43_C4O,12,3.4930
7V43_C4O,120,1.3405
7V43_C4O,121,3.4414
7V43_C4O,122,0.5785
7V43_C4O,123,0.7606
7V43_C4O,124,1.6735
7V43_C4O,125,0.5759
7V43_C4O,126,0.5750
7V43_C4O,127,0.7159
7V43_C4O,128,0.4761
7V43_C4O,129,3.4738
7V43_C4O,13,0.6852
7V43_C4O,130,3.4975
7V43_C4O,131,3.4613
7V43_C4O,132,0.6036
7V43_C4O,133,0.4496
7V43_C4O,134,3.3425
7V43_C4O,135,3.4563
7V43_C4O,136,3.5264
7V43_C4O,137,0.5722
7V43_C4O,138,3.4748
7V43_C4O,139,3.5234
7V43_C4O,14,3.6502
7V43_C4O,15,0.2628
7V43_C4O,16,0.7924
7V43_C4O,17,3.4621
7V43_C4O,18,3.4996
7V43_C4O,19,3.4430
7V43_C4O,2,3.4759
7V43_C4O,20,1.0524
7V43_C4O,21,0.7051
7V43_C4O,22,3.4667
7V43_C4O,23,3.5356
7V43_C4O,24,0.5174
7V43_C4O,25,3.4843
7V43_C4O,26,3.4921
7V43_C4O,27,0.6205
7V43_C4O,28,0.3935
7V43_C4O,29,3.7714
7V43_C4O,3,3.4709
7V43_C4O,30,3.5084
7V43_C4O,31,1.3933
7V43_C4O,32,0.9751
7V43_C4O,33,3.4797
7V43_C4O,34,3.4886
7V43_C4O,35,3.4879
7V43_C4O,36,3.6627
7V43_C4O,37,0.6063
7V43_C4O,38,2.3525
7V43_C4O,39,3.2377
7V43_C4O,4,3.4657
7V43_C4O,40,3.4714
7V43_C4O,41,0.5023
7V43_C4O,42,3.4630
7V43_C4O,43,3.4970
7V43_C4O,44,3.2899
7V43_C4O,45,1.5699
7V43_C4O,46,0.5689
7V43_C4O,47,3.4455
7V43_C4O,48,1.8208
7V43_C4O,49,0.5293
7V43_C4O,5,1.1822
7V43_C4O,50,0.5778
7V43_C4O,51,0.7688
7V43_C4O,52,0.7470
7V43_C4O,53,3.4926
7V43_C4O,54,0.5544
7V43_C4O,55,0.5526
7V43_C4O,56,0.5245
7V43_C4O,57,3.4585
7V43_C4O,58,0.4096
7V43_C4O,59,3.4424
7V43_C4O,6,0.6387
7V43_C4O,60,0.4881
7V43_C4O,61,3.4484
7V43_C4O,62,0.6477
7V43_C4O,63,3.4681
7V43_C4O,64,0.6405
7V43_C4O,65,0.8082
7V43_C4O,66,3.4678
7V43_C4O,67,1.6909
7V43_C4O,68,3.4750
7V43_C4O,69,0.3866
7V43_C4O,7,0.3180
7V43_C4O,7,3.4900
7V43_C4O,70,3.4712
7V43_C4O,71,0.4827
7V43_C4O,72,0.8454
7V43_C4O,73,0.5632
7V43_C4O,74,0.7317
7V43_C4O,75,0.7148
7V43_C4O,76,0.8192
7V43_C4O,77,0.2497
7V43_C4O,78,0.7140
7V43_C4O,79,0.5824
7V43_C4O,8,1.7176
7V43_C4O,80,3.5057
7V43_C4O,81,3.4470
7V43_C4O,82,0.7382
7V43_C4O,83,3.4499
7V43_C4O,84,3.4534
7V43_C4O,85,3.4763
7V43_C4O,86,3.4579
7V43_C4O,87,3.4381
7V43_C4O,88,0.5205
7V43_C4O,89,3.4640
7V43_C4O,9,0.4239
7V43_C4O,90,0.5594
7V43_C4O,91,3.4693
7V43_C4O,92,3.4585
7V43_C4O,93,3.5760
7V43_C4O,94,0.3791
7V43_C4O,95,0.4673
7V43_C4O,96,3.4752
7V43_C4O,97,3.5002
7V43_C4O,98,0.8034
7V43_C4O,99,0.6961
7VB8_STL,0,0.6033
7VB8_STL,1,0.8424
7VB8_STL,10,0.7882
7VB8_STL,100,0.6190
7VB8_STL,101,1.1897
7VB8_STL,102,7.2449
7VB8_STL,103,7.3759
7VB8_STL,104,0.6316
7VB8_STL,105,0.5809
7VB8_STL,106,1.5215
7VB8_STL,107,0.6731
7VB8_STL,108,0.6239
7VB8_STL,109,0.5621
7VB8_STL,11,0.5142
7VB8_STL,110,0.6450
7VB8_STL,111,0.7453
7VB8_STL,112,7.1484
7VB8_STL,113,0.7966
7VB8_STL,114,0.6160
7VB8_STL,115,1.7593
7VB8_STL,116,7.2649
7VB8_STL,117,7.3964
7VB8_STL,118,0.5032
7VB8_STL,119,0.6213
7VB8_STL,12,0.6934
7VB8_STL,120,1.2402
7VB8_STL,121,7.3773
7VB8_STL,122,7.1578
7VB8_STL,123,0.9812
7VB8_STL,124,1.4818
7VB8_STL,125,0.7793
7VB8_STL,126,7.3850
7VB8_STL,127,7.2731
7VB8_STL,128,7.3672
7VB8_STL,129,0.6603
7VB8_STL,13,0.6338
7VB8_STL,130,0.7051
7VB8_STL,131,1.3471
7VB8_STL,132,1.2838
7VB8_STL,133,0.6714
7VB8_STL,134,1.0270
7VB8_STL,135,7.3598
7VB8_STL,136,0.7224
7VB8_STL,137,0.7978
7VB8_STL,138,0.5774
7VB8_STL,139,0.5334
7VB8_STL,14,0.8851
7VB8_STL,15,0.8993
7VB8_STL,16,1.7230
7VB8_STL,17,7.3497
7VB8_STL,18,7.2699
7VB8_STL,19,7.3758
7VB8_STL,2,0.6354
7VB8_STL,20,0.3722
7VB8_STL,21,1.5763
7VB8_STL,22,7.3521
7VB8_STL,23,0.6149
7VB8_STL,24,0.6845
7VB8_STL,25,7.3863
7VB8_STL,26,0.7215
7VB8_STL,27,1.2986
7VB8_STL,28,1.2108
7VB8_STL,29,0.4031
7VB8_STL,3,0.9476
7VB8_STL,3,0.9367
7VB8_STL,30,1.1856
7VB8_STL,31,0.7060
7VB8_STL,32,1.1340
7VB8_STL,33,7.3639
7VB8_STL,34,7.3896
7VB8_STL,35,1.0859
7VB8_STL,36,0.7950
7VB8_STL,37,0.4699
7VB8_STL,38,0.8516
7VB8_STL,39,0.9089
7VB8_STL,4,0.7961
7VB8_STL,40,1.3663
7VB8_STL,41,0.6365
7VB8_STL,42,0.8685
7VB8_STL,43,1.0139
7VB8_STL,44,7.3112
7VB8_STL,45,0.8387
7VB8_STL,46,7.3747
7VB8_STL,47,0.4867
7VB8_STL,48,7.3621
7VB8_STL,49,0.4942
7VB8_STL,5,0.4313
7VB8_STL,50,0.5601
7VB8_STL,51,7.2998
7VB8_STL,52,7.2011
7VB8_STL,53,0.5920
7VB8_STL,54,0.7840
7VB8_STL,55,0.4868
7VB8_STL,56,0.7635
7VB8_STL,57,7.3040
7VB8_STL,58,0.6392
7VB8_STL,59,7.2448
7VB8_STL,6,7.2605
7VB8_STL,60,1.4414
7VB8_STL,61,7.3907
7VB8_STL,62,0.7903
7VB8_STL,63,1.7992
7VB8_STL,64,0.7606
7VB8_STL,65,1.4214
7VB8_STL,66,0.9516
7VB8_STL,67,7.3595
7VB8_STL,68,0.8895
7VB8_STL,69,0.7014
7VB8_STL,7,1.4760
7VB8_STL,70,0.6738
7VB8_STL,71,0.6359
7VB8_STL,72,7.3649
7VB8_STL,73,0.5516
7VB8_STL,74,0.6171
7VB8_STL,75,1.0310
7VB8_STL,76,7.3557
7VB8_STL,77,0.6812
7VB8_STL,78,7.3585
7VB8_STL,79,1.0063
7VB8_STL,8,7.2407
7VB8_STL,80,1.0789
7VB8_STL,81,7.2246
7VB8_STL,82,7.1824
7VB8_STL,83,0.5455
7VB8_STL,84,0.7495
7VB8_STL,85,7.2888
7VB8_STL,86,7.3926
7VB8_STL,87,0.9761
7VB8_STL,88,7.3742
7VB8_STL,89,1.3031
7VB8_STL,9,0.6586
7VB8_STL,90,7.3497
7VB8_STL,91,0.7125
7VB8_STL,92,7.3616
7VB8_STL,93,0.7799
7VB8_STL,94,0.6740
7VB8_STL,95,0.4574
7VB8_STL,96,0.8931
7VB8_STL,97,1.1154
7VB8_STL,98,7.2618
7VB8_STL,99,0.7275
7VBU_6I4,0,0.3949
7VBU_6I4,1,2.5606
7VBU_6I4,10,0.5226
7VBU_6I4,100,0.3099
7VBU_6I4,101,0.6303
7VBU_6I4,102,6.1456
7VBU_6I4,103,5.9504
7VBU_6I4,104,0.6112
7VBU_6I4,105,5.4863
7VBU_6I4,106,0.2937
7VBU_6I4,107,0.4409
7VBU_6I4,108,0.6245
7VBU_6I4,109,5.5431
7VBU_6I4,11,3.3098
7VBU_6I4,110,5.5821
7VBU_6I4,111,0.5177
7VBU_6I4,112,5.5527
7VBU_6I4,113,2.2624
7VBU_6I4,114,0.4719
7VBU_6I4,115,0.2853
7VBU_6I4,116,5.5457
7VBU_6I4,117,0.5014
7VBU_6I4,118,0.5773
7VBU_6I4,119,1.5846
7VBU_6I4,12,0.8768
7VBU_6I4,120,0.4546
7VBU_6I4,121,0.2496
7VBU_6I4,122,0.5056
7VBU_6I4,123,0.5061
7VBU_6I4,124,6.2700
7VBU_6I4,125,0.5113
7VBU_6I4,126,5.3362
7VBU_6I4,127,0.5711
7VBU_6I4,128,0.9694
7VBU_6I4,129,5.6061
7VBU_6I4,13,0.6453
7VBU_6I4,130,0.4589
7VBU_6I4,131,5.4693
7VBU_6I4,132,0.5821
7VBU_6I4,133,0.5358
7VBU_6I4,134,6.2506
7VBU_6I4,135,0.8680
7VBU_6I4,136,0.5955
7VBU_6I4,137,0.4589
7VBU_6I4,138,6.0212
7VBU_6I4,139,0.4499
7VBU_6I4,14,1.8068
7VBU_6I4,15,3.1643
7VBU_6I4,16,0.6083
7VBU_6I4,17,5.3171
7VBU_6I4,18,5.4133
7VBU_6I4,19,1.2537
7VBU_6I4,2,6.1437
7VBU_6I4,20,0.5485
7VBU_6I4,21,0.4527
7VBU_6I4,22,2.8577
7VBU_6I4,23,5.5592
7VBU_6I4,24,0.8585
7VBU_6I4,25,0.5995
7VBU_6I4,26,5.6580
7VBU_6I4,27,5.5882
7VBU_6I4,28,5.6815
7VBU_6I4,29,0.6714
7VBU_6I4,3,3.6580
7VBU_6I4,30,5.9733
7VBU_6I4,31,5.4425
7VBU_6I4,32,5.3619
7VBU_6I4,33,0.5408
7VBU_6I4,34,0.6016
7VBU_6I4,35,5.2668
7VBU_6I4,36,0.7044
7VBU_6I4,37,0.5143
7VBU_6I4,38,0.4473
7VBU_6I4,39,0.6303
7VBU_6I4,4,0.4336
7VBU_6I4,40,5.1959
7VBU_6I4,41,5.5199
7VBU_6I4,42,2.9463
7VBU_6I4,43,0.6192
7VBU_6I4,44,0.5807
7VBU_6I4,45,3.4146
7VBU_6I4,46,2.5298
7VBU_6I4,47,5.3132
7VBU_6I4,48,2.1597
7VBU_6I4,49,5.5185
7VBU_6I4,5,0.5376
7VBU_6I4,50,5.7564
7VBU_6I4,51,3.3233
7VBU_6I4,52,0.4640
7VBU_6I4,53,0.3815
7VBU_6I4,54,0.7221
7VBU_6I4,55,5.5426
7VBU_6I4,56,0.5317
7VBU_6I4,57,5.6356
7VBU_6I4,58,0.3058
7VBU_6I4,59,5.2587
7VBU_6I4,6,0.4259
7VBU_6I4,60,0.5648
7VBU_6I4,61,0.5171
7VBU_6I4,62,0.4871
7VBU_6I4,63,0.4107
7VBU_6I4,64,0.4984
7VBU_6I4,65,0.6554
7VBU_6I4,66,0.2764
7VBU_6I4,67,5.4092
7VBU_6I4,68,0.3683
7VBU_6I4,69,6.1528
7VBU_6I4,7,0.6662
7VBU_6I4,70,0.3520
7VBU_6I4,71,0.6511
7VBU_6I4,72,0.3899
7VBU_6I4,73,0.3654
7VBU_6I4,74,3.4539
7VBU_6I4,75,0.6231
7VBU_6I4,76,1.7821
7VBU_6I4,77,0.7128
7VBU_6I4,78,0.5536
7VBU_6I4,79,3.8028
7VBU_6I4,8,5.6469
7VBU_6I4,80,5.5632
7VBU_6I4,81,5.6153
7VBU_6I4,82,0.7554
7VBU_6I4,83,0.3525
7VBU_6I4,84,0.4463
7VBU_6I4,85,5.5686
7VBU_6I4,86,6.1975
7VBU_6I4,87,0.5241
7VBU_6I4,88,0.5189
7VBU_6I4,89,1.8122
7VBU_6I4,9,5.5000
7VBU_6I4,90,0.4167
7VBU_6I4,91,0.3641
7VBU_6I4,92,6.0748
7VBU_6I4,93,5.4215
7VBU_6I4,94,3.7392
7VBU_6I4,95,3.3687
7VBU_6I4,96,0.7172
7VBU_6I4,97,0.4775
7VBU_6I4,98,0.4565
7VBU_6I4,99,3.2566
7VC5_9SF,0,2.3249
7VC5_9SF,1,0.9127
7VC5_9SF,10,0.5470
7VC5_9SF,100,1.8806
7VC5_9SF,101,2.4097
7VC5_9SF,102,0.8827
7VC5_9SF,103,1.8993
7VC5_9SF,104,2.0375
7VC5_9SF,105,0.3599
7VC5_9SF,106,2.9676
7VC5_9SF,107,1.5861
7VC5_9SF,108,1.7261
7VC5_9SF,109,1.5219
7VC5_9SF,11,2.2769
7VC5_9SF,110,2.4761
7VC5_9SF,111,1.0212
7VC5_9SF,112,1.9543
7VC5_9SF,113,1.5933
7VC5_9SF,114,1.5269
7VC5_9SF,115,1.9723
7VC5_9SF,116,0.5906
7VC5_9SF,117,1.9308
7VC5_9SF,118,2.4313
7VC5_9SF,119,1.7396
7VC5_9SF,12,2.0786
7VC5_9SF,120,1.4955
7VC5_9SF,121,0.9393
7VC5_9SF,122,1.6953
7VC5_9SF,123,0.8529
7VC5_9SF,124,0.4120
7VC5_9SF,125,1.7597
7VC5_9SF,126,1.8938
7VC5_9SF,127,2.4255
7VC5_9SF,128,1.8492
7VC5_9SF,129,1.7143
7VC5_9SF,13,2.4779
7VC5_9SF,130,1.9515
7VC5_9SF,131,2.1994
7VC5_9SF,132,1.7125
7VC5_9SF,133,1.6723
7VC5_9SF,134,1.1005
7VC5_9SF,135,1.5457
7VC5_9SF,136,1.1238
7VC5_9SF,137,1.6180
7VC5_9SF,138,1.3765
7VC5_9SF,139,1.6515
7VC5_9SF,14,0.9292
7VC5_9SF,15,1.7815
7VC5_9SF,16,2.2884
7VC5_9SF,17,0.9934
7VC5_9SF,18,2.4258
7VC5_9SF,19,1.8379
7VC5_9SF,2,2.2320
7VC5_9SF,20,2.2223
7VC5_9SF,21,1.9449
7VC5_9SF,22,1.0382
7VC5_9SF,23,1.9949
7VC5_9SF,24,1.6362
7VC5_9SF,25,1.7920
7VC5_9SF,26,1.6214
7VC5_9SF,27,2.4164
7VC5_9SF,28,0.9464
7VC5_9SF,29,2.0232
7VC5_9SF,3,1.9960
7VC5_9SF,30,2.4126
7VC5_9SF,31,2.6752
7VC5_9SF,32,2.0003
7VC5_9SF,33,2.0164
7VC5_9SF,34,2.3273
7VC5_9SF,35,1.2649
7VC5_9SF,36,1.5504
7VC5_9SF,37,0.4675
7VC5_9SF,38,1.6228
7VC5_9SF,39,1.7680
7VC5_9SF,4,2.2177
7VC5_9SF,40,0.5575
7VC5_9SF,41,0.9373
7VC5_9SF,42,2.3113
7VC5_9SF,43,0.6430
7VC5_9SF,44,1.7193
7VC5_9SF,45,0.9814
7VC5_9SF,46,1.9101
7VC5_9SF,47,2.2077
7VC5_9SF,48,2.0782
7VC5_9SF,49,2.2244
7VC5_9SF,5,1.3819
7VC5_9SF,50,1.5592
7VC5_9SF,51,2.4211
7VC5_9SF,52,1.4957
7VC5_9SF,53,1.9139
7VC5_9SF,54,1.5421
7VC5_9SF,55,1.7052
7VC5_9SF,56,0.9337
7VC5_9SF,57,1.9597
7VC5_9SF,58,0.4463
7VC5_9SF,59,2.3955
7VC5_9SF,6,1.7375
7VC5_9SF,60,1.1140
7VC5_9SF,61,1.8275
7VC5_9SF,62,0.9884
7VC5_9SF,63,2.4060
7VC5_9SF,64,1.9123
7VC5_9SF,65,1.6546
7VC5_9SF,66,1.5002
7VC5_9SF,67,1.5853
7VC5_9SF,68,0.9035
7VC5_9SF,69,0.9170
7VC5_9SF,7,2.2221
7VC5_9SF,70,1.5531
7VC5_9SF,71,0.4896
7VC5_9SF,72,1.5887
7VC5_9SF,73,2.3711
7VC5_9SF,74,0.8852
7VC5_9SF,75,2.3919
7VC5_9SF,76,1.0118
7VC5_9SF,77,1.7271
7VC5_9SF,78,2.1371
7VC5_9SF,79,1.2282
7VC5_9SF,8,1.6359
7VC5_9SF,80,1.9658
7VC5_9SF,81,1.0538
7VC5_9SF,82,2.2475
7VC5_9SF,83,1.8937
7VC5_9SF,84,2.3162
7VC5_9SF,85,2.1203
7VC5_9SF,86,1.0525
7VC5_9SF,87,0.7965
7VC5_9SF,88,2.4153
7VC5_9SF,89,0.9345
7VC5_9SF,9,1.2998
7VC5_9SF,90,0.5373
7VC5_9SF,91,0.8640
7VC5_9SF,92,2.3535
7VC5_9SF,93,1.7684
7VC5_9SF,94,1.1492
7VC5_9SF,95,1.6931
7VC5_9SF,96,1.9082
7VC5_9SF,97,1.8294
7VC5_9SF,98,1.6750
7VC5_9SF,99,1.6420
7VKZ_NOJ,0,1.7153
7VKZ_NOJ,1,1.7447
7VKZ_NOJ,10,1.3160
7VKZ_NOJ,100,2.0357
7VKZ_NOJ,101,2.7593
7VKZ_NOJ,102,1.6511
7VKZ_NOJ,103,1.4956
7VKZ_NOJ,104,1.3744
7VKZ_NOJ,105,1.8014
7VKZ_NOJ,106,1.7214
7VKZ_NOJ,107,1.7026
7VKZ_NOJ,108,2.7821
7VKZ_NOJ,109,2.2296
7VKZ_NOJ,11,1.1478
7VKZ_NOJ,110,2.5265
7VKZ_NOJ,111,2.1289
7VKZ_NOJ,112,2.6966
7VKZ_NOJ,113,1.5272
7VKZ_NOJ,114,2.4568
7VKZ_NOJ,115,1.0374
7VKZ_NOJ,116,1.2377
7VKZ_NOJ,117,1.4564
7VKZ_NOJ,118,1.8694
7VKZ_NOJ,119,1.5557
7VKZ_NOJ,12,1.7526
7VKZ_NOJ,120,1.3649
7VKZ_NOJ,121,1.8537
7VKZ_NOJ,122,1.4941
7VKZ_NOJ,123,1.6077
7VKZ_NOJ,124,2.5108
7VKZ_NOJ,125,1.3358
7VKZ_NOJ,126,1.5415
7VKZ_NOJ,127,1.6908
7VKZ_NOJ,128,1.4098
7VKZ_NOJ,129,2.0684
7VKZ_NOJ,13,2.4629
7VKZ_NOJ,130,1.4740
7VKZ_NOJ,131,1.4792
7VKZ_NOJ,132,0.9159
7VKZ_NOJ,133,2.0259
7VKZ_NOJ,134,1.4576
7VKZ_NOJ,135,1.3941
7VKZ_NOJ,136,1.6952
7VKZ_NOJ,137,1.7969
7VKZ_NOJ,138,1.9104
7VKZ_NOJ,139,1.7508
7VKZ_NOJ,14,1.7958
7VKZ_NOJ,15,1.3701
7VKZ_NOJ,16,1.9694
7VKZ_NOJ,17,2.0284
7VKZ_NOJ,18,1.6494
7VKZ_NOJ,19,2.4347
7VKZ_NOJ,2,1.7005
7VKZ_NOJ,20,1.4209
7VKZ_NOJ,21,1.4226
7VKZ_NOJ,22,1.0608
7VKZ_NOJ,23,2.1413
7VKZ_NOJ,24,1.6894
7VKZ_NOJ,25,1.8900
7VKZ_NOJ,26,1.6326
7VKZ_NOJ,27,2.5950
7VKZ_NOJ,28,2.5890
7VKZ_NOJ,29,0.7315
7VKZ_NOJ,3,1.7006
7VKZ_NOJ,30,1.7034
7VKZ_NOJ,31,1.1648
7VKZ_NOJ,32,1.3955
7VKZ_NOJ,33,1.6885
7VKZ_NOJ,34,1.4007
7VKZ_NOJ,35,2.4363
7VKZ_NOJ,36,2.5414
7VKZ_NOJ,37,1.3754
7VKZ_NOJ,38,2.6974
7VKZ_NOJ,39,1.4204
7VKZ_NOJ,4,1.7761
7VKZ_NOJ,40,2.1869
7VKZ_NOJ,41,2.4904
7VKZ_NOJ,42,2.1958
7VKZ_NOJ,43,1.3489
7VKZ_NOJ,44,1.3817
7VKZ_NOJ,45,1.3763
7VKZ_NOJ,46,1.3656
7VKZ_NOJ,47,2.2359
7VKZ_NOJ,48,2.4979
7VKZ_NOJ,49,1.3511
7VKZ_NOJ,5,1.8878
7VKZ_NOJ,50,1.3521
7VKZ_NOJ,51,1.9904
7VKZ_NOJ,52,2.1849
7VKZ_NOJ,53,1.8552
7VKZ_NOJ,54,1.9843
7VKZ_NOJ,55,1.4859
7VKZ_NOJ,56,1.2467
7VKZ_NOJ,57,1.3341
7VKZ_NOJ,58,1.6244
7VKZ_NOJ,59,1.4094
7VKZ_NOJ,6,2.3754
7VKZ_NOJ,60,1.7964
7VKZ_NOJ,61,2.5898
7VKZ_NOJ,62,2.0843
7VKZ_NOJ,63,1.4476
7VKZ_NOJ,64,2.0344
7VKZ_NOJ,65,1.7692
7VKZ_NOJ,66,1.7420
7VKZ_NOJ,67,1.7427
7VKZ_NOJ,68,1.9069
7VKZ_NOJ,69,1.6652
7VKZ_NOJ,7,1.6923
7VKZ_NOJ,70,2.8911
7VKZ_NOJ,71,1.6855
7VKZ_NOJ,72,2.6172
7VKZ_NOJ,73,1.7511
7VKZ_NOJ,74,1.7607
7VKZ_NOJ,75,2.1033
7VKZ_NOJ,76,2.1397
7VKZ_NOJ,77,1.7782
7VKZ_NOJ,78,1.3754
7VKZ_NOJ,79,0.9435
7VKZ_NOJ,8,3.0707
7VKZ_NOJ,80,1.3474
7VKZ_NOJ,81,1.5367
7VKZ_NOJ,82,1.7359
7VKZ_NOJ,83,1.9668
7VKZ_NOJ,84,1.7390
7VKZ_NOJ,85,2.0249
7VKZ_NOJ,86,1.5522
7VKZ_NOJ,87,2.5981
7VKZ_NOJ,88,1.7660
7VKZ_NOJ,89,2.7202
7VKZ_NOJ,9,1.2524
7VKZ_NOJ,90,1.8366
7VKZ_NOJ,91,1.9087
7VKZ_NOJ,92,1.6492
7VKZ_NOJ,93,2.1971
7VKZ_NOJ,94,3.2982
7VKZ_NOJ,95,2.2323
7VKZ_NOJ,96,2.5913
7VKZ_NOJ,97,1.8766
7VKZ_NOJ,98,1.5818
7VKZ_NOJ,99,1.4847
7VQ9_ISY,0,2.2467
7VQ9_ISY,1,2.4749
7VQ9_ISY,10,2.4678
7VQ9_ISY,100,2.1479
7VQ9_ISY,101,2.9794
7VQ9_ISY,102,2.3476
7VQ9_ISY,103,1.9879
7VQ9_ISY,104,2.5731
7VQ9_ISY,105,2.6016
7VQ9_ISY,106,2.1266
7VQ9_ISY,107,1.4577
7VQ9_ISY,108,2.3795
7VQ9_ISY,109,2.3745
7VQ9_ISY,11,2.2635
7VQ9_ISY,110,3.2361
7VQ9_ISY,111,2.3360
7VQ9_ISY,112,2.3762
7VQ9_ISY,113,2.0730
7VQ9_ISY,114,1.6641
7VQ9_ISY,115,1.8843
7VQ9_ISY,116,1.9291
7VQ9_ISY,117,2.8509
7VQ9_ISY,118,1.5646
7VQ9_ISY,119,1.6154
7VQ9_ISY,12,3.3713
7VQ9_ISY,120,3.0405
7VQ9_ISY,121,3.2872
7VQ9_ISY,122,2.8834
7VQ9_ISY,123,2.4734
7VQ9_ISY,124,2.5188
7VQ9_ISY,125,2.7323
7VQ9_ISY,126,1.9196
7VQ9_ISY,127,1.9711
7VQ9_ISY,128,2.4455
7VQ9_ISY,129,2.4749
7VQ9_ISY,13,2.5529
7VQ9_ISY,130,1.5866
7VQ9_ISY,131,2.0518
7VQ9_ISY,132,2.5340
7VQ9_ISY,133,1.6376
7VQ9_ISY,134,2.5438
7VQ9_ISY,135,1.6473
7VQ9_ISY,136,2.0158
7VQ9_ISY,137,2.2639
7VQ9_ISY,138,2.9284
7VQ9_ISY,139,1.7617
7VQ9_ISY,14,1.9784
7VQ9_ISY,15,2.1242
7VQ9_ISY,16,1.7775
7VQ9_ISY,17,1.6460
7VQ9_ISY,18,2.4099
7VQ9_ISY,19,1.6829
7VQ9_ISY,2,2.0524
7VQ9_ISY,20,2.2052
7VQ9_ISY,21,1.8676
7VQ9_ISY,22,1.8929
7VQ9_ISY,23,2.3313
7VQ9_ISY,24,2.0765
7VQ9_ISY,25,1.8967
7VQ9_ISY,26,3.3387
7VQ9_ISY,27,1.8105
7VQ9_ISY,28,1.8880
7VQ9_ISY,29,2.0048
7VQ9_ISY,3,1.8843
7VQ9_ISY,30,2.2777
7VQ9_ISY,31,2.2690
7VQ9_ISY,32,1.9980
7VQ9_ISY,33,2.3423
7VQ9_ISY,34,2.7999
7VQ9_ISY,35,1.8785
7VQ9_ISY,36,6.1417
7VQ9_ISY,37,2.2595
7VQ9_ISY,38,1.8153
7VQ9_ISY,39,2.5702
7VQ9_ISY,4,2.7198
7VQ9_ISY,40,1.7259
7VQ9_ISY,41,4.4441
7VQ9_ISY,42,2.5590
7VQ9_ISY,43,2.8529
7VQ9_ISY,44,3.1940
7VQ9_ISY,45,1.9820
7VQ9_ISY,46,2.4037
7VQ9_ISY,47,2.2432
7VQ9_ISY,48,3.0787
7VQ9_ISY,49,1.8181
7VQ9_ISY,5,2.2586
7VQ9_ISY,50,2.7907
7VQ9_ISY,51,3.0472
7VQ9_ISY,52,2.9043
7VQ9_ISY,53,2.6800
7VQ9_ISY,54,1.8526
7VQ9_ISY,55,1.8018
7VQ9_ISY,56,2.1052
7VQ9_ISY,57,1.9722
7VQ9_ISY,58,1.5078
7VQ9_ISY,59,1.9288
7VQ9_ISY,6,1.6337
7VQ9_ISY,60,2.0957
7VQ9_ISY,61,2.3789
7VQ9_ISY,62,2.5678
7VQ9_ISY,63,2.3621
7VQ9_ISY,64,2.2645
7VQ9_ISY,65,1.6084
7VQ9_ISY,66,1.8425
7VQ9_ISY,67,2.5954
7VQ9_ISY,68,1.4023
7VQ9_ISY,69,2.0371
7VQ9_ISY,7,2.5625
7VQ9_ISY,70,2.8118
7VQ9_ISY,71,2.7021
7VQ9_ISY,72,2.2916
7VQ9_ISY,73,3.6746
7VQ9_ISY,74,3.8288
7VQ9_ISY,75,2.0969
7VQ9_ISY,76,2.5070
7VQ9_ISY,77,2.6334
7VQ9_ISY,78,5.2157
7VQ9_ISY,79,2.8446
7VQ9_ISY,8,2.2750
7VQ9_ISY,80,6.2966
7VQ9_ISY,81,2.1508
7VQ9_ISY,82,2.6251
7VQ9_ISY,83,2.2605
7VQ9_ISY,84,1.8960
7VQ9_ISY,85,2.0730
7VQ9_ISY,86,5.7909
7VQ9_ISY,87,2.4595
7VQ9_ISY,88,2.8949
7VQ9_ISY,89,2.1289
7VQ9_ISY,9,1.7305
7VQ9_ISY,90,2.6154
7VQ9_ISY,91,1.4009
7VQ9_ISY,92,3.5596
7VQ9_ISY,93,2.8863
7VQ9_ISY,94,2.1417
7VQ9_ISY,95,3.1251
7VQ9_ISY,96,1.8087
7VQ9_ISY,97,2.4613
7VQ9_ISY,98,1.6478
7VQ9_ISY,99,2.8143
7VWF_K55,0,1.2650
7VWF_K55,1,1.9630
7VWF_K55,10,2.1224
7VWF_K55,100,0.9697
7VWF_K55,101,2.0040
7VWF_K55,102,1.4704
7VWF_K55,103,1.7103
7VWF_K55,104,0.6007
7VWF_K55,105,1.4994
7VWF_K55,106,1.6002
7VWF_K55,107,1.4833
7VWF_K55,108,1.5630
7VWF_K55,109,0.9861
7VWF_K55,11,1.6735
7VWF_K55,110,4.6302
7VWF_K55,111,6.4616
7VWF_K55,112,1.8659
7VWF_K55,113,1.6448
7VWF_K55,114,1.8879
7VWF_K55,115,1.8115
7VWF_K55,116,0.8514
7VWF_K55,117,5.6160
7VWF_K55,118,5.3243
7VWF_K55,119,6.4957
7VWF_K55,12,1.3875
7VWF_K55,120,2.2481
7VWF_K55,121,2.0023
7VWF_K55,122,2.0005
7VWF_K55,123,2.0436
7VWF_K55,124,1.5431
7VWF_K55,125,1.8635
7VWF_K55,126,1.0222
7VWF_K55,127,1.2148
7VWF_K55,128,1.7826
7VWF_K55,129,1.4392
7VWF_K55,13,1.0501
7VWF_K55,130,1.1705
7VWF_K55,131,1.5907
7VWF_K55,132,1.5811
7VWF_K55,133,0.8899
7VWF_K55,134,1.6845
7VWF_K55,135,1.5074
7VWF_K55,136,1.9228
7VWF_K55,137,5.6877
7VWF_K55,138,1.2564
7VWF_K55,139,1.7094
7VWF_K55,14,5.7376
7VWF_K55,15,1.6727
7VWF_K55,16,1.6059
7VWF_K55,17,2.3730
7VWF_K55,18,1.4696
7VWF_K55,19,2.3648
7VWF_K55,2,1.9463
7VWF_K55,20,1.4604
7VWF_K55,21,0.8228
7VWF_K55,22,1.6869
7VWF_K55,23,1.8790
7VWF_K55,24,1.1389
7VWF_K55,25,1.3378
7VWF_K55,26,1.0945
7VWF_K55,27,1.6868
7VWF_K55,28,1.7162
7VWF_K55,29,1.3143
7VWF_K55,3,5.3670
7VWF_K55,30,1.9637
7VWF_K55,31,1.3109
7VWF_K55,32,1.2162
7VWF_K55,33,1.5662
7VWF_K55,34,1.4328
7VWF_K55,35,1.8254
7VWF_K55,36,0.7538
7VWF_K55,37,1.6616
7VWF_K55,38,0.8210
7VWF_K55,39,1.4104
7VWF_K55,4,0.8328
7VWF_K55,40,0.9067
7VWF_K55,41,1.4503
7VWF_K55,42,1.5308
7VWF_K55,43,1.1160
7VWF_K55,44,1.5594
7VWF_K55,45,1.1870
7VWF_K55,46,0.7522
7VWF_K55,47,1.4473
7VWF_K55,48,2.5752
7VWF_K55,49,1.8158
7VWF_K55,5,1.3044
7VWF_K55,50,1.4101
7VWF_K55,51,1.3769
7VWF_K55,52,0.9088
7VWF_K55,53,1.5293
7VWF_K55,54,0.8608
7VWF_K55,55,1.2578
7VWF_K55,56,1.5541
7VWF_K55,57,1.8197
7VWF_K55,58,1.4694
7VWF_K55,59,1.7986
7VWF_K55,6,5.2191
7VWF_K55,60,1.8600
7VWF_K55,61,1.4819
7VWF_K55,62,1.6160
7VWF_K55,63,1.8297
7VWF_K55,64,1.0531
7VWF_K55,65,1.4446
7VWF_K55,66,1.5131
7VWF_K55,67,1.3500
7VWF_K55,68,1.4045
7VWF_K55,69,1.8527
7VWF_K55,7,1.3927
7VWF_K55,70,1.5019
7VWF_K55,71,1.5118
7VWF_K55,72,1.9472
7VWF_K55,73,1.6954
7VWF_K55,74,1.5142
7VWF_K55,75,2.3365
7VWF_K55,76,2.0298
7VWF_K55,77,1.3783
7VWF_K55,78,6.0293
7VWF_K55,79,6.4827
7VWF_K55,8,1.4996
7VWF_K55,80,1.5218
7VWF_K55,81,1.5576
7VWF_K55,82,2.2258
7VWF_K55,83,1.5486
7VWF_K55,84,1.3335
7VWF_K55,85,1.7910
7VWF_K55,86,1.6464
7VWF_K55,86,1.8341
7VWF_K55,87,1.9339
7VWF_K55,88,6.6654
7VWF_K55,89,1.9801
7VWF_K55,9,1.2279
7VWF_K55,90,1.1400
7VWF_K55,91,1.2311
7VWF_K55,92,1.5711
7VWF_K55,93,4.9333
7VWF_K55,94,2.1248
7VWF_K55,95,1.4912
7VWF_K55,96,1.3513
7VWF_K55,97,5.9854
7VWF_K55,98,1.3998
7VWF_K55,99,0.6868
7VYJ_CA0,0,1.0990
7VYJ_CA0,1,1.7706
7VYJ_CA0,10,2.2746
7VYJ_CA0,100,1.4793
7VYJ_CA0,101,0.9970
7VYJ_CA0,102,1.2685
7VYJ_CA0,103,2.0193
7VYJ_CA0,104,2.4751
7VYJ_CA0,105,2.1746
7VYJ_CA0,106,1.1315
7VYJ_CA0,107,1.2899
7VYJ_CA0,108,1.0523
7VYJ_CA0,109,2.6358
7VYJ_CA0,11,1.9918
7VYJ_CA0,110,0.9826
7VYJ_CA0,111,2.8871
7VYJ_CA0,112,1.2841
7VYJ_CA0,113,2.7794
7VYJ_CA0,114,2.7627
7VYJ_CA0,115,1.6494
7VYJ_CA0,116,1.1000
7VYJ_CA0,117,2.5197
7VYJ_CA0,118,1.0983
7VYJ_CA0,119,2.3278
7VYJ_CA0,12,2.0787
7VYJ_CA0,120,1.1309
7VYJ_CA0,121,1.9753
7VYJ_CA0,122,1.2581
7VYJ_CA0,123,3.1400
7VYJ_CA0,124,2.1428
7VYJ_CA0,125,0.8382
7VYJ_CA0,126,2.2215
7VYJ_CA0,127,2.2823
7VYJ_CA0,128,2.1829
7VYJ_CA0,129,2.0882
7VYJ_CA0,13,1.8393
7VYJ_CA0,130,1.3566
7VYJ_CA0,131,1.0543
7VYJ_CA0,132,1.1517
7VYJ_CA0,133,1.2111
7VYJ_CA0,134,0.5548
7VYJ_CA0,135,2.1512
7VYJ_CA0,136,2.5467
7VYJ_CA0,137,1.8986
7VYJ_CA0,138,1.5147
7VYJ_CA0,139,1.9126
7VYJ_CA0,14,1.1207
7VYJ_CA0,15,1.1355
7VYJ_CA0,16,2.7801
7VYJ_CA0,17,1.2525
7VYJ_CA0,18,1.3147
7VYJ_CA0,19,1.3717
7VYJ_CA0,2,1.4862
7VYJ_CA0,20,2.5587
7VYJ_CA0,21,0.9663
7VYJ_CA0,22,1.8481
7VYJ_CA0,23,2.0051
7VYJ_CA0,24,1.6030
7VYJ_CA0,25,1.3871
7VYJ_CA0,26,1.8372
7VYJ_CA0,27,1.1210
7VYJ_CA0,28,0.9605
7VYJ_CA0,29,1.4958
7VYJ_CA0,3,0.8017
7VYJ_CA0,30,2.1080
7VYJ_CA0,31,0.7970
7VYJ_CA0,32,2.3027
7VYJ_CA0,33,1.1617
7VYJ_CA0,34,1.9141
7VYJ_CA0,35,2.6155
7VYJ_CA0,36,1.1108
7VYJ_CA0,37,1.6007
7VYJ_CA0,38,2.1009
7VYJ_CA0,39,2.8038
7VYJ_CA0,4,1.5219
7VYJ_CA0,40,1.1014
7VYJ_CA0,41,2.7203
7VYJ_CA0,42,2.3270
7VYJ_CA0,43,0.8792
7VYJ_CA0,44,2.0001
7VYJ_CA0,45,1.0000
7VYJ_CA0,46,1.3925
7VYJ_CA0,47,1.8738
7VYJ_CA0,48,0.9961
7VYJ_CA0,49,1.3228
7VYJ_CA0,5,2.1794
7VYJ_CA0,50,2.3612
7VYJ_CA0,51,0.8980
7VYJ_CA0,52,2.3373
7VYJ_CA0,53,1.2228
7VYJ_CA0,54,0.9034
7VYJ_CA0,55,1.2685
7VYJ_CA0,56,3.1412
7VYJ_CA0,57,1.7541
7VYJ_CA0,58,0.9326
7VYJ_CA0,59,2.1500
7VYJ_CA0,6,1.3312
7VYJ_CA0,60,1.2531
7VYJ_CA0,61,2.2634
7VYJ_CA0,62,2.0475
7VYJ_CA0,63,1.4122
7VYJ_CA0,64,2.6765
7VYJ_CA0,65,1.6528
7VYJ_CA0,66,1.0598
7VYJ_CA0,67,1.1771
7VYJ_CA0,68,1.1443
7VYJ_CA0,69,2.3258
7VYJ_CA0,7,1.2748
7VYJ_CA0,70,2.0981
7VYJ_CA0,71,1.9349
7VYJ_CA0,72,2.1155
7VYJ_CA0,73,2.3276
7VYJ_CA0,74,1.9899
7VYJ_CA0,75,1.0589
7VYJ_CA0,76,2.1585
7VYJ_CA0,77,2.5622
7VYJ_CA0,78,1.6323
7VYJ_CA0,79,1.4311
7VYJ_CA0,8,2.9106
7VYJ_CA0,80,1.9013
7VYJ_CA0,81,2.6848
7VYJ_CA0,82,0.9618
7VYJ_CA0,83,2.0981
7VYJ_CA0,84,1.5766
7VYJ_CA0,85,1.0939
7VYJ_CA0,86,1.2828
7VYJ_CA0,87,2.1063
7VYJ_CA0,88,2.3744
7VYJ_CA0,89,2.2159
7VYJ_CA0,9,2.3421
7VYJ_CA0,90,1.2227
7VYJ_CA0,91,2.5964
7VYJ_CA0,92,2.8137
7VYJ_CA0,93,2.4123
7VYJ_CA0,94,2.9968
7VYJ_CA0,95,1.7618
7VYJ_CA0,96,2.0321
7VYJ_CA0,97,2.4839
7VYJ_CA0,98,2.4232
7VYJ_CA0,99,1.9859
7W05_GMP,0,3.5628
7W05_GMP,1,3.3311
7W05_GMP,10,1.8083
7W05_GMP,100,2.7366
7W05_GMP,101,2.3943
7W05_GMP,102,2.8977
7W05_GMP,103,2.7804
7W05_GMP,104,2.2088
7W05_GMP,105,1.2829
7W05_GMP,106,3.1738
7W05_GMP,107,3.0559
7W05_GMP,108,0.7135
7W05_GMP,109,2.3317
7W05_GMP,11,2.7105
7W05_GMP,110,2.9276
7W05_GMP,111,5.8653
7W05_GMP,112,1.4597
7W05_GMP,113,2.1277
7W05_GMP,114,2.6288
7W05_GMP,115,1.4764
7W05_GMP,116,2.9150
7W05_GMP,117,2.7489
7W05_GMP,118,2.8385
7W05_GMP,119,3.3621
7W05_GMP,12,3.1893
7W05_GMP,120,1.2020
7W05_GMP,121,2.3151
7W05_GMP,122,3.3009
7W05_GMP,123,2.5507
7W05_GMP,124,1.7331
7W05_GMP,125,2.9004
7W05_GMP,126,1.9555
7W05_GMP,127,2.9318
7W05_GMP,128,2.9201
7W05_GMP,129,2.7844
7W05_GMP,13,2.8328
7W05_GMP,130,2.6556
7W05_GMP,131,3.8097
7W05_GMP,132,1.9057
7W05_GMP,133,1.4049
7W05_GMP,134,4.1575
7W05_GMP,135,3.0932
7W05_GMP,136,2.1488
7W05_GMP,137,2.5918
7W05_GMP,138,2.6854
7W05_GMP,139,1.0247
7W05_GMP,14,2.2023
7W05_GMP,15,3.3072
7W05_GMP,16,3.4190
7W05_GMP,17,2.4207
7W05_GMP,18,1.3844
7W05_GMP,19,2.8238
7W05_GMP,2,2.8051
7W05_GMP,20,2.4433
7W05_GMP,21,2.2837
7W05_GMP,22,2.9294
7W05_GMP,23,2.2056
7W05_GMP,24,3.3697
7W05_GMP,25,1.8503
7W05_GMP,26,4.0877
7W05_GMP,27,3.2755
7W05_GMP,28,1.1943
7W05_GMP,29,3.7504
7W05_GMP,3,3.4177
7W05_GMP,30,3.4536
7W05_GMP,31,2.4509
7W05_GMP,32,2.2646
7W05_GMP,33,2.9488
7W05_GMP,34,2.2846
7W05_GMP,35,2.5600
7W05_GMP,36,1.6513
7W05_GMP,37,3.3728
7W05_GMP,38,3.0282
7W05_GMP,39,1.2559
7W05_GMP,4,1.9004
7W05_GMP,40,2.6079
7W05_GMP,41,2.6621
7W05_GMP,42,2.6681
7W05_GMP,43,2.5604
7W05_GMP,44,2.2634
7W05_GMP,45,2.6523
7W05_GMP,46,2.6907
7W05_GMP,47,3.0661
7W05_GMP,48,2.8898
7W05_GMP,49,3.1356
7W05_GMP,5,1.5843
7W05_GMP,50,3.1139
7W05_GMP,51,2.4575
7W05_GMP,52,2.8402
7W05_GMP,53,3.2959
7W05_GMP,54,2.8831
7W05_GMP,55,2.4068
7W05_GMP,56,2.7611
7W05_GMP,57,2.3120
7W05_GMP,58,2.3341
7W05_GMP,59,2.5102
7W05_GMP,6,3.2565
7W05_GMP,60,2.4255
7W05_GMP,61,2.5251
7W05_GMP,62,2.4283
7W05_GMP,63,2.5394
7W05_GMP,64,1.8207
7W05_GMP,65,2.8263
7W05_GMP,66,3.5098
7W05_GMP,67,2.4098
7W05_GMP,68,2.6737
7W05_GMP,69,2.0453
7W05_GMP,7,2.4642
7W05_GMP,70,1.7126
7W05_GMP,71,2.2824
7W05_GMP,72,1.1880
7W05_GMP,73,2.2511
7W05_GMP,74,2.9280
7W05_GMP,75,2.8586
7W05_GMP,76,2.3779
7W05_GMP,77,2.1707
7W05_GMP,78,2.6779
7W05_GMP,79,2.4788
7W05_GMP,8,1.7689
7W05_GMP,80,2.7626
7W05_GMP,81,2.4546
7W05_GMP,82,2.6911
7W05_GMP,83,2.5182
7W05_GMP,84,1.2785
7W05_GMP,85,2.2556
7W05_GMP,86,3.0834
7W05_GMP,87,3.2031
7W05_GMP,88,0.8964
7W05_GMP,89,2.3156
7W05_GMP,9,2.9995
7W05_GMP,90,2.0139
7W05_GMP,91,2.3147
7W05_GMP,92,2.7115
7W05_GMP,93,3.1575
7W05_GMP,94,5.7303
7W05_GMP,95,3.2185
7W05_GMP,96,2.7945
7W05_GMP,97,2.5338
7W05_GMP,98,1.0207
7W05_GMP,99,1.4721
7W06_ITN,0,1.9367
7W06_ITN,1,3.3487
7W06_ITN,10,3.8736
7W06_ITN,100,0.5789
7W06_ITN,101,1.7784
7W06_ITN,102,3.2778
7W06_ITN,103,3.3315
7W06_ITN,104,3.3535
7W06_ITN,105,3.8348
7W06_ITN,106,1.5918
7W06_ITN,107,1.9135
7W06_ITN,108,1.4797
7W06_ITN,109,1.4131
7W06_ITN,11,3.1953
7W06_ITN,110,3.4882
7W06_ITN,111,3.6258
7W06_ITN,112,1.5857
7W06_ITN,113,3.3512
7W06_ITN,114,2.1366
7W06_ITN,114,1.7537
7W06_ITN,115,3.3404
7W06_ITN,116,3.6789
7W06_ITN,117,1.1989
7W06_ITN,118,1.7329
7W06_ITN,119,1.9965
7W06_ITN,12,3.7553
7W06_ITN,120,1.9904
7W06_ITN,121,3.3137
7W06_ITN,122,2.9359
7W06_ITN,123,1.0427
7W06_ITN,124,1.4854
7W06_ITN,125,3.2770
7W06_ITN,126,1.4914
7W06_ITN,127,3.4261
7W06_ITN,128,2.5401
7W06_ITN,129,1.7910
7W06_ITN,13,3.1482
7W06_ITN,130,3.4649
7W06_ITN,131,1.7624
7W06_ITN,132,2.1473
7W06_ITN,133,1.4629
7W06_ITN,134,3.4716
7W06_ITN,135,3.8045
7W06_ITN,136,2.7175
7W06_ITN,137,3.3659
7W06_ITN,138,3.2668
7W06_ITN,139,3.5639
7W06_ITN,14,3.6205
7W06_ITN,15,3.5151
7W06_ITN,16,3.4497
7W06_ITN,17,1.6563
7W06_ITN,18,2.0152
7W06_ITN,19,3.3751
7W06_ITN,2,3.5264
7W06_ITN,20,1.7450
7W06_ITN,21,3.3329
7W06_ITN,22,1.6065
7W06_ITN,23,3.5976
7W06_ITN,24,1.9408
7W06_ITN,25,3.3616
7W06_ITN,26,1.6081
7W06_ITN,27,1.5146
7W06_ITN,28,3.6448
7W06_ITN,29,3.7163
7W06_ITN,3,3.7627
7W06_ITN,30,3.2430
7W06_ITN,31,3.5235
7W06_ITN,32,1.7189
7W06_ITN,33,3.9160
7W06_ITN,34,3.4384
7W06_ITN,35,2.1057
7W06_ITN,36,1.4645
7W06_ITN,37,3.4502
7W06_ITN,38,3.1774
7W06_ITN,39,2.0601
7W06_ITN,4,3.1994
7W06_ITN,40,3.7814
7W06_ITN,41,3.5970
7W06_ITN,42,3.4674
7W06_ITN,43,3.2293
7W06_ITN,44,1.1269
7W06_ITN,45,3.4052
7W06_ITN,46,3.5182
7W06_ITN,47,3.2264
7W06_ITN,48,2.2385
7W06_ITN,49,2.0642
7W06_ITN,5,3.0171
7W06_ITN,50,1.4086
7W06_ITN,51,2.8094
7W06_ITN,52,3.8818
7W06_ITN,53,3.6778
7W06_ITN,54,3.3279
7W06_ITN,55,3.5980
7W06_ITN,56,3.2898
7W06_ITN,57,2.1085
7W06_ITN,58,2.6550
7W06_ITN,59,1.5953
7W06_ITN,6,3.6304
7W06_ITN,60,3.2802
7W06_ITN,61,3.1682
7W06_ITN,62,3.5775
7W06_ITN,63,2.7210
7W06_ITN,64,3.1057
7W06_ITN,65,2.9808
7W06_ITN,66,3.4151
7W06_ITN,67,2.1733
7W06_ITN,68,0.7800
7W06_ITN,69,3.6121
7W06_ITN,7,3.6890
7W06_ITN,70,3.4473
7W06_ITN,71,1.6710
7W06_ITN,72,2.1054
7W06_ITN,73,3.4734
7W06_ITN,74,3.3536
7W06_ITN,75,1.7332
7W06_ITN,76,2.0460
7W06_ITN,77,1.8222
7W06_ITN,78,1.7751
7W06_ITN,79,3.2754
7W06_ITN,8,3.6607
7W06_ITN,80,2.0213
7W06_ITN,81,1.9124
7W06_ITN,82,3.0313
7W06_ITN,83,3.2683
7W06_ITN,84,3.3922
7W06_ITN,85,2.9689
7W06_ITN,86,3.7323
7W06_ITN,87,3.3765
7W06_ITN,88,2.5662
7W06_ITN,89,1.7277
7W06_ITN,9,3.5276
7W06_ITN,90,3.4494
7W06_ITN,91,3.1616
7W06_ITN,92,3.3697
7W06_ITN,93,1.9985
7W06_ITN,94,1.2302
7W06_ITN,95,1.8859
7W06_ITN,96,2.2305
7W06_ITN,97,1.8957
7W06_ITN,98,1.4582
7W06_ITN,99,3.8815
7WCF_ACP,0,2.3905
7WCF_ACP,1,1.7579
7WCF_ACP,10,1.2906
7WCF_ACP,100,1.3403
7WCF_ACP,101,1.7760
7WCF_ACP,102,2.1057
7WCF_ACP,103,1.3179
7WCF_ACP,104,1.1692
7WCF_ACP,105,1.8025
7WCF_ACP,106,1.7037
7WCF_ACP,107,1.9013
7WCF_ACP,108,1.9383
7WCF_ACP,109,2.0057
7WCF_ACP,11,1.2269
7WCF_ACP,110,2.7768
7WCF_ACP,111,2.0972
7WCF_ACP,112,1.2331
7WCF_ACP,113,1.7982
7WCF_ACP,114,1.4507
7WCF_ACP,115,1.8510
7WCF_ACP,116,2.1409
7WCF_ACP,117,1.5916
7WCF_ACP,118,2.1451
7WCF_ACP,119,1.9708
7WCF_ACP,12,2.2784
7WCF_ACP,120,3.2910
7WCF_ACP,121,2.0627
7WCF_ACP,122,1.1712
7WCF_ACP,123,2.6207
7WCF_ACP,124,2.0989
7WCF_ACP,125,1.7560
7WCF_ACP,126,2.0522
7WCF_ACP,127,1.8550
7WCF_ACP,128,2.7523
7WCF_ACP,129,0.9837
7WCF_ACP,13,2.0396
7WCF_ACP,130,2.4822
7WCF_ACP,131,1.3806
7WCF_ACP,132,1.4113
7WCF_ACP,133,2.1150
7WCF_ACP,134,1.8060
7WCF_ACP,135,1.1650
7WCF_ACP,136,1.7148
7WCF_ACP,137,1.7343
7WCF_ACP,138,1.7899
7WCF_ACP,139,2.0154
7WCF_ACP,14,1.9917
7WCF_ACP,15,0.8942
7WCF_ACP,16,2.1761
7WCF_ACP,17,1.4957
7WCF_ACP,18,2.5102
7WCF_ACP,19,1.3453
7WCF_ACP,2,2.6472
7WCF_ACP,20,2.2148
7WCF_ACP,21,1.2998
7WCF_ACP,22,1.3552
7WCF_ACP,23,2.1921
7WCF_ACP,24,1.5325
7WCF_ACP,25,1.5201
7WCF_ACP,26,1.7408
7WCF_ACP,27,2.4683
7WCF_ACP,28,1.6100
7WCF_ACP,29,1.8214
7WCF_ACP,3,2.1561
7WCF_ACP,30,1.8163
7WCF_ACP,31,3.0106
7WCF_ACP,32,1.7422
7WCF_ACP,33,0.8539
7WCF_ACP,34,1.6715
7WCF_ACP,35,1.9860
7WCF_ACP,36,2.9889
7WCF_ACP,37,1.1677
7WCF_ACP,38,1.8308
7WCF_ACP,39,1.2684
7WCF_ACP,4,1.1782
7WCF_ACP,40,1.7913
7WCF_ACP,41,1.2886
7WCF_ACP,42,1.9855
7WCF_ACP,43,1.4295
7WCF_ACP,44,2.9907
7WCF_ACP,45,3.2262
7WCF_ACP,46,1.9139
7WCF_ACP,47,2.1266
7WCF_ACP,48,1.5627
7WCF_ACP,49,0.8828
7WCF_ACP,5,2.6422
7WCF_ACP,50,1.5391
7WCF_ACP,51,2.0693
7WCF_ACP,52,1.8496
7WCF_ACP,53,2.1689
7WCF_ACP,54,2.0292
7WCF_ACP,55,3.3213
7WCF_ACP,56,1.3088
7WCF_ACP,57,1.1905
7WCF_ACP,58,1.6128
7WCF_ACP,59,1.4511
7WCF_ACP,6,1.8643
7WCF_ACP,60,0.7169
7WCF_ACP,61,2.4840
7WCF_ACP,62,1.2181
7WCF_ACP,63,2.0601
7WCF_ACP,64,1.8381
7WCF_ACP,65,1.9981
7WCF_ACP,66,1.8768
7WCF_ACP,67,2.0279
7WCF_ACP,68,1.9534
7WCF_ACP,69,2.1647
7WCF_ACP,7,2.2073
7WCF_ACP,70,2.2498
7WCF_ACP,71,2.3875
7WCF_ACP,72,2.9117
7WCF_ACP,73,1.9705
7WCF_ACP,74,1.4408
7WCF_ACP,75,2.8463
7WCF_ACP,76,1.4965
7WCF_ACP,77,1.6717
7WCF_ACP,78,3.0273
7WCF_ACP,79,3.6534
7WCF_ACP,8,2.9541
7WCF_ACP,80,2.3301
7WCF_ACP,81,2.2321
7WCF_ACP,82,1.9638
7WCF_ACP,83,1.9283
7WCF_ACP,84,2.5255
7WCF_ACP,85,1.1709
7WCF_ACP,86,2.4099
7WCF_ACP,87,1.9810
7WCF_ACP,88,1.8993
7WCF_ACP,89,1.8258
7WCF_ACP,9,1.4769
7WCF_ACP,90,2.3940
7WCF_ACP,91,1.1673
7WCF_ACP,92,1.7399
7WCF_ACP,93,1.3350
7WCF_ACP,94,3.1658
7WCF_ACP,95,1.9630
7WCF_ACP,96,1.5277
7WCF_ACP,97,3.2665
7WCF_ACP,98,1.9594
7WCF_ACP,99,1.7671
7WDT_NGS,0,1.4359
7WDT_NGS,1,2.4022
7WDT_NGS,10,1.1568
7WDT_NGS,100,1.4269
7WDT_NGS,101,2.5566
7WDT_NGS,102,1.0708
7WDT_NGS,103,1.3314
7WDT_NGS,104,2.4513
7WDT_NGS,105,1.3471
7WDT_NGS,106,2.1074
7WDT_NGS,107,1.1571
7WDT_NGS,108,3.0066
7WDT_NGS,109,1.2134
7WDT_NGS,11,1.0597
7WDT_NGS,110,2.5890
7WDT_NGS,111,1.5451
7WDT_NGS,112,0.9658
7WDT_NGS,113,1.2480
7WDT_NGS,114,1.8453
7WDT_NGS,115,1.4518
7WDT_NGS,116,1.1399
7WDT_NGS,117,1.5771
7WDT_NGS,118,1.8723
7WDT_NGS,119,1.4297
7WDT_NGS,12,1.2108
7WDT_NGS,120,1.2515
7WDT_NGS,121,2.3166
7WDT_NGS,122,2.3770
7WDT_NGS,123,0.9498
7WDT_NGS,124,2.4671
7WDT_NGS,125,2.4513
7WDT_NGS,126,1.5564
7WDT_NGS,127,0.6391
7WDT_NGS,128,2.3102
7WDT_NGS,129,2.2641
7WDT_NGS,13,2.4757
7WDT_NGS,130,1.4192
7WDT_NGS,131,1.0548
7WDT_NGS,132,1.6284
7WDT_NGS,133,1.3081
7WDT_NGS,134,1.6074
7WDT_NGS,135,0.8902
7WDT_NGS,136,1.8910
7WDT_NGS,137,1.2628
7WDT_NGS,138,1.8043
7WDT_NGS,139,1.1101
7WDT_NGS,14,1.2530
7WDT_NGS,15,1.4146
7WDT_NGS,16,1.3319
7WDT_NGS,17,1.0273
7WDT_NGS,18,2.0128
7WDT_NGS,19,1.6854
7WDT_NGS,2,2.5328
7WDT_NGS,20,1.5254
7WDT_NGS,21,2.5460
7WDT_NGS,22,2.8536
7WDT_NGS,23,2.7167
7WDT_NGS,24,1.3132
7WDT_NGS,25,1.2473
7WDT_NGS,26,1.8732
7WDT_NGS,27,2.0906
7WDT_NGS,28,1.2425
7WDT_NGS,29,1.4199
7WDT_NGS,3,1.3270
7WDT_NGS,30,1.2056
7WDT_NGS,31,1.9542
7WDT_NGS,32,1.6157
7WDT_NGS,33,1.2312
7WDT_NGS,34,1.3669
7WDT_NGS,35,5.3440
7WDT_NGS,36,1.6486
7WDT_NGS,37,3.7604
7WDT_NGS,38,2.3830
7WDT_NGS,39,0.8042
7WDT_NGS,4,1.3529
7WDT_NGS,40,2.1603
7WDT_NGS,41,0.7886
7WDT_NGS,42,2.3082
7WDT_NGS,43,1.3120
7WDT_NGS,44,2.0959
7WDT_NGS,45,2.0228
7WDT_NGS,46,1.4479
7WDT_NGS,47,1.3039
7WDT_NGS,48,1.8577
7WDT_NGS,49,2.4582
7WDT_NGS,5,1.4656
7WDT_NGS,50,1.2505
7WDT_NGS,51,1.2226
7WDT_NGS,52,2.4969
7WDT_NGS,53,2.6063
7WDT_NGS,54,1.8008
7WDT_NGS,55,1.3209
7WDT_NGS,56,1.6842
7WDT_NGS,57,2.4403
7WDT_NGS,58,1.9333
7WDT_NGS,59,1.6916
7WDT_NGS,6,1.6744
7WDT_NGS,60,1.5748
7WDT_NGS,61,1.1546
7WDT_NGS,62,1.6939
7WDT_NGS,63,1.0333
7WDT_NGS,64,1.9791
7WDT_NGS,65,2.4165
7WDT_NGS,66,1.0640
7WDT_NGS,67,2.4259
7WDT_NGS,68,1.3378
7WDT_NGS,69,2.2918
7WDT_NGS,7,1.2582
7WDT_NGS,70,2.4445
7WDT_NGS,71,1.4276
7WDT_NGS,72,1.3888
7WDT_NGS,73,1.3620
7WDT_NGS,74,1.5497
7WDT_NGS,75,1.3682
7WDT_NGS,76,1.9100
7WDT_NGS,77,1.8264
7WDT_NGS,78,1.8218
7WDT_NGS,79,2.4211
7WDT_NGS,8,1.5052
7WDT_NGS,80,1.2140
7WDT_NGS,81,1.3591
7WDT_NGS,82,2.4608
7WDT_NGS,83,1.3629
7WDT_NGS,84,1.7747
7WDT_NGS,85,1.6014
7WDT_NGS,86,1.6939
7WDT_NGS,87,2.2300
7WDT_NGS,88,2.7217
7WDT_NGS,89,1.8256
7WDT_NGS,9,1.2220
7WDT_NGS,90,2.4407
7WDT_NGS,91,1.0044
7WDT_NGS,92,1.2481
7WDT_NGS,93,2.6481
7WDT_NGS,94,1.6620
7WDT_NGS,95,1.2694
7WDT_NGS,96,2.1556
7WDT_NGS,97,2.4423
7WDT_NGS,98,1.2977
7WDT_NGS,99,1.2036
7WJB_BGC,0,3.2927
7WJB_BGC,1,2.8424
7WJB_BGC,10,2.6264
7WJB_BGC,100,3.1360
7WJB_BGC,101,3.4214
7WJB_BGC,102,0.3197
7WJB_BGC,103,2.6901
7WJB_BGC,104,3.8501
7WJB_BGC,105,0.8911
7WJB_BGC,106,0.5725
7WJB_BGC,107,0.4496
7WJB_BGC,108,4.0249
7WJB_BGC,109,2.7381
7WJB_BGC,11,3.5534
7WJB_BGC,110,3.4750
7WJB_BGC,111,3.5838
7WJB_BGC,112,1.0795
7WJB_BGC,113,3.8242
7WJB_BGC,114,3.5531
7WJB_BGC,115,3.3802
7WJB_BGC,116,3.6019
7WJB_BGC,117,3.5439
7WJB_BGC,118,3.3403
7WJB_BGC,119,2.8367
7WJB_BGC,12,3.0116
7WJB_BGC,120,0.4661
7WJB_BGC,121,4.3305
7WJB_BGC,122,3.4194
7WJB_BGC,123,0.3455
7WJB_BGC,124,1.0102
7WJB_BGC,125,3.5396
7WJB_BGC,126,0.9997
7WJB_BGC,127,4.2244
7WJB_BGC,128,3.5862
7WJB_BGC,129,3.1199
7WJB_BGC,13,4.0920
7WJB_BGC,130,3.4365
7WJB_BGC,131,1.3046
7WJB_BGC,132,0.4067
7WJB_BGC,133,3.5068
7WJB_BGC,134,2.6916
7WJB_BGC,135,1.4732
7WJB_BGC,136,4.1708
7WJB_BGC,137,3.4437
7WJB_BGC,138,3.1248
7WJB_BGC,139,3.5285
7WJB_BGC,14,0.3445
7WJB_BGC,15,0.3761
7WJB_BGC,16,4.1339
7WJB_BGC,17,2.8536
7WJB_BGC,18,3.6156
7WJB_BGC,19,1.3058
7WJB_BGC,2,3.2410
7WJB_BGC,20,0.4005
7WJB_BGC,21,4.2665
7WJB_BGC,22,3.5520
7WJB_BGC,23,2.7940
7WJB_BGC,24,0.3394
7WJB_BGC,25,3.4307
7WJB_BGC,26,2.6126
7WJB_BGC,27,0.4782
7WJB_BGC,28,0.6169
7WJB_BGC,29,4.2517
7WJB_BGC,3,0.3691
7WJB_BGC,30,0.4158
7WJB_BGC,31,3.6463
7WJB_BGC,32,0.3733
7WJB_BGC,33,0.7269
7WJB_BGC,34,3.5195
7WJB_BGC,35,3.6232
7WJB_BGC,36,2.1442
7WJB_BGC,37,1.2447
7WJB_BGC,38,3.6038
7WJB_BGC,39,3.9973
7WJB_BGC,4,0.6108
7WJB_BGC,40,4.1608
7WJB_BGC,41,3.4850
7WJB_BGC,42,0.5055
7WJB_BGC,43,4.4825
7WJB_BGC,44,0.4861
7WJB_BGC,45,3.5000
7WJB_BGC,46,3.4234
7WJB_BGC,47,3.8673
7WJB_BGC,48,1.4945
7WJB_BGC,49,2.7178
7WJB_BGC,5,0.3984
7WJB_BGC,50,0.3664
7WJB_BGC,51,3.8335
7WJB_BGC,52,1.1142
7WJB_BGC,53,4.1310
7WJB_BGC,54,0.6400
7WJB_BGC,55,3.6242
7WJB_BGC,56,2.6084
7WJB_BGC,57,0.3785
7WJB_BGC,58,0.9385
7WJB_BGC,59,3.6772
7WJB_BGC,6,3.5687
7WJB_BGC,60,0.3489
7WJB_BGC,61,3.6090
7WJB_BGC,62,2.9649
7WJB_BGC,63,1.1050
7WJB_BGC,64,4.3528
7WJB_BGC,65,3.5762
7WJB_BGC,66,1.0465
7WJB_BGC,67,3.9145
7WJB_BGC,68,3.3335
7WJB_BGC,69,3.6223
7WJB_BGC,7,0.9817
7WJB_BGC,70,0.3870
7WJB_BGC,71,2.8854
7WJB_BGC,72,3.3332
7WJB_BGC,73,2.8819
7WJB_BGC,74,0.4300
7WJB_BGC,75,0.8243
7WJB_BGC,76,3.4507
7WJB_BGC,77,3.5073
7WJB_BGC,78,3.6277
7WJB_BGC,79,0.4639
7WJB_BGC,8,2.8960
7WJB_BGC,80,0.5272
7WJB_BGC,81,4.1251
7WJB_BGC,82,3.5362
7WJB_BGC,83,3.2147
7WJB_BGC,84,0.9928
7WJB_BGC,85,1.9334
7WJB_BGC,86,0.3945
7WJB_BGC,87,3.6646
7WJB_BGC,88,1.0540
7WJB_BGC,89,4.1549
7WJB_BGC,9,3.5721
7WJB_BGC,90,3.4699
7WJB_BGC,91,0.4124
7WJB_BGC,92,3.5141
7WJB_BGC,93,1.2278
7WJB_BGC,94,3.4312
7WJB_BGC,95,1.0163
7WJB_BGC,96,0.4958
7WJB_BGC,97,3.4549
7WJB_BGC,98,2.6533
7WJB_BGC,99,3.9516
7WKL_CAQ,0,0.9844
7WKL_CAQ,1,1.8865
7WKL_CAQ,10,1.1848
7WKL_CAQ,100,2.1084
7WKL_CAQ,101,1.5560
7WKL_CAQ,102,0.8794
7WKL_CAQ,103,0.4573
7WKL_CAQ,104,1.0809
7WKL_CAQ,105,0.6098
7WKL_CAQ,106,0.5991
7WKL_CAQ,107,0.7901
7WKL_CAQ,108,1.4582
7WKL_CAQ,109,0.4061
7WKL_CAQ,11,0.9586
7WKL_CAQ,110,0.9254
7WKL_CAQ,111,0.7353
7WKL_CAQ,112,1.8900
7WKL_CAQ,113,0.6330
7WKL_CAQ,114,0.6691
7WKL_CAQ,115,2.0056
7WKL_CAQ,116,0.9890
7WKL_CAQ,117,1.6164
7WKL_CAQ,118,1.6023
7WKL_CAQ,119,1.0043
7WKL_CAQ,12,0.4875
7WKL_CAQ,120,0.6272
7WKL_CAQ,121,0.5613
7WKL_CAQ,122,0.8845
7WKL_CAQ,123,0.3658
7WKL_CAQ,124,0.9299
7WKL_CAQ,125,1.0832
7WKL_CAQ,126,0.7575
7WKL_CAQ,127,0.7845
7WKL_CAQ,128,1.5166
7WKL_CAQ,129,0.9581
7WKL_CAQ,13,0.7133
7WKL_CAQ,130,1.8110
7WKL_CAQ,131,0.3890
7WKL_CAQ,132,0.8509
7WKL_CAQ,133,0.4702
7WKL_CAQ,134,0.7323
7WKL_CAQ,135,0.5604
7WKL_CAQ,136,1.4754
7WKL_CAQ,137,0.7522
7WKL_CAQ,138,0.4985
7WKL_CAQ,139,1.5238
7WKL_CAQ,14,0.6260
7WKL_CAQ,15,0.7089
7WKL_CAQ,16,0.4042
7WKL_CAQ,17,1.7789
7WKL_CAQ,18,0.6557
7WKL_CAQ,19,0.7460
7WKL_CAQ,2,1.0731
7WKL_CAQ,20,2.5490
7WKL_CAQ,21,0.4866
7WKL_CAQ,22,2.6138
7WKL_CAQ,23,1.0525
7WKL_CAQ,24,2.6786
7WKL_CAQ,25,2.0923
7WKL_CAQ,26,0.6181
7WKL_CAQ,27,0.7677
7WKL_CAQ,28,0.9444
7WKL_CAQ,29,1.1935
7WKL_CAQ,3,1.0062
7WKL_CAQ,30,0.4274
7WKL_CAQ,31,1.0717
7WKL_CAQ,32,0.6972
7WKL_CAQ,33,0.6952
7WKL_CAQ,34,1.8101
7WKL_CAQ,35,1.0446
7WKL_CAQ,36,0.6716
7WKL_CAQ,37,0.9718
7WKL_CAQ,38,0.5442
7WKL_CAQ,39,0.6554
7WKL_CAQ,4,1.0204
7WKL_CAQ,40,1.1381
7WKL_CAQ,41,1.1407
7WKL_CAQ,42,1.4988
7WKL_CAQ,43,0.7120
7WKL_CAQ,44,0.9984
7WKL_CAQ,45,0.8569
7WKL_CAQ,46,0.5196
7WKL_CAQ,47,1.2176
7WKL_CAQ,48,1.0375
7WKL_CAQ,49,0.3852
7WKL_CAQ,5,0.3761
7WKL_CAQ,50,1.1134
7WKL_CAQ,51,0.6182
7WKL_CAQ,52,1.4131
7WKL_CAQ,53,1.3449
7WKL_CAQ,54,0.9137
7WKL_CAQ,55,0.3681
7WKL_CAQ,56,0.8072
7WKL_CAQ,57,0.8219
7WKL_CAQ,58,0.8831
7WKL_CAQ,59,1.3918
7WKL_CAQ,6,0.9569
7WKL_CAQ,60,1.0683
7WKL_CAQ,61,0.5127
7WKL_CAQ,62,0.6388
7WKL_CAQ,63,0.6524
7WKL_CAQ,64,1.3419
7WKL_CAQ,65,0.6764
7WKL_CAQ,66,1.4056
7WKL_CAQ,67,0.6194
7WKL_CAQ,68,0.5879
7WKL_CAQ,69,1.4264
7WKL_CAQ,7,2.0437
7WKL_CAQ,70,1.1927
7WKL_CAQ,71,1.1188
7WKL_CAQ,72,0.7828
7WKL_CAQ,73,0.7903
7WKL_CAQ,74,1.0080
7WKL_CAQ,75,1.5730
7WKL_CAQ,76,1.4125
7WKL_CAQ,77,1.7082
7WKL_CAQ,78,0.7886
7WKL_CAQ,79,1.1748
7WKL_CAQ,8,0.2502
7WKL_CAQ,80,1.0561
7WKL_CAQ,81,1.3463
7WKL_CAQ,82,1.3350
7WKL_CAQ,83,1.2907
7WKL_CAQ,84,1.5494
7WKL_CAQ,85,0.5852
7WKL_CAQ,86,1.2882
7WKL_CAQ,87,0.3389
7WKL_CAQ,88,0.5979
7WKL_CAQ,89,0.8515
7WKL_CAQ,9,0.5071
7WKL_CAQ,90,0.9021
7WKL_CAQ,91,1.6073
7WKL_CAQ,92,0.4265
7WKL_CAQ,93,0.5508
7WKL_CAQ,94,2.2629
7WKL_CAQ,95,0.9589
7WKL_CAQ,96,1.6638
7WKL_CAQ,97,1.4106
7WKL_CAQ,98,0.8333
7WKL_CAQ,99,1.2151
7WL4_JFU,0,5.4719
7WL4_JFU,1,1.3979
7WL4_JFU,10,5.0925
7WL4_JFU,100,5.3907
7WL4_JFU,101,2.2815
7WL4_JFU,102,5.2135
7WL4_JFU,103,1.3792
7WL4_JFU,104,5.6234
7WL4_JFU,105,1.9463
7WL4_JFU,106,5.5011
7WL4_JFU,107,1.9949
7WL4_JFU,108,1.3850
7WL4_JFU,109,1.6988
7WL4_JFU,11,1.3148
7WL4_JFU,110,6.0284
7WL4_JFU,111,0.8596
7WL4_JFU,112,5.3974
7WL4_JFU,113,1.3438
7WL4_JFU,114,1.9682
7WL4_JFU,115,5.0651
7WL4_JFU,116,5.5430
7WL4_JFU,117,1.7305
7WL4_JFU,118,0.9488
7WL4_JFU,119,1.6296
7WL4_JFU,12,0.9249
7WL4_JFU,120,5.5600
7WL4_JFU,121,5.5445
7WL4_JFU,122,5.6544
7WL4_JFU,123,1.0083
7WL4_JFU,124,3.5743
7WL4_JFU,125,5.6822
7WL4_JFU,126,1.7607
7WL4_JFU,127,1.8148
7WL4_JFU,128,1.6165
7WL4_JFU,129,5.4268
7WL4_JFU,13,5.3290
7WL4_JFU,130,5.3840
7WL4_JFU,131,3.1352
7WL4_JFU,132,5.5320
7WL4_JFU,133,1.4724
7WL4_JFU,134,1.5218
7WL4_JFU,135,1.6853
7WL4_JFU,136,1.8728
7WL4_JFU,137,1.7048
7WL4_JFU,138,1.2554
7WL4_JFU,139,5.5197
7WL4_JFU,14,1.8829
7WL4_JFU,15,5.4222
7WL4_JFU,16,1.7141
7WL4_JFU,17,1.9950
7WL4_JFU,18,5.6495
7WL4_JFU,19,1.7945
7WL4_JFU,2,1.1367
7WL4_JFU,20,5.5782
7WL4_JFU,21,1.6683
7WL4_JFU,22,5.7431
7WL4_JFU,23,1.0021
7WL4_JFU,24,5.1714
7WL4_JFU,25,5.4731
7WL4_JFU,26,5.6745
7WL4_JFU,27,1.5102
7WL4_JFU,28,5.6608
7WL4_JFU,29,3.4233
7WL4_JFU,3,1.4479
7WL4_JFU,30,5.5541
7WL4_JFU,31,5.3605
7WL4_JFU,32,1.3148
7WL4_JFU,33,5.5357
7WL4_JFU,34,1.7678
7WL4_JFU,35,2.9943
7WL4_JFU,36,6.3242
7WL4_JFU,37,5.5591
7WL4_JFU,38,0.6870
7WL4_JFU,39,1.3613
7WL4_JFU,4,5.5636
7WL4_JFU,40,5.4843
7WL4_JFU,41,3.2729
7WL4_JFU,42,5.6746
7WL4_JFU,43,1.6390
7WL4_JFU,44,1.6360
7WL4_JFU,45,5.6351
7WL4_JFU,46,1.3908
7WL4_JFU,47,5.4806
7WL4_JFU,48,5.9353
7WL4_JFU,49,5.4699
7WL4_JFU,5,5.3265
7WL4_JFU,50,2.3225
7WL4_JFU,51,5.2638
7WL4_JFU,52,5.4557
7WL4_JFU,53,5.4367
7WL4_JFU,54,5.3755
7WL4_JFU,55,5.4308
7WL4_JFU,56,2.4257
7WL4_JFU,57,5.5250
7WL4_JFU,58,2.0502
7WL4_JFU,59,5.5846
7WL4_JFU,6,1.7515
7WL4_JFU,60,5.7030
7WL4_JFU,61,3.4544
7WL4_JFU,62,3.6928
7WL4_JFU,63,1.7079
7WL4_JFU,64,1.3180
7WL4_JFU,65,5.5821
7WL4_JFU,66,1.3046
7WL4_JFU,67,5.5207
7WL4_JFU,68,0.9148
7WL4_JFU,69,5.5400
7WL4_JFU,7,1.5817
7WL4_JFU,70,5.2573
7WL4_JFU,71,0.6815
7WL4_JFU,72,5.2534
7WL4_JFU,73,1.3822
7WL4_JFU,74,1.3960
7WL4_JFU,75,5.3468
7WL4_JFU,76,1.9115
7WL4_JFU,77,4.0512
7WL4_JFU,78,2.0580
7WL4_JFU,79,0.4759
7WL4_JFU,8,5.4275
7WL4_JFU,80,5.7116
7WL4_JFU,81,2.6103
7WL4_JFU,82,5.4545
7WL4_JFU,83,5.5073
7WL4_JFU,84,5.3221
7WL4_JFU,85,5.4549
7WL4_JFU,86,4.9614
7WL4_JFU,87,1.0051
7WL4_JFU,88,5.1303
7WL4_JFU,89,5.4516
7WL4_JFU,9,5.5426
7WL4_JFU,90,5.5580
7WL4_JFU,91,1.5175
7WL4_JFU,92,0.7303
7WL4_JFU,93,5.4195
7WL4_JFU,94,1.6026
7WL4_JFU,95,2.0705
7WL4_JFU,96,5.3703
7WL4_JFU,97,0.4353
7WL4_JFU,98,5.4730
7WL4_JFU,99,5.6521
7WPW_F15,0,1.4846
7WPW_F15,1,1.4176
7WPW_F15,10,1.8667
7WPW_F15,100,1.2748
7WPW_F15,101,3.1401
7WPW_F15,102,1.5834
7WPW_F15,103,1.2879
7WPW_F15,104,1.3671
7WPW_F15,105,1.5147
7WPW_F15,106,1.6169
7WPW_F15,107,2.3387
7WPW_F15,108,3.3529
7WPW_F15,109,1.4244
7WPW_F15,11,1.2625
7WPW_F15,110,1.4732
7WPW_F15,111,3.5071
7WPW_F15,112,1.5091
7WPW_F15,113,1.7865
7WPW_F15,114,1.9839
7WPW_F15,115,1.2666
7WPW_F15,116,1.3572
7WPW_F15,117,1.5587
7WPW_F15,118,4.6705
7WPW_F15,119,1.4615
7WPW_F15,12,1.3381
7WPW_F15,120,1.8187
7WPW_F15,121,1.4438
7WPW_F15,122,1.2888
7WPW_F15,123,1.3686
7WPW_F15,124,1.6103
7WPW_F15,125,2.2099
7WPW_F15,126,1.4880
7WPW_F15,127,1.5802
7WPW_F15,128,1.0514
7WPW_F15,129,4.8928
7WPW_F15,13,1.3292
7WPW_F15,130,5.1309
7WPW_F15,131,1.2734
7WPW_F15,132,1.2649
7WPW_F15,133,5.3894
7WPW_F15,134,1.2636
7WPW_F15,135,1.7728
7WPW_F15,136,4.8218
7WPW_F15,137,0.9744
7WPW_F15,138,1.3503
7WPW_F15,139,1.4835
7WPW_F15,14,1.2650
7WPW_F15,15,1.5683
7WPW_F15,16,1.4335
7WPW_F15,17,5.7835
7WPW_F15,18,3.3444
7WPW_F15,19,4.6317
7WPW_F15,2,1.3389
7WPW_F15,20,3.5398
7WPW_F15,21,5.2637
7WPW_F15,22,1.5583
7WPW_F15,23,5.2005
7WPW_F15,24,1.1613
7WPW_F15,25,4.4298
7WPW_F15,26,1.7634
7WPW_F15,27,1.4546
7WPW_F15,28,1.5903
7WPW_F15,29,1.4322
7WPW_F15,3,1.2845
7WPW_F15,30,3.9427
7WPW_F15,31,5.4916
7WPW_F15,32,1.9817
7WPW_F15,33,1.5332
7WPW_F15,34,5.5910
7WPW_F15,35,1.7481
7WPW_F15,36,0.9721
7WPW_F15,37,3.6014
7WPW_F15,38,1.8027
7WPW_F15,39,1.3866
7WPW_F15,4,1.4928
7WPW_F15,40,5.4010
7WPW_F15,41,1.5842
7WPW_F15,42,3.2994
7WPW_F15,43,1.7518
7WPW_F15,44,1.3996
7WPW_F15,45,1.9597
7WPW_F15,46,1.2105
7WPW_F15,47,1.3495
7WPW_F15,48,4.9126
7WPW_F15,49,1.5758
7WPW_F15,5,1.4549
7WPW_F15,50,1.8141
7WPW_F15,51,1.5650
7WPW_F15,52,1.4858
7WPW_F15,53,1.2897
7WPW_F15,54,1.3830
7WPW_F15,55,1.4618
7WPW_F15,56,1.0058
7WPW_F15,57,4.7052
7WPW_F15,58,4.3406
7WPW_F15,59,1.1345
7WPW_F15,6,1.4683
7WPW_F15,60,1.5959
7WPW_F15,61,1.4163
7WPW_F15,62,1.8363
7WPW_F15,63,1.4953
7WPW_F15,64,1.4304
7WPW_F15,65,4.2342
7WPW_F15,66,2.1394
7WPW_F15,67,1.5289
7WPW_F15,68,1.3256
7WPW_F15,69,1.6762
7WPW_F15,7,1.3282
7WPW_F15,70,1.4753
7WPW_F15,71,1.1857
7WPW_F15,72,3.9028
7WPW_F15,73,1.8138
7WPW_F15,74,5.9734
7WPW_F15,75,4.0046
7WPW_F15,76,1.8350
7WPW_F15,77,1.2506
7WPW_F15,78,1.5684
7WPW_F15,79,1.4219
7WPW_F15,8,6.0978
7WPW_F15,80,1.3937
7WPW_F15,81,4.7114
7WPW_F15,82,5.2103
7WPW_F15,83,1.3450
7WPW_F15,84,1.0876
7WPW_F15,85,5.1229
7WPW_F15,86,3.5589
7WPW_F15,87,1.5072
7WPW_F15,88,1.1931
7WPW_F15,89,0.9578
7WPW_F15,9,1.1186
7WPW_F15,90,1.5395
7WPW_F15,91,1.1049
7WPW_F15,92,1.1799
7WPW_F15,93,1.2470
7WPW_F15,94,6.1472
7WPW_F15,95,1.2679
7WPW_F15,96,3.9151
7WPW_F15,97,5.1836
7WPW_F15,98,1.1670
7WPW_F15,99,1.6129
7WQQ_5Z6,0,0.7013
7WQQ_5Z6,1,0.9473
7WQQ_5Z6,10,1.3176
7WQQ_5Z6,100,0.9103
7WQQ_5Z6,101,0.4175
7WQQ_5Z6,102,1.0052
7WQQ_5Z6,103,0.6476
7WQQ_5Z6,104,1.1653
7WQQ_5Z6,105,0.8347
7WQQ_5Z6,106,1.3650
7WQQ_5Z6,107,0.9199
7WQQ_5Z6,108,1.1136
7WQQ_5Z6,109,1.6975
7WQQ_5Z6,11,0.7222
7WQQ_5Z6,110,0.7869
7WQQ_5Z6,111,1.0984
7WQQ_5Z6,112,0.7515
7WQQ_5Z6,113,0.6588
7WQQ_5Z6,114,0.9415
7WQQ_5Z6,115,0.7302
7WQQ_5Z6,116,0.5509
7WQQ_5Z6,117,1.0238
7WQQ_5Z6,118,0.8077
7WQQ_5Z6,119,0.8604
7WQQ_5Z6,12,0.6133
7WQQ_5Z6,120,1.1162
7WQQ_5Z6,121,0.6347
7WQQ_5Z6,122,0.5672
7WQQ_5Z6,123,0.5467
7WQQ_5Z6,124,0.8804
7WQQ_5Z6,125,0.5769
7WQQ_5Z6,126,0.7596
7WQQ_5Z6,127,0.9862
7WQQ_5Z6,128,0.9427
7WQQ_5Z6,129,0.9272
7WQQ_5Z6,13,0.9984
7WQQ_5Z6,130,0.3003
7WQQ_5Z6,131,0.6610
7WQQ_5Z6,132,0.6083
7WQQ_5Z6,133,0.6740
7WQQ_5Z6,134,0.7461
7WQQ_5Z6,135,1.0124
7WQQ_5Z6,136,0.9415
7WQQ_5Z6,137,0.8522
7WQQ_5Z6,138,0.6364
7WQQ_5Z6,139,1.2455
7WQQ_5Z6,14,0.6927
7WQQ_5Z6,15,0.6424
7WQQ_5Z6,16,0.3379
7WQQ_5Z6,17,0.6925
7WQQ_5Z6,18,0.8098
7WQQ_5Z6,19,1.1042
7WQQ_5Z6,2,0.6832
7WQQ_5Z6,20,1.1483
7WQQ_5Z6,21,1.1488
7WQQ_5Z6,22,1.0580
7WQQ_5Z6,23,1.0058
7WQQ_5Z6,24,0.8855
7WQQ_5Z6,25,1.1269
7WQQ_5Z6,26,0.4612
7WQQ_5Z6,27,0.6065
7WQQ_5Z6,28,0.8213
7WQQ_5Z6,29,0.7531
7WQQ_5Z6,3,0.7818
7WQQ_5Z6,30,0.5714
7WQQ_5Z6,31,0.2709
7WQQ_5Z6,32,1.3422
7WQQ_5Z6,33,0.9676
7WQQ_5Z6,34,0.5455
7WQQ_5Z6,35,0.8179
7WQQ_5Z6,36,1.0692
7WQQ_5Z6,37,0.9301
7WQQ_5Z6,38,0.8411
7WQQ_5Z6,39,0.7264
7WQQ_5Z6,4,0.6984
7WQQ_5Z6,40,0.6589
7WQQ_5Z6,41,0.8421
7WQQ_5Z6,42,0.8334
7WQQ_5Z6,43,0.9878
7WQQ_5Z6,44,1.0033
7WQQ_5Z6,45,0.9671
7WQQ_5Z6,46,0.7887
7WQQ_5Z6,47,0.8147
7WQQ_5Z6,48,0.9243
7WQQ_5Z6,49,0.9666
7WQQ_5Z6,5,1.1246
7WQQ_5Z6,50,0.7906
7WQQ_5Z6,51,0.4126
7WQQ_5Z6,52,1.1107
7WQQ_5Z6,53,1.0862
7WQQ_5Z6,54,1.2547
7WQQ_5Z6,55,0.6437
7WQQ_5Z6,56,0.7208
7WQQ_5Z6,57,0.8920
7WQQ_5Z6,58,0.5681
7WQQ_5Z6,59,0.5886
7WQQ_5Z6,6,1.1866
7WQQ_5Z6,60,0.8351
7WQQ_5Z6,61,1.0174
7WQQ_5Z6,62,0.7379
7WQQ_5Z6,63,0.7110
7WQQ_5Z6,64,0.8164
7WQQ_5Z6,65,0.7200
7WQQ_5Z6,66,0.6942
7WQQ_5Z6,67,0.6547
7WQQ_5Z6,68,0.8085
7WQQ_5Z6,69,1.4204
7WQQ_5Z6,7,1.7011
7WQQ_5Z6,70,0.9913
7WQQ_5Z6,71,0.6674
7WQQ_5Z6,72,0.6264
7WQQ_5Z6,73,0.9299
7WQQ_5Z6,74,0.7611
7WQQ_5Z6,75,1.0336
7WQQ_5Z6,76,0.9817
7WQQ_5Z6,77,0.7190
7WQQ_5Z6,78,0.9901
7WQQ_5Z6,79,1.1063
7WQQ_5Z6,8,0.8563
7WQQ_5Z6,80,0.7273
7WQQ_5Z6,81,0.8437
7WQQ_5Z6,82,0.7060
7WQQ_5Z6,83,0.7298
7WQQ_5Z6,84,0.7024
7WQQ_5Z6,85,0.6388
7WQQ_5Z6,86,0.9052
7WQQ_5Z6,87,0.8307
7WQQ_5Z6,88,0.3752
7WQQ_5Z6,89,0.9439
7WQQ_5Z6,9,0.7069
7WQQ_5Z6,90,0.7753
7WQQ_5Z6,91,0.8878
7WQQ_5Z6,92,0.9010
7WQQ_5Z6,93,1.0131
7WQQ_5Z6,94,0.7992
7WQQ_5Z6,95,1.4875
7WQQ_5Z6,96,0.6417
7WQQ_5Z6,97,0.6758
7WQQ_5Z6,98,1.0060
7WQQ_5Z6,99,0.7482
7WUX_6OI,0,4.9231
7WUX_6OI,1,6.4636
7WUX_6OI,10,6.3942
7WUX_6OI,100,6.7192
7WUX_6OI,101,5.6889
7WUX_6OI,102,6.2528
7WUX_6OI,103,4.6647
7WUX_6OI,104,2.2491
7WUX_6OI,105,6.3458
7WUX_6OI,106,5.7182
7WUX_6OI,107,6.1913
7WUX_6OI,108,5.5319
7WUX_6OI,109,6.0131
7WUX_6OI,11,5.8673
7WUX_6OI,110,6.1621
7WUX_6OI,111,6.3823
7WUX_6OI,112,6.2468
7WUX_6OI,113,5.7021
7WUX_6OI,114,5.4310
7WUX_6OI,115,6.1292
7WUX_6OI,116,5.5191
7WUX_6OI,117,5.8885
7WUX_6OI,118,5.9180
7WUX_6OI,119,5.8686
7WUX_6OI,12,6.4485
7WUX_6OI,120,6.5368
7WUX_6OI,121,6.3583
7WUX_6OI,122,6.7028
7WUX_6OI,123,5.2838
7WUX_6OI,124,5.8310
7WUX_6OI,125,6.4043
7WUX_6OI,126,5.8002
7WUX_6OI,127,5.9804
7WUX_6OI,128,4.5399
7WUX_6OI,129,6.0703
7WUX_6OI,13,5.4637
7WUX_6OI,130,5.9045
7WUX_6OI,131,5.9089
7WUX_6OI,132,5.9156
7WUX_6OI,133,5.9638
7WUX_6OI,134,1.8359
7WUX_6OI,135,6.5103
7WUX_6OI,136,6.0853
7WUX_6OI,137,6.0214
7WUX_6OI,138,5.7291
7WUX_6OI,139,6.0196
7WUX_6OI,14,6.2139
7WUX_6OI,15,5.7153
7WUX_6OI,16,6.4881
7WUX_6OI,17,5.6056
7WUX_6OI,18,5.8938
7WUX_6OI,19,5.5102
7WUX_6OI,2,5.8229
7WUX_6OI,20,6.3441
7WUX_6OI,21,5.9077
7WUX_6OI,22,4.4803
7WUX_6OI,23,6.2961
7WUX_6OI,24,6.3679
7WUX_6OI,25,3.5430
7WUX_6OI,26,5.7868
7WUX_6OI,27,6.3268
7WUX_6OI,28,6.5875
7WUX_6OI,29,6.0283
7WUX_6OI,3,6.2240
7WUX_6OI,30,2.5246
7WUX_6OI,31,3.7556
7WUX_6OI,32,5.9912
7WUX_6OI,33,6.5203
7WUX_6OI,34,5.9348
7WUX_6OI,35,5.9384
7WUX_6OI,36,6.2372
7WUX_6OI,37,5.9830
7WUX_6OI,38,6.2647
7WUX_6OI,39,5.4769
7WUX_6OI,4,6.3026
7WUX_6OI,40,5.8980
7WUX_6OI,41,6.0480
7WUX_6OI,42,2.4256
7WUX_6OI,43,6.2617
7WUX_6OI,44,2.3446
7WUX_6OI,45,6.0220
7WUX_6OI,46,6.1005
7WUX_6OI,47,5.9740
7WUX_6OI,48,6.0482
7WUX_6OI,49,6.3233
7WUX_6OI,5,6.4219
7WUX_6OI,50,5.5514
7WUX_6OI,51,5.9107
7WUX_6OI,52,6.1126
7WUX_6OI,53,5.3928
7WUX_6OI,54,6.4119
7WUX_6OI,55,5.8796
7WUX_6OI,56,6.2215
7WUX_6OI,57,6.2256
7WUX_6OI,58,5.6693
7WUX_6OI,59,6.2190
7WUX_6OI,6,6.1872
7WUX_6OI,60,6.5807
7WUX_6OI,61,6.7195
7WUX_6OI,62,6.0149
7WUX_6OI,63,5.9234
7WUX_6OI,64,5.5039
7WUX_6OI,65,6.0187
7WUX_6OI,66,6.4241
7WUX_6OI,67,6.0936
7WUX_6OI,68,5.8794
7WUX_6OI,69,6.1651
7WUX_6OI,7,5.4908
7WUX_6OI,70,6.3157
7WUX_6OI,71,6.4780
7WUX_6OI,72,5.8695
7WUX_6OI,73,6.1004
7WUX_6OI,74,6.9622
7WUX_6OI,75,6.2194
7WUX_6OI,76,3.2674
7WUX_6OI,77,5.4528
7WUX_6OI,78,6.3535
7WUX_6OI,79,6.0324
7WUX_6OI,8,5.9146
7WUX_6OI,80,5.3509
7WUX_6OI,81,5.7632
7WUX_6OI,82,6.1062
7WUX_6OI,83,5.5777
7WUX_6OI,84,5.7801
7WUX_6OI,85,6.3341
7WUX_6OI,86,4.8885
7WUX_6OI,87,6.4373
7WUX_6OI,88,6.3425
7WUX_6OI,89,5.9844
7WUX_6OI,9,5.7523
7WUX_6OI,90,6.3195
7WUX_6OI,91,6.1335
7WUX_6OI,92,2.8527
7WUX_6OI,92,5.9111
7WUX_6OI,93,6.3868
7WUX_6OI,94,5.6428
7WUX_6OI,95,6.4804
7WUX_6OI,96,6.3211
7WUX_6OI,97,5.8008
7WUX_6OI,98,6.3513
7WUX_6OI,99,5.7212
7WUY_76N,0,7.5783
7WUY_76N,1,2.4091
7WUY_76N,10,8.0538
7WUY_76N,100,7.9611
7WUY_76N,101,3.9907
7WUY_76N,102,2.1794
7WUY_76N,103,2.5232
7WUY_76N,104,2.6872
7WUY_76N,105,7.4195
7WUY_76N,106,2.5446
7WUY_76N,107,7.6124
7WUY_76N,108,7.6701
7WUY_76N,109,1.5998
7WUY_76N,11,6.7419
7WUY_76N,110,2.1141
7WUY_76N,111,7.4004
7WUY_76N,112,7.3020
7WUY_76N,113,2.7880
7WUY_76N,114,7.7090
7WUY_76N,115,7.0005
7WUY_76N,116,2.2443
7WUY_76N,117,7.7668
7WUY_76N,118,7.6826
7WUY_76N,119,7.7396
7WUY_76N,12,7.4481
7WUY_76N,120,2.6965
7WUY_76N,121,2.1671
7WUY_76N,122,7.7796
7WUY_76N,123,7.3615
7WUY_76N,124,7.6845
7WUY_76N,125,1.3659
7WUY_76N,126,2.3131
7WUY_76N,127,3.3548
7WUY_76N,128,2.4687
7WUY_76N,129,1.3605
7WUY_76N,13,7.7925
7WUY_76N,130,7.8735
7WUY_76N,131,2.4567
7WUY_76N,132,7.3823
7WUY_76N,133,7.5277
7WUY_76N,134,7.8091
7WUY_76N,135,6.8111
7WUY_76N,136,8.0612
7WUY_76N,137,3.2590
7WUY_76N,138,2.3015
7WUY_76N,139,2.3783
7WUY_76N,14,7.3470
7WUY_76N,15,7.8211
7WUY_76N,16,7.6080
7WUY_76N,17,1.6372
7WUY_76N,18,2.6082
7WUY_76N,19,7.8638
7WUY_76N,2,7.7824
7WUY_76N,20,3.0006
7WUY_76N,21,3.4427
7WUY_76N,22,2.1206
7WUY_76N,23,7.9605
7WUY_76N,24,7.3201
7WUY_76N,25,2.5208
7WUY_76N,26,7.8965
7WUY_76N,27,7.6845
7WUY_76N,28,1.2106
7WUY_76N,29,7.8074
7WUY_76N,3,7.7751
7WUY_76N,30,7.1126
7WUY_76N,31,7.7779
7WUY_76N,32,2.0787
7WUY_76N,33,1.5336
7WUY_76N,34,3.6333
7WUY_76N,35,2.6515
7WUY_76N,36,7.5414
7WUY_76N,37,7.5131
7WUY_76N,38,7.3251
7WUY_76N,39,2.3971
7WUY_76N,4,7.8723
7WUY_76N,40,2.4066
7WUY_76N,41,3.2300
7WUY_76N,42,2.3597
7WUY_76N,43,3.0547
7WUY_76N,44,5.7590
7WUY_76N,45,7.3609
7WUY_76N,46,8.0644
7WUY_76N,47,7.4565
7WUY_76N,48,7.8165
7WUY_76N,49,1.9670
7WUY_76N,5,2.6063
7WUY_76N,50,7.8861
7WUY_76N,51,2.7635
7WUY_76N,52,7.7651
7WUY_76N,53,7.4832
7WUY_76N,54,3.3558
7WUY_76N,55,7.2528
7WUY_76N,56,2.7636
7WUY_76N,57,7.9957
7WUY_76N,58,7.6849
7WUY_76N,59,2.2774
7WUY_76N,6,7.7493
7WUY_76N,60,3.0632
7WUY_76N,61,2.2415
7WUY_76N,62,6.6656
7WUY_76N,63,1.7371
7WUY_76N,64,7.6206
7WUY_76N,65,7.5334
7WUY_76N,66,7.1558
7WUY_76N,67,7.5627
7WUY_76N,68,2.1545
7WUY_76N,69,7.5188
7WUY_76N,7,7.7362
7WUY_76N,70,7.8195
7WUY_76N,71,2.0259
7WUY_76N,72,7.4319
7WUY_76N,73,2.3656
7WUY_76N,74,7.2143
7WUY_76N,75,2.4732
7WUY_76N,76,1.6815
7WUY_76N,77,2.2788
7WUY_76N,78,7.7762
7WUY_76N,79,3.1164
7WUY_76N,8,7.7495
7WUY_76N,80,2.2555
7WUY_76N,81,7.7156
7WUY_76N,82,7.5757
7WUY_76N,83,1.0634
7WUY_76N,84,7.1638
7WUY_76N,85,7.7656
7WUY_76N,86,2.5315
7WUY_76N,87,1.3322
7WUY_76N,88,1.1733
7WUY_76N,89,1.2019
7WUY_76N,9,1.3087
7WUY_76N,90,7.8923
7WUY_76N,91,1.3442
7WUY_76N,92,7.8923
7WUY_76N,93,7.9830
7WUY_76N,94,7.3547
7WUY_76N,95,7.8066
7WUY_76N,95,7.6436
7WUY_76N,96,7.9809
7WUY_76N,97,1.1590
7WUY_76N,98,2.6877
7WUY_76N,99,7.6386
7WY1_D0L,0,3.3594
7WY1_D0L,1,3.5588
7WY1_D0L,10,3.6188
7WY1_D0L,100,3.4878
7WY1_D0L,101,4.6840
7WY1_D0L,102,1.6859
7WY1_D0L,103,8.8250
7WY1_D0L,104,1.5380
7WY1_D0L,105,3.9766
7WY1_D0L,106,2.9046
7WY1_D0L,107,4.2717
7WY1_D0L,108,1.7462
7WY1_D0L,109,1.3457
7WY1_D0L,11,3.7684
7WY1_D0L,110,3.1573
7WY1_D0L,111,0.9330
7WY1_D0L,112,1.6856
7WY1_D0L,113,2.7179
7WY1_D0L,114,1.7151
7WY1_D0L,115,1.4283
7WY1_D0L,116,3.9408
7WY1_D0L,117,2.3109
7WY1_D0L,118,1.1824
7WY1_D0L,119,1.1108
7WY1_D0L,12,3.2350
7WY1_D0L,120,3.0619
7WY1_D0L,121,1.4918
7WY1_D0L,122,1.2350
7WY1_D0L,123,1.0205
7WY1_D0L,124,3.6558
7WY1_D0L,125,3.6829
7WY1_D0L,126,4.0949
7WY1_D0L,127,3.4245
7WY1_D0L,128,2.2178
7WY1_D0L,129,3.0446
7WY1_D0L,13,1.3308
7WY1_D0L,130,1.7733
7WY1_D0L,131,2.3077
7WY1_D0L,132,1.8664
7WY1_D0L,133,8.8518
7WY1_D0L,134,4.9256
7WY1_D0L,135,1.1052
7WY1_D0L,136,4.7172
7WY1_D0L,137,2.3514
7WY1_D0L,138,1.2135
7WY1_D0L,139,3.5854
7WY1_D0L,14,1.4572
7WY1_D0L,15,3.7234
7WY1_D0L,16,1.9816
7WY1_D0L,17,2.2156
7WY1_D0L,18,3.8960
7WY1_D0L,19,3.6744
7WY1_D0L,2,1.9099
7WY1_D0L,20,4.3645
7WY1_D0L,21,4.6496
7WY1_D0L,22,2.4342
7WY1_D0L,23,9.3828
7WY1_D0L,24,6.6588
7WY1_D0L,25,1.5494
7WY1_D0L,26,1.7506
7WY1_D0L,27,3.5618
7WY1_D0L,28,4.5074
7WY1_D0L,29,2.7035
7WY1_D0L,3,3.2716
7WY1_D0L,30,1.8175
7WY1_D0L,31,2.5761
7WY1_D0L,32,1.3746
7WY1_D0L,33,3.4223
7WY1_D0L,34,4.5935
7WY1_D0L,35,1.0460
7WY1_D0L,36,1.6089
7WY1_D0L,37,2.0289
7WY1_D0L,37,2.5946
7WY1_D0L,38,1.6795
7WY1_D0L,39,1.3787
7WY1_D0L,4,1.0821
7WY1_D0L,40,3.9251
7WY1_D0L,41,1.8666
7WY1_D0L,42,1.7785
7WY1_D0L,43,3.7334
7WY1_D0L,44,4.1956
7WY1_D0L,45,4.3021
7WY1_D0L,46,1.8666
7WY1_D0L,47,8.5926
7WY1_D0L,48,3.0364
7WY1_D0L,49,7.9062
7WY1_D0L,5,1.1763
7WY1_D0L,50,2.2352
7WY1_D0L,51,1.4326
7WY1_D0L,52,6.7802
7WY1_D0L,53,2.4346
7WY1_D0L,54,1.9468
7WY1_D0L,55,1.0641
7WY1_D0L,56,3.1305
7WY1_D0L,57,1.0070
7WY1_D0L,58,0.9991
7WY1_D0L,59,2.4727
7WY1_D0L,6,3.4427
7WY1_D0L,60,4.4233
7WY1_D0L,61,4.0528
7WY1_D0L,62,8.9880
7WY1_D0L,63,3.1854
7WY1_D0L,64,3.6151
7WY1_D0L,65,2.0239
7WY1_D0L,66,3.5547
7WY1_D0L,67,3.4271
7WY1_D0L,68,2.9649
7WY1_D0L,69,1.8535
7WY1_D0L,7,3.9992
7WY1_D0L,70,9.1520
7WY1_D0L,71,1.8748
7WY1_D0L,72,3.6681
7WY1_D0L,73,3.1087
7WY1_D0L,74,9.2401
7WY1_D0L,75,1.0838
7WY1_D0L,76,1.3476
7WY1_D0L,77,8.2950
7WY1_D0L,78,3.6829
7WY1_D0L,79,3.2884
7WY1_D0L,8,1.7505
7WY1_D0L,80,0.8007
7WY1_D0L,81,3.8523
7WY1_D0L,82,4.5276
7WY1_D0L,83,1.1415
7WY1_D0L,84,4.0031
7WY1_D0L,85,9.0523
7WY1_D0L,86,8.7052
7WY1_D0L,87,3.2112
7WY1_D0L,88,1.1328
7WY1_D0L,89,1.9072
7WY1_D0L,9,2.3031
7WY1_D0L,90,3.6123
7WY1_D0L,91,2.6460
7WY1_D0L,92,0.9027
7WY1_D0L,93,1.2994
7WY1_D0L,94,5.3883
7WY1_D0L,95,4.1823
7WY1_D0L,96,8.9199
7WY1_D0L,97,3.2455
7WY1_D0L,98,1.4385
7WY1_D0L,99,1.3484
7X5N_5M5,0,0.7071
7X5N_5M5,1,1.6103
7X5N_5M5,10,2.2160
7X5N_5M5,100,0.7696
7X5N_5M5,101,0.8374
7X5N_5M5,102,1.1880
7X5N_5M5,103,0.8435
7X5N_5M5,104,0.9789
7X5N_5M5,105,1.5168
7X5N_5M5,106,1.0845
7X5N_5M5,107,1.8889
7X5N_5M5,108,0.8371
7X5N_5M5,109,0.8487
7X5N_5M5,11,1.0216
7X5N_5M5,110,1.2088
7X5N_5M5,111,1.6068
7X5N_5M5,112,1.1567
7X5N_5M5,113,1.3331
7X5N_5M5,114,3.0099
7X5N_5M5,115,1.9948
7X5N_5M5,116,1.7461
7X5N_5M5,117,0.9326
7X5N_5M5,118,1.1385
7X5N_5M5,119,1.0448
7X5N_5M5,12,1.2632
7X5N_5M5,120,3.3551
7X5N_5M5,121,0.7279
7X5N_5M5,122,0.8617
7X5N_5M5,123,1.0382
7X5N_5M5,124,2.8626
7X5N_5M5,125,0.7805
7X5N_5M5,126,0.8079
7X5N_5M5,127,0.9246
7X5N_5M5,128,0.9791
7X5N_5M5,129,0.8788
7X5N_5M5,13,3.1277
7X5N_5M5,130,2.9633
7X5N_5M5,131,1.0039
7X5N_5M5,132,2.6092
7X5N_5M5,133,1.0353
7X5N_5M5,134,0.6998
7X5N_5M5,135,3.0005
7X5N_5M5,136,1.2879
7X5N_5M5,137,1.1695
7X5N_5M5,138,0.8386
7X5N_5M5,139,0.7737
7X5N_5M5,14,0.7717
7X5N_5M5,15,1.6076
7X5N_5M5,16,0.5962
7X5N_5M5,17,1.4870
7X5N_5M5,18,1.0088
7X5N_5M5,19,0.6212
7X5N_5M5,2,1.5196
7X5N_5M5,20,0.9573
7X5N_5M5,21,1.0636
7X5N_5M5,22,1.2402
7X5N_5M5,23,1.9337
7X5N_5M5,24,0.6494
7X5N_5M5,25,0.8180
7X5N_5M5,26,0.7161
7X5N_5M5,27,1.9099
7X5N_5M5,28,0.9642
7X5N_5M5,29,1.5590
7X5N_5M5,3,3.5299
7X5N_5M5,30,0.7958
7X5N_5M5,31,2.6746
7X5N_5M5,32,0.9866
7X5N_5M5,33,2.9186
7X5N_5M5,34,0.5857
7X5N_5M5,35,1.1100
7X5N_5M5,36,2.4806
7X5N_5M5,36,0.7524
7X5N_5M5,37,3.3130
7X5N_5M5,38,3.0528
7X5N_5M5,39,1.6692
7X5N_5M5,4,0.7413
7X5N_5M5,40,0.8254
7X5N_5M5,41,0.7480
7X5N_5M5,42,0.8338
7X5N_5M5,43,0.6426
7X5N_5M5,44,0.8257
7X5N_5M5,45,0.8695
7X5N_5M5,46,0.8127
7X5N_5M5,47,0.9173
7X5N_5M5,48,0.5889
7X5N_5M5,49,1.0104
7X5N_5M5,5,2.5460
7X5N_5M5,50,0.8746
7X5N_5M5,51,1.2724
7X5N_5M5,52,1.9003
7X5N_5M5,53,2.0017
7X5N_5M5,54,0.6432
7X5N_5M5,55,0.6537
7X5N_5M5,56,1.1113
7X5N_5M5,57,0.7282
7X5N_5M5,58,1.1861
7X5N_5M5,59,3.3868
7X5N_5M5,6,0.8389
7X5N_5M5,60,1.2202
7X5N_5M5,61,1.2279
7X5N_5M5,62,1.1376
7X5N_5M5,63,1.0395
7X5N_5M5,64,0.8608
7X5N_5M5,65,2.2309
7X5N_5M5,66,2.5241
7X5N_5M5,67,1.3474
7X5N_5M5,68,1.4031
7X5N_5M5,69,0.7464
7X5N_5M5,7,1.4292
7X5N_5M5,70,3.1156
7X5N_5M5,71,3.3852
7X5N_5M5,72,0.9438
7X5N_5M5,73,0.9424
7X5N_5M5,74,3.1273
7X5N_5M5,75,0.7401
7X5N_5M5,76,1.6373
7X5N_5M5,77,1.1294
7X5N_5M5,78,1.1452
7X5N_5M5,79,1.0465
7X5N_5M5,8,0.8704
7X5N_5M5,80,0.7556
7X5N_5M5,81,0.9317
7X5N_5M5,82,3.2432
7X5N_5M5,83,0.8771
7X5N_5M5,84,1.0519
7X5N_5M5,85,0.8666
7X5N_5M5,86,0.8366
7X5N_5M5,87,1.0944
7X5N_5M5,88,1.8408
7X5N_5M5,89,2.5384
7X5N_5M5,9,0.7501
7X5N_5M5,90,0.7325
7X5N_5M5,91,2.6947
7X5N_5M5,92,1.4676
7X5N_5M5,93,0.6338
7X5N_5M5,94,3.3036
7X5N_5M5,95,3.0400
7X5N_5M5,96,0.8871
7X5N_5M5,97,1.4054
7X5N_5M5,98,2.0447
7X5N_5M5,99,3.1151
7X9K_8OG,0,3.4550
7X9K_8OG,1,1.6784
7X9K_8OG,10,3.0106
7X9K_8OG,100,2.2117
7X9K_8OG,101,2.9731
7X9K_8OG,102,1.2014
7X9K_8OG,103,2.8673
7X9K_8OG,104,2.8939
7X9K_8OG,105,0.8107
7X9K_8OG,106,2.9222
7X9K_8OG,107,1.7556
7X9K_8OG,108,1.0940
7X9K_8OG,109,2.8597
7X9K_8OG,11,0.9091
7X9K_8OG,110,2.2134
7X9K_8OG,111,3.0480
7X9K_8OG,112,3.1390
7X9K_8OG,113,1.1855
7X9K_8OG,114,1.1847
7X9K_8OG,115,1.2941
7X9K_8OG,116,1.7834
7X9K_8OG,117,1.7327
7X9K_8OG,118,3.0570
7X9K_8OG,119,1.0167
7X9K_8OG,12,3.0327
7X9K_8OG,120,0.4317
7X9K_8OG,121,2.9491
7X9K_8OG,122,0.7277
7X9K_8OG,123,1.3078
7X9K_8OG,124,3.2359
7X9K_8OG,125,2.8491
7X9K_8OG,126,1.5534
7X9K_8OG,127,3.0364
7X9K_8OG,128,1.4506
7X9K_8OG,129,3.0441
7X9K_8OG,13,2.7785
7X9K_8OG,130,1.8078
7X9K_8OG,131,0.7778
7X9K_8OG,132,2.7989
7X9K_8OG,133,1.6565
7X9K_8OG,134,1.0472
7X9K_8OG,135,1.2473
7X9K_8OG,136,3.0188
7X9K_8OG,136,1.8478
7X9K_8OG,137,0.8912
7X9K_8OG,138,0.9513
7X9K_8OG,139,0.8447
7X9K_8OG,14,1.0099
7X9K_8OG,15,0.9816
7X9K_8OG,16,2.8730
7X9K_8OG,17,2.9849
7X9K_8OG,18,3.7195
7X9K_8OG,19,3.1837
7X9K_8OG,2,1.0720
7X9K_8OG,20,0.7346
7X9K_8OG,21,0.6620
7X9K_8OG,22,0.8873
7X9K_8OG,23,0.8467
7X9K_8OG,24,1.6060
7X9K_8OG,25,1.4841
7X9K_8OG,26,2.3396
7X9K_8OG,27,2.5940
7X9K_8OG,28,1.1669
7X9K_8OG,29,2.9319
7X9K_8OG,3,2.9357
7X9K_8OG,30,0.9524
7X9K_8OG,31,0.8255
7X9K_8OG,32,4.0668
7X9K_8OG,33,2.9047
7X9K_8OG,34,3.0548
7X9K_8OG,35,1.6400
7X9K_8OG,36,3.4729
7X9K_8OG,37,3.1320
7X9K_8OG,38,2.0687
7X9K_8OG,39,2.8421
7X9K_8OG,4,1.4962
7X9K_8OG,40,3.0048
7X9K_8OG,41,2.0069
7X9K_8OG,42,0.8914
7X9K_8OG,43,1.6404
7X9K_8OG,44,1.0998
7X9K_8OG,45,2.1500
7X9K_8OG,46,3.0054
7X9K_8OG,47,2.8542
7X9K_8OG,48,3.0322
7X9K_8OG,49,2.3029
7X9K_8OG,5,3.1113
7X9K_8OG,50,3.0114
7X9K_8OG,51,1.3496
7X9K_8OG,52,3.5776
7X9K_8OG,53,1.6033
7X9K_8OG,54,3.2865
7X9K_8OG,55,1.9077
7X9K_8OG,56,1.6310
7X9K_8OG,57,2.8161
7X9K_8OG,58,3.4687
7X9K_8OG,59,2.8134
7X9K_8OG,6,1.1027
7X9K_8OG,60,1.0481
7X9K_8OG,61,2.8936
7X9K_8OG,62,3.3224
7X9K_8OG,63,3.0155
7X9K_8OG,64,1.5704
7X9K_8OG,65,0.9681
7X9K_8OG,66,3.1147
7X9K_8OG,67,2.4520
7X9K_8OG,68,0.7448
7X9K_8OG,69,2.7400
7X9K_8OG,7,1.4695
7X9K_8OG,70,3.0590
7X9K_8OG,71,3.0657
7X9K_8OG,72,1.1946
7X9K_8OG,73,1.8733
7X9K_8OG,74,2.8938
7X9K_8OG,75,1.4442
7X9K_8OG,76,3.0447
7X9K_8OG,77,2.8814
7X9K_8OG,78,2.8045
7X9K_8OG,79,1.0124
7X9K_8OG,8,1.6995
7X9K_8OG,80,2.8778
7X9K_8OG,81,2.6412
7X9K_8OG,82,2.7860
7X9K_8OG,83,1.1478
7X9K_8OG,84,2.3623
7X9K_8OG,85,1.8109
7X9K_8OG,86,1.4682
7X9K_8OG,87,3.0351
7X9K_8OG,88,3.5170
7X9K_8OG,89,1.5379
7X9K_8OG,9,3.3411
7X9K_8OG,90,3.4219
7X9K_8OG,91,2.9325
7X9K_8OG,92,2.9311
7X9K_8OG,93,1.5045
7X9K_8OG,94,0.8562
7X9K_8OG,95,1.1158
7X9K_8OG,96,2.9812
7X9K_8OG,97,2.6667
7X9K_8OG,98,2.7474
7X9K_8OG,99,2.8348
7XBV_APC,0,3.2307
7XBV_APC,1,2.9221
7XBV_APC,10,2.2501
7XBV_APC,100,2.4364
7XBV_APC,101,3.3452
7XBV_APC,102,3.1900
7XBV_APC,103,2.3461
7XBV_APC,104,4.1101
7XBV_APC,105,4.7995
7XBV_APC,106,3.0803
7XBV_APC,107,2.3117
7XBV_APC,108,2.1281
7XBV_APC,109,1.6236
7XBV_APC,11,3.2283
7XBV_APC,110,3.3395
7XBV_APC,111,2.0272
7XBV_APC,112,3.2053
7XBV_APC,113,1.6355
7XBV_APC,114,2.5993
7XBV_APC,115,3.1055
7XBV_APC,116,1.9984
7XBV_APC,117,2.3925
7XBV_APC,118,2.7695
7XBV_APC,119,3.0485
7XBV_APC,12,2.4050
7XBV_APC,120,1.9205
7XBV_APC,121,3.5562
7XBV_APC,122,2.7005
7XBV_APC,123,2.3616
7XBV_APC,124,2.1956
7XBV_APC,125,2.7824
7XBV_APC,126,2.6417
7XBV_APC,127,1.9689
7XBV_APC,128,3.2804
7XBV_APC,129,2.9342
7XBV_APC,13,2.9962
7XBV_APC,130,2.3736
7XBV_APC,131,2.3685
7XBV_APC,132,1.9331
7XBV_APC,133,3.1116
7XBV_APC,134,2.7002
7XBV_APC,135,2.0689
7XBV_APC,136,2.1025
7XBV_APC,137,3.3574
7XBV_APC,138,2.1430
7XBV_APC,139,1.9889
7XBV_APC,14,3.5281
7XBV_APC,15,2.3907
7XBV_APC,16,3.0319
7XBV_APC,16,3.0202
7XBV_APC,17,2.8397
7XBV_APC,18,2.4026
7XBV_APC,19,3.1266
7XBV_APC,2,2.6128
7XBV_APC,20,2.7224
7XBV_APC,21,2.5675
7XBV_APC,22,3.0745
7XBV_APC,23,3.5052
7XBV_APC,24,2.9322
7XBV_APC,25,5.8543
7XBV_APC,26,3.0811
7XBV_APC,27,2.0123
7XBV_APC,28,2.6498
7XBV_APC,29,2.2784
7XBV_APC,3,2.2628
7XBV_APC,30,2.2644
7XBV_APC,31,2.8301
7XBV_APC,32,2.7784
7XBV_APC,33,2.5907
7XBV_APC,34,2.7021
7XBV_APC,35,2.7778
7XBV_APC,36,2.7857
7XBV_APC,37,2.3072
7XBV_APC,38,2.7832
7XBV_APC,39,3.4327
7XBV_APC,4,3.0269
7XBV_APC,40,2.2966
7XBV_APC,41,2.3187
7XBV_APC,42,1.7092
7XBV_APC,43,2.6881
7XBV_APC,44,1.9193
7XBV_APC,45,2.2936
7XBV_APC,46,2.4599
7XBV_APC,47,3.1529
7XBV_APC,48,2.3541
7XBV_APC,49,2.3891
7XBV_APC,5,2.4208
7XBV_APC,50,2.6890
7XBV_APC,51,2.9994
7XBV_APC,52,2.9265
7XBV_APC,53,3.4950
7XBV_APC,54,1.9639
7XBV_APC,55,4.1230
7XBV_APC,56,2.6711
7XBV_APC,57,2.6873
7XBV_APC,58,2.5537
7XBV_APC,59,2.1635
7XBV_APC,6,3.5324
7XBV_APC,60,2.3733
7XBV_APC,61,2.9968
7XBV_APC,62,2.7677
7XBV_APC,63,3.2244
7XBV_APC,64,2.2819
7XBV_APC,65,2.5223
7XBV_APC,66,2.5072
7XBV_APC,67,2.3046
7XBV_APC,68,1.9383
7XBV_APC,69,5.0450
7XBV_APC,7,2.9937
7XBV_APC,70,2.3428
7XBV_APC,71,2.2939
7XBV_APC,72,2.6253
7XBV_APC,73,2.0506
7XBV_APC,74,3.8175
7XBV_APC,75,2.9879
7XBV_APC,76,2.8715
7XBV_APC,77,2.1605
7XBV_APC,78,3.7386
7XBV_APC,79,2.8517
7XBV_APC,8,2.6293
7XBV_APC,80,2.4063
7XBV_APC,81,2.5944
7XBV_APC,82,1.3700
7XBV_APC,83,2.6892
7XBV_APC,84,1.9933
7XBV_APC,85,3.1252
7XBV_APC,86,3.6803
7XBV_APC,87,2.2540
7XBV_APC,88,2.4223
7XBV_APC,89,2.6636
7XBV_APC,9,2.5757
7XBV_APC,90,3.5020
7XBV_APC,91,1.9131
7XBV_APC,92,2.1472
7XBV_APC,93,2.5797
7XBV_APC,94,2.9088
7XBV_APC,95,2.5035
7XBV_APC,96,2.9855
7XBV_APC,97,1.4491
7XBV_APC,98,2.9315
7XBV_APC,99,3.1680
7XFA_D9J,0,3.0945
7XFA_D9J,1,2.6195
7XFA_D9J,10,3.9808
7XFA_D9J,100,2.3082
7XFA_D9J,101,3.3809
7XFA_D9J,102,2.9860
7XFA_D9J,103,3.0294
7XFA_D9J,104,3.6745
7XFA_D9J,105,2.0760
7XFA_D9J,106,3.1320
7XFA_D9J,107,2.6362
7XFA_D9J,108,2.0461
7XFA_D9J,109,2.0887
7XFA_D9J,11,2.9896
7XFA_D9J,110,2.1349
7XFA_D9J,111,3.4338
7XFA_D9J,112,2.3687
7XFA_D9J,113,2.2789
7XFA_D9J,114,2.3958
7XFA_D9J,115,2.9444
7XFA_D9J,116,2.6320
7XFA_D9J,117,2.6915
7XFA_D9J,118,3.1863
7XFA_D9J,119,1.3009
7XFA_D9J,12,3.3297
7XFA_D9J,120,2.7268
7XFA_D9J,121,2.7408
7XFA_D9J,122,1.7001
7XFA_D9J,123,2.3837
7XFA_D9J,124,2.6980
7XFA_D9J,125,1.2074
7XFA_D9J,126,3.3990
7XFA_D9J,127,3.6093
7XFA_D9J,128,2.7996
7XFA_D9J,129,2.8012
7XFA_D9J,13,2.5580
7XFA_D9J,130,2.3220
7XFA_D9J,131,2.7031
7XFA_D9J,132,3.4769
7XFA_D9J,133,1.4481
7XFA_D9J,134,3.5145
7XFA_D9J,135,3.2150
7XFA_D9J,136,3.0406
7XFA_D9J,137,2.9072
7XFA_D9J,138,3.3987
7XFA_D9J,139,2.0569
7XFA_D9J,14,2.8734
7XFA_D9J,15,1.5552
7XFA_D9J,16,2.9995
7XFA_D9J,17,3.1491
7XFA_D9J,18,2.2702
7XFA_D9J,19,3.6128
7XFA_D9J,2,2.9735
7XFA_D9J,20,3.4089
7XFA_D9J,21,2.3066
7XFA_D9J,22,2.9612
7XFA_D9J,23,2.9121
7XFA_D9J,24,2.5107
7XFA_D9J,25,3.3307
7XFA_D9J,26,3.0523
7XFA_D9J,27,1.9359
7XFA_D9J,28,1.5856
7XFA_D9J,29,3.2661
7XFA_D9J,3,1.8852
7XFA_D9J,30,3.0443
7XFA_D9J,31,2.6668
7XFA_D9J,32,2.9016
7XFA_D9J,33,2.4387
7XFA_D9J,34,3.0506
7XFA_D9J,35,2.5161
7XFA_D9J,36,3.0510
7XFA_D9J,37,2.6037
7XFA_D9J,38,2.6827
7XFA_D9J,39,2.5638
7XFA_D9J,4,3.7840
7XFA_D9J,40,2.6456
7XFA_D9J,41,2.4531
7XFA_D9J,42,2.9334
7XFA_D9J,43,2.5180
7XFA_D9J,44,3.0232
7XFA_D9J,45,2.7604
7XFA_D9J,46,3.4221
7XFA_D9J,47,4.0764
7XFA_D9J,48,3.4482
7XFA_D9J,49,2.6975
7XFA_D9J,5,2.2595
7XFA_D9J,50,2.8804
7XFA_D9J,51,1.9961
7XFA_D9J,52,2.5421
7XFA_D9J,53,2.5464
7XFA_D9J,54,2.3572
7XFA_D9J,55,3.0809
7XFA_D9J,56,2.8281
7XFA_D9J,57,4.0072
7XFA_D9J,58,2.1617
7XFA_D9J,59,2.3477
7XFA_D9J,6,2.9893
7XFA_D9J,60,2.2787
7XFA_D9J,61,2.6415
7XFA_D9J,62,2.5443
7XFA_D9J,63,1.4661
7XFA_D9J,64,3.1040
7XFA_D9J,65,2.8235
7XFA_D9J,66,3.1546
7XFA_D9J,67,2.3092
7XFA_D9J,68,3.2125
7XFA_D9J,69,2.2155
7XFA_D9J,7,2.3899
7XFA_D9J,70,1.6130
7XFA_D9J,71,3.0106
7XFA_D9J,72,2.5978
7XFA_D9J,73,2.4307
7XFA_D9J,74,2.5579
7XFA_D9J,75,2.1066
7XFA_D9J,76,2.2198
7XFA_D9J,77,3.2437
7XFA_D9J,78,1.6230
7XFA_D9J,79,3.4604
7XFA_D9J,8,3.4014
7XFA_D9J,80,2.2388
7XFA_D9J,81,2.7116
7XFA_D9J,82,2.3600
7XFA_D9J,83,3.4153
7XFA_D9J,84,2.6337
7XFA_D9J,85,3.5433
7XFA_D9J,86,2.5394
7XFA_D9J,87,2.8249
7XFA_D9J,88,2.5832
7XFA_D9J,89,2.1910
7XFA_D9J,9,3.3991
7XFA_D9J,90,1.8308
7XFA_D9J,91,3.5827
7XFA_D9J,92,2.7176
7XFA_D9J,93,2.0551
7XFA_D9J,94,1.7093
7XFA_D9J,95,3.1934
7XFA_D9J,96,2.7045
7XFA_D9J,97,3.2320
7XFA_D9J,98,2.5435
7XFA_D9J,99,2.8798
7XG5_PLP,0,2.4889
7XG5_PLP,1,1.2065
7XG5_PLP,10,2.6786
7XG5_PLP,100,1.1876
7XG5_PLP,101,2.6126
7XG5_PLP,102,2.9262
7XG5_PLP,103,1.3084
7XG5_PLP,104,2.3804
7XG5_PLP,105,1.7421
7XG5_PLP,106,1.2497
7XG5_PLP,107,1.0365
7XG5_PLP,108,2.4969
7XG5_PLP,109,0.9227
7XG5_PLP,11,0.7461
7XG5_PLP,110,2.4160
7XG5_PLP,111,1.8475
7XG5_PLP,112,2.6505
7XG5_PLP,113,1.4694
7XG5_PLP,114,1.2457
7XG5_PLP,115,1.1356
7XG5_PLP,116,1.0550
7XG5_PLP,117,1.1732
7XG5_PLP,118,1.1729
7XG5_PLP,119,1.2885
7XG5_PLP,12,2.6348
7XG5_PLP,120,1.3194
7XG5_PLP,121,1.4004
7XG5_PLP,122,2.6234
7XG5_PLP,123,1.3736
7XG5_PLP,124,1.2389
7XG5_PLP,125,1.3132
7XG5_PLP,126,1.1360
7XG5_PLP,127,1.1188
7XG5_PLP,128,0.8349
7XG5_PLP,129,1.2416
7XG5_PLP,13,1.0554
7XG5_PLP,130,0.6514
7XG5_PLP,131,1.1231
7XG5_PLP,132,2.2643
7XG5_PLP,133,0.9435
7XG5_PLP,134,2.4542
7XG5_PLP,135,2.7293
7XG5_PLP,136,2.6487
7XG5_PLP,137,1.2633
7XG5_PLP,138,2.4098
7XG5_PLP,139,1.8604
7XG5_PLP,14,0.8534
7XG5_PLP,15,0.5953
7XG5_PLP,16,1.1798
7XG5_PLP,17,1.3618
7XG5_PLP,18,1.1291
7XG5_PLP,19,1.1139
7XG5_PLP,2,1.1045
7XG5_PLP,20,2.8947
7XG5_PLP,20,2.6645
7XG5_PLP,21,1.2079
7XG5_PLP,22,2.5789
7XG5_PLP,23,1.7414
7XG5_PLP,24,1.0987
7XG5_PLP,25,2.2058
7XG5_PLP,26,0.7933
7XG5_PLP,27,0.8240
7XG5_PLP,28,1.1991
7XG5_PLP,29,1.7566
7XG5_PLP,3,2.4235
7XG5_PLP,30,2.6478
7XG5_PLP,31,1.3478
7XG5_PLP,32,1.1436
7XG5_PLP,33,0.8455
7XG5_PLP,34,1.1243
7XG5_PLP,35,1.2267
7XG5_PLP,36,0.9690
7XG5_PLP,37,2.7006
7XG5_PLP,38,1.1340
7XG5_PLP,39,1.8467
7XG5_PLP,4,0.6890
7XG5_PLP,40,1.0584
7XG5_PLP,41,1.3912
7XG5_PLP,42,1.6457
7XG5_PLP,43,1.2240
7XG5_PLP,44,1.3238
7XG5_PLP,45,2.0800
7XG5_PLP,46,1.3819
7XG5_PLP,47,2.7218
7XG5_PLP,48,1.4615
7XG5_PLP,49,1.0600
7XG5_PLP,5,2.2286
7XG5_PLP,50,1.6810
7XG5_PLP,51,1.2728
7XG5_PLP,52,1.0634
7XG5_PLP,53,1.0488
7XG5_PLP,54,2.2682
7XG5_PLP,55,2.5120
7XG5_PLP,56,1.2240
7XG5_PLP,57,2.0340
7XG5_PLP,58,1.0793
7XG5_PLP,59,1.4826
7XG5_PLP,6,1.3740
7XG5_PLP,60,2.1586
7XG5_PLP,61,2.4414
7XG5_PLP,62,1.3626
7XG5_PLP,63,1.1576
7XG5_PLP,64,2.2815
7XG5_PLP,65,0.6516
7XG5_PLP,66,2.6706
7XG5_PLP,67,0.8335
7XG5_PLP,68,1.9588
7XG5_PLP,69,1.0046
7XG5_PLP,7,1.0155
7XG5_PLP,70,1.2445
7XG5_PLP,71,1.2353
7XG5_PLP,72,1.2624
7XG5_PLP,73,1.2996
7XG5_PLP,74,2.2111
7XG5_PLP,75,1.0652
7XG5_PLP,76,2.2470
7XG5_PLP,77,3.3484
7XG5_PLP,78,1.2297
7XG5_PLP,79,2.2387
7XG5_PLP,8,1.0793
7XG5_PLP,80,2.8017
7XG5_PLP,81,1.2266
7XG5_PLP,82,1.8821
7XG5_PLP,83,1.1612
7XG5_PLP,84,1.2088
7XG5_PLP,85,1.0851
7XG5_PLP,86,1.0550
7XG5_PLP,87,2.6149
7XG5_PLP,88,1.0595
7XG5_PLP,89,1.2780
7XG5_PLP,9,2.8760
7XG5_PLP,90,1.8392
7XG5_PLP,91,1.2377
7XG5_PLP,92,0.9523
7XG5_PLP,93,1.3076
7XG5_PLP,94,1.8088
7XG5_PLP,95,1.2027
7XG5_PLP,96,0.6954
7XG5_PLP,97,2.7320
7XG5_PLP,98,0.8924
7XG5_PLP,99,1.1199
7XI7_4RI,0,3.4372
7XI7_4RI,1,1.4044
7XI7_4RI,10,2.0428
7XI7_4RI,100,3.7266
7XI7_4RI,101,1.5317
7XI7_4RI,102,3.5784
7XI7_4RI,103,3.4767
7XI7_4RI,104,1.3169
7XI7_4RI,105,0.8904
7XI7_4RI,106,1.9267
7XI7_4RI,107,1.0330
7XI7_4RI,108,1.1656
7XI7_4RI,109,2.2990
7XI7_4RI,11,1.5815
7XI7_4RI,110,1.4833
7XI7_4RI,111,1.2345
7XI7_4RI,112,2.7687
7XI7_4RI,113,2.6947
7XI7_4RI,114,3.0929
7XI7_4RI,115,0.9751
7XI7_4RI,116,4.4943
7XI7_4RI,117,1.5201
7XI7_4RI,118,4.0503
7XI7_4RI,119,3.6390
7XI7_4RI,12,2.2975
7XI7_4RI,120,0.7189
7XI7_4RI,121,0.6313
7XI7_4RI,122,1.6900
7XI7_4RI,123,1.3683
7XI7_4RI,124,1.5590
7XI7_4RI,125,1.3132
7XI7_4RI,126,1.5066
7XI7_4RI,127,1.0092
7XI7_4RI,128,3.7381
7XI7_4RI,129,0.8366
7XI7_4RI,13,1.4041
7XI7_4RI,130,1.5320
7XI7_4RI,131,3.5071
7XI7_4RI,132,2.1366
7XI7_4RI,133,1.3854
7XI7_4RI,134,2.5252
7XI7_4RI,135,0.9333
7XI7_4RI,136,1.6163
7XI7_4RI,137,4.1104
7XI7_4RI,138,2.5651
7XI7_4RI,139,4.4252
7XI7_4RI,14,1.1415
7XI7_4RI,15,1.1100
7XI7_4RI,16,1.9503
7XI7_4RI,17,1.1542
7XI7_4RI,18,1.1736
7XI7_4RI,19,1.5710
7XI7_4RI,2,1.3786
7XI7_4RI,20,1.1840
7XI7_4RI,21,1.5770
7XI7_4RI,22,1.2715
7XI7_4RI,23,1.6704
7XI7_4RI,24,0.8056
7XI7_4RI,25,1.6628
7XI7_4RI,26,1.7347
7XI7_4RI,27,1.4998
7XI7_4RI,28,1.0519
7XI7_4RI,29,0.8406
7XI7_4RI,3,1.4425
7XI7_4RI,30,1.4932
7XI7_4RI,31,1.3190
7XI7_4RI,32,1.2670
7XI7_4RI,33,1.3194
7XI7_4RI,34,1.2692
7XI7_4RI,35,4.8805
7XI7_4RI,36,3.4099
7XI7_4RI,37,1.5302
7XI7_4RI,38,3.7561
7XI7_4RI,39,1.2350
7XI7_4RI,4,1.8877
7XI7_4RI,40,1.4302
7XI7_4RI,41,0.6751
7XI7_4RI,42,2.9036
7XI7_4RI,43,4.3317
7XI7_4RI,44,1.4588
7XI7_4RI,45,1.7682
7XI7_4RI,46,3.3678
7XI7_4RI,47,2.9518
7XI7_4RI,48,1.1994
7XI7_4RI,49,2.2095
7XI7_4RI,5,3.0403
7XI7_4RI,50,1.1580
7XI7_4RI,51,3.6231
7XI7_4RI,52,1.6824
7XI7_4RI,53,2.4835
7XI7_4RI,54,1.7232
7XI7_4RI,55,3.8021
7XI7_4RI,56,0.9767
7XI7_4RI,57,1.4845
7XI7_4RI,58,1.4000
7XI7_4RI,59,1.7052
7XI7_4RI,6,4.0158
7XI7_4RI,60,2.7211
7XI7_4RI,61,2.0401
7XI7_4RI,62,4.8427
7XI7_4RI,63,2.3503
7XI7_4RI,64,1.4190
7XI7_4RI,65,3.5897
7XI7_4RI,66,1.5600
7XI7_4RI,67,1.2874
7XI7_4RI,68,1.0807
7XI7_4RI,69,1.3114
7XI7_4RI,7,3.6487
7XI7_4RI,70,0.8416
7XI7_4RI,71,1.5379
7XI7_4RI,72,2.1137
7XI7_4RI,73,2.6597
7XI7_4RI,74,1.2876
7XI7_4RI,75,1.0116
7XI7_4RI,76,1.2376
7XI7_4RI,77,3.4488
7XI7_4RI,78,1.6188
7XI7_4RI,79,1.4887
7XI7_4RI,8,4.7015
7XI7_4RI,80,3.4126
7XI7_4RI,81,2.4246
7XI7_4RI,82,3.2252
7XI7_4RI,83,1.0153
7XI7_4RI,84,3.3885
7XI7_4RI,85,2.9083
7XI7_4RI,86,1.4306
7XI7_4RI,87,0.9332
7XI7_4RI,88,1.3976
7XI7_4RI,89,3.4843
7XI7_4RI,9,3.9596
7XI7_4RI,90,0.8944
7XI7_4RI,91,3.8119
7XI7_4RI,92,1.3608
7XI7_4RI,93,3.4405
7XI7_4RI,94,3.5311
7XI7_4RI,95,2.0964
7XI7_4RI,96,3.4885
7XI7_4RI,97,1.6004
7XI7_4RI,98,1.2121
7XI7_4RI,99,0.9897
7XJN_NSD,0,1.0526
7XJN_NSD,1,1.5269
7XJN_NSD,10,1.3487
7XJN_NSD,100,1.4377
7XJN_NSD,101,1.2766
7XJN_NSD,102,1.5753
7XJN_NSD,103,1.3114
7XJN_NSD,104,1.0530
7XJN_NSD,105,1.7152
7XJN_NSD,106,1.1796
7XJN_NSD,107,1.4453
7XJN_NSD,108,1.3176
7XJN_NSD,109,0.9399
7XJN_NSD,11,1.0717
7XJN_NSD,110,0.9271
7XJN_NSD,111,1.5423
7XJN_NSD,112,1.1285
7XJN_NSD,113,1.3424
7XJN_NSD,114,0.9932
7XJN_NSD,115,1.1110
7XJN_NSD,116,0.5580
7XJN_NSD,117,1.3610
7XJN_NSD,118,1.5185
7XJN_NSD,119,0.6678
7XJN_NSD,12,1.2912
7XJN_NSD,120,1.7103
7XJN_NSD,121,1.3607
7XJN_NSD,122,0.9601
7XJN_NSD,123,0.9811
7XJN_NSD,124,0.7416
7XJN_NSD,125,1.1920
7XJN_NSD,126,1.3530
7XJN_NSD,127,0.8929
7XJN_NSD,128,1.2553
7XJN_NSD,129,0.9145
7XJN_NSD,13,0.9111
7XJN_NSD,130,1.4473
7XJN_NSD,131,1.2318
7XJN_NSD,132,0.9117
7XJN_NSD,133,1.0021
7XJN_NSD,134,1.2153
7XJN_NSD,135,0.9207
7XJN_NSD,136,1.1531
7XJN_NSD,137,1.2822
7XJN_NSD,138,1.0595
7XJN_NSD,139,1.2453
7XJN_NSD,14,1.2628
7XJN_NSD,15,1.6235
7XJN_NSD,16,1.0983
7XJN_NSD,17,1.2978
7XJN_NSD,18,1.0015
7XJN_NSD,19,1.5780
7XJN_NSD,2,1.4206
7XJN_NSD,20,1.2220
7XJN_NSD,21,0.6322
7XJN_NSD,22,1.3143
7XJN_NSD,23,1.0964
7XJN_NSD,24,1.0589
7XJN_NSD,25,1.2495
7XJN_NSD,26,1.3881
7XJN_NSD,27,1.5616
7XJN_NSD,28,1.2404
7XJN_NSD,29,1.3834
7XJN_NSD,3,2.1717
7XJN_NSD,30,0.8222
7XJN_NSD,31,1.0171
7XJN_NSD,32,1.3945
7XJN_NSD,33,1.5668
7XJN_NSD,34,0.8546
7XJN_NSD,35,0.9935
7XJN_NSD,36,1.1994
7XJN_NSD,37,1.0601
7XJN_NSD,38,1.2030
7XJN_NSD,39,1.1615
7XJN_NSD,4,1.3383
7XJN_NSD,40,0.9547
7XJN_NSD,41,1.3355
7XJN_NSD,42,1.2825
7XJN_NSD,43,1.7698
7XJN_NSD,44,1.1960
7XJN_NSD,45,1.4735
7XJN_NSD,46,1.5315
7XJN_NSD,47,0.9924
7XJN_NSD,48,1.2136
7XJN_NSD,49,1.2412
7XJN_NSD,5,1.4834
7XJN_NSD,50,1.2734
7XJN_NSD,51,1.7272
7XJN_NSD,52,1.2639
7XJN_NSD,53,1.1839
7XJN_NSD,54,0.7868
7XJN_NSD,55,1.2380
7XJN_NSD,56,1.3210
7XJN_NSD,57,1.1256
7XJN_NSD,58,0.8677
7XJN_NSD,59,1.0372
7XJN_NSD,6,1.2664
7XJN_NSD,60,1.4669
7XJN_NSD,61,1.2735
7XJN_NSD,62,1.2473
7XJN_NSD,63,0.9563
7XJN_NSD,64,1.4056
7XJN_NSD,65,2.2804
7XJN_NSD,66,1.0549
7XJN_NSD,67,1.4198
7XJN_NSD,68,1.0800
7XJN_NSD,69,1.1784
7XJN_NSD,7,0.9292
7XJN_NSD,70,0.8099
7XJN_NSD,71,1.1317
7XJN_NSD,72,1.2294
7XJN_NSD,73,1.6550
7XJN_NSD,74,1.6234
7XJN_NSD,75,1.0953
7XJN_NSD,76,0.9152
7XJN_NSD,77,1.2263
7XJN_NSD,78,1.0354
7XJN_NSD,79,0.7242
7XJN_NSD,8,1.2297
7XJN_NSD,80,1.0155
7XJN_NSD,81,1.0283
7XJN_NSD,82,1.3216
7XJN_NSD,83,1.1900
7XJN_NSD,84,0.8769
7XJN_NSD,85,1.2832
7XJN_NSD,86,0.8634
7XJN_NSD,87,0.9405
7XJN_NSD,88,1.8000
7XJN_NSD,89,1.1113
7XJN_NSD,9,1.3490
7XJN_NSD,90,1.4184
7XJN_NSD,91,1.2470
7XJN_NSD,92,0.9414
7XJN_NSD,93,1.2510
7XJN_NSD,94,1.3135
7XJN_NSD,95,0.7489
7XJN_NSD,96,0.9753
7XJN_NSD,97,0.7469
7XJN_NSD,98,1.3543
7XJN_NSD,99,0.8338
7XQZ_FPF,0,1.9695
7XQZ_FPF,1,2.0751
7XQZ_FPF,10,1.5774
7XQZ_FPF,100,1.9063
7XQZ_FPF,101,2.3232
7XQZ_FPF,102,2.0097
7XQZ_FPF,103,1.8225
7XQZ_FPF,104,1.9183
7XQZ_FPF,105,2.3029
7XQZ_FPF,106,2.0081
7XQZ_FPF,107,2.0412
7XQZ_FPF,108,1.5078
7XQZ_FPF,109,2.8375
7XQZ_FPF,11,2.5236
7XQZ_FPF,110,2.2140
7XQZ_FPF,111,2.1980
7XQZ_FPF,112,2.0992
7XQZ_FPF,113,2.0357
7XQZ_FPF,114,1.7248
7XQZ_FPF,115,1.9502
7XQZ_FPF,116,2.1720
7XQZ_FPF,117,2.0277
7XQZ_FPF,118,2.2999
7XQZ_FPF,119,2.0088
7XQZ_FPF,12,2.0885
7XQZ_FPF,120,2.5128
7XQZ_FPF,121,2.6861
7XQZ_FPF,122,2.4368
7XQZ_FPF,123,2.0031
7XQZ_FPF,124,2.3145
7XQZ_FPF,125,2.2026
7XQZ_FPF,126,1.6209
7XQZ_FPF,127,2.3557
7XQZ_FPF,128,2.3768
7XQZ_FPF,129,1.7705
7XQZ_FPF,13,1.8247
7XQZ_FPF,130,1.9612
7XQZ_FPF,131,1.9336
7XQZ_FPF,132,2.1032
7XQZ_FPF,133,1.9872
7XQZ_FPF,134,1.5668
7XQZ_FPF,135,1.7958
7XQZ_FPF,136,2.0963
7XQZ_FPF,137,1.8703
7XQZ_FPF,138,2.1741
7XQZ_FPF,139,2.1495
7XQZ_FPF,14,2.1153
7XQZ_FPF,15,2.2016
7XQZ_FPF,16,1.9214
7XQZ_FPF,17,1.5322
7XQZ_FPF,18,1.1206
7XQZ_FPF,19,1.9640
7XQZ_FPF,2,2.8647
7XQZ_FPF,20,2.1386
7XQZ_FPF,21,2.2899
7XQZ_FPF,22,2.2867
7XQZ_FPF,23,2.5980
7XQZ_FPF,24,1.9240
7XQZ_FPF,25,1.6753
7XQZ_FPF,26,2.2163
7XQZ_FPF,27,1.8147
7XQZ_FPF,28,1.9159
7XQZ_FPF,29,2.1048
7XQZ_FPF,3,1.9185
7XQZ_FPF,30,2.2902
7XQZ_FPF,31,1.8548
7XQZ_FPF,32,2.1523
7XQZ_FPF,33,2.0411
7XQZ_FPF,34,1.8367
7XQZ_FPF,35,1.5420
7XQZ_FPF,36,1.6393
7XQZ_FPF,37,1.7576
7XQZ_FPF,38,2.4942
7XQZ_FPF,39,2.2208
7XQZ_FPF,4,2.0186
7XQZ_FPF,40,2.6371
7XQZ_FPF,41,1.3962
7XQZ_FPF,42,1.7844
7XQZ_FPF,43,1.8728
7XQZ_FPF,44,2.0041
7XQZ_FPF,45,1.8830
7XQZ_FPF,46,1.7019
7XQZ_FPF,47,1.9976
7XQZ_FPF,48,1.8406
7XQZ_FPF,49,1.9222
7XQZ_FPF,5,2.2608
7XQZ_FPF,50,2.0101
7XQZ_FPF,51,1.4240
7XQZ_FPF,52,2.2322
7XQZ_FPF,53,1.9005
7XQZ_FPF,54,1.8018
7XQZ_FPF,55,1.8196
7XQZ_FPF,56,1.7161
7XQZ_FPF,57,1.4559
7XQZ_FPF,58,2.0639
7XQZ_FPF,59,2.5980
7XQZ_FPF,6,1.8180
7XQZ_FPF,60,2.0909
7XQZ_FPF,61,2.1996
7XQZ_FPF,62,1.9322
7XQZ_FPF,63,2.1478
7XQZ_FPF,64,2.1416
7XQZ_FPF,65,2.0023
7XQZ_FPF,66,1.8171
7XQZ_FPF,67,1.5538
7XQZ_FPF,68,1.6617
7XQZ_FPF,69,1.8322
7XQZ_FPF,7,2.0591
7XQZ_FPF,70,1.7849
7XQZ_FPF,71,2.2848
7XQZ_FPF,72,2.5970
7XQZ_FPF,73,1.6142
7XQZ_FPF,74,2.9000
7XQZ_FPF,75,1.4172
7XQZ_FPF,76,2.1564
7XQZ_FPF,77,1.9517
7XQZ_FPF,78,2.2586
7XQZ_FPF,79,2.0798
7XQZ_FPF,8,1.9209
7XQZ_FPF,80,2.1627
7XQZ_FPF,81,1.6584
7XQZ_FPF,82,1.9547
7XQZ_FPF,83,1.7411
7XQZ_FPF,84,1.7901
7XQZ_FPF,85,1.5276
7XQZ_FPF,86,1.9486
7XQZ_FPF,87,1.8506
7XQZ_FPF,88,2.0684
7XQZ_FPF,89,2.5123
7XQZ_FPF,9,2.0359
7XQZ_FPF,90,2.0574
7XQZ_FPF,91,1.9317
7XQZ_FPF,92,2.6163
7XQZ_FPF,93,1.8046
7XQZ_FPF,94,1.8219
7XQZ_FPF,95,2.0576
7XQZ_FPF,96,2.1023
7XQZ_FPF,97,2.0834
7XQZ_FPF,98,1.7673
7XQZ_FPF,99,1.5333
7XRL_FWK,0,5.0870
7XRL_FWK,1,5.3901
7XRL_FWK,10,5.0603
7XRL_FWK,100,5.4874
7XRL_FWK,101,5.3762
7XRL_FWK,102,5.4757
7XRL_FWK,103,5.3264
7XRL_FWK,104,5.0578
7XRL_FWK,105,5.8071
7XRL_FWK,106,2.0965
7XRL_FWK,107,5.8310
7XRL_FWK,108,5.2259
7XRL_FWK,109,5.8746
7XRL_FWK,11,5.2559
7XRL_FWK,110,5.2432
7XRL_FWK,111,5.3021
7XRL_FWK,112,4.9113
7XRL_FWK,113,5.6092
7XRL_FWK,114,5.0854
7XRL_FWK,115,5.0579
7XRL_FWK,116,5.4635
7XRL_FWK,117,5.7108
7XRL_FWK,118,5.1447
7XRL_FWK,119,5.6985
7XRL_FWK,12,5.8327
7XRL_FWK,120,5.3516
7XRL_FWK,121,5.1685
7XRL_FWK,122,5.0509
7XRL_FWK,123,5.0875
7XRL_FWK,124,5.7645
7XRL_FWK,125,5.4993
7XRL_FWK,126,4.9910
7XRL_FWK,127,5.1849
7XRL_FWK,128,4.6374
7XRL_FWK,129,5.3138
7XRL_FWK,13,5.6250
7XRL_FWK,130,5.7149
7XRL_FWK,131,5.8951
7XRL_FWK,132,5.3619
7XRL_FWK,133,5.4634
7XRL_FWK,134,5.4408
7XRL_FWK,135,5.3769
7XRL_FWK,136,5.3008
7XRL_FWK,137,5.2990
7XRL_FWK,138,5.4890
7XRL_FWK,139,5.0860
7XRL_FWK,14,5.6025
7XRL_FWK,15,5.6978
7XRL_FWK,16,5.4795
7XRL_FWK,17,4.9130
7XRL_FWK,18,5.0282
7XRL_FWK,19,5.0398
7XRL_FWK,2,5.1269
7XRL_FWK,20,5.4351
7XRL_FWK,21,5.1258
7XRL_FWK,22,5.6463
7XRL_FWK,23,5.7047
7XRL_FWK,24,5.5233
7XRL_FWK,25,5.3406
7XRL_FWK,26,5.2492
7XRL_FWK,27,5.1401
7XRL_FWK,28,5.4093
7XRL_FWK,29,5.0935
7XRL_FWK,3,5.5392
7XRL_FWK,30,5.7200
7XRL_FWK,31,5.4756
7XRL_FWK,32,5.3681
7XRL_FWK,33,5.5578
7XRL_FWK,34,5.5211
7XRL_FWK,35,5.6407
7XRL_FWK,36,5.6577
7XRL_FWK,37,4.9665
7XRL_FWK,38,5.0005
7XRL_FWK,39,5.6159
7XRL_FWK,4,5.2160
7XRL_FWK,40,5.5085
7XRL_FWK,41,5.6069
7XRL_FWK,42,5.2714
7XRL_FWK,43,4.8472
7XRL_FWK,44,5.8767
7XRL_FWK,45,4.8708
7XRL_FWK,46,5.3837
7XRL_FWK,47,5.4993
7XRL_FWK,48,5.0992
7XRL_FWK,49,5.5532
7XRL_FWK,5,5.4445
7XRL_FWK,50,5.3878
7XRL_FWK,51,5.5979
7XRL_FWK,52,5.3029
7XRL_FWK,53,5.6442
7XRL_FWK,54,5.2771
7XRL_FWK,55,4.8850
7XRL_FWK,56,5.1699
7XRL_FWK,57,5.0485
7XRL_FWK,58,5.1847
7XRL_FWK,59,5.4434
7XRL_FWK,6,5.2475
7XRL_FWK,60,5.6448
7XRL_FWK,61,5.7976
7XRL_FWK,62,5.1937
7XRL_FWK,63,2.0736
7XRL_FWK,64,5.1457
7XRL_FWK,65,4.9385
7XRL_FWK,66,5.3117
7XRL_FWK,67,5.3389
7XRL_FWK,68,4.8826
7XRL_FWK,69,5.1889
7XRL_FWK,7,4.8399
7XRL_FWK,70,5.2577
7XRL_FWK,71,5.3228
7XRL_FWK,72,5.5621
7XRL_FWK,73,5.4382
7XRL_FWK,74,5.8867
7XRL_FWK,75,5.2529
7XRL_FWK,76,5.2371
7XRL_FWK,77,5.4465
7XRL_FWK,78,5.2407
7XRL_FWK,79,5.6945
7XRL_FWK,8,5.6005
7XRL_FWK,80,5.1907
7XRL_FWK,81,5.3335
7XRL_FWK,82,5.1866
7XRL_FWK,83,1.3294
7XRL_FWK,84,5.7425
7XRL_FWK,85,5.5043
7XRL_FWK,86,5.3771
7XRL_FWK,87,5.5479
7XRL_FWK,88,5.4005
7XRL_FWK,89,5.5571
7XRL_FWK,9,5.2657
7XRL_FWK,90,5.5930
7XRL_FWK,91,4.6971
7XRL_FWK,92,5.5899
7XRL_FWK,93,5.1227
7XRL_FWK,94,5.7247
7XRL_FWK,95,5.7034
7XRL_FWK,96,2.5987
7XRL_FWK,97,5.7311
7XRL_FWK,98,5.4481
7XRL_FWK,99,5.3247
7YZU_DO7,0,2.6459
7YZU_DO7,1,1.1475
7YZU_DO7,10,0.9375
7YZU_DO7,100,0.8054
7YZU_DO7,101,2.9657
7YZU_DO7,102,1.3313
7YZU_DO7,103,1.3435
7YZU_DO7,104,0.9429
7YZU_DO7,105,1.2096
7YZU_DO7,106,1.1067
7YZU_DO7,107,2.2568
7YZU_DO7,108,1.4367
7YZU_DO7,109,1.0621
7YZU_DO7,11,1.2642
7YZU_DO7,110,1.0878
7YZU_DO7,111,0.4628
7YZU_DO7,112,1.2029
7YZU_DO7,113,0.9949
7YZU_DO7,114,1.2944
7YZU_DO7,115,1.8862
7YZU_DO7,116,1.2260
7YZU_DO7,117,1.1102
7YZU_DO7,118,1.1594
7YZU_DO7,119,1.2619
7YZU_DO7,12,2.9854
7YZU_DO7,120,1.1290
7YZU_DO7,121,1.3483
7YZU_DO7,122,1.1325
7YZU_DO7,123,3.0281
7YZU_DO7,124,1.1278
7YZU_DO7,125,1.2225
7YZU_DO7,126,0.9888
7YZU_DO7,127,1.5427
7YZU_DO7,128,0.8109
7YZU_DO7,129,1.4389
7YZU_DO7,13,0.7485
7YZU_DO7,130,1.2048
7YZU_DO7,131,1.4482
7YZU_DO7,132,2.2990
7YZU_DO7,133,1.1659
7YZU_DO7,134,0.5725
7YZU_DO7,135,1.1602
7YZU_DO7,136,1.1662
7YZU_DO7,137,2.8014
7YZU_DO7,138,2.0035
7YZU_DO7,139,1.0009
7YZU_DO7,14,0.7780
7YZU_DO7,15,1.4322
7YZU_DO7,16,1.2708
7YZU_DO7,17,0.5290
7YZU_DO7,18,1.0616
7YZU_DO7,19,0.9669
7YZU_DO7,2,2.8421
7YZU_DO7,20,1.6934
7YZU_DO7,21,1.0870
7YZU_DO7,22,0.7158
7YZU_DO7,23,1.3503
7YZU_DO7,24,0.6744
7YZU_DO7,25,0.5769
7YZU_DO7,26,1.0388
7YZU_DO7,27,0.6097
7YZU_DO7,28,1.2466
7YZU_DO7,29,0.7487
7YZU_DO7,3,1.0872
7YZU_DO7,30,1.3968
7YZU_DO7,31,1.1441
7YZU_DO7,32,1.2036
7YZU_DO7,33,0.7051
7YZU_DO7,34,2.3276
7YZU_DO7,35,1.2378
7YZU_DO7,36,0.9805
7YZU_DO7,37,2.0172
7YZU_DO7,38,1.1862
7YZU_DO7,39,1.2949
7YZU_DO7,4,1.2854
7YZU_DO7,40,1.1254
7YZU_DO7,41,0.7884
7YZU_DO7,42,1.3347
7YZU_DO7,43,0.8419
7YZU_DO7,44,1.2805
7YZU_DO7,45,0.8501
7YZU_DO7,46,2.8564
7YZU_DO7,47,1.2893
7YZU_DO7,48,0.9551
7YZU_DO7,49,2.8612
7YZU_DO7,5,0.8193
7YZU_DO7,50,2.0573
7YZU_DO7,51,1.8387
7YZU_DO7,52,1.7334
7YZU_DO7,53,1.2155
7YZU_DO7,54,1.0835
7YZU_DO7,55,1.2394
7YZU_DO7,56,0.9865
7YZU_DO7,57,0.8755
7YZU_DO7,58,2.8458
7YZU_DO7,59,1.2730
7YZU_DO7,6,1.0023
7YZU_DO7,60,1.1755
7YZU_DO7,61,1.4287
7YZU_DO7,62,1.8031
7YZU_DO7,63,0.9877
7YZU_DO7,64,1.4371
7YZU_DO7,65,1.4563
7YZU_DO7,66,1.2954
7YZU_DO7,67,0.8533
7YZU_DO7,68,1.1548
7YZU_DO7,69,1.0415
7YZU_DO7,7,2.8427
7YZU_DO7,70,1.1707
7YZU_DO7,71,1.0122
7YZU_DO7,72,1.0005
7YZU_DO7,73,1.3894
7YZU_DO7,74,1.0871
7YZU_DO7,75,1.1136
7YZU_DO7,76,0.5055
7YZU_DO7,77,2.9373
7YZU_DO7,78,0.9449
7YZU_DO7,79,1.0067
7YZU_DO7,8,3.0840
7YZU_DO7,80,1.7577
7YZU_DO7,81,0.6364
7YZU_DO7,82,0.9890
7YZU_DO7,83,2.3723
7YZU_DO7,84,2.1748
7YZU_DO7,85,1.1783
7YZU_DO7,86,1.2754
7YZU_DO7,87,1.2895
7YZU_DO7,88,1.3844
7YZU_DO7,89,1.0659
7YZU_DO7,9,0.9702
7YZU_DO7,90,1.1194
7YZU_DO7,91,2.7895
7YZU_DO7,92,2.2245
7YZU_DO7,93,1.3114
7YZU_DO7,94,0.8086
7YZU_DO7,95,1.2281
7YZU_DO7,96,0.9265
7YZU_DO7,97,3.9820
7YZU_DO7,98,0.8473
7YZU_DO7,99,1.2793
7Z1Q_NIO,0,1.7238
7Z1Q_NIO,1,1.0399
7Z1Q_NIO,10,1.2189
7Z1Q_NIO,100,1.6737
7Z1Q_NIO,101,0.6828
7Z1Q_NIO,102,1.6778
7Z1Q_NIO,103,0.7207
7Z1Q_NIO,104,1.3940
7Z1Q_NIO,105,1.7566
7Z1Q_NIO,106,0.9352
7Z1Q_NIO,107,1.2779
7Z1Q_NIO,108,1.8007
7Z1Q_NIO,109,1.9937
7Z1Q_NIO,11,0.8779
7Z1Q_NIO,110,1.3459
7Z1Q_NIO,111,1.6485
7Z1Q_NIO,112,2.0952
7Z1Q_NIO,113,2.0943
7Z1Q_NIO,114,1.9227
7Z1Q_NIO,115,1.6074
7Z1Q_NIO,116,1.7220
7Z1Q_NIO,117,1.8856
7Z1Q_NIO,118,1.4305
7Z1Q_NIO,119,0.6996
7Z1Q_NIO,12,1.8250
7Z1Q_NIO,120,1.7974
7Z1Q_NIO,121,1.5048
7Z1Q_NIO,122,1.4005
7Z1Q_NIO,123,2.2462
7Z1Q_NIO,124,0.8260
7Z1Q_NIO,125,1.4033
7Z1Q_NIO,126,2.1419
7Z1Q_NIO,127,1.8836
7Z1Q_NIO,128,0.6972
7Z1Q_NIO,129,1.6838
7Z1Q_NIO,13,1.7501
7Z1Q_NIO,130,1.3019
7Z1Q_NIO,131,1.7514
7Z1Q_NIO,132,1.9816
7Z1Q_NIO,133,1.6381
7Z1Q_NIO,134,1.5936
7Z1Q_NIO,135,1.3319
7Z1Q_NIO,136,1.7160
7Z1Q_NIO,137,1.5924
7Z1Q_NIO,138,0.8303
7Z1Q_NIO,139,2.1073
7Z1Q_NIO,14,1.4050
7Z1Q_NIO,15,2.0125
7Z1Q_NIO,16,1.5449
7Z1Q_NIO,17,1.6251
7Z1Q_NIO,18,2.0395
7Z1Q_NIO,19,1.1924
7Z1Q_NIO,2,1.0332
7Z1Q_NIO,20,0.9389
7Z1Q_NIO,21,1.3794
7Z1Q_NIO,22,1.7121
7Z1Q_NIO,23,1.6985
7Z1Q_NIO,24,1.9702
7Z1Q_NIO,25,1.5449
7Z1Q_NIO,26,1.4440
7Z1Q_NIO,27,0.9197
7Z1Q_NIO,28,1.1241
7Z1Q_NIO,29,1.5319
7Z1Q_NIO,3,1.3571
7Z1Q_NIO,30,1.9537
7Z1Q_NIO,31,1.1368
7Z1Q_NIO,32,1.4312
7Z1Q_NIO,33,1.9794
7Z1Q_NIO,34,1.9609
7Z1Q_NIO,35,1.9293
7Z1Q_NIO,36,1.6375
7Z1Q_NIO,37,0.6481
7Z1Q_NIO,38,1.9980
7Z1Q_NIO,39,1.4274
7Z1Q_NIO,4,1.8022
7Z1Q_NIO,40,2.0490
7Z1Q_NIO,41,1.8269
7Z1Q_NIO,42,1.6419
7Z1Q_NIO,43,1.3362
7Z1Q_NIO,44,1.6992
7Z1Q_NIO,45,1.7082
7Z1Q_NIO,46,1.6947
7Z1Q_NIO,47,1.0068
7Z1Q_NIO,48,1.5007
7Z1Q_NIO,49,1.6973
7Z1Q_NIO,5,1.9913
7Z1Q_NIO,50,1.5814
7Z1Q_NIO,51,1.6829
7Z1Q_NIO,52,1.6474
7Z1Q_NIO,53,2.0320
7Z1Q_NIO,54,1.8505
7Z1Q_NIO,55,1.2172
7Z1Q_NIO,56,1.1616
7Z1Q_NIO,57,1.0586
7Z1Q_NIO,58,1.1037
7Z1Q_NIO,59,1.2621
7Z1Q_NIO,6,1.9910
7Z1Q_NIO,60,0.6951
7Z1Q_NIO,61,1.3608
7Z1Q_NIO,62,1.6941
7Z1Q_NIO,63,0.8125
7Z1Q_NIO,64,2.0450
7Z1Q_NIO,65,2.2433
7Z1Q_NIO,66,1.3996
7Z1Q_NIO,67,1.9743
7Z1Q_NIO,68,1.2734
7Z1Q_NIO,69,1.3832
7Z1Q_NIO,7,1.2467
7Z1Q_NIO,70,2.0439
7Z1Q_NIO,71,0.8767
7Z1Q_NIO,72,1.6874
7Z1Q_NIO,73,0.4927
7Z1Q_NIO,74,1.9643
7Z1Q_NIO,75,1.6883
7Z1Q_NIO,76,1.9905
7Z1Q_NIO,77,1.9231
7Z1Q_NIO,78,1.6232
7Z1Q_NIO,79,1.2117
7Z1Q_NIO,8,1.5067
7Z1Q_NIO,80,1.6106
7Z1Q_NIO,81,2.4465
7Z1Q_NIO,82,1.7896
7Z1Q_NIO,83,2.4078
7Z1Q_NIO,84,1.6510
7Z1Q_NIO,85,1.6908
7Z1Q_NIO,86,0.9066
7Z1Q_NIO,87,1.0067
7Z1Q_NIO,88,1.3554
7Z1Q_NIO,89,1.6922
7Z1Q_NIO,9,1.4101
7Z1Q_NIO,90,1.5475
7Z1Q_NIO,91,0.9496
7Z1Q_NIO,92,1.9439
7Z1Q_NIO,93,1.9894
7Z1Q_NIO,94,1.4908
7Z1Q_NIO,95,1.6495
7Z1Q_NIO,96,0.8142
7Z1Q_NIO,97,0.5259
7Z1Q_NIO,98,1.9864
7Z1Q_NIO,99,1.9924
7Z2O_IAJ,0,1.8690
7Z2O_IAJ,1,3.1508
7Z2O_IAJ,10,2.9804
7Z2O_IAJ,100,3.0995
7Z2O_IAJ,101,1.3858
7Z2O_IAJ,102,3.2377
7Z2O_IAJ,103,3.1673
7Z2O_IAJ,104,3.2809
7Z2O_IAJ,105,3.0179
7Z2O_IAJ,106,3.1006
7Z2O_IAJ,107,3.0099
7Z2O_IAJ,108,3.0402
7Z2O_IAJ,109,3.0449
7Z2O_IAJ,11,3.1025
7Z2O_IAJ,110,3.1647
7Z2O_IAJ,111,3.1347
7Z2O_IAJ,112,3.1268
7Z2O_IAJ,113,3.0701
7Z2O_IAJ,114,3.1025
7Z2O_IAJ,115,3.0495
7Z2O_IAJ,116,3.1037
7Z2O_IAJ,117,3.0568
7Z2O_IAJ,118,3.1859
7Z2O_IAJ,119,2.7084
7Z2O_IAJ,12,3.2962
7Z2O_IAJ,120,3.0333
7Z2O_IAJ,121,3.0387
7Z2O_IAJ,122,3.0276
7Z2O_IAJ,123,3.0409
7Z2O_IAJ,124,3.1101
7Z2O_IAJ,125,2.1242
7Z2O_IAJ,126,2.2930
7Z2O_IAJ,127,0.8937
7Z2O_IAJ,128,3.1964
7Z2O_IAJ,129,3.1570
7Z2O_IAJ,13,3.0226
7Z2O_IAJ,130,3.1323
7Z2O_IAJ,131,3.0782
7Z2O_IAJ,132,1.0412
7Z2O_IAJ,133,3.0202
7Z2O_IAJ,134,3.0913
7Z2O_IAJ,135,3.0236
7Z2O_IAJ,136,1.0631
7Z2O_IAJ,137,3.0621
7Z2O_IAJ,138,3.2290
7Z2O_IAJ,139,2.3764
7Z2O_IAJ,14,3.0719
7Z2O_IAJ,15,3.0283
7Z2O_IAJ,16,3.0679
7Z2O_IAJ,17,3.1064
7Z2O_IAJ,18,3.1779
7Z2O_IAJ,19,3.0530
7Z2O_IAJ,2,3.0318
7Z2O_IAJ,20,3.1146
7Z2O_IAJ,21,3.0193
7Z2O_IAJ,22,4.0000
7Z2O_IAJ,23,3.0654
7Z2O_IAJ,24,3.0626
7Z2O_IAJ,25,2.8984
7Z2O_IAJ,26,3.2255
7Z2O_IAJ,27,3.1400
7Z2O_IAJ,28,1.5543
7Z2O_IAJ,29,3.0464
7Z2O_IAJ,3,2.1151
7Z2O_IAJ,30,3.1128
7Z2O_IAJ,31,3.2244
7Z2O_IAJ,32,3.0592
7Z2O_IAJ,33,3.1459
7Z2O_IAJ,34,3.0424
7Z2O_IAJ,35,3.1046
7Z2O_IAJ,36,3.1426
7Z2O_IAJ,37,2.9904
7Z2O_IAJ,38,3.1769
7Z2O_IAJ,39,3.1318
7Z2O_IAJ,4,3.0008
7Z2O_IAJ,40,3.0873
7Z2O_IAJ,41,2.2792
7Z2O_IAJ,42,1.4841
7Z2O_IAJ,43,1.3464
7Z2O_IAJ,44,3.0522
7Z2O_IAJ,45,0.7096
7Z2O_IAJ,46,3.0276
7Z2O_IAJ,47,3.0233
7Z2O_IAJ,48,3.1721
7Z2O_IAJ,49,3.2225
7Z2O_IAJ,5,3.2954
7Z2O_IAJ,50,3.0537
7Z2O_IAJ,51,1.8087
7Z2O_IAJ,52,3.1789
7Z2O_IAJ,53,3.1194
7Z2O_IAJ,54,3.1741
7Z2O_IAJ,55,2.9957
7Z2O_IAJ,56,3.2026
7Z2O_IAJ,57,3.0472
7Z2O_IAJ,58,3.0861
7Z2O_IAJ,59,3.1374
7Z2O_IAJ,6,3.2408
7Z2O_IAJ,60,1.4526
7Z2O_IAJ,61,3.1725
7Z2O_IAJ,62,4.8355
7Z2O_IAJ,63,3.0371
7Z2O_IAJ,64,3.0519
7Z2O_IAJ,65,3.1378
7Z2O_IAJ,66,3.0951
7Z2O_IAJ,67,3.0074
7Z2O_IAJ,68,3.0294
7Z2O_IAJ,69,3.0738
7Z2O_IAJ,7,3.0579
7Z2O_IAJ,70,3.1798
7Z2O_IAJ,71,3.2030
7Z2O_IAJ,72,0.7257
7Z2O_IAJ,73,3.0022
7Z2O_IAJ,74,2.0017
7Z2O_IAJ,75,3.0049
7Z2O_IAJ,76,3.0752
7Z2O_IAJ,77,2.9953
7Z2O_IAJ,78,3.0159
7Z2O_IAJ,79,3.0105
7Z2O_IAJ,8,3.1085
7Z2O_IAJ,80,2.9309
7Z2O_IAJ,81,3.0655
7Z2O_IAJ,82,2.7241
7Z2O_IAJ,83,3.1758
7Z2O_IAJ,84,3.1518
7Z2O_IAJ,85,3.0990
7Z2O_IAJ,86,3.0500
7Z2O_IAJ,87,3.0252
7Z2O_IAJ,88,3.0705
7Z2O_IAJ,89,3.1520
7Z2O_IAJ,9,3.0857
7Z2O_IAJ,90,3.0086
7Z2O_IAJ,91,3.0448
7Z2O_IAJ,92,3.0828
7Z2O_IAJ,93,3.0117
7Z2O_IAJ,94,3.0739
7Z2O_IAJ,95,3.0026
7Z2O_IAJ,96,3.0079
7Z2O_IAJ,97,3.1873
7Z2O_IAJ,98,3.0827
7Z2O_IAJ,99,3.0489
7Z7F_IF3,0,4.3156
7Z7F_IF3,1,3.4300
7Z7F_IF3,10,3.7517
7Z7F_IF3,100,4.1522
7Z7F_IF3,101,3.6397
7Z7F_IF3,102,3.6729
7Z7F_IF3,103,4.2376
7Z7F_IF3,104,3.4528
7Z7F_IF3,105,3.5825
7Z7F_IF3,106,4.2350
7Z7F_IF3,107,4.4080
7Z7F_IF3,108,3.8229
7Z7F_IF3,109,4.2467
7Z7F_IF3,11,4.3863
7Z7F_IF3,110,3.7627
7Z7F_IF3,111,4.4820
7Z7F_IF3,112,4.1816
7Z7F_IF3,113,3.7659
7Z7F_IF3,114,4.0326
7Z7F_IF3,115,3.4093
7Z7F_IF3,116,3.4645
7Z7F_IF3,117,3.3858
7Z7F_IF3,118,3.4487
7Z7F_IF3,119,4.1092
7Z7F_IF3,12,0.7023
7Z7F_IF3,120,3.8259
7Z7F_IF3,121,3.7637
7Z7F_IF3,122,3.4624
7Z7F_IF3,123,3.9781
7Z7F_IF3,124,4.0849
7Z7F_IF3,125,0.2734
7Z7F_IF3,126,3.4057
7Z7F_IF3,127,3.1230
7Z7F_IF3,128,3.3954
7Z7F_IF3,129,0.3743
7Z7F_IF3,13,3.7241
7Z7F_IF3,130,3.9827
7Z7F_IF3,131,4.3740
7Z7F_IF3,132,3.6664
7Z7F_IF3,133,1.8792
7Z7F_IF3,134,3.5237
7Z7F_IF3,135,0.6300
7Z7F_IF3,136,3.5341
7Z7F_IF3,137,0.5295
7Z7F_IF3,138,3.4221
7Z7F_IF3,139,3.6300
7Z7F_IF3,14,3.4295
7Z7F_IF3,15,4.4571
7Z7F_IF3,16,3.9571
7Z7F_IF3,17,4.5231
7Z7F_IF3,18,4.4338
7Z7F_IF3,19,3.5710
7Z7F_IF3,2,1.7993
7Z7F_IF3,20,3.7407
7Z7F_IF3,21,3.4473
7Z7F_IF3,22,3.7384
7Z7F_IF3,23,4.2560
7Z7F_IF3,24,4.2217
7Z7F_IF3,25,4.7868
7Z7F_IF3,26,3.7036
7Z7F_IF3,27,4.3960
7Z7F_IF3,28,4.0331
7Z7F_IF3,29,0.3017
7Z7F_IF3,3,4.3775
7Z7F_IF3,30,3.6479
7Z7F_IF3,31,3.3293
7Z7F_IF3,32,4.1110
7Z7F_IF3,33,3.6712
7Z7F_IF3,34,0.6137
7Z7F_IF3,35,0.8584
7Z7F_IF3,36,3.7055
7Z7F_IF3,37,3.4070
7Z7F_IF3,38,3.3588
7Z7F_IF3,39,4.0383
7Z7F_IF3,4,4.1474
7Z7F_IF3,40,2.9264
7Z7F_IF3,41,3.5218
7Z7F_IF3,42,3.4748
7Z7F_IF3,43,3.9898
7Z7F_IF3,44,3.6676
7Z7F_IF3,45,4.2820
7Z7F_IF3,46,2.6527
7Z7F_IF3,47,3.9003
7Z7F_IF3,48,3.8581
7Z7F_IF3,49,0.5204
7Z7F_IF3,5,3.6783
7Z7F_IF3,50,4.2230
7Z7F_IF3,51,4.4317
7Z7F_IF3,52,0.5485
7Z7F_IF3,53,3.7750
7Z7F_IF3,54,3.5423
7Z7F_IF3,55,3.6158
7Z7F_IF3,56,2.4990
7Z7F_IF3,57,4.8599
7Z7F_IF3,58,4.4333
7Z7F_IF3,59,3.8850
7Z7F_IF3,6,3.7021
7Z7F_IF3,60,3.5491
7Z7F_IF3,61,3.7042
7Z7F_IF3,62,3.8260
7Z7F_IF3,63,0.4724
7Z7F_IF3,64,4.3359
7Z7F_IF3,65,3.9794
7Z7F_IF3,66,3.1590
7Z7F_IF3,67,0.3167
7Z7F_IF3,68,4.1189
7Z7F_IF3,69,4.2855
7Z7F_IF3,7,3.2837
7Z7F_IF3,70,3.8588
7Z7F_IF3,71,3.4545
7Z7F_IF3,72,0.3208
7Z7F_IF3,73,3.6289
7Z7F_IF3,74,4.3203
7Z7F_IF3,75,0.6761
7Z7F_IF3,76,0.5146
7Z7F_IF3,77,4.4291
7Z7F_IF3,78,2.6478
7Z7F_IF3,79,0.5309
7Z7F_IF3,8,3.7066
7Z7F_IF3,80,3.5936
7Z7F_IF3,81,3.6118
7Z7F_IF3,82,4.3917
7Z7F_IF3,83,3.6131
7Z7F_IF3,84,3.6938
7Z7F_IF3,85,0.1993
7Z7F_IF3,86,4.3913
7Z7F_IF3,87,4.4705
7Z7F_IF3,88,4.3395
7Z7F_IF3,89,3.9576
7Z7F_IF3,9,3.3865
7Z7F_IF3,90,3.3525
7Z7F_IF3,91,1.1311
7Z7F_IF3,92,3.4593
7Z7F_IF3,93,4.3638
7Z7F_IF3,94,0.3363
7Z7F_IF3,95,1.9123
7Z7F_IF3,96,3.9568
7Z7F_IF3,97,4.1292
7Z7F_IF3,98,4.1371
7Z7F_IF3,99,4.4953
7ZCC_OGA,0,1.0150
7ZCC_OGA,1,1.3730
7ZCC_OGA,1,1.1807
7ZCC_OGA,10,3.7337
7ZCC_OGA,100,0.4688
7ZCC_OGA,101,1.2983
7ZCC_OGA,102,1.0438
7ZCC_OGA,103,4.7491
7ZCC_OGA,104,0.9797
7ZCC_OGA,105,4.7608
7ZCC_OGA,106,4.4507
7ZCC_OGA,107,4.6843
7ZCC_OGA,108,4.7293
7ZCC_OGA,109,4.6797
7ZCC_OGA,11,1.3985
7ZCC_OGA,110,4.6179
7ZCC_OGA,111,1.5238
7ZCC_OGA,112,1.1003
7ZCC_OGA,113,4.6606
7ZCC_OGA,114,1.1214
7ZCC_OGA,115,0.4044
7ZCC_OGA,116,0.3305
7ZCC_OGA,117,4.6971
7ZCC_OGA,118,4.9800
7ZCC_OGA,119,1.1144
7ZCC_OGA,12,4.5314
7ZCC_OGA,120,4.6326
7ZCC_OGA,121,4.7390
7ZCC_OGA,122,4.6893
7ZCC_OGA,123,1.0878
7ZCC_OGA,124,1.6421
7ZCC_OGA,125,4.7119
7ZCC_OGA,126,4.6649
7ZCC_OGA,127,1.0749
7ZCC_OGA,128,4.7541
7ZCC_OGA,129,4.5800
7ZCC_OGA,13,4.6634
7ZCC_OGA,130,0.8608
7ZCC_OGA,131,4.7375
7ZCC_OGA,132,0.4364
7ZCC_OGA,133,1.7273
7ZCC_OGA,134,4.6426
7ZCC_OGA,135,0.7870
7ZCC_OGA,136,4.3945
7ZCC_OGA,137,1.7562
7ZCC_OGA,138,4.6052
7ZCC_OGA,139,4.2043
7ZCC_OGA,14,1.6945
7ZCC_OGA,15,1.1012
7ZCC_OGA,16,4.4687
7ZCC_OGA,17,4.3703
7ZCC_OGA,18,4.6140
7ZCC_OGA,19,4.6041
7ZCC_OGA,2,4.3095
7ZCC_OGA,20,1.3646
7ZCC_OGA,21,4.6547
7ZCC_OGA,22,1.2486
7ZCC_OGA,23,4.6623
7ZCC_OGA,24,4.5609
7ZCC_OGA,25,4.4460
7ZCC_OGA,26,1.0652
7ZCC_OGA,27,1.8108
7ZCC_OGA,28,1.2486
7ZCC_OGA,29,1.1530
7ZCC_OGA,3,3.8055
7ZCC_OGA,30,3.8412
7ZCC_OGA,31,2.0358
7ZCC_OGA,32,4.5266
7ZCC_OGA,33,4.7087
7ZCC_OGA,34,4.5275
7ZCC_OGA,35,4.7624
7ZCC_OGA,36,4.3545
7ZCC_OGA,37,0.9698
7ZCC_OGA,38,4.6151
7ZCC_OGA,39,1.1867
7ZCC_OGA,4,4.5535
7ZCC_OGA,40,4.6105
7ZCC_OGA,41,4.5954
7ZCC_OGA,42,4.5849
7ZCC_OGA,43,4.6308
7ZCC_OGA,44,1.4255
7ZCC_OGA,45,1.4244
7ZCC_OGA,46,4.6059
7ZCC_OGA,47,4.5010
7ZCC_OGA,48,4.6319
7ZCC_OGA,49,4.5566
7ZCC_OGA,5,0.9816
7ZCC_OGA,50,4.6610
7ZCC_OGA,51,1.8776
7ZCC_OGA,52,4.6812
7ZCC_OGA,53,1.1085
7ZCC_OGA,54,0.8246
7ZCC_OGA,55,4.4511
7ZCC_OGA,56,4.9248
7ZCC_OGA,57,4.6054
7ZCC_OGA,58,4.2884
7ZCC_OGA,59,4.6968
7ZCC_OGA,6,4.4575
7ZCC_OGA,60,4.3474
7ZCC_OGA,61,1.6394
7ZCC_OGA,62,1.2669
7ZCC_OGA,63,4.7521
7ZCC_OGA,64,4.7857
7ZCC_OGA,65,4.6964
7ZCC_OGA,66,0.8796
7ZCC_OGA,67,4.5405
7ZCC_OGA,68,4.5922
7ZCC_OGA,69,0.3095
7ZCC_OGA,7,4.5330
7ZCC_OGA,70,1.8564
7ZCC_OGA,71,0.9067
7ZCC_OGA,72,0.7752
7ZCC_OGA,73,1.1189
7ZCC_OGA,74,1.2204
7ZCC_OGA,75,4.5723
7ZCC_OGA,76,1.5815
7ZCC_OGA,77,4.6948
7ZCC_OGA,78,1.2103
7ZCC_OGA,79,4.5982
7ZCC_OGA,8,4.7092
7ZCC_OGA,80,5.0151
7ZCC_OGA,81,4.7310
7ZCC_OGA,82,1.5937
7ZCC_OGA,83,4.6689
7ZCC_OGA,84,4.5178
7ZCC_OGA,85,1.8494
7ZCC_OGA,86,1.4908
7ZCC_OGA,87,1.1948
7ZCC_OGA,88,4.7916
7ZCC_OGA,89,1.5727
7ZCC_OGA,9,4.7395
7ZCC_OGA,90,1.5157
7ZCC_OGA,91,4.4454
7ZCC_OGA,92,4.6985
7ZCC_OGA,93,4.6063
7ZCC_OGA,94,4.3311
7ZCC_OGA,95,1.2968
7ZCC_OGA,96,4.5799
7ZCC_OGA,97,1.1686
7ZCC_OGA,98,4.6357
7ZCC_OGA,99,4.6419
7ZDY_6MJ,0,2.6473
7ZDY_6MJ,1,3.2992
7ZDY_6MJ,10,2.8599
7ZDY_6MJ,100,0.8581
7ZDY_6MJ,101,1.5482
7ZDY_6MJ,102,0.5795
7ZDY_6MJ,103,2.7818
7ZDY_6MJ,104,0.5945
7ZDY_6MJ,105,0.9076
7ZDY_6MJ,106,0.5114
7ZDY_6MJ,107,1.2604
7ZDY_6MJ,108,1.1034
7ZDY_6MJ,109,2.8300
7ZDY_6MJ,11,2.9677
7ZDY_6MJ,110,1.0426
7ZDY_6MJ,111,1.9540
7ZDY_6MJ,112,1.4289
7ZDY_6MJ,113,0.7420
7ZDY_6MJ,114,0.5490
7ZDY_6MJ,115,0.8905
7ZDY_6MJ,116,2.4045
7ZDY_6MJ,117,0.7183
7ZDY_6MJ,118,3.1970
7ZDY_6MJ,119,3.0650
7ZDY_6MJ,12,0.4798
7ZDY_6MJ,120,1.1064
7ZDY_6MJ,121,1.1090
7ZDY_6MJ,122,1.5895
7ZDY_6MJ,123,2.7597
7ZDY_6MJ,124,3.2178
7ZDY_6MJ,125,2.6036
7ZDY_6MJ,126,2.8209
7ZDY_6MJ,127,1.6739
7ZDY_6MJ,128,2.7685
7ZDY_6MJ,129,2.9050
7ZDY_6MJ,13,0.7088
7ZDY_6MJ,130,2.7376
7ZDY_6MJ,131,1.8528
7ZDY_6MJ,132,2.6764
7ZDY_6MJ,133,0.4942
7ZDY_6MJ,134,1.0584
7ZDY_6MJ,135,1.3762
7ZDY_6MJ,136,0.8857
7ZDY_6MJ,137,1.0055
7ZDY_6MJ,138,2.9291
7ZDY_6MJ,139,2.2911
7ZDY_6MJ,14,2.7775
7ZDY_6MJ,15,2.7044
7ZDY_6MJ,16,1.1232
7ZDY_6MJ,17,1.3773
7ZDY_6MJ,18,2.8890
7ZDY_6MJ,19,1.8995
7ZDY_6MJ,2,2.5546
7ZDY_6MJ,20,2.9190
7ZDY_6MJ,21,0.3890
7ZDY_6MJ,22,2.7926
7ZDY_6MJ,23,1.0555
7ZDY_6MJ,24,1.4465
7ZDY_6MJ,25,2.5690
7ZDY_6MJ,26,1.2420
7ZDY_6MJ,27,2.7895
7ZDY_6MJ,28,0.6853
7ZDY_6MJ,29,0.8390
7ZDY_6MJ,3,1.1670
7ZDY_6MJ,30,0.7712
7ZDY_6MJ,31,0.9655
7ZDY_6MJ,32,0.6622
7ZDY_6MJ,33,1.2372
7ZDY_6MJ,34,2.5911
7ZDY_6MJ,35,2.8996
7ZDY_6MJ,36,2.7803
7ZDY_6MJ,37,2.8315
7ZDY_6MJ,38,2.5906
7ZDY_6MJ,39,0.8950
7ZDY_6MJ,4,2.4455
7ZDY_6MJ,40,0.5361
7ZDY_6MJ,41,1.7976
7ZDY_6MJ,42,1.3376
7ZDY_6MJ,43,1.1432
7ZDY_6MJ,44,1.7259
7ZDY_6MJ,45,3.4096
7ZDY_6MJ,46,0.7392
7ZDY_6MJ,47,2.7902
7ZDY_6MJ,48,2.8522
7ZDY_6MJ,49,1.8456
7ZDY_6MJ,5,2.4354
7ZDY_6MJ,50,1.2338
7ZDY_6MJ,51,0.9171
7ZDY_6MJ,52,0.8361
7ZDY_6MJ,53,1.2269
7ZDY_6MJ,54,2.5532
7ZDY_6MJ,55,0.5697
7ZDY_6MJ,56,2.7636
7ZDY_6MJ,57,2.6052
7ZDY_6MJ,58,2.8301
7ZDY_6MJ,59,1.5058
7ZDY_6MJ,6,1.4801
7ZDY_6MJ,60,2.6148
7ZDY_6MJ,61,1.2298
7ZDY_6MJ,62,2.7860
7ZDY_6MJ,63,1.2548
7ZDY_6MJ,64,2.8832
7ZDY_6MJ,65,2.8175
7ZDY_6MJ,66,0.6335
7ZDY_6MJ,67,2.7941
7ZDY_6MJ,68,0.9634
7ZDY_6MJ,69,2.5637
7ZDY_6MJ,7,3.0400
7ZDY_6MJ,70,0.5359
7ZDY_6MJ,71,3.1545
7ZDY_6MJ,72,0.9654
7ZDY_6MJ,73,0.8835
7ZDY_6MJ,74,1.2554
7ZDY_6MJ,75,1.2832
7ZDY_6MJ,76,2.9331
7ZDY_6MJ,77,2.3972
7ZDY_6MJ,78,0.7179
7ZDY_6MJ,79,0.6156
7ZDY_6MJ,8,0.9566
7ZDY_6MJ,80,2.6088
7ZDY_6MJ,81,1.5816
7ZDY_6MJ,82,0.9667
7ZDY_6MJ,83,2.5085
7ZDY_6MJ,84,2.8369
7ZDY_6MJ,85,0.7239
7ZDY_6MJ,86,1.0608
7ZDY_6MJ,87,0.9520
7ZDY_6MJ,88,1.0288
7ZDY_6MJ,89,2.2535
7ZDY_6MJ,9,0.9974
7ZDY_6MJ,90,1.6423
7ZDY_6MJ,91,2.6553
7ZDY_6MJ,92,1.2898
7ZDY_6MJ,93,2.7457
7ZDY_6MJ,94,0.9076
7ZDY_6MJ,95,1.1304
7ZDY_6MJ,96,0.9348
7ZDY_6MJ,97,2.6342
7ZDY_6MJ,98,0.6362
7ZDY_6MJ,99,2.8634
7ZF0_DHR,0,1.5192
7ZF0_DHR,1,0.2732
7ZF0_DHR,10,2.6608
7ZF0_DHR,100,2.2758
7ZF0_DHR,101,1.7882
7ZF0_DHR,102,2.1322
7ZF0_DHR,103,1.4859
7ZF0_DHR,104,0.5921
7ZF0_DHR,105,0.6848
7ZF0_DHR,106,0.5412
7ZF0_DHR,107,1.3430
7ZF0_DHR,108,1.0722
7ZF0_DHR,109,1.4214
7ZF0_DHR,11,0.8631
7ZF0_DHR,110,1.6614
7ZF0_DHR,111,1.3906
7ZF0_DHR,112,0.6256
7ZF0_DHR,113,1.1887
7ZF0_DHR,114,0.5098
7ZF0_DHR,115,1.0072
7ZF0_DHR,115,1.2676
7ZF0_DHR,116,1.7427
7ZF0_DHR,117,1.1109
7ZF0_DHR,118,0.6123
7ZF0_DHR,119,2.1750
7ZF0_DHR,12,1.5679
7ZF0_DHR,120,0.5130
7ZF0_DHR,121,0.9117
7ZF0_DHR,122,1.1452
7ZF0_DHR,123,0.9116
7ZF0_DHR,124,2.2877
7ZF0_DHR,125,0.9152
7ZF0_DHR,126,0.4202
7ZF0_DHR,127,1.0905
7ZF0_DHR,128,1.3450
7ZF0_DHR,129,1.4079
7ZF0_DHR,13,2.0988
7ZF0_DHR,130,1.5799
7ZF0_DHR,131,0.7700
7ZF0_DHR,132,0.8199
7ZF0_DHR,133,1.4806
7ZF0_DHR,134,0.4588
7ZF0_DHR,135,1.7198
7ZF0_DHR,136,1.0122
7ZF0_DHR,137,1.5646
7ZF0_DHR,138,0.7634
7ZF0_DHR,139,1.6889
7ZF0_DHR,14,1.3219
7ZF0_DHR,15,0.9240
7ZF0_DHR,16,1.0749
7ZF0_DHR,17,1.4004
7ZF0_DHR,18,0.7311
7ZF0_DHR,19,0.5149
7ZF0_DHR,2,0.7976
7ZF0_DHR,20,1.9316
7ZF0_DHR,21,0.8958
7ZF0_DHR,22,0.4179
7ZF0_DHR,23,2.7509
7ZF0_DHR,24,0.8984
7ZF0_DHR,25,1.1298
7ZF0_DHR,26,1.9288
7ZF0_DHR,27,0.9393
7ZF0_DHR,28,1.6656
7ZF0_DHR,29,0.8579
7ZF0_DHR,3,1.4215
7ZF0_DHR,30,1.8961
7ZF0_DHR,31,0.7661
7ZF0_DHR,32,1.5796
7ZF0_DHR,33,1.3754
7ZF0_DHR,34,1.2819
7ZF0_DHR,35,1.1559
7ZF0_DHR,36,2.7149
7ZF0_DHR,37,1.4104
7ZF0_DHR,38,1.5126
7ZF0_DHR,39,2.6021
7ZF0_DHR,4,1.3872
7ZF0_DHR,40,2.5005
7ZF0_DHR,41,0.9469
7ZF0_DHR,42,0.5518
7ZF0_DHR,43,0.7301
7ZF0_DHR,44,1.8341
7ZF0_DHR,45,1.4904
7ZF0_DHR,46,0.3921
7ZF0_DHR,47,0.9903
7ZF0_DHR,48,1.4692
7ZF0_DHR,49,1.7233
7ZF0_DHR,5,1.7846
7ZF0_DHR,50,2.7348
7ZF0_DHR,51,0.7921
7ZF0_DHR,52,1.6135
7ZF0_DHR,53,0.7448
7ZF0_DHR,54,1.2435
7ZF0_DHR,55,0.5793
7ZF0_DHR,56,0.4718
7ZF0_DHR,57,0.6488
7ZF0_DHR,58,1.2206
7ZF0_DHR,59,1.4477
7ZF0_DHR,6,1.0596
7ZF0_DHR,60,1.8250
7ZF0_DHR,61,2.0080
7ZF0_DHR,62,0.6234
7ZF0_DHR,63,1.3116
7ZF0_DHR,64,1.6897
7ZF0_DHR,65,0.8694
7ZF0_DHR,66,0.9788
7ZF0_DHR,67,1.2932
7ZF0_DHR,68,0.8718
7ZF0_DHR,69,2.8934
7ZF0_DHR,7,1.3018
7ZF0_DHR,70,1.5410
7ZF0_DHR,71,2.1757
7ZF0_DHR,72,1.3567
7ZF0_DHR,73,0.9101
7ZF0_DHR,74,0.8369
7ZF0_DHR,75,1.3987
7ZF0_DHR,76,0.4033
7ZF0_DHR,77,1.0467
7ZF0_DHR,78,1.7128
7ZF0_DHR,79,0.7015
7ZF0_DHR,8,0.8453
7ZF0_DHR,80,0.5520
7ZF0_DHR,81,1.5889
7ZF0_DHR,82,1.3071
7ZF0_DHR,83,0.7260
7ZF0_DHR,84,1.0143
7ZF0_DHR,85,1.6306
7ZF0_DHR,86,1.4248
7ZF0_DHR,87,0.5820
7ZF0_DHR,88,1.7520
7ZF0_DHR,89,0.8706
7ZF0_DHR,9,1.9670
7ZF0_DHR,90,1.6749
7ZF0_DHR,91,1.1177
7ZF0_DHR,92,0.7551
7ZF0_DHR,93,1.4870
7ZF0_DHR,94,1.6369
7ZF0_DHR,95,1.5576
7ZF0_DHR,96,0.6155
7ZF0_DHR,97,1.5832
7ZF0_DHR,98,1.1888
7ZF0_DHR,99,1.8564
7ZHP_IQY,0,7.3768
7ZHP_IQY,1,7.8517
7ZHP_IQY,10,2.3984
7ZHP_IQY,100,7.0704
7ZHP_IQY,101,1.5604
7ZHP_IQY,102,8.5025
7ZHP_IQY,103,1.1921
7ZHP_IQY,104,6.7060
7ZHP_IQY,105,7.4151
7ZHP_IQY,106,1.2960
7ZHP_IQY,107,0.9604
7ZHP_IQY,108,0.9387
7ZHP_IQY,109,7.4358
7ZHP_IQY,11,7.6007
7ZHP_IQY,11,4.1613
7ZHP_IQY,110,4.3810
7ZHP_IQY,111,2.6413
7ZHP_IQY,112,4.3597
7ZHP_IQY,113,6.0519
7ZHP_IQY,114,7.6965
7ZHP_IQY,115,1.0501
7ZHP_IQY,116,4.2524
7ZHP_IQY,117,0.9389
7ZHP_IQY,118,0.5942
7ZHP_IQY,119,0.8260
7ZHP_IQY,12,4.3262
7ZHP_IQY,120,0.4917
7ZHP_IQY,121,1.1108
7ZHP_IQY,122,7.5160
7ZHP_IQY,123,7.5824
7ZHP_IQY,124,6.5883
7ZHP_IQY,125,8.5125
7ZHP_IQY,126,7.9670
7ZHP_IQY,127,8.6006
7ZHP_IQY,128,8.3268
7ZHP_IQY,129,2.0817
7ZHP_IQY,129,1.5314
7ZHP_IQY,13,3.9379
7ZHP_IQY,130,3.4256
7ZHP_IQY,131,5.2976
7ZHP_IQY,132,3.8983
7ZHP_IQY,133,1.0022
7ZHP_IQY,134,3.9249
7ZHP_IQY,135,1.5666
7ZHP_IQY,136,1.2502
7ZHP_IQY,137,7.7498
7ZHP_IQY,138,0.7831
7ZHP_IQY,139,7.7453
7ZHP_IQY,14,2.9525
7ZHP_IQY,15,1.0378
7ZHP_IQY,16,0.7587
7ZHP_IQY,17,3.8566
7ZHP_IQY,18,8.5179
7ZHP_IQY,19,0.4830
7ZHP_IQY,2,7.4882
7ZHP_IQY,20,0.9768
7ZHP_IQY,21,6.6923
7ZHP_IQY,22,1.2931
7ZHP_IQY,23,8.0997
7ZHP_IQY,24,2.3606
7ZHP_IQY,25,7.2736
7ZHP_IQY,26,3.1879
7ZHP_IQY,27,8.6031
7ZHP_IQY,28,0.7697
7ZHP_IQY,29,3.7321
7ZHP_IQY,3,0.8184
7ZHP_IQY,30,6.7618
7ZHP_IQY,31,0.9391
7ZHP_IQY,32,1.3718
7ZHP_IQY,33,7.7801
7ZHP_IQY,34,1.1691
7ZHP_IQY,35,3.8819
7ZHP_IQY,36,7.0262
7ZHP_IQY,37,1.0410
7ZHP_IQY,38,7.0326
7ZHP_IQY,39,1.3349
7ZHP_IQY,4,7.6211
7ZHP_IQY,40,8.0626
7ZHP_IQY,41,1.0566
7ZHP_IQY,42,6.5364
7ZHP_IQY,43,6.8183
7ZHP_IQY,44,5.0729
7ZHP_IQY,45,0.8335
7ZHP_IQY,46,8.4017
7ZHP_IQY,47,2.8483
7ZHP_IQY,48,7.2920
7ZHP_IQY,49,2.6094
7ZHP_IQY,5,1.5433
7ZHP_IQY,50,1.2221
7ZHP_IQY,51,0.7396
7ZHP_IQY,52,7.5233
7ZHP_IQY,53,4.7503
7ZHP_IQY,54,1.0466
7ZHP_IQY,55,8.0299
7ZHP_IQY,56,7.8165
7ZHP_IQY,57,2.7342
7ZHP_IQY,58,7.8125
7ZHP_IQY,59,1.6901
7ZHP_IQY,6,1.2560
7ZHP_IQY,60,4.5590
7ZHP_IQY,61,7.1997
7ZHP_IQY,62,7.4089
7ZHP_IQY,63,8.4163
7ZHP_IQY,64,4.0397
7ZHP_IQY,65,0.7374
7ZHP_IQY,66,7.9919
7ZHP_IQY,67,7.8144
7ZHP_IQY,68,7.6628
7ZHP_IQY,69,3.8306
7ZHP_IQY,7,1.1598
7ZHP_IQY,70,0.9740
7ZHP_IQY,71,6.0624
7ZHP_IQY,72,6.3653
7ZHP_IQY,73,6.8833
7ZHP_IQY,74,3.4066
7ZHP_IQY,75,1.1449
7ZHP_IQY,76,1.1791
7ZHP_IQY,77,1.2765
7ZHP_IQY,78,3.9982
7ZHP_IQY,79,7.7784
7ZHP_IQY,8,1.8593
7ZHP_IQY,80,0.7992
7ZHP_IQY,81,1.1430
7ZHP_IQY,82,1.3135
7ZHP_IQY,83,8.1498
7ZHP_IQY,84,0.6686
7ZHP_IQY,85,8.3133
7ZHP_IQY,86,7.5763
7ZHP_IQY,87,1.1637
7ZHP_IQY,88,0.5230
7ZHP_IQY,89,3.8307
7ZHP_IQY,9,7.8998
7ZHP_IQY,90,1.0788
7ZHP_IQY,91,7.8187
7ZHP_IQY,92,0.8839
7ZHP_IQY,93,3.9485
7ZHP_IQY,94,8.9203
7ZHP_IQY,95,1.1878
7ZHP_IQY,96,1.3117
7ZHP_IQY,97,0.9974
7ZHP_IQY,98,1.2681
7ZHP_IQY,99,2.3891
7ZL5_IWE,0,0.4824
7ZL5_IWE,1,3.1522
7ZL5_IWE,10,1.0389
7ZL5_IWE,100,0.9908
7ZL5_IWE,101,1.8308
7ZL5_IWE,102,2.0758
7ZL5_IWE,103,0.8444
7ZL5_IWE,104,1.0228
7ZL5_IWE,105,0.9850
7ZL5_IWE,106,1.1899
7ZL5_IWE,107,0.9823
7ZL5_IWE,108,2.7951
7ZL5_IWE,109,0.5752
7ZL5_IWE,11,1.2695
7ZL5_IWE,110,0.6204
7ZL5_IWE,111,0.9329
7ZL5_IWE,112,0.5649
7ZL5_IWE,113,2.1186
7ZL5_IWE,114,3.1851
7ZL5_IWE,115,0.9484
7ZL5_IWE,116,1.0569
7ZL5_IWE,117,0.9561
7ZL5_IWE,118,0.9390
7ZL5_IWE,119,2.6921
7ZL5_IWE,12,1.7812
7ZL5_IWE,120,1.1420
7ZL5_IWE,121,0.3782
7ZL5_IWE,122,1.0460
7ZL5_IWE,123,0.7704
7ZL5_IWE,124,0.5712
7ZL5_IWE,125,0.7256
7ZL5_IWE,126,2.4992
7ZL5_IWE,127,1.1533
7ZL5_IWE,128,0.5380
7ZL5_IWE,129,1.1750
7ZL5_IWE,13,3.1778
7ZL5_IWE,130,1.4800
7ZL5_IWE,131,3.8101
7ZL5_IWE,132,0.8622
7ZL5_IWE,133,1.2249
7ZL5_IWE,134,2.6745
7ZL5_IWE,135,1.0477
7ZL5_IWE,136,0.9915
7ZL5_IWE,137,1.3737
7ZL5_IWE,138,0.7877
7ZL5_IWE,139,0.6882
7ZL5_IWE,14,0.9851
7ZL5_IWE,15,1.0364
7ZL5_IWE,16,0.6805
7ZL5_IWE,17,1.2732
7ZL5_IWE,18,0.9940
7ZL5_IWE,19,0.4757
7ZL5_IWE,2,1.5963
7ZL5_IWE,20,1.1929
7ZL5_IWE,21,0.9597
7ZL5_IWE,22,2.8707
7ZL5_IWE,23,3.0094
7ZL5_IWE,24,1.1220
7ZL5_IWE,25,1.0509
7ZL5_IWE,26,1.3617
7ZL5_IWE,27,0.5069
7ZL5_IWE,28,1.5924
7ZL5_IWE,29,0.5582
7ZL5_IWE,3,0.9204
7ZL5_IWE,30,1.0762
7ZL5_IWE,31,0.9392
7ZL5_IWE,32,1.8312
7ZL5_IWE,33,1.2642
7ZL5_IWE,34,2.6463
7ZL5_IWE,34,1.5776
7ZL5_IWE,35,1.0384
7ZL5_IWE,36,1.2110
7ZL5_IWE,37,1.3436
7ZL5_IWE,38,0.5699
7ZL5_IWE,39,2.0038
7ZL5_IWE,4,1.2555
7ZL5_IWE,40,1.3488
7ZL5_IWE,41,1.5535
7ZL5_IWE,42,0.9717
7ZL5_IWE,43,0.7334
7ZL5_IWE,44,1.1117
7ZL5_IWE,45,1.3064
7ZL5_IWE,46,0.9382
7ZL5_IWE,47,3.0036
7ZL5_IWE,48,0.9355
7ZL5_IWE,49,1.1703
7ZL5_IWE,5,1.2554
7ZL5_IWE,50,0.4599
7ZL5_IWE,51,1.0068
7ZL5_IWE,52,0.5056
7ZL5_IWE,53,0.9698
7ZL5_IWE,54,1.2156
7ZL5_IWE,55,0.4487
7ZL5_IWE,56,0.8074
7ZL5_IWE,57,1.9253
7ZL5_IWE,58,1.2931
7ZL5_IWE,59,1.1140
7ZL5_IWE,6,1.5449
7ZL5_IWE,60,0.5968
7ZL5_IWE,61,1.3126
7ZL5_IWE,62,1.2318
7ZL5_IWE,63,0.9764
7ZL5_IWE,64,0.9676
7ZL5_IWE,65,1.3479
7ZL5_IWE,66,2.8631
7ZL5_IWE,67,0.9603
7ZL5_IWE,68,1.0573
7ZL5_IWE,69,0.8349
7ZL5_IWE,7,0.4318
7ZL5_IWE,70,0.8166
7ZL5_IWE,71,1.4063
7ZL5_IWE,72,0.4979
7ZL5_IWE,73,1.0144
7ZL5_IWE,74,0.9744
7ZL5_IWE,75,1.0400
7ZL5_IWE,76,3.4948
7ZL5_IWE,77,0.3982
7ZL5_IWE,78,3.2125
7ZL5_IWE,79,1.0857
7ZL5_IWE,8,3.2810
7ZL5_IWE,80,1.2348
7ZL5_IWE,81,1.8614
7ZL5_IWE,82,0.9845
7ZL5_IWE,83,0.9629
7ZL5_IWE,84,1.3960
7ZL5_IWE,85,3.1781
7ZL5_IWE,86,0.5544
7ZL5_IWE,87,1.1853
7ZL5_IWE,88,1.2810
7ZL5_IWE,89,0.7470
7ZL5_IWE,9,0.8672
7ZL5_IWE,90,1.0691
7ZL5_IWE,91,0.8701
7ZL5_IWE,92,1.0477
7ZL5_IWE,93,1.2423
7ZL5_IWE,94,0.9989
7ZL5_IWE,95,0.6829
7ZL5_IWE,96,0.9639
7ZL5_IWE,97,0.6045
7ZL5_IWE,98,1.3264
7ZL5_IWE,99,2.3599
7ZOC_T8E,0,1.5705
7ZOC_T8E,1,1.3474
7ZOC_T8E,10,1.5983
7ZOC_T8E,100,1.4552
7ZOC_T8E,101,1.0443
7ZOC_T8E,102,1.3199
7ZOC_T8E,103,0.3738
7ZOC_T8E,104,1.6422
7ZOC_T8E,105,1.4572
7ZOC_T8E,106,3.5391
7ZOC_T8E,107,0.5238
7ZOC_T8E,108,0.9222
7ZOC_T8E,109,1.6520
7ZOC_T8E,11,1.5950
7ZOC_T8E,110,1.2472
7ZOC_T8E,111,1.0876
7ZOC_T8E,112,0.9439
7ZOC_T8E,113,1.1116
7ZOC_T8E,114,1.5510
7ZOC_T8E,115,0.7032
7ZOC_T8E,116,1.0332
7ZOC_T8E,117,1.0071
7ZOC_T8E,118,1.4928
7ZOC_T8E,119,1.4410
7ZOC_T8E,12,1.6164
7ZOC_T8E,120,0.8987
7ZOC_T8E,121,0.9447
7ZOC_T8E,122,1.2721
7ZOC_T8E,123,1.1567
7ZOC_T8E,124,1.4368
7ZOC_T8E,125,1.0189
7ZOC_T8E,126,1.4573
7ZOC_T8E,127,0.6257
7ZOC_T8E,128,0.5988
7ZOC_T8E,129,0.5432
7ZOC_T8E,13,1.7157
7ZOC_T8E,130,0.9551
7ZOC_T8E,131,1.5284
7ZOC_T8E,132,1.3802
7ZOC_T8E,133,1.7028
7ZOC_T8E,134,1.7449
7ZOC_T8E,135,0.9747
7ZOC_T8E,136,1.3897
7ZOC_T8E,137,1.4121
7ZOC_T8E,138,1.2746
7ZOC_T8E,139,1.6564
7ZOC_T8E,14,1.5188
7ZOC_T8E,15,1.8563
7ZOC_T8E,16,1.0671
7ZOC_T8E,17,1.4942
7ZOC_T8E,18,1.3876
7ZOC_T8E,19,1.3009
7ZOC_T8E,2,0.7392
7ZOC_T8E,20,1.4546
7ZOC_T8E,21,1.6489
7ZOC_T8E,22,0.9355
7ZOC_T8E,23,1.5600
7ZOC_T8E,24,0.9749
7ZOC_T8E,25,0.7311
7ZOC_T8E,26,1.1152
7ZOC_T8E,27,1.1741
7ZOC_T8E,28,0.6519
7ZOC_T8E,29,1.3122
7ZOC_T8E,3,1.9065
7ZOC_T8E,30,1.0737
7ZOC_T8E,31,1.4030
7ZOC_T8E,32,0.3278
7ZOC_T8E,33,1.0215
7ZOC_T8E,34,0.9947
7ZOC_T8E,35,1.7540
7ZOC_T8E,36,1.5209
7ZOC_T8E,37,1.5433
7ZOC_T8E,38,1.2724
7ZOC_T8E,39,1.4459
7ZOC_T8E,4,1.0372
7ZOC_T8E,40,1.2845
7ZOC_T8E,41,0.5230
7ZOC_T8E,42,1.1374
7ZOC_T8E,43,1.6387
7ZOC_T8E,44,1.1093
7ZOC_T8E,45,1.1863
7ZOC_T8E,46,1.1511
7ZOC_T8E,47,1.4991
7ZOC_T8E,48,1.0773
7ZOC_T8E,49,1.5902
7ZOC_T8E,5,0.9495
7ZOC_T8E,50,1.1002
7ZOC_T8E,51,1.3431
7ZOC_T8E,52,1.7581
7ZOC_T8E,53,1.5490
7ZOC_T8E,54,0.5926
7ZOC_T8E,55,0.6862
7ZOC_T8E,56,1.1351
7ZOC_T8E,57,1.0608
7ZOC_T8E,58,0.6602
7ZOC_T8E,59,0.4129
7ZOC_T8E,6,1.4969
7ZOC_T8E,60,1.4904
7ZOC_T8E,61,1.0049
7ZOC_T8E,62,1.2707
7ZOC_T8E,63,1.0014
7ZOC_T8E,64,0.6776
7ZOC_T8E,65,1.8474
7ZOC_T8E,66,1.2094
7ZOC_T8E,67,1.6494
7ZOC_T8E,68,1.5196
7ZOC_T8E,69,0.4144
7ZOC_T8E,7,1.4534
7ZOC_T8E,70,1.4704
7ZOC_T8E,71,1.3715
7ZOC_T8E,72,1.6609
7ZOC_T8E,73,1.1610
7ZOC_T8E,74,1.8878
7ZOC_T8E,75,0.7802
7ZOC_T8E,76,0.3319
7ZOC_T8E,77,1.4375
7ZOC_T8E,78,1.5354
7ZOC_T8E,79,1.6698
7ZOC_T8E,8,1.5527
7ZOC_T8E,80,1.4695
7ZOC_T8E,81,0.9030
7ZOC_T8E,82,1.6025
7ZOC_T8E,83,1.1803
7ZOC_T8E,84,0.8596
7ZOC_T8E,85,1.5571
7ZOC_T8E,86,0.8732
7ZOC_T8E,87,0.9636
7ZOC_T8E,88,0.6999
7ZOC_T8E,89,0.5534
7ZOC_T8E,9,1.4486
7ZOC_T8E,90,1.0681
7ZOC_T8E,91,0.9112
7ZOC_T8E,92,1.6897
7ZOC_T8E,93,1.5920
7ZOC_T8E,94,1.0916
7ZOC_T8E,95,1.3371
7ZOC_T8E,96,1.2924
7ZOC_T8E,97,0.7366
7ZOC_T8E,98,1.1221
7ZOC_T8E,99,1.0241
7ZTL_BCN,0,3.9496
7ZTL_BCN,1,3.8584
7ZTL_BCN,10,2.6338
7ZTL_BCN,100,3.3831
7ZTL_BCN,101,2.5515
7ZTL_BCN,102,3.6639
7ZTL_BCN,103,3.4315
7ZTL_BCN,104,4.1842
7ZTL_BCN,105,3.3154
7ZTL_BCN,106,3.9791
7ZTL_BCN,107,3.9569
7ZTL_BCN,108,2.8542
7ZTL_BCN,109,2.8956
7ZTL_BCN,11,2.5448
7ZTL_BCN,110,2.6942
7ZTL_BCN,111,2.8366
7ZTL_BCN,112,2.5144
7ZTL_BCN,113,2.8643
7ZTL_BCN,114,2.0571
7ZTL_BCN,115,3.8908
7ZTL_BCN,116,3.3117
7ZTL_BCN,117,2.5223
7ZTL_BCN,118,2.3089
7ZTL_BCN,119,3.9737
7ZTL_BCN,12,2.4883
7ZTL_BCN,120,3.7512
7ZTL_BCN,121,3.0588
7ZTL_BCN,122,1.6954
7ZTL_BCN,123,3.0334
7ZTL_BCN,124,1.8616
7ZTL_BCN,125,3.5983
7ZTL_BCN,126,1.9464
7ZTL_BCN,127,2.1088
7ZTL_BCN,128,2.7441
7ZTL_BCN,129,3.9085
7ZTL_BCN,13,3.7249
7ZTL_BCN,130,2.2295
7ZTL_BCN,131,2.8445
7ZTL_BCN,132,3.4831
7ZTL_BCN,133,3.7412
7ZTL_BCN,134,2.5540
7ZTL_BCN,135,3.0751
7ZTL_BCN,136,3.1433
7ZTL_BCN,137,3.4410
7ZTL_BCN,138,2.7294
7ZTL_BCN,139,2.7097
7ZTL_BCN,14,3.0329
7ZTL_BCN,15,2.5193
7ZTL_BCN,16,2.7684
7ZTL_BCN,17,2.3106
7ZTL_BCN,18,4.0591
7ZTL_BCN,19,3.5918
7ZTL_BCN,2,2.7197
7ZTL_BCN,20,2.6254
7ZTL_BCN,21,3.5263
7ZTL_BCN,22,2.0256
7ZTL_BCN,23,3.6428
7ZTL_BCN,24,3.4700
7ZTL_BCN,25,1.6346
7ZTL_BCN,26,2.6198
7ZTL_BCN,27,3.1542
7ZTL_BCN,28,3.4757
7ZTL_BCN,29,2.4229
7ZTL_BCN,3,2.9966
7ZTL_BCN,30,3.1645
7ZTL_BCN,31,1.9998
7ZTL_BCN,32,2.5528
7ZTL_BCN,33,2.3752
7ZTL_BCN,34,3.8353
7ZTL_BCN,35,3.5870
7ZTL_BCN,36,3.8872
7ZTL_BCN,37,2.5073
7ZTL_BCN,38,4.2225
7ZTL_BCN,39,2.9061
7ZTL_BCN,4,2.6395
7ZTL_BCN,40,2.1603
7ZTL_BCN,41,2.6211
7ZTL_BCN,42,4.1719
7ZTL_BCN,43,4.2210
7ZTL_BCN,44,1.4763
7ZTL_BCN,45,1.4863
7ZTL_BCN,46,2.8206
7ZTL_BCN,47,2.8692
7ZTL_BCN,48,3.3842
7ZTL_BCN,49,3.9487
7ZTL_BCN,5,3.8224
7ZTL_BCN,50,3.1296
7ZTL_BCN,51,3.7114
7ZTL_BCN,52,3.7052
7ZTL_BCN,53,4.0816
7ZTL_BCN,54,4.1157
7ZTL_BCN,55,2.0712
7ZTL_BCN,56,2.8291
7ZTL_BCN,57,3.9710
7ZTL_BCN,57,1.4528
7ZTL_BCN,58,2.2381
7ZTL_BCN,59,3.8189
7ZTL_BCN,6,2.3045
7ZTL_BCN,60,2.4341
7ZTL_BCN,61,4.0486
7ZTL_BCN,62,3.3357
7ZTL_BCN,63,2.4563
7ZTL_BCN,64,1.8559
7ZTL_BCN,65,2.3868
7ZTL_BCN,66,1.9752
7ZTL_BCN,67,2.4932
7ZTL_BCN,68,2.3260
7ZTL_BCN,69,3.8980
7ZTL_BCN,7,1.4788
7ZTL_BCN,70,2.2667
7ZTL_BCN,71,2.7926
7ZTL_BCN,72,3.0987
7ZTL_BCN,73,2.4957
7ZTL_BCN,74,2.3635
7ZTL_BCN,75,4.1637
7ZTL_BCN,76,3.9830
7ZTL_BCN,77,2.6785
7ZTL_BCN,78,3.5563
7ZTL_BCN,79,3.2786
7ZTL_BCN,8,3.8291
7ZTL_BCN,80,3.4672
7ZTL_BCN,81,3.4651
7ZTL_BCN,82,2.7397
7ZTL_BCN,83,3.3042
7ZTL_BCN,84,2.4945
7ZTL_BCN,85,4.1159
7ZTL_BCN,86,3.3208
7ZTL_BCN,87,3.7212
7ZTL_BCN,88,2.4495
7ZTL_BCN,89,2.4202
7ZTL_BCN,9,2.5518
7ZTL_BCN,90,3.9493
7ZTL_BCN,91,3.2407
7ZTL_BCN,92,1.7059
7ZTL_BCN,93,3.9465
7ZTL_BCN,94,4.0466
7ZTL_BCN,95,3.6772
7ZTL_BCN,96,2.7588
7ZTL_BCN,97,2.2427
7ZTL_BCN,98,2.8307
7ZTL_BCN,99,2.3415
7ZU2_DHT,0,2.7089
7ZU2_DHT,1,0.1257
7ZU2_DHT,10,0.1902
7ZU2_DHT,100,2.7397
7ZU2_DHT,101,0.4805
7ZU2_DHT,102,2.7432
7ZU2_DHT,103,0.2023
7ZU2_DHT,104,0.2382
7ZU2_DHT,105,0.2279
7ZU2_DHT,106,0.1898
7ZU2_DHT,107,0.0901
7ZU2_DHT,108,0.4230
7ZU2_DHT,109,0.4535
7ZU2_DHT,11,2.7440
7ZU2_DHT,110,0.5265
7ZU2_DHT,111,0.1331
7ZU2_DHT,112,0.4032
7ZU2_DHT,113,2.7384
7ZU2_DHT,114,0.5097
7ZU2_DHT,115,2.7095
7ZU2_DHT,116,2.7281
7ZU2_DHT,117,0.4714
7ZU2_DHT,118,0.1226
7ZU2_DHT,119,2.7069
7ZU2_DHT,12,0.4363
7ZU2_DHT,120,2.7254
7ZU2_DHT,121,0.4236
7ZU2_DHT,122,2.7409
7ZU2_DHT,123,0.1966
7ZU2_DHT,124,0.1843
7ZU2_DHT,125,0.4519
7ZU2_DHT,126,2.8026
7ZU2_DHT,127,0.2495
7ZU2_DHT,128,2.7486
7ZU2_DHT,129,0.4089
7ZU2_DHT,13,0.2284
7ZU2_DHT,130,0.1951
7ZU2_DHT,131,0.1946
7ZU2_DHT,132,2.7583
7ZU2_DHT,133,0.1952
7ZU2_DHT,134,0.2685
7ZU2_DHT,135,0.1730
7ZU2_DHT,136,0.1146
7ZU2_DHT,137,0.1459
7ZU2_DHT,138,0.4080
7ZU2_DHT,139,0.4131
7ZU2_DHT,14,0.2084
7ZU2_DHT,15,0.1891
7ZU2_DHT,16,2.7359
7ZU2_DHT,17,2.6847
7ZU2_DHT,18,0.5222
7ZU2_DHT,19,0.4058
7ZU2_DHT,2,2.7392
7ZU2_DHT,20,0.4021
7ZU2_DHT,21,0.4449
7ZU2_DHT,22,2.7434
7ZU2_DHT,23,2.5201
7ZU2_DHT,24,0.4353
7ZU2_DHT,25,0.4247
7ZU2_DHT,26,2.7452
7ZU2_DHT,27,2.7496
7ZU2_DHT,28,2.8484
7ZU2_DHT,29,0.2512
7ZU2_DHT,3,0.1633
7ZU2_DHT,30,0.1958
7ZU2_DHT,31,0.2297
7ZU2_DHT,32,0.4165
7ZU2_DHT,33,0.4124
7ZU2_DHT,34,0.5375
7ZU2_DHT,35,0.1532
7ZU2_DHT,36,1.0844
7ZU2_DHT,37,2.7082
7ZU2_DHT,38,0.1813
7ZU2_DHT,39,0.7062
7ZU2_DHT,4,0.2660
7ZU2_DHT,40,0.2521
7ZU2_DHT,41,0.0964
7ZU2_DHT,42,0.4102
7ZU2_DHT,43,0.9026
7ZU2_DHT,44,2.7409
7ZU2_DHT,45,0.1335
7ZU2_DHT,46,0.6277
7ZU2_DHT,47,0.4930
7ZU2_DHT,48,2.7665
7ZU2_DHT,49,0.4159
7ZU2_DHT,5,0.1274
7ZU2_DHT,50,0.1650
7ZU2_DHT,51,0.2001
7ZU2_DHT,52,0.2046
7ZU2_DHT,53,0.4199
7ZU2_DHT,54,2.7208
7ZU2_DHT,55,0.4012
7ZU2_DHT,56,2.7144
7ZU2_DHT,57,2.1054
7ZU2_DHT,58,0.4508
7ZU2_DHT,59,0.4217
7ZU2_DHT,6,0.2686
7ZU2_DHT,60,0.4230
7ZU2_DHT,61,0.1420
7ZU2_DHT,62,2.7266
7ZU2_DHT,63,0.1789
7ZU2_DHT,64,0.1881
7ZU2_DHT,65,0.4149
7ZU2_DHT,66,0.1452
7ZU2_DHT,67,0.2011
7ZU2_DHT,68,0.4482
7ZU2_DHT,69,0.4120
7ZU2_DHT,7,2.7141
7ZU2_DHT,70,0.4220
7ZU2_DHT,71,0.1630
7ZU2_DHT,72,2.7214
7ZU2_DHT,73,0.4403
7ZU2_DHT,74,1.9025
7ZU2_DHT,75,0.4424
7ZU2_DHT,76,2.7490
7ZU2_DHT,77,0.2384
7ZU2_DHT,78,0.4280
7ZU2_DHT,79,0.0907
7ZU2_DHT,8,2.7009
7ZU2_DHT,80,6.0317
7ZU2_DHT,81,2.7459
7ZU2_DHT,82,0.1603
7ZU2_DHT,83,0.5632
7ZU2_DHT,84,2.6964
7ZU2_DHT,85,0.1495
7ZU2_DHT,86,2.7717
7ZU2_DHT,87,0.1238
7ZU2_DHT,88,1.8871
7ZU2_DHT,89,2.7532
7ZU2_DHT,9,0.5462
7ZU2_DHT,90,0.2191
7ZU2_DHT,91,0.1850
7ZU2_DHT,92,2.5682
7ZU2_DHT,93,0.4360
7ZU2_DHT,94,6.3023
7ZU2_DHT,95,2.6682
7ZU2_DHT,96,0.4362
7ZU2_DHT,97,2.7031
7ZU2_DHT,98,0.2101
7ZU2_DHT,99,0.2609
7ZXV_45D,0,1.6055
7ZXV_45D,1,2.6318
7ZXV_45D,10,1.6216
7ZXV_45D,101,1.6756
7ZXV_45D,103,1.8994
7ZXV_45D,104,2.6288
7ZXV_45D,105,2.2547
7ZXV_45D,106,2.8376
7ZXV_45D,107,1.5091
7ZXV_45D,108,2.4805
7ZXV_45D,111,2.0567
7ZXV_45D,112,2.0999
7ZXV_45D,115,2.6324
7ZXV_45D,116,2.4279
7ZXV_45D,117,2.4437
7ZXV_45D,118,2.6495
7ZXV_45D,119,2.8023
7ZXV_45D,12,3.5042
7ZXV_45D,120,1.4272
7ZXV_45D,121,2.7245
7ZXV_45D,122,1.6075
7ZXV_45D,123,2.1967
7ZXV_45D,124,2.6205
7ZXV_45D,125,3.1535
7ZXV_45D,126,2.0940
7ZXV_45D,127,2.4604
7ZXV_45D,128,2.2267
7ZXV_45D,129,2.7644
7ZXV_45D,13,2.1928
7ZXV_45D,131,2.1702
7ZXV_45D,132,2.5102
7ZXV_45D,133,1.2976
7ZXV_45D,134,2.8073
7ZXV_45D,135,2.5966
7ZXV_45D,136,2.8413
7ZXV_45D,137,2.8881
7ZXV_45D,138,2.1351
7ZXV_45D,14,2.5193
7ZXV_45D,15,2.6202
7ZXV_45D,16,2.3077
7ZXV_45D,17,7.7862
7ZXV_45D,19,1.9263
7ZXV_45D,2,1.6194
7ZXV_45D,20,2.6294
7ZXV_45D,21,2.8097
7ZXV_45D,22,1.7557
7ZXV_45D,23,2.4917
7ZXV_45D,24,2.4919
7ZXV_45D,25,2.3249
7ZXV_45D,27,1.0737
7ZXV_45D,28,2.4167
7ZXV_45D,29,2.2595
7ZXV_45D,30,2.3112
7ZXV_45D,31,2.6252
7ZXV_45D,32,2.1552
7ZXV_45D,33,2.7027
7ZXV_45D,34,1.2851
7ZXV_45D,35,1.5314
7ZXV_45D,36,1.8774
7ZXV_45D,37,2.5712
7ZXV_45D,38,2.2614
7ZXV_45D,39,2.4201
7ZXV_45D,4,1.7716
7ZXV_45D,40,1.1027
7ZXV_45D,41,6.6808
7ZXV_45D,42,2.0983
7ZXV_45D,43,2.1360
7ZXV_45D,44,2.6151
7ZXV_45D,45,1.7415
7ZXV_45D,46,2.8994
7ZXV_45D,47,1.8184
7ZXV_45D,49,2.6554
7ZXV_45D,5,2.5078
7ZXV_45D,50,2.5096
7ZXV_45D,51,1.7275
7ZXV_45D,52,2.3372
7ZXV_45D,53,2.6958
7ZXV_45D,54,2.5401
7ZXV_45D,55,2.7893
7ZXV_45D,56,1.5515
7ZXV_45D,57,2.9081
7ZXV_45D,58,2.7314
7ZXV_45D,59,2.1447
7ZXV_45D,6,2.2264
7ZXV_45D,60,1.7913
7ZXV_45D,62,2.1365
7ZXV_45D,64,2.5751
7ZXV_45D,65,2.0073
7ZXV_45D,66,2.6127
7ZXV_45D,67,1.9533
7ZXV_45D,69,2.4636
7ZXV_45D,70,2.7996
7ZXV_45D,71,1.2180
7ZXV_45D,73,2.0913
7ZXV_45D,74,3.0957
7ZXV_45D,75,2.8345
7ZXV_45D,76,3.1641
7ZXV_45D,77,2.1256
7ZXV_45D,78,2.7064
7ZXV_45D,79,2.8313
7ZXV_45D,8,1.7135
7ZXV_45D,81,2.3015
7ZXV_45D,82,2.7546
7ZXV_45D,83,2.2232
7ZXV_45D,84,2.5223
7ZXV_45D,85,1.2064
7ZXV_45D,86,2.0081
7ZXV_45D,87,2.0718
7ZXV_45D,88,2.0533
7ZXV_45D,89,2.0668
7ZXV_45D,9,2.7218
7ZXV_45D,90,2.0224
7ZXV_45D,91,3.2007
7ZXV_45D,92,2.4581
7ZXV_45D,93,2.4936
7ZXV_45D,95,2.6451
7ZXV_45D,96,2.3610
7ZXV_45D,97,2.0769
7ZXV_45D,98,2.3419
7ZXV_45D,99,2.5333
7ZZW_KKW,0,9.7865
7ZZW_KKW,1,2.1721
7ZZW_KKW,10,9.7962
7ZZW_KKW,100,0.4410
7ZZW_KKW,101,9.7889
7ZZW_KKW,102,1.5251
7ZZW_KKW,103,2.0566
7ZZW_KKW,104,9.6505
7ZZW_KKW,105,2.5695
7ZZW_KKW,106,2.2249
7ZZW_KKW,107,2.6599
7ZZW_KKW,108,2.1975
7ZZW_KKW,109,2.1940
7ZZW_KKW,11,9.6605
7ZZW_KKW,110,1.8964
7ZZW_KKW,111,2.6550
7ZZW_KKW,112,1.9279
7ZZW_KKW,113,9.7277
7ZZW_KKW,114,9.6213
7ZZW_KKW,115,2.1198
7ZZW_KKW,116,2.2530
7ZZW_KKW,117,0.8753
7ZZW_KKW,118,2.5078
7ZZW_KKW,119,2.6420
7ZZW_KKW,12,1.8836
7ZZW_KKW,120,1.8483
7ZZW_KKW,121,2.2946
7ZZW_KKW,122,2.4251
7ZZW_KKW,123,2.2944
7ZZW_KKW,124,1.3800
7ZZW_KKW,125,1.2370
7ZZW_KKW,126,2.4224
7ZZW_KKW,127,2.2643
7ZZW_KKW,128,2.1103
7ZZW_KKW,129,4.4196
7ZZW_KKW,13,9.8736
7ZZW_KKW,130,9.6898
7ZZW_KKW,131,2.5464
7ZZW_KKW,132,1.9575
7ZZW_KKW,133,9.7631
7ZZW_KKW,134,9.5119
7ZZW_KKW,135,2.3962
7ZZW_KKW,136,1.9382
7ZZW_KKW,137,1.8366
7ZZW_KKW,138,0.7528
7ZZW_KKW,139,2.3279
7ZZW_KKW,14,9.5979
7ZZW_KKW,15,1.9210
7ZZW_KKW,16,2.2301
7ZZW_KKW,17,2.1670
7ZZW_KKW,18,9.5511
7ZZW_KKW,19,9.6583
7ZZW_KKW,2,9.5779
7ZZW_KKW,20,9.4528
7ZZW_KKW,21,9.8643
7ZZW_KKW,22,2.1542
7ZZW_KKW,23,1.1918
7ZZW_KKW,24,3.3055
7ZZW_KKW,25,2.3961
7ZZW_KKW,26,2.5517
7ZZW_KKW,27,1.8921
7ZZW_KKW,28,8.8234
7ZZW_KKW,29,1.6672
7ZZW_KKW,3,2.2890
7ZZW_KKW,30,2.4328
7ZZW_KKW,31,9.5600
7ZZW_KKW,32,1.2614
7ZZW_KKW,33,0.8647
7ZZW_KKW,34,2.0131
7ZZW_KKW,35,1.4638
7ZZW_KKW,36,1.5271
7ZZW_KKW,37,9.4449
7ZZW_KKW,38,9.5699
7ZZW_KKW,39,1.4690
7ZZW_KKW,4,2.4836
7ZZW_KKW,40,1.5569
7ZZW_KKW,41,2.0862
7ZZW_KKW,42,2.3138
7ZZW_KKW,43,0.6827
7ZZW_KKW,44,2.2911
7ZZW_KKW,45,2.5194
7ZZW_KKW,46,9.6350
7ZZW_KKW,47,1.9002
7ZZW_KKW,48,2.5210
7ZZW_KKW,49,1.8682
7ZZW_KKW,5,1.4030
7ZZW_KKW,50,2.2452
7ZZW_KKW,51,9.7750
7ZZW_KKW,52,2.7333
7ZZW_KKW,53,2.7029
7ZZW_KKW,54,1.4328
7ZZW_KKW,55,2.2916
7ZZW_KKW,56,1.7908
7ZZW_KKW,57,8.9838
7ZZW_KKW,58,9.8005
7ZZW_KKW,59,1.5733
7ZZW_KKW,6,9.4445
7ZZW_KKW,60,2.4911
7ZZW_KKW,61,1.8896
7ZZW_KKW,62,9.5079
7ZZW_KKW,63,1.9072
7ZZW_KKW,64,1.6904
7ZZW_KKW,65,2.6299
7ZZW_KKW,66,9.8185
7ZZW_KKW,67,2.3834
7ZZW_KKW,68,1.7053
7ZZW_KKW,69,9.8069
7ZZW_KKW,7,1.1002
7ZZW_KKW,70,9.8849
7ZZW_KKW,71,9.6531
7ZZW_KKW,72,2.5916
7ZZW_KKW,73,1.6959
7ZZW_KKW,74,1.1219
7ZZW_KKW,75,2.2210
7ZZW_KKW,76,2.0167
7ZZW_KKW,77,1.3559
7ZZW_KKW,78,2.1352
7ZZW_KKW,79,1.9894
7ZZW_KKW,8,9.5134
7ZZW_KKW,80,2.1553
7ZZW_KKW,81,9.6542
7ZZW_KKW,82,9.8373
7ZZW_KKW,83,2.0185
7ZZW_KKW,84,9.6829
7ZZW_KKW,85,2.5156
7ZZW_KKW,86,1.3043
7ZZW_KKW,87,2.3071
7ZZW_KKW,88,9.7476
7ZZW_KKW,89,1.5973
7ZZW_KKW,9,2.3575
7ZZW_KKW,90,1.5649
7ZZW_KKW,91,2.8391
7ZZW_KKW,92,2.3514
7ZZW_KKW,93,1.6081
7ZZW_KKW,94,2.3772
7ZZW_KKW,95,1.9737
7ZZW_KKW,96,2.3077
7ZZW_KKW,97,2.4535
7ZZW_KKW,98,2.6844
7ZZW_KKW,99,9.7416
8A1H_DLZ,0,0.8417
8A1H_DLZ,1,4.6505
8A1H_DLZ,10,5.3015
8A1H_DLZ,100,5.2264
8A1H_DLZ,101,4.4459
8A1H_DLZ,102,1.7065
8A1H_DLZ,103,6.3601
8A1H_DLZ,104,5.2874
8A1H_DLZ,105,5.2739
8A1H_DLZ,106,5.2701
8A1H_DLZ,107,0.9275
8A1H_DLZ,108,5.4665
8A1H_DLZ,109,5.2794
8A1H_DLZ,11,1.6526
8A1H_DLZ,110,3.4545
8A1H_DLZ,111,3.2744
8A1H_DLZ,112,5.2074
8A1H_DLZ,113,5.7768
8A1H_DLZ,114,4.4194
8A1H_DLZ,115,3.3702
8A1H_DLZ,116,5.3041
8A1H_DLZ,117,2.5773
8A1H_DLZ,118,5.1030
8A1H_DLZ,119,5.6030
8A1H_DLZ,12,1.7144
8A1H_DLZ,120,1.0304
8A1H_DLZ,121,5.2011
8A1H_DLZ,122,5.1528
8A1H_DLZ,123,5.8246
8A1H_DLZ,124,4.9854
8A1H_DLZ,125,5.2066
8A1H_DLZ,126,5.0209
8A1H_DLZ,127,5.8596
8A1H_DLZ,128,6.5130
8A1H_DLZ,129,5.3059
8A1H_DLZ,13,5.2450
8A1H_DLZ,130,5.0853
8A1H_DLZ,131,5.1904
8A1H_DLZ,132,4.8165
8A1H_DLZ,133,5.0747
8A1H_DLZ,134,6.5700
8A1H_DLZ,135,6.4960
8A1H_DLZ,136,3.3472
8A1H_DLZ,137,5.9704
8A1H_DLZ,138,5.3431
8A1H_DLZ,139,3.7607
8A1H_DLZ,14,6.1006
8A1H_DLZ,15,6.2335
8A1H_DLZ,16,2.8593
8A1H_DLZ,17,0.9761
8A1H_DLZ,18,1.2572
8A1H_DLZ,19,3.4150
8A1H_DLZ,2,2.5225
8A1H_DLZ,20,5.0387
8A1H_DLZ,21,4.6271
8A1H_DLZ,22,4.9264
8A1H_DLZ,23,6.2033
8A1H_DLZ,24,1.1754
8A1H_DLZ,25,5.3792
8A1H_DLZ,26,1.4818
8A1H_DLZ,27,4.4995
8A1H_DLZ,28,1.5081
8A1H_DLZ,29,4.8458
8A1H_DLZ,3,3.5117
8A1H_DLZ,30,5.1051
8A1H_DLZ,31,1.4415
8A1H_DLZ,32,5.1634
8A1H_DLZ,33,5.2043
8A1H_DLZ,34,4.8551
8A1H_DLZ,35,5.0242
8A1H_DLZ,36,5.5488
8A1H_DLZ,37,5.3535
8A1H_DLZ,38,1.3197
8A1H_DLZ,39,6.2016
8A1H_DLZ,4,5.1064
8A1H_DLZ,40,1.5895
8A1H_DLZ,41,6.8449
8A1H_DLZ,42,2.9344
8A1H_DLZ,43,5.0891
8A1H_DLZ,44,5.6843
8A1H_DLZ,45,4.7448
8A1H_DLZ,46,5.4163
8A1H_DLZ,47,3.1108
8A1H_DLZ,48,6.1324
8A1H_DLZ,49,5.3688
8A1H_DLZ,5,2.2618
8A1H_DLZ,50,1.9438
8A1H_DLZ,51,3.7843
8A1H_DLZ,52,5.1991
8A1H_DLZ,53,5.1354
8A1H_DLZ,54,3.4248
8A1H_DLZ,55,1.5882
8A1H_DLZ,56,5.1145
8A1H_DLZ,57,4.9943
8A1H_DLZ,58,5.9832
8A1H_DLZ,59,2.5162
8A1H_DLZ,6,6.1802
8A1H_DLZ,60,1.4613
8A1H_DLZ,61,5.3051
8A1H_DLZ,62,5.4306
8A1H_DLZ,63,1.8797
8A1H_DLZ,64,5.5358
8A1H_DLZ,65,1.0247
8A1H_DLZ,66,3.3833
8A1H_DLZ,67,5.2054
8A1H_DLZ,68,1.9390
8A1H_DLZ,69,4.3975
8A1H_DLZ,7,3.1148
8A1H_DLZ,70,1.4409
8A1H_DLZ,71,5.4716
8A1H_DLZ,72,1.2457
8A1H_DLZ,73,6.3247
8A1H_DLZ,74,6.2911
8A1H_DLZ,75,6.3413
8A1H_DLZ,76,5.6609
8A1H_DLZ,77,3.1343
8A1H_DLZ,78,6.9261
8A1H_DLZ,79,5.2495
8A1H_DLZ,8,5.3705
8A1H_DLZ,80,4.8810
8A1H_DLZ,81,5.1487
8A1H_DLZ,82,4.9948
8A1H_DLZ,83,1.1573
8A1H_DLZ,84,5.2990
8A1H_DLZ,85,5.9209
8A1H_DLZ,86,2.6783
8A1H_DLZ,87,5.2886
8A1H_DLZ,88,1.7099
8A1H_DLZ,89,3.0059
8A1H_DLZ,9,6.3175
8A1H_DLZ,90,5.3351
8A1H_DLZ,91,5.2949
8A1H_DLZ,92,6.2052
8A1H_DLZ,93,5.3838
8A1H_DLZ,94,5.7237
8A1H_DLZ,95,1.5347
8A1H_DLZ,96,6.0264
8A1H_DLZ,97,5.4077
8A1H_DLZ,98,5.8953
8A1H_DLZ,99,4.6009
8A2D_KXY,0,3.9701
8A2D_KXY,1,2.3998
8A2D_KXY,10,3.0514
8A2D_KXY,100,3.5350
8A2D_KXY,101,1.4021
8A2D_KXY,102,5.1815
8A2D_KXY,103,6.0349
8A2D_KXY,104,4.9315
8A2D_KXY,105,3.8923
8A2D_KXY,106,2.6754
8A2D_KXY,107,4.5369
8A2D_KXY,108,13.2643
8A2D_KXY,109,2.2195
8A2D_KXY,11,4.5389
8A2D_KXY,110,4.2262
8A2D_KXY,111,4.6427
8A2D_KXY,112,4.2765
8A2D_KXY,113,5.4352
8A2D_KXY,114,2.2804
8A2D_KXY,115,5.3545
8A2D_KXY,116,2.2764
8A2D_KXY,117,2.4610
8A2D_KXY,118,6.4019
8A2D_KXY,119,4.4328
8A2D_KXY,12,4.1253
8A2D_KXY,120,4.8205
8A2D_KXY,121,4.5153
8A2D_KXY,122,4.5293
8A2D_KXY,123,5.1946
8A2D_KXY,124,5.0047
8A2D_KXY,125,5.2017
8A2D_KXY,126,6.9489
8A2D_KXY,127,5.7389
8A2D_KXY,128,2.3745
8A2D_KXY,129,2.6632
8A2D_KXY,13,6.7632
8A2D_KXY,130,3.9381
8A2D_KXY,131,6.4206
8A2D_KXY,132,4.5877
8A2D_KXY,133,2.3481
8A2D_KXY,134,2.5488
8A2D_KXY,135,6.4505
8A2D_KXY,136,4.1281
8A2D_KXY,137,4.7126
8A2D_KXY,138,4.5662
8A2D_KXY,139,4.6425
8A2D_KXY,14,6.1498
8A2D_KXY,15,2.1817
8A2D_KXY,16,2.0948
8A2D_KXY,17,5.7517
8A2D_KXY,18,3.1757
8A2D_KXY,19,4.1834
8A2D_KXY,2,4.0099
8A2D_KXY,20,1.8686
8A2D_KXY,21,2.0670
8A2D_KXY,22,3.8438
8A2D_KXY,23,5.4057
8A2D_KXY,24,4.0484
8A2D_KXY,25,4.6112
8A2D_KXY,26,6.4415
8A2D_KXY,27,2.9158
8A2D_KXY,28,3.2957
8A2D_KXY,29,5.0217
8A2D_KXY,3,5.8687
8A2D_KXY,30,3.7885
8A2D_KXY,31,4.5893
8A2D_KXY,32,2.5817
8A2D_KXY,33,2.1213
8A2D_KXY,34,1.5674
8A2D_KXY,35,6.5325
8A2D_KXY,36,5.9874
8A2D_KXY,37,4.7454
8A2D_KXY,38,8.2177
8A2D_KXY,39,4.0143
8A2D_KXY,4,1.9290
8A2D_KXY,40,5.2028
8A2D_KXY,41,4.4383
8A2D_KXY,42,4.2719
8A2D_KXY,43,2.3335
8A2D_KXY,44,2.5970
8A2D_KXY,45,5.3099
8A2D_KXY,46,5.5479
8A2D_KXY,47,4.1244
8A2D_KXY,48,5.0735
8A2D_KXY,49,1.9910
8A2D_KXY,5,2.3735
8A2D_KXY,50,3.2679
8A2D_KXY,51,4.9484
8A2D_KXY,52,6.0513
8A2D_KXY,53,4.0291
8A2D_KXY,54,4.0100
8A2D_KXY,55,4.2585
8A2D_KXY,56,2.4926
8A2D_KXY,57,4.7837
8A2D_KXY,58,6.5340
8A2D_KXY,59,4.4796
8A2D_KXY,6,1.7426
8A2D_KXY,60,6.1048
8A2D_KXY,61,6.7931
8A2D_KXY,62,4.1596
8A2D_KXY,63,4.2982
8A2D_KXY,64,7.5528
8A2D_KXY,65,1.7640
8A2D_KXY,66,6.3670
8A2D_KXY,67,4.6655
8A2D_KXY,68,3.6906
8A2D_KXY,69,1.8626
8A2D_KXY,7,4.4318
8A2D_KXY,70,5.3314
8A2D_KXY,71,12.7386
8A2D_KXY,72,5.3401
8A2D_KXY,73,7.3686
8A2D_KXY,74,5.0273
8A2D_KXY,75,5.6963
8A2D_KXY,76,4.7047
8A2D_KXY,77,4.6522
8A2D_KXY,78,4.7177
8A2D_KXY,78,4.6193
8A2D_KXY,79,5.9676
8A2D_KXY,8,4.0207
8A2D_KXY,80,3.9194
8A2D_KXY,80,6.5768
8A2D_KXY,81,5.6266
8A2D_KXY,82,5.9624
8A2D_KXY,83,4.4606
8A2D_KXY,84,6.0725
8A2D_KXY,85,3.9788
8A2D_KXY,86,7.6523
8A2D_KXY,87,3.4519
8A2D_KXY,88,2.2387
8A2D_KXY,89,4.0948
8A2D_KXY,9,3.0448
8A2D_KXY,90,5.0867
8A2D_KXY,91,1.4755
8A2D_KXY,92,4.3512
8A2D_KXY,93,2.0836
8A2D_KXY,94,10.3047
8A2D_KXY,95,4.0385
8A2D_KXY,96,6.4780
8A2D_KXY,97,5.9192
8A2D_KXY,98,4.2849
8A2D_KXY,99,6.5759
8AAU_LH0,0,1.1404
8AAU_LH0,1,1.1572
8AAU_LH0,10,4.1201
8AAU_LH0,100,0.5829
8AAU_LH0,101,3.9383
8AAU_LH0,102,1.4656
8AAU_LH0,103,0.5277
8AAU_LH0,104,0.7385
8AAU_LH0,105,1.3741
8AAU_LH0,106,4.1247
8AAU_LH0,107,0.9672
8AAU_LH0,108,0.7288
8AAU_LH0,109,0.8718
8AAU_LH0,11,3.7758
8AAU_LH0,110,1.0183
8AAU_LH0,111,1.2696
8AAU_LH0,112,3.8484
8AAU_LH0,113,4.1652
8AAU_LH0,114,0.6259
8AAU_LH0,115,0.7178
8AAU_LH0,116,0.7853
8AAU_LH0,117,1.1271
8AAU_LH0,118,1.3424
8AAU_LH0,119,3.7434
8AAU_LH0,12,4.0310
8AAU_LH0,120,5.2056
8AAU_LH0,121,1.3290
8AAU_LH0,122,1.0653
8AAU_LH0,123,4.0053
8AAU_LH0,124,4.0664
8AAU_LH0,125,1.1630
8AAU_LH0,126,1.2584
8AAU_LH0,127,3.3885
8AAU_LH0,128,0.7685
8AAU_LH0,129,1.1574
8AAU_LH0,13,0.5049
8AAU_LH0,130,6.3443
8AAU_LH0,131,4.1429
8AAU_LH0,132,0.8887
8AAU_LH0,133,1.0373
8AAU_LH0,134,0.4540
8AAU_LH0,135,0.6513
8AAU_LH0,136,6.3921
8AAU_LH0,137,4.0200
8AAU_LH0,138,1.2774
8AAU_LH0,139,1.3573
8AAU_LH0,14,4.2387
8AAU_LH0,15,0.7883
8AAU_LH0,16,0.6776
8AAU_LH0,17,0.4774
8AAU_LH0,18,0.7825
8AAU_LH0,19,3.7407
8AAU_LH0,2,4.2453
8AAU_LH0,20,0.5394
8AAU_LH0,21,4.2182
8AAU_LH0,22,3.9667
8AAU_LH0,23,0.6930
8AAU_LH0,24,0.8314
8AAU_LH0,25,0.9173
8AAU_LH0,26,0.7889
8AAU_LH0,27,0.8124
8AAU_LH0,28,0.6509
8AAU_LH0,29,0.8168
8AAU_LH0,3,3.9095
8AAU_LH0,30,0.5386
8AAU_LH0,31,2.5974
8AAU_LH0,32,1.9122
8AAU_LH0,33,3.9720
8AAU_LH0,34,4.0293
8AAU_LH0,35,1.0208
8AAU_LH0,36,0.6238
8AAU_LH0,37,0.7767
8AAU_LH0,38,7.5242
8AAU_LH0,39,4.0332
8AAU_LH0,4,2.2551
8AAU_LH0,40,1.2778
8AAU_LH0,41,0.9386
8AAU_LH0,42,0.7949
8AAU_LH0,43,0.7850
8AAU_LH0,44,1.1243
8AAU_LH0,45,3.3281
8AAU_LH0,46,1.0724
8AAU_LH0,47,4.2308
8AAU_LH0,48,3.9355
8AAU_LH0,49,0.7456
8AAU_LH0,5,4.2645
8AAU_LH0,50,2.0929
8AAU_LH0,51,6.3020
8AAU_LH0,52,3.4584
8AAU_LH0,53,4.1125
8AAU_LH0,54,0.5771
8AAU_LH0,55,4.2902
8AAU_LH0,56,1.0110
8AAU_LH0,57,0.6419
8AAU_LH0,58,0.8701
8AAU_LH0,59,2.9770
8AAU_LH0,6,0.7755
8AAU_LH0,60,3.8683
8AAU_LH0,61,3.9125
8AAU_LH0,62,1.3073
8AAU_LH0,63,4.3511
8AAU_LH0,64,1.3121
8AAU_LH0,65,1.0053
8AAU_LH0,66,1.0557
8AAU_LH0,67,4.2373
8AAU_LH0,68,1.1223
8AAU_LH0,69,0.7828
8AAU_LH0,7,4.2341
8AAU_LH0,70,2.8355
8AAU_LH0,71,1.2735
8AAU_LH0,72,1.2584
8AAU_LH0,73,1.4061
8AAU_LH0,74,0.5954
8AAU_LH0,75,4.0428
8AAU_LH0,76,4.0656
8AAU_LH0,77,1.3483
8AAU_LH0,78,3.7551
8AAU_LH0,79,3.9150
8AAU_LH0,8,1.4449
8AAU_LH0,80,1.0148
8AAU_LH0,81,6.5702
8AAU_LH0,82,0.4950
8AAU_LH0,83,4.1587
8AAU_LH0,84,4.0122
8AAU_LH0,85,0.9531
8AAU_LH0,86,2.3139
8AAU_LH0,87,0.7737
8AAU_LH0,88,0.8787
8AAU_LH0,89,1.5909
8AAU_LH0,9,1.6651
8AAU_LH0,90,0.7132
8AAU_LH0,91,3.9226
8AAU_LH0,92,1.3677
8AAU_LH0,93,3.6188
8AAU_LH0,94,1.1175
8AAU_LH0,95,0.8805
8AAU_LH0,96,0.7495
8AAU_LH0,97,4.1266
8AAU_LH0,98,1.1063
8AAU_LH0,99,3.8944
8AEM_LVF,0,0.4700
8AEM_LVF,1,0.7342
8AEM_LVF,10,2.2764
8AEM_LVF,100,1.4706
8AEM_LVF,101,0.7235
8AEM_LVF,102,0.7624
8AEM_LVF,103,3.1971
8AEM_LVF,104,0.8755
8AEM_LVF,105,0.4196
8AEM_LVF,106,0.7465
8AEM_LVF,107,0.7978
8AEM_LVF,108,2.9185
8AEM_LVF,109,1.2379
8AEM_LVF,11,0.3731
8AEM_LVF,110,3.1808
8AEM_LVF,111,0.5956
8AEM_LVF,112,3.3576
8AEM_LVF,113,1.6071
8AEM_LVF,114,1.5075
8AEM_LVF,115,3.1092
8AEM_LVF,116,0.4352
8AEM_LVF,117,0.9988
8AEM_LVF,118,2.2794
8AEM_LVF,119,1.0250
8AEM_LVF,12,0.8023
8AEM_LVF,120,3.1148
8AEM_LVF,121,2.6973
8AEM_LVF,122,1.5181
8AEM_LVF,123,2.5943
8AEM_LVF,124,3.1146
8AEM_LVF,125,1.3390
8AEM_LVF,126,1.0167
8AEM_LVF,127,0.7611
8AEM_LVF,128,3.0768
8AEM_LVF,129,2.6396
8AEM_LVF,13,2.8814
8AEM_LVF,130,2.8015
8AEM_LVF,131,0.7377
8AEM_LVF,132,0.6550
8AEM_LVF,133,1.1772
8AEM_LVF,134,2.0506
8AEM_LVF,135,3.1751
8AEM_LVF,136,1.9720
8AEM_LVF,137,1.2934
8AEM_LVF,138,1.0341
8AEM_LVF,139,2.7661
8AEM_LVF,14,2.7894
8AEM_LVF,15,1.3076
8AEM_LVF,16,2.3323
8AEM_LVF,17,2.9563
8AEM_LVF,18,3.2359
8AEM_LVF,19,0.9993
8AEM_LVF,2,2.3123
8AEM_LVF,20,1.4617
8AEM_LVF,21,1.8828
8AEM_LVF,22,2.0197
8AEM_LVF,23,1.2094
8AEM_LVF,24,0.4905
8AEM_LVF,25,0.6088
8AEM_LVF,26,0.5876
8AEM_LVF,27,2.8064
8AEM_LVF,28,0.8851
8AEM_LVF,29,0.6228
8AEM_LVF,3,0.9900
8AEM_LVF,30,1.2344
8AEM_LVF,31,1.5567
8AEM_LVF,32,2.5537
8AEM_LVF,33,2.6656
8AEM_LVF,34,1.0722
8AEM_LVF,35,0.6210
8AEM_LVF,36,1.2240
8AEM_LVF,37,3.1599
8AEM_LVF,38,3.0484
8AEM_LVF,39,3.9231
8AEM_LVF,4,4.3651
8AEM_LVF,40,0.8155
8AEM_LVF,41,1.0057
8AEM_LVF,42,2.7913
8AEM_LVF,43,3.2447
8AEM_LVF,44,1.1688
8AEM_LVF,45,1.4201
8AEM_LVF,46,0.7580
8AEM_LVF,47,3.0952
8AEM_LVF,48,0.8325
8AEM_LVF,49,2.9711
8AEM_LVF,5,2.6225
8AEM_LVF,50,3.0479
8AEM_LVF,51,0.4995
8AEM_LVF,52,3.0820
8AEM_LVF,53,1.2226
8AEM_LVF,54,1.3154
8AEM_LVF,55,3.1451
8AEM_LVF,56,0.3633
8AEM_LVF,57,2.3145
8AEM_LVF,58,3.1486
8AEM_LVF,59,0.4776
8AEM_LVF,6,1.4334
8AEM_LVF,60,3.0992
8AEM_LVF,61,0.7955
8AEM_LVF,62,3.2852
8AEM_LVF,63,4.6706
8AEM_LVF,64,1.0674
8AEM_LVF,65,1.9855
8AEM_LVF,66,1.1529
8AEM_LVF,67,0.7943
8AEM_LVF,68,3.0883
8AEM_LVF,69,0.3343
8AEM_LVF,7,3.1544
8AEM_LVF,70,3.6928
8AEM_LVF,71,1.2546
8AEM_LVF,72,2.9770
8AEM_LVF,73,3.0830
8AEM_LVF,74,1.3039
8AEM_LVF,75,3.9400
8AEM_LVF,76,0.9038
8AEM_LVF,77,2.6044
8AEM_LVF,78,2.6552
8AEM_LVF,79,1.7190
8AEM_LVF,8,4.5987
8AEM_LVF,80,1.0804
8AEM_LVF,81,1.9240
8AEM_LVF,82,1.2864
8AEM_LVF,83,2.7041
8AEM_LVF,84,1.1558
8AEM_LVF,85,2.6985
8AEM_LVF,86,3.1701
8AEM_LVF,87,1.6116
8AEM_LVF,88,1.2401
8AEM_LVF,89,2.9857
8AEM_LVF,9,4.4201
8AEM_LVF,90,1.4802
8AEM_LVF,90,3.0287
8AEM_LVF,91,2.9331
8AEM_LVF,92,0.4483
8AEM_LVF,93,4.8741
8AEM_LVF,94,0.5236
8AEM_LVF,95,3.2525
8AEM_LVF,96,0.4002
8AEM_LVF,97,3.2632
8AEM_LVF,98,1.2396
8AEM_LVF,99,3.0608
8AIE_M7L,0,1.3068
8AIE_M7L,1,1.0972
8AIE_M7L,10,1.5916
8AIE_M7L,100,5.3644
8AIE_M7L,101,5.2851
8AIE_M7L,102,2.5021
8AIE_M7L,103,1.1990
8AIE_M7L,104,1.3324
8AIE_M7L,105,5.3495
8AIE_M7L,106,5.3665
8AIE_M7L,107,5.1153
8AIE_M7L,108,1.2310
8AIE_M7L,109,1.8302
8AIE_M7L,11,1.9560
8AIE_M7L,110,2.2332
8AIE_M7L,111,4.4791
8AIE_M7L,112,1.0974
8AIE_M7L,113,5.2820
8AIE_M7L,114,4.6954
8AIE_M7L,115,2.2001
8AIE_M7L,116,2.9283
8AIE_M7L,117,2.3225
8AIE_M7L,118,2.2469
8AIE_M7L,119,5.4617
8AIE_M7L,12,2.2102
8AIE_M7L,120,5.3483
8AIE_M7L,121,4.6251
8AIE_M7L,122,3.6163
8AIE_M7L,123,2.2026
8AIE_M7L,124,5.2953
8AIE_M7L,125,1.4222
8AIE_M7L,126,1.2582
8AIE_M7L,127,5.4165
8AIE_M7L,128,1.8811
8AIE_M7L,129,5.3654
8AIE_M7L,13,2.4631
8AIE_M7L,130,2.9157
8AIE_M7L,131,5.3254
8AIE_M7L,132,5.2612
8AIE_M7L,133,0.8947
8AIE_M7L,134,2.1097
8AIE_M7L,135,5.2488
8AIE_M7L,136,1.4355
8AIE_M7L,137,2.7149
8AIE_M7L,138,1.3942
8AIE_M7L,139,1.2660
8AIE_M7L,14,1.4421
8AIE_M7L,15,1.3073
8AIE_M7L,16,1.3194
8AIE_M7L,17,1.8877
8AIE_M7L,18,1.3749
8AIE_M7L,19,4.7575
8AIE_M7L,2,1.6421
8AIE_M7L,20,5.3666
8AIE_M7L,21,1.1543
8AIE_M7L,22,5.2259
8AIE_M7L,23,5.0358
8AIE_M7L,24,1.2240
8AIE_M7L,25,2.2759
8AIE_M7L,26,2.2357
8AIE_M7L,27,2.4276
8AIE_M7L,28,4.6497
8AIE_M7L,29,0.9680
8AIE_M7L,3,5.2419
8AIE_M7L,30,5.1367
8AIE_M7L,31,4.9915
8AIE_M7L,32,5.3211
8AIE_M7L,33,1.2016
8AIE_M7L,34,2.0363
8AIE_M7L,35,0.5286
8AIE_M7L,36,2.0909
8AIE_M7L,37,0.7101
8AIE_M7L,38,5.3595
8AIE_M7L,39,5.2523
8AIE_M7L,4,2.5083
8AIE_M7L,40,5.2481
8AIE_M7L,41,2.0111
8AIE_M7L,42,2.5423
8AIE_M7L,43,1.3458
8AIE_M7L,44,5.2878
8AIE_M7L,45,1.1876
8AIE_M7L,46,3.9848
8AIE_M7L,47,1.7139
8AIE_M7L,48,5.3814
8AIE_M7L,49,2.4603
8AIE_M7L,5,2.4905
8AIE_M7L,50,1.2804
8AIE_M7L,51,5.4867
8AIE_M7L,52,1.3024
8AIE_M7L,53,1.7771
8AIE_M7L,54,1.0197
8AIE_M7L,55,1.7988
8AIE_M7L,56,4.8541
8AIE_M7L,57,5.2168
8AIE_M7L,58,1.6006
8AIE_M7L,59,4.0614
8AIE_M7L,6,4.6905
8AIE_M7L,60,1.9499
8AIE_M7L,61,1.9702
8AIE_M7L,62,2.4707
8AIE_M7L,63,1.7063
8AIE_M7L,64,2.4358
8AIE_M7L,65,4.4296
8AIE_M7L,66,1.1389
8AIE_M7L,67,1.3810
8AIE_M7L,68,2.4026
8AIE_M7L,69,2.8731
8AIE_M7L,7,5.3210
8AIE_M7L,70,1.0222
8AIE_M7L,71,2.3036
8AIE_M7L,72,5.1613
8AIE_M7L,73,2.4779
8AIE_M7L,74,2.4605
8AIE_M7L,75,2.3473
8AIE_M7L,76,2.8894
8AIE_M7L,77,5.2436
8AIE_M7L,78,5.2089
8AIE_M7L,79,5.3383
8AIE_M7L,8,1.4492
8AIE_M7L,80,1.4941
8AIE_M7L,81,2.5737
8AIE_M7L,82,1.6001
8AIE_M7L,83,5.4745
8AIE_M7L,84,2.1874
8AIE_M7L,85,2.7344
8AIE_M7L,86,2.5713
8AIE_M7L,87,5.2579
8AIE_M7L,88,2.2561
8AIE_M7L,89,1.7856
8AIE_M7L,9,2.0533
8AIE_M7L,90,2.3623
8AIE_M7L,91,1.5997
8AIE_M7L,92,1.6762
8AIE_M7L,93,1.5726
8AIE_M7L,94,1.0173
8AIE_M7L,95,2.2870
8AIE_M7L,96,3.9887
8AIE_M7L,97,1.2346
8AIE_M7L,98,2.5453
8AIE_M7L,99,2.3338
8AP0_PRP,0,2.4968
8AP0_PRP,1,3.1550
8AP0_PRP,10,2.4910
8AP0_PRP,100,2.8461
8AP0_PRP,101,2.7878
8AP0_PRP,102,2.8873
8AP0_PRP,103,3.1091
8AP0_PRP,104,2.4045
8AP0_PRP,105,2.7020
8AP0_PRP,106,5.9422
8AP0_PRP,107,3.3976
8AP0_PRP,108,3.0916
8AP0_PRP,109,2.7467
8AP0_PRP,11,2.1469
8AP0_PRP,110,3.1324
8AP0_PRP,111,2.6795
8AP0_PRP,112,2.9536
8AP0_PRP,113,2.6502
8AP0_PRP,114,2.8312
8AP0_PRP,115,2.8405
8AP0_PRP,116,2.7590
8AP0_PRP,117,2.3045
8AP0_PRP,118,3.0043
8AP0_PRP,119,2.9221
8AP0_PRP,12,6.0394
8AP0_PRP,120,3.0539
8AP0_PRP,121,2.2079
8AP0_PRP,122,5.7260
8AP0_PRP,123,2.5935
8AP0_PRP,124,2.7231
8AP0_PRP,125,2.4987
8AP0_PRP,126,3.2927
8AP0_PRP,127,3.0768
8AP0_PRP,128,5.9647
8AP0_PRP,129,6.3315
8AP0_PRP,13,5.8756
8AP0_PRP,130,6.5137
8AP0_PRP,131,2.7875
8AP0_PRP,132,4.6059
8AP0_PRP,133,2.8106
8AP0_PRP,134,6.1945
8AP0_PRP,135,2.5536
8AP0_PRP,136,2.7249
8AP0_PRP,137,2.6363
8AP0_PRP,138,2.7207
8AP0_PRP,139,3.3302
8AP0_PRP,14,2.9547
8AP0_PRP,15,2.5960
8AP0_PRP,16,2.7688
8AP0_PRP,17,4.0688
8AP0_PRP,18,3.3054
8AP0_PRP,19,2.7916
8AP0_PRP,2,2.6881
8AP0_PRP,20,2.6695
8AP0_PRP,21,3.1797
8AP0_PRP,22,2.8539
8AP0_PRP,23,5.4506
8AP0_PRP,24,2.8605
8AP0_PRP,25,2.6128
8AP0_PRP,26,2.6617
8AP0_PRP,27,5.5378
8AP0_PRP,28,3.5065
8AP0_PRP,29,3.1136
8AP0_PRP,3,3.1802
8AP0_PRP,30,3.6029
8AP0_PRP,31,2.7881
8AP0_PRP,32,1.8168
8AP0_PRP,33,2.2783
8AP0_PRP,34,5.1937
8AP0_PRP,35,2.6386
8AP0_PRP,36,2.5048
8AP0_PRP,37,2.1112
8AP0_PRP,38,2.5906
8AP0_PRP,39,2.6297
8AP0_PRP,4,2.5615
8AP0_PRP,40,2.6521
8AP0_PRP,41,2.5889
8AP0_PRP,42,4.9805
8AP0_PRP,43,3.3932
8AP0_PRP,44,5.5225
8AP0_PRP,45,6.5342
8AP0_PRP,46,3.3970
8AP0_PRP,47,3.0569
8AP0_PRP,48,3.0877
8AP0_PRP,49,5.1957
8AP0_PRP,5,2.6499
8AP0_PRP,50,2.2524
8AP0_PRP,51,2.8269
8AP0_PRP,52,3.8176
8AP0_PRP,53,5.4826
8AP0_PRP,54,2.8577
8AP0_PRP,55,2.7654
8AP0_PRP,56,2.7428
8AP0_PRP,57,3.7448
8AP0_PRP,58,3.1316
8AP0_PRP,59,2.5938
8AP0_PRP,6,2.7057
8AP0_PRP,60,6.0886
8AP0_PRP,61,3.2999
8AP0_PRP,62,2.8573
8AP0_PRP,63,1.9102
8AP0_PRP,64,5.6377
8AP0_PRP,65,2.0776
8AP0_PRP,66,2.6546
8AP0_PRP,67,6.0556
8AP0_PRP,68,6.3808
8AP0_PRP,69,3.4528
8AP0_PRP,7,3.5900
8AP0_PRP,70,6.1327
8AP0_PRP,71,2.9253
8AP0_PRP,72,4.8563
8AP0_PRP,73,3.2519
8AP0_PRP,74,3.4116
8AP0_PRP,75,5.4438
8AP0_PRP,76,6.3823
8AP0_PRP,77,2.6428
8AP0_PRP,78,2.3377
8AP0_PRP,79,3.3357
8AP0_PRP,8,5.7466
8AP0_PRP,80,3.2257
8AP0_PRP,81,3.0934
8AP0_PRP,82,2.9526
8AP0_PRP,83,2.5201
8AP0_PRP,84,2.5939
8AP0_PRP,85,3.5688
8AP0_PRP,86,2.7562
8AP0_PRP,87,2.4339
8AP0_PRP,88,2.3483
8AP0_PRP,89,3.7820
8AP0_PRP,9,3.0778
8AP0_PRP,90,3.3750
8AP0_PRP,91,3.2642
8AP0_PRP,92,2.8592
8AP0_PRP,93,2.7096
8AP0_PRP,94,3.3097
8AP0_PRP,95,2.8554
8AP0_PRP,96,3.5647
8AP0_PRP,97,2.4716
8AP0_PRP,98,4.7619
8AP0_PRP,99,3.7395
8AQL_PLG,0,1.3195
8AQL_PLG,1,0.9464
8AQL_PLG,10,1.1640
8AQL_PLG,100,4.4408
8AQL_PLG,101,1.4626
8AQL_PLG,102,2.1347
8AQL_PLG,103,2.2622
8AQL_PLG,104,2.4358
8AQL_PLG,105,1.2475
8AQL_PLG,106,1.6512
8AQL_PLG,107,1.2512
8AQL_PLG,108,1.4775
8AQL_PLG,109,4.6548
8AQL_PLG,11,1.2182
8AQL_PLG,110,1.1709
8AQL_PLG,111,1.7711
8AQL_PLG,112,1.3855
8AQL_PLG,113,1.0646
8AQL_PLG,114,1.4227
8AQL_PLG,115,1.4858
8AQL_PLG,116,1.5806
8AQL_PLG,117,0.9846
8AQL_PLG,118,1.0912
8AQL_PLG,119,1.0548
8AQL_PLG,12,1.4537
8AQL_PLG,120,2.1178
8AQL_PLG,121,1.1317
8AQL_PLG,122,0.8636
8AQL_PLG,123,1.0680
8AQL_PLG,124,0.6750
8AQL_PLG,125,1.3670
8AQL_PLG,126,4.7250
8AQL_PLG,127,1.6647
8AQL_PLG,128,0.9459
8AQL_PLG,129,1.1558
8AQL_PLG,13,1.5129
8AQL_PLG,130,0.9822
8AQL_PLG,131,1.3667
8AQL_PLG,132,1.5752
8AQL_PLG,133,0.9172
8AQL_PLG,134,1.0898
8AQL_PLG,135,1.0764
8AQL_PLG,136,1.2146
8AQL_PLG,137,1.1440
8AQL_PLG,138,1.1826
8AQL_PLG,139,1.2036
8AQL_PLG,14,0.9823
8AQL_PLG,15,1.3867
8AQL_PLG,16,1.0809
8AQL_PLG,17,1.0359
8AQL_PLG,18,1.4993
8AQL_PLG,19,1.7032
8AQL_PLG,2,1.9447
8AQL_PLG,20,0.9859
8AQL_PLG,21,1.2913
8AQL_PLG,22,0.7229
8AQL_PLG,23,2.8642
8AQL_PLG,24,1.0964
8AQL_PLG,25,1.2449
8AQL_PLG,26,1.1229
8AQL_PLG,27,4.0494
8AQL_PLG,28,1.0032
8AQL_PLG,29,1.2942
8AQL_PLG,3,1.1917
8AQL_PLG,30,0.9819
8AQL_PLG,31,0.7251
8AQL_PLG,32,4.3691
8AQL_PLG,33,1.3784
8AQL_PLG,34,0.9397
8AQL_PLG,35,1.4344
8AQL_PLG,36,1.7042
8AQL_PLG,37,1.2085
8AQL_PLG,38,1.1904
8AQL_PLG,39,4.6086
8AQL_PLG,4,1.9286
8AQL_PLG,40,2.3862
8AQL_PLG,41,2.3723
8AQL_PLG,42,0.7358
8AQL_PLG,43,4.7352
8AQL_PLG,44,1.4372
8AQL_PLG,45,1.3360
8AQL_PLG,46,0.9124
8AQL_PLG,47,0.8585
8AQL_PLG,48,1.2464
8AQL_PLG,49,1.1534
8AQL_PLG,5,0.8624
8AQL_PLG,50,1.3249
8AQL_PLG,51,1.1860
8AQL_PLG,52,1.9989
8AQL_PLG,53,5.4210
8AQL_PLG,54,0.7323
8AQL_PLG,55,0.8996
8AQL_PLG,56,1.4325
8AQL_PLG,57,1.6073
8AQL_PLG,58,4.1348
8AQL_PLG,59,1.1269
8AQL_PLG,6,1.3302
8AQL_PLG,60,1.1079
8AQL_PLG,61,1.3246
8AQL_PLG,62,1.2180
8AQL_PLG,63,1.1818
8AQL_PLG,64,1.3159
8AQL_PLG,65,1.8320
8AQL_PLG,66,1.2759
8AQL_PLG,67,1.0541
8AQL_PLG,68,1.3607
8AQL_PLG,69,1.1723
8AQL_PLG,7,2.1188
8AQL_PLG,70,1.3947
8AQL_PLG,71,0.7350
8AQL_PLG,72,0.9937
8AQL_PLG,73,0.6710
8AQL_PLG,74,1.2476
8AQL_PLG,75,1.1210
8AQL_PLG,76,1.2015
8AQL_PLG,77,1.8898
8AQL_PLG,78,1.0869
8AQL_PLG,79,2.0369
8AQL_PLG,8,1.2985
8AQL_PLG,80,0.9574
8AQL_PLG,81,0.9466
8AQL_PLG,82,1.1054
8AQL_PLG,83,1.2517
8AQL_PLG,84,1.2402
8AQL_PLG,85,1.3383
8AQL_PLG,86,2.4108
8AQL_PLG,87,1.0945
8AQL_PLG,88,1.2605
8AQL_PLG,89,1.0991
8AQL_PLG,9,1.3241
8AQL_PLG,90,1.9003
8AQL_PLG,91,1.3862
8AQL_PLG,92,1.1463
8AQL_PLG,93,2.0234
8AQL_PLG,94,1.0475
8AQL_PLG,95,1.1579
8AQL_PLG,96,1.3640
8AQL_PLG,97,1.2867
8AQL_PLG,98,1.2413
8AQL_PLG,99,2.0781
8AUH_L9I,0,2.8701
8AUH_L9I,1,2.7106
8AUH_L9I,10,3.8318
8AUH_L9I,100,1.6113
8AUH_L9I,101,3.5777
8AUH_L9I,102,2.5511
8AUH_L9I,103,3.7614
8AUH_L9I,104,3.4047
8AUH_L9I,105,4.2717
8AUH_L9I,106,3.8172
8AUH_L9I,107,3.5521
8AUH_L9I,108,2.8738
8AUH_L9I,109,3.8020
8AUH_L9I,11,1.9385
8AUH_L9I,110,2.3210
8AUH_L9I,111,3.8552
8AUH_L9I,112,2.4212
8AUH_L9I,113,2.6200
8AUH_L9I,114,2.8696
8AUH_L9I,115,3.9804
8AUH_L9I,116,2.4234
8AUH_L9I,117,3.7853
8AUH_L9I,118,3.8401
8AUH_L9I,119,3.6375
8AUH_L9I,12,1.7382
8AUH_L9I,120,3.7403
8AUH_L9I,121,3.4339
8AUH_L9I,122,3.7058
8AUH_L9I,123,3.2958
8AUH_L9I,124,2.8190
8AUH_L9I,125,1.6634
8AUH_L9I,126,4.3203
8AUH_L9I,127,4.4130
8AUH_L9I,128,2.3612
8AUH_L9I,129,2.3811
8AUH_L9I,13,0.9747
8AUH_L9I,130,3.5688
8AUH_L9I,131,2.4776
8AUH_L9I,132,1.3804
8AUH_L9I,133,4.0086
8AUH_L9I,134,2.8345
8AUH_L9I,135,4.1092
8AUH_L9I,136,4.0900
8AUH_L9I,137,3.5536
8AUH_L9I,138,3.6033
8AUH_L9I,139,4.0921
8AUH_L9I,14,3.3507
8AUH_L9I,15,4.3239
8AUH_L9I,16,4.2932
8AUH_L9I,17,4.0404
8AUH_L9I,18,2.7644
8AUH_L9I,19,4.3043
8AUH_L9I,2,4.1871
8AUH_L9I,20,3.6801
8AUH_L9I,21,3.3730
8AUH_L9I,22,2.7775
8AUH_L9I,23,2.5427
8AUH_L9I,24,3.8001
8AUH_L9I,25,3.2700
8AUH_L9I,26,4.3414
8AUH_L9I,27,4.6408
8AUH_L9I,28,4.6803
8AUH_L9I,29,3.2965
8AUH_L9I,3,2.9201
8AUH_L9I,30,2.0607
8AUH_L9I,31,2.0731
8AUH_L9I,32,2.8416
8AUH_L9I,33,4.1949
8AUH_L9I,34,3.5322
8AUH_L9I,35,3.8895
8AUH_L9I,36,3.6940
8AUH_L9I,37,4.1330
8AUH_L9I,38,4.0702
8AUH_L9I,39,2.7974
8AUH_L9I,4,1.8943
8AUH_L9I,40,2.9550
8AUH_L9I,41,3.9949
8AUH_L9I,42,4.4732
8AUH_L9I,43,4.4191
8AUH_L9I,44,3.1601
8AUH_L9I,45,4.5250
8AUH_L9I,46,1.0513
8AUH_L9I,47,3.7622
8AUH_L9I,48,4.0570
8AUH_L9I,49,3.8572
8AUH_L9I,5,4.3045
8AUH_L9I,50,4.3583
8AUH_L9I,51,3.8609
8AUH_L9I,52,3.9993
8AUH_L9I,53,3.0004
8AUH_L9I,54,4.5315
8AUH_L9I,55,3.4325
8AUH_L9I,56,3.8530
8AUH_L9I,57,3.7503
8AUH_L9I,58,4.8142
8AUH_L9I,59,3.6690
8AUH_L9I,6,4.1982
8AUH_L9I,60,4.0803
8AUH_L9I,61,1.2094
8AUH_L9I,62,4.2404
8AUH_L9I,63,4.4405
8AUH_L9I,64,3.8624
8AUH_L9I,65,3.9043
8AUH_L9I,66,4.6048
8AUH_L9I,67,3.6312
8AUH_L9I,68,1.9884
8AUH_L9I,69,3.7796
8AUH_L9I,7,3.2894
8AUH_L9I,70,3.8112
8AUH_L9I,71,4.2737
8AUH_L9I,72,4.0100
8AUH_L9I,73,1.3282
8AUH_L9I,74,3.6939
8AUH_L9I,75,2.8298
8AUH_L9I,76,2.6394
8AUH_L9I,77,4.2167
8AUH_L9I,78,4.3397
8AUH_L9I,79,2.5958
8AUH_L9I,8,4.2758
8AUH_L9I,80,4.2396
8AUH_L9I,81,3.1796
8AUH_L9I,82,2.6114
8AUH_L9I,83,3.8448
8AUH_L9I,84,3.5599
8AUH_L9I,85,2.7875
8AUH_L9I,85,2.6076
8AUH_L9I,86,3.9949
8AUH_L9I,87,1.2704
8AUH_L9I,88,3.8112
8AUH_L9I,89,4.2091
8AUH_L9I,9,3.9948
8AUH_L9I,90,3.6222
8AUH_L9I,91,3.6549
8AUH_L9I,92,3.3095
8AUH_L9I,93,2.3193
8AUH_L9I,94,3.8360
8AUH_L9I,95,4.1827
8AUH_L9I,96,2.3848
8AUH_L9I,97,4.5478
8AUH_L9I,98,3.2891
8AUH_L9I,99,3.7062
8AY3_OE3,0,2.4833
8AY3_OE3,1,1.1374
8AY3_OE3,10,1.1226
8AY3_OE3,100,2.2864
8AY3_OE3,101,1.6927
8AY3_OE3,102,2.8236
8AY3_OE3,103,2.9321
8AY3_OE3,104,0.9577
8AY3_OE3,105,1.3059
8AY3_OE3,106,1.2974
8AY3_OE3,107,2.6397
8AY3_OE3,108,1.6621
8AY3_OE3,109,2.3537
8AY3_OE3,11,2.7137
8AY3_OE3,110,0.9329
8AY3_OE3,111,3.0946
8AY3_OE3,112,3.1729
8AY3_OE3,113,1.0057
8AY3_OE3,114,1.3165
8AY3_OE3,115,1.1276
8AY3_OE3,116,0.7364
8AY3_OE3,117,2.8305
8AY3_OE3,118,2.8032
8AY3_OE3,119,2.0690
8AY3_OE3,12,1.8186
8AY3_OE3,120,0.5614
8AY3_OE3,121,2.6899
8AY3_OE3,122,3.5326
8AY3_OE3,123,1.0095
8AY3_OE3,124,2.7203
8AY3_OE3,125,2.5897
8AY3_OE3,126,1.7670
8AY3_OE3,127,2.4227
8AY3_OE3,128,2.7473
8AY3_OE3,129,0.6196
8AY3_OE3,13,1.1754
8AY3_OE3,130,1.1880
8AY3_OE3,131,1.0015
8AY3_OE3,132,0.7643
8AY3_OE3,133,3.2612
8AY3_OE3,134,1.0074
8AY3_OE3,135,1.3443
8AY3_OE3,136,1.6638
8AY3_OE3,137,1.0931
8AY3_OE3,138,2.6558
8AY3_OE3,139,0.9333
8AY3_OE3,14,1.0318
8AY3_OE3,15,3.3800
8AY3_OE3,16,0.9837
8AY3_OE3,17,0.6816
8AY3_OE3,18,2.4721
8AY3_OE3,19,1.0412
8AY3_OE3,2,2.7774
8AY3_OE3,20,1.1758
8AY3_OE3,21,3.3888
8AY3_OE3,22,2.9400
8AY3_OE3,23,2.6380
8AY3_OE3,24,1.5136
8AY3_OE3,25,2.7841
8AY3_OE3,26,2.3504
8AY3_OE3,27,1.5988
8AY3_OE3,28,2.6030
8AY3_OE3,29,2.6727
8AY3_OE3,3,2.1933
8AY3_OE3,30,2.5388
8AY3_OE3,31,2.6838
8AY3_OE3,32,0.9342
8AY3_OE3,33,2.2491
8AY3_OE3,34,1.0666
8AY3_OE3,35,1.1914
8AY3_OE3,36,2.4302
8AY3_OE3,37,2.4054
8AY3_OE3,38,2.6218
8AY3_OE3,39,2.6171
8AY3_OE3,4,1.4359
8AY3_OE3,40,2.4966
8AY3_OE3,41,0.6228
8AY3_OE3,42,0.6791
8AY3_OE3,43,0.9427
8AY3_OE3,44,1.2340
8AY3_OE3,45,2.5327
8AY3_OE3,46,1.6019
8AY3_OE3,47,2.7183
8AY3_OE3,48,0.9214
8AY3_OE3,49,2.3440
8AY3_OE3,5,0.8161
8AY3_OE3,50,2.6200
8AY3_OE3,51,1.6398
8AY3_OE3,52,3.0304
8AY3_OE3,53,0.9274
8AY3_OE3,54,0.9532
8AY3_OE3,55,3.3464
8AY3_OE3,56,1.2501
8AY3_OE3,57,1.1840
8AY3_OE3,58,2.6271
8AY3_OE3,59,1.0402
8AY3_OE3,6,2.7068
8AY3_OE3,60,1.1562
8AY3_OE3,61,2.6880
8AY3_OE3,62,1.2973
8AY3_OE3,63,1.8629
8AY3_OE3,64,2.2534
8AY3_OE3,65,2.0896
8AY3_OE3,66,1.1898
8AY3_OE3,67,0.8206
8AY3_OE3,68,1.3109
8AY3_OE3,69,1.2945
8AY3_OE3,7,1.0183
8AY3_OE3,70,0.9885
8AY3_OE3,71,2.3360
8AY3_OE3,72,2.3344
8AY3_OE3,73,1.1597
8AY3_OE3,74,2.6556
8AY3_OE3,75,2.6519
8AY3_OE3,76,1.0341
8AY3_OE3,77,0.7380
8AY3_OE3,78,2.3519
8AY3_OE3,79,1.0397
8AY3_OE3,8,3.4743
8AY3_OE3,80,2.4495
8AY3_OE3,81,3.6325
8AY3_OE3,82,1.4910
8AY3_OE3,83,0.8770
8AY3_OE3,84,1.4544
8AY3_OE3,85,2.7475
8AY3_OE3,86,1.0619
8AY3_OE3,87,2.5162
8AY3_OE3,88,0.9977
8AY3_OE3,89,1.1450
8AY3_OE3,9,1.0059
8AY3_OE3,90,2.5996
8AY3_OE3,91,1.1069
8AY3_OE3,92,2.6473
8AY3_OE3,93,2.6512
8AY3_OE3,94,1.1090
8AY3_OE3,95,1.1045
8AY3_OE3,96,0.9839
8AY3_OE3,97,1.9282
8AY3_OE3,98,2.2611
8AY3_OE3,99,1.1729
8B8H_OJQ,0,1.3253
8B8H_OJQ,1,5.2339
8B8H_OJQ,10,5.4370
8B8H_OJQ,100,2.4250
8B8H_OJQ,101,5.3094
8B8H_OJQ,102,5.0181
8B8H_OJQ,103,5.0652
8B8H_OJQ,104,5.2951
8B8H_OJQ,105,2.2371
8B8H_OJQ,106,1.3573
8B8H_OJQ,107,3.5113
8B8H_OJQ,108,1.4124
8B8H_OJQ,109,6.3090
8B8H_OJQ,11,1.9612
8B8H_OJQ,110,5.1910
8B8H_OJQ,111,1.0304
8B8H_OJQ,112,1.0430
8B8H_OJQ,113,1.7195
8B8H_OJQ,114,1.5006
8B8H_OJQ,115,1.4713
8B8H_OJQ,116,5.0451
8B8H_OJQ,117,1.4383
8B8H_OJQ,118,1.8473
8B8H_OJQ,119,1.4027
8B8H_OJQ,12,5.4229
8B8H_OJQ,120,2.5613
8B8H_OJQ,121,2.1341
8B8H_OJQ,122,2.3558
8B8H_OJQ,123,2.6821
8B8H_OJQ,124,5.2838
8B8H_OJQ,125,1.8232
8B8H_OJQ,126,5.2211
8B8H_OJQ,127,1.4422
8B8H_OJQ,128,1.5621
8B8H_OJQ,129,1.4371
8B8H_OJQ,13,2.2198
8B8H_OJQ,130,5.3529
8B8H_OJQ,131,2.2631
8B8H_OJQ,132,5.1478
8B8H_OJQ,133,1.1687
8B8H_OJQ,134,1.6325
8B8H_OJQ,135,4.8429
8B8H_OJQ,136,2.3290
8B8H_OJQ,137,1.9046
8B8H_OJQ,138,4.8571
8B8H_OJQ,139,2.4665
8B8H_OJQ,14,5.4220
8B8H_OJQ,15,5.1612
8B8H_OJQ,16,1.7760
8B8H_OJQ,17,5.2789
8B8H_OJQ,18,2.5480
8B8H_OJQ,19,1.6664
8B8H_OJQ,2,1.8322
8B8H_OJQ,20,5.0099
8B8H_OJQ,21,5.1369
8B8H_OJQ,22,5.7782
8B8H_OJQ,23,3.5090
8B8H_OJQ,24,5.2413
8B8H_OJQ,25,5.5424
8B8H_OJQ,26,1.6769
8B8H_OJQ,27,5.0751
8B8H_OJQ,28,5.0322
8B8H_OJQ,29,1.7562
8B8H_OJQ,3,1.5579
8B8H_OJQ,30,5.1880
8B8H_OJQ,31,5.3640
8B8H_OJQ,32,5.3097
8B8H_OJQ,33,5.3605
8B8H_OJQ,34,1.6533
8B8H_OJQ,35,5.3603
8B8H_OJQ,36,4.8923
8B8H_OJQ,37,2.2602
8B8H_OJQ,38,4.9050
8B8H_OJQ,39,2.3247
8B8H_OJQ,4,1.7735
8B8H_OJQ,40,1.3518
8B8H_OJQ,41,5.3783
8B8H_OJQ,42,1.4952
8B8H_OJQ,43,5.2633
8B8H_OJQ,44,5.4657
8B8H_OJQ,45,3.1451
8B8H_OJQ,46,6.2967
8B8H_OJQ,47,2.2525
8B8H_OJQ,48,5.1742
8B8H_OJQ,49,1.5770
8B8H_OJQ,5,5.4933
8B8H_OJQ,50,1.6943
8B8H_OJQ,51,1.7957
8B8H_OJQ,52,1.6406
8B8H_OJQ,53,1.2136
8B8H_OJQ,54,1.6079
8B8H_OJQ,55,4.8535
8B8H_OJQ,56,1.2130
8B8H_OJQ,57,5.1656
8B8H_OJQ,58,1.1564
8B8H_OJQ,59,1.7834
8B8H_OJQ,6,5.5697
8B8H_OJQ,60,5.4958
8B8H_OJQ,61,5.5688
8B8H_OJQ,62,2.3441
8B8H_OJQ,63,2.5862
8B8H_OJQ,64,2.0963
8B8H_OJQ,65,1.5770
8B8H_OJQ,66,4.9305
8B8H_OJQ,67,5.4529
8B8H_OJQ,68,2.4541
8B8H_OJQ,69,5.3335
8B8H_OJQ,7,1.5890
8B8H_OJQ,70,1.6785
8B8H_OJQ,71,5.6748
8B8H_OJQ,72,1.2656
8B8H_OJQ,73,1.8388
8B8H_OJQ,74,5.0574
8B8H_OJQ,75,1.9773
8B8H_OJQ,76,1.1422
8B8H_OJQ,77,5.1580
8B8H_OJQ,78,1.5059
8B8H_OJQ,79,5.1791
8B8H_OJQ,8,1.8704
8B8H_OJQ,80,1.5699
8B8H_OJQ,81,5.2646
8B8H_OJQ,82,1.5339
8B8H_OJQ,83,1.4320
8B8H_OJQ,84,1.8496
8B8H_OJQ,85,5.0090
8B8H_OJQ,86,1.6245
8B8H_OJQ,87,1.5214
8B8H_OJQ,88,1.3803
8B8H_OJQ,89,2.2671
8B8H_OJQ,9,1.8218
8B8H_OJQ,90,1.2632
8B8H_OJQ,91,1.5700
8B8H_OJQ,92,2.6038
8B8H_OJQ,93,4.6970
8B8H_OJQ,94,1.9301
8B8H_OJQ,95,1.5450
8B8H_OJQ,96,5.2936
8B8H_OJQ,97,5.0948
8B8H_OJQ,98,1.2622
8B8H_OJQ,99,5.0553
8BOM_QU6,0,0.6464
8BOM_QU6,1,0.9495
8BOM_QU6,10,1.6938
8BOM_QU6,100,4.0727
8BOM_QU6,101,0.6297
8BOM_QU6,102,3.6751
8BOM_QU6,103,3.4081
8BOM_QU6,104,1.7527
8BOM_QU6,105,1.2081
8BOM_QU6,106,3.9419
8BOM_QU6,107,0.8886
8BOM_QU6,108,3.7086
8BOM_QU6,109,4.0528
8BOM_QU6,11,0.8322
8BOM_QU6,110,3.9106
8BOM_QU6,111,0.5310
8BOM_QU6,112,4.0925
8BOM_QU6,113,3.9443
8BOM_QU6,114,3.7918
8BOM_QU6,115,3.9192
8BOM_QU6,116,3.9789
8BOM_QU6,117,3.8990
8BOM_QU6,118,0.9312
8BOM_QU6,119,1.0233
8BOM_QU6,12,0.3749
8BOM_QU6,120,0.9623
8BOM_QU6,121,3.8709
8BOM_QU6,122,0.5660
8BOM_QU6,123,0.7442
8BOM_QU6,124,0.8907
8BOM_QU6,125,3.9792
8BOM_QU6,126,3.7875
8BOM_QU6,127,1.3882
8BOM_QU6,128,1.1813
8BOM_QU6,129,1.0072
8BOM_QU6,13,3.9396
8BOM_QU6,130,3.7437
8BOM_QU6,131,1.2192
8BOM_QU6,132,0.6666
8BOM_QU6,133,4.4263
8BOM_QU6,134,3.1910
8BOM_QU6,135,3.7215
8BOM_QU6,136,0.7265
8BOM_QU6,137,3.8875
8BOM_QU6,138,3.8917
8BOM_QU6,139,3.9540
8BOM_QU6,14,3.1584
8BOM_QU6,15,4.0465
8BOM_QU6,16,4.1139
8BOM_QU6,17,0.8970
8BOM_QU6,18,1.9924
8BOM_QU6,19,0.9331
8BOM_QU6,2,0.4496
8BOM_QU6,20,3.7776
8BOM_QU6,21,2.4704
8BOM_QU6,22,3.7701
8BOM_QU6,23,3.8394
8BOM_QU6,24,1.1852
8BOM_QU6,25,3.9979
8BOM_QU6,26,0.9939
8BOM_QU6,27,0.8741
8BOM_QU6,28,1.1442
8BOM_QU6,29,3.8300
8BOM_QU6,3,3.7155
8BOM_QU6,30,0.6774
8BOM_QU6,31,1.4228
8BOM_QU6,32,1.1946
8BOM_QU6,33,3.7825
8BOM_QU6,34,3.8631
8BOM_QU6,35,1.3677
8BOM_QU6,36,0.7702
8BOM_QU6,37,1.1885
8BOM_QU6,38,3.8324
8BOM_QU6,39,1.6726
8BOM_QU6,4,3.8854
8BOM_QU6,40,3.7216
8BOM_QU6,41,1.5397
8BOM_QU6,42,0.9330
8BOM_QU6,43,0.8595
8BOM_QU6,44,3.8726
8BOM_QU6,45,2.4597
8BOM_QU6,46,1.6074
8BOM_QU6,47,1.3993
8BOM_QU6,48,1.1130
8BOM_QU6,49,3.8585
8BOM_QU6,5,3.9626
8BOM_QU6,50,1.0262
8BOM_QU6,51,3.8095
8BOM_QU6,52,4.0254
8BOM_QU6,53,4.0361
8BOM_QU6,54,1.5724
8BOM_QU6,55,1.0125
8BOM_QU6,56,1.8452
8BOM_QU6,57,1.5014
8BOM_QU6,58,3.8769
8BOM_QU6,59,3.9709
8BOM_QU6,6,0.5388
8BOM_QU6,60,3.9516
8BOM_QU6,61,0.9731
8BOM_QU6,62,1.0946
8BOM_QU6,63,3.8465
8BOM_QU6,64,1.4596
8BOM_QU6,65,4.0002
8BOM_QU6,66,3.7725
8BOM_QU6,67,1.9337
8BOM_QU6,68,3.8398
8BOM_QU6,69,1.6219
8BOM_QU6,7,4.1196
8BOM_QU6,70,3.9640
8BOM_QU6,71,3.7146
8BOM_QU6,72,4.0428
8BOM_QU6,73,3.8027
8BOM_QU6,74,1.2327
8BOM_QU6,75,1.0874
8BOM_QU6,76,3.9196
8BOM_QU6,77,1.3378
8BOM_QU6,78,1.0843
8BOM_QU6,79,1.0529
8BOM_QU6,8,2.1955
8BOM_QU6,80,1.1202
8BOM_QU6,81,1.8350
8BOM_QU6,82,3.7657
8BOM_QU6,83,3.8731
8BOM_QU6,84,3.9427
8BOM_QU6,85,0.9130
8BOM_QU6,86,0.9415
8BOM_QU6,87,3.7998
8BOM_QU6,88,1.2470
8BOM_QU6,89,1.0179
8BOM_QU6,9,1.0874
8BOM_QU6,90,0.9837
8BOM_QU6,91,0.6116
8BOM_QU6,92,1.6127
8BOM_QU6,93,1.8459
8BOM_QU6,94,3.8999
8BOM_QU6,95,4.2100
8BOM_QU6,96,0.6788
8BOM_QU6,97,1.1278
8BOM_QU6,98,4.1512
8BOM_QU6,99,3.8010
8BTI_RFO,0,1.0305
8BTI_RFO,1,0.9909
8BTI_RFO,10,2.5347
8BTI_RFO,100,2.4384
8BTI_RFO,101,1.3711
8BTI_RFO,102,0.9265
8BTI_RFO,103,0.6951
8BTI_RFO,104,5.1649
8BTI_RFO,105,0.5374
8BTI_RFO,106,0.6616
8BTI_RFO,107,2.3603
8BTI_RFO,108,5.4807
8BTI_RFO,109,5.4046
8BTI_RFO,11,1.0192
8BTI_RFO,110,5.3981
8BTI_RFO,111,5.3743
8BTI_RFO,112,0.8990
8BTI_RFO,113,0.5868
8BTI_RFO,114,4.6740
8BTI_RFO,115,4.6512
8BTI_RFO,116,2.4079
8BTI_RFO,117,1.1741
8BTI_RFO,118,0.6240
8BTI_RFO,119,1.0647
8BTI_RFO,12,0.4819
8BTI_RFO,120,1.0532
8BTI_RFO,121,5.2032
8BTI_RFO,122,1.1478
8BTI_RFO,123,2.5599
8BTI_RFO,124,1.0822
8BTI_RFO,125,2.4329
8BTI_RFO,126,5.3386
8BTI_RFO,127,0.5746
8BTI_RFO,128,2.3864
8BTI_RFO,129,3.7604
8BTI_RFO,13,2.7561
8BTI_RFO,130,0.7536
8BTI_RFO,131,3.9100
8BTI_RFO,132,1.1842
8BTI_RFO,133,2.7341
8BTI_RFO,134,1.5250
8BTI_RFO,135,0.5806
8BTI_RFO,136,2.4499
8BTI_RFO,137,2.3219
8BTI_RFO,138,5.5633
8BTI_RFO,139,0.9957
8BTI_RFO,14,0.7837
8BTI_RFO,15,5.3288
8BTI_RFO,16,5.7953
8BTI_RFO,17,0.4240
8BTI_RFO,18,0.7256
8BTI_RFO,19,3.6933
8BTI_RFO,2,0.4620
8BTI_RFO,20,1.6172
8BTI_RFO,21,2.3735
8BTI_RFO,22,2.3625
8BTI_RFO,23,2.3056
8BTI_RFO,24,0.3930
8BTI_RFO,25,1.0302
8BTI_RFO,26,4.4703
8BTI_RFO,27,2.5372
8BTI_RFO,28,0.8052
8BTI_RFO,29,5.4585
8BTI_RFO,3,1.4244
8BTI_RFO,30,0.5652
8BTI_RFO,31,0.7368
8BTI_RFO,32,0.4812
8BTI_RFO,33,0.9191
8BTI_RFO,34,0.9296
8BTI_RFO,35,0.6209
8BTI_RFO,36,1.0066
8BTI_RFO,37,2.3677
8BTI_RFO,38,5.9296
8BTI_RFO,39,3.8366
8BTI_RFO,4,0.4801
8BTI_RFO,40,0.4305
8BTI_RFO,41,5.2366
8BTI_RFO,42,2.5375
8BTI_RFO,43,1.0108
8BTI_RFO,44,1.9585
8BTI_RFO,45,2.0341
8BTI_RFO,46,1.6351
8BTI_RFO,47,5.3884
8BTI_RFO,48,2.4726
8BTI_RFO,49,2.6086
8BTI_RFO,5,0.6850
8BTI_RFO,50,5.7026
8BTI_RFO,51,2.3235
8BTI_RFO,52,0.4751
8BTI_RFO,53,2.4819
8BTI_RFO,54,1.4000
8BTI_RFO,55,5.3487
8BTI_RFO,56,3.3986
8BTI_RFO,57,2.5899
8BTI_RFO,58,0.6489
8BTI_RFO,59,5.3237
8BTI_RFO,6,1.5608
8BTI_RFO,60,2.4356
8BTI_RFO,61,4.6979
8BTI_RFO,62,1.2152
8BTI_RFO,63,1.4550
8BTI_RFO,64,2.5951
8BTI_RFO,65,1.2061
8BTI_RFO,66,0.8355
8BTI_RFO,67,1.3543
8BTI_RFO,68,0.3761
8BTI_RFO,69,0.8310
8BTI_RFO,7,0.6598
8BTI_RFO,70,2.1391
8BTI_RFO,71,3.5704
8BTI_RFO,72,5.6719
8BTI_RFO,73,5.1407
8BTI_RFO,74,2.3920
8BTI_RFO,75,5.6626
8BTI_RFO,76,2.3895
8BTI_RFO,77,1.1807
8BTI_RFO,78,0.3884
8BTI_RFO,79,1.7711
8BTI_RFO,8,5.8356
8BTI_RFO,80,1.1416
8BTI_RFO,81,2.3004
8BTI_RFO,82,2.3833
8BTI_RFO,83,1.2156
8BTI_RFO,84,5.3219
8BTI_RFO,85,3.1208
8BTI_RFO,86,5.1068
8BTI_RFO,87,3.9592
8BTI_RFO,88,0.6767
8BTI_RFO,89,2.4720
8BTI_RFO,9,0.7787
8BTI_RFO,90,0.4188
8BTI_RFO,91,1.1450
8BTI_RFO,92,2.2921
8BTI_RFO,93,2.4343
8BTI_RFO,94,1.1392
8BTI_RFO,95,2.1049
8BTI_RFO,96,1.1569
8BTI_RFO,97,5.5823
8BTI_RFO,98,0.6128
8BTI_RFO,99,1.1482
8C3N_ADP,0,2.5304
8C3N_ADP,1,3.6634
8C3N_ADP,10,1.2037
8C3N_ADP,100,1.1302
8C3N_ADP,101,1.7050
8C3N_ADP,102,2.1197
8C3N_ADP,103,1.0980
8C3N_ADP,104,2.3756
8C3N_ADP,105,1.3429
8C3N_ADP,106,0.9545
8C3N_ADP,107,1.1631
8C3N_ADP,108,0.8340
8C3N_ADP,109,2.0725
8C3N_ADP,11,2.1156
8C3N_ADP,110,0.9810
8C3N_ADP,111,1.0800
8C3N_ADP,112,0.5620
8C3N_ADP,113,0.9320
8C3N_ADP,114,1.4673
8C3N_ADP,115,2.1355
8C3N_ADP,116,1.8962
8C3N_ADP,117,2.0421
8C3N_ADP,118,1.2219
8C3N_ADP,119,2.0758
8C3N_ADP,12,1.4115
8C3N_ADP,120,2.4947
8C3N_ADP,121,1.5601
8C3N_ADP,122,2.7986
8C3N_ADP,123,1.9319
8C3N_ADP,124,1.2377
8C3N_ADP,125,1.3572
8C3N_ADP,126,2.0209
8C3N_ADP,127,1.3142
8C3N_ADP,128,1.0200
8C3N_ADP,129,1.4955
8C3N_ADP,13,0.7284
8C3N_ADP,130,1.3829
8C3N_ADP,131,1.2297
8C3N_ADP,132,2.0677
8C3N_ADP,133,1.3194
8C3N_ADP,134,1.1029
8C3N_ADP,135,1.0194
8C3N_ADP,136,1.2550
8C3N_ADP,137,2.3174
8C3N_ADP,138,1.0441
8C3N_ADP,139,1.6654
8C3N_ADP,14,1.9028
8C3N_ADP,15,1.4454
8C3N_ADP,16,1.0210
8C3N_ADP,17,1.0834
8C3N_ADP,17,1.6036
8C3N_ADP,18,0.9208
8C3N_ADP,19,1.0276
8C3N_ADP,2,0.8153
8C3N_ADP,20,2.3795
8C3N_ADP,21,1.1450
8C3N_ADP,22,2.7540
8C3N_ADP,23,0.9694
8C3N_ADP,24,1.8717
8C3N_ADP,25,1.3718
8C3N_ADP,26,1.5206
8C3N_ADP,27,1.1872
8C3N_ADP,28,1.6631
8C3N_ADP,29,1.9645
8C3N_ADP,3,1.6183
8C3N_ADP,30,1.2754
8C3N_ADP,31,2.3771
8C3N_ADP,32,1.8637
8C3N_ADP,33,1.2891
8C3N_ADP,34,0.9475
8C3N_ADP,35,1.1156
8C3N_ADP,36,1.2006
8C3N_ADP,37,1.7729
8C3N_ADP,38,1.1474
8C3N_ADP,39,1.0118
8C3N_ADP,4,0.8973
8C3N_ADP,40,1.0458
8C3N_ADP,41,2.2507
8C3N_ADP,42,2.1682
8C3N_ADP,43,1.5582
8C3N_ADP,44,1.3271
8C3N_ADP,45,1.5830
8C3N_ADP,46,0.9096
8C3N_ADP,47,1.6830
8C3N_ADP,48,1.1223
8C3N_ADP,49,1.7735
8C3N_ADP,5,0.8637
8C3N_ADP,50,0.6480
8C3N_ADP,51,1.4325
8C3N_ADP,52,1.2027
8C3N_ADP,53,1.1148
8C3N_ADP,54,1.1640
8C3N_ADP,55,0.9347
8C3N_ADP,56,1.8741
8C3N_ADP,57,0.6680
8C3N_ADP,58,1.7411
8C3N_ADP,59,1.5270
8C3N_ADP,6,1.1102
8C3N_ADP,60,1.5631
8C3N_ADP,61,1.1490
8C3N_ADP,62,2.0953
8C3N_ADP,63,2.1993
8C3N_ADP,64,2.0680
8C3N_ADP,65,0.9866
8C3N_ADP,66,1.8540
8C3N_ADP,67,1.3298
8C3N_ADP,68,1.1628
8C3N_ADP,69,1.4454
8C3N_ADP,7,0.9427
8C3N_ADP,70,2.0089
8C3N_ADP,71,2.1058
8C3N_ADP,72,2.0542
8C3N_ADP,73,0.6985
8C3N_ADP,74,0.9502
8C3N_ADP,75,1.4668
8C3N_ADP,76,1.1133
8C3N_ADP,77,1.4172
8C3N_ADP,78,1.0335
8C3N_ADP,79,1.1527
8C3N_ADP,8,1.0980
8C3N_ADP,80,0.9236
8C3N_ADP,81,2.6163
8C3N_ADP,82,1.8441
8C3N_ADP,83,1.9239
8C3N_ADP,84,0.7357
8C3N_ADP,85,2.4924
8C3N_ADP,86,1.3207
8C3N_ADP,87,1.9339
8C3N_ADP,88,1.1137
8C3N_ADP,89,2.0861
8C3N_ADP,9,1.8760
8C3N_ADP,90,2.0218
8C3N_ADP,91,2.2775
8C3N_ADP,92,1.5088
8C3N_ADP,93,2.0052
8C3N_ADP,94,1.8229
8C3N_ADP,95,1.2529
8C3N_ADP,96,1.0767
8C3N_ADP,97,1.1524
8C3N_ADP,98,0.9381
8C3N_ADP,99,1.0681
8C5M_MTA,0,1.6474
8C5M_MTA,1,0.6335
8C5M_MTA,10,2.2208
8C5M_MTA,100,2.0631
8C5M_MTA,101,2.4698
8C5M_MTA,102,0.7120
8C5M_MTA,102,2.3087
8C5M_MTA,103,1.0434
8C5M_MTA,104,2.1290
8C5M_MTA,105,1.2022
8C5M_MTA,106,2.1302
8C5M_MTA,107,0.9662
8C5M_MTA,108,0.7472
8C5M_MTA,109,1.3937
8C5M_MTA,11,0.8223
8C5M_MTA,110,3.4385
8C5M_MTA,111,0.9834
8C5M_MTA,112,1.0102
8C5M_MTA,113,2.1701
8C5M_MTA,114,2.4721
8C5M_MTA,115,0.9452
8C5M_MTA,116,2.3285
8C5M_MTA,117,2.5172
8C5M_MTA,118,2.3128
8C5M_MTA,119,3.4046
8C5M_MTA,12,1.3873
8C5M_MTA,120,3.0076
8C5M_MTA,121,2.1770
8C5M_MTA,122,2.1246
8C5M_MTA,123,0.7216
8C5M_MTA,124,1.6030
8C5M_MTA,125,1.5781
8C5M_MTA,126,3.5421
8C5M_MTA,127,1.2344
8C5M_MTA,128,3.2220
8C5M_MTA,129,1.4402
8C5M_MTA,13,1.8868
8C5M_MTA,130,2.5411
8C5M_MTA,131,2.0323
8C5M_MTA,132,1.3979
8C5M_MTA,133,1.1017
8C5M_MTA,134,2.0181
8C5M_MTA,135,2.4204
8C5M_MTA,136,3.5612
8C5M_MTA,137,1.4105
8C5M_MTA,138,1.7592
8C5M_MTA,139,1.6106
8C5M_MTA,14,2.0380
8C5M_MTA,15,1.6816
8C5M_MTA,16,2.5419
8C5M_MTA,17,1.6538
8C5M_MTA,18,0.9716
8C5M_MTA,19,1.9992
8C5M_MTA,2,1.0984
8C5M_MTA,20,3.1143
8C5M_MTA,21,3.6412
8C5M_MTA,22,1.9523
8C5M_MTA,23,1.2710
8C5M_MTA,24,0.8573
8C5M_MTA,25,2.6885
8C5M_MTA,25,3.2951
8C5M_MTA,26,1.5446
8C5M_MTA,27,1.0975
8C5M_MTA,28,3.0189
8C5M_MTA,29,2.1505
8C5M_MTA,3,2.6871
8C5M_MTA,30,2.1420
8C5M_MTA,31,3.3399
8C5M_MTA,32,1.3435
8C5M_MTA,33,2.1983
8C5M_MTA,34,1.0126
8C5M_MTA,35,2.1627
8C5M_MTA,36,1.3000
8C5M_MTA,37,2.3296
8C5M_MTA,38,1.4278
8C5M_MTA,39,1.0529
8C5M_MTA,4,3.0563
8C5M_MTA,40,2.7813
8C5M_MTA,41,2.5018
8C5M_MTA,42,1.3531
8C5M_MTA,43,3.0540
8C5M_MTA,44,0.8778
8C5M_MTA,45,1.4523
8C5M_MTA,46,2.7473
8C5M_MTA,47,1.2607
8C5M_MTA,48,0.8713
8C5M_MTA,49,1.6632
8C5M_MTA,5,2.5898
8C5M_MTA,50,1.9260
8C5M_MTA,51,3.1398
8C5M_MTA,52,2.2829
8C5M_MTA,53,0.9211
8C5M_MTA,54,1.3555
8C5M_MTA,55,0.8182
8C5M_MTA,56,0.8114
8C5M_MTA,57,1.7407
8C5M_MTA,58,0.9256
8C5M_MTA,59,1.2416
8C5M_MTA,6,1.8991
8C5M_MTA,60,2.4557
8C5M_MTA,61,1.4540
8C5M_MTA,62,2.6575
8C5M_MTA,63,2.3668
8C5M_MTA,64,2.7970
8C5M_MTA,65,1.9904
8C5M_MTA,66,0.9134
8C5M_MTA,67,2.9125
8C5M_MTA,68,2.1970
8C5M_MTA,69,1.9251
8C5M_MTA,7,1.1981
8C5M_MTA,70,1.0157
8C5M_MTA,71,1.4471
8C5M_MTA,72,2.8383
8C5M_MTA,73,1.0145
8C5M_MTA,74,1.0814
8C5M_MTA,75,2.2146
8C5M_MTA,76,0.7238
8C5M_MTA,77,1.9685
8C5M_MTA,78,2.2818
8C5M_MTA,79,1.7848
8C5M_MTA,8,0.8879
8C5M_MTA,80,2.4154
8C5M_MTA,81,1.9887
8C5M_MTA,82,2.5816
8C5M_MTA,83,3.3859
8C5M_MTA,84,2.0651
8C5M_MTA,85,1.0576
8C5M_MTA,86,2.5538
8C5M_MTA,87,1.5849
8C5M_MTA,88,1.2226
8C5M_MTA,89,1.4022
8C5M_MTA,9,2.4259
8C5M_MTA,90,0.8614
8C5M_MTA,91,1.6739
8C5M_MTA,92,2.8357
8C5M_MTA,93,1.3179
8C5M_MTA,94,1.1862
8C5M_MTA,95,1.8315
8C5M_MTA,96,0.8164
8C5M_MTA,97,0.9063
8C5M_MTA,98,0.6041
8C5M_MTA,99,3.1741
8CNH_V6U,0,2.4090
8CNH_V6U,1,3.5112
8CNH_V6U,10,3.6801
8CNH_V6U,100,4.2938
8CNH_V6U,101,3.8495
8CNH_V6U,102,1.5252
8CNH_V6U,103,3.1689
8CNH_V6U,104,4.1030
8CNH_V6U,105,3.0406
8CNH_V6U,106,1.8683
8CNH_V6U,107,2.5241
8CNH_V6U,108,0.7402
8CNH_V6U,109,0.9146
8CNH_V6U,11,2.7339
8CNH_V6U,110,2.6163
8CNH_V6U,111,1.7775
8CNH_V6U,112,1.8407
8CNH_V6U,113,3.9874
8CNH_V6U,114,3.7769
8CNH_V6U,115,4.2149
8CNH_V6U,116,0.9746
8CNH_V6U,117,3.8551
8CNH_V6U,118,3.1893
8CNH_V6U,119,4.1492
8CNH_V6U,12,2.9296
8CNH_V6U,120,4.1703
8CNH_V6U,121,1.9298
8CNH_V6U,122,1.8476
8CNH_V6U,123,0.7186
8CNH_V6U,124,1.8178
8CNH_V6U,125,2.0654
8CNH_V6U,126,0.8501
8CNH_V6U,127,4.4686
8CNH_V6U,128,3.5672
8CNH_V6U,129,2.8447
8CNH_V6U,13,4.2809
8CNH_V6U,130,0.8497
8CNH_V6U,131,0.6874
8CNH_V6U,132,2.5293
8CNH_V6U,133,4.2341
8CNH_V6U,134,0.9984
8CNH_V6U,135,3.1482
8CNH_V6U,136,4.6704
8CNH_V6U,137,4.1692
8CNH_V6U,138,4.3028
8CNH_V6U,139,1.6392
8CNH_V6U,14,1.8929
8CNH_V6U,15,4.3202
8CNH_V6U,16,2.6542
8CNH_V6U,17,4.5081
8CNH_V6U,18,2.2729
8CNH_V6U,19,4.0721
8CNH_V6U,2,4.0267
8CNH_V6U,20,2.2661
8CNH_V6U,21,1.8117
8CNH_V6U,22,4.0203
8CNH_V6U,23,3.6661
8CNH_V6U,24,0.7544
8CNH_V6U,25,4.4534
8CNH_V6U,26,3.8981
8CNH_V6U,27,2.3141
8CNH_V6U,28,3.5770
8CNH_V6U,29,4.4785
8CNH_V6U,3,1.9634
8CNH_V6U,30,1.2803
8CNH_V6U,31,1.9153
8CNH_V6U,32,4.5282
8CNH_V6U,33,2.3902
8CNH_V6U,34,1.0567
8CNH_V6U,35,3.8509
8CNH_V6U,36,3.6515
8CNH_V6U,37,1.0965
8CNH_V6U,38,4.5091
8CNH_V6U,39,3.9627
8CNH_V6U,4,1.7689
8CNH_V6U,40,1.9167
8CNH_V6U,41,0.9878
8CNH_V6U,42,3.6421
8CNH_V6U,43,2.8695
8CNH_V6U,44,2.1968
8CNH_V6U,45,3.6247
8CNH_V6U,46,2.6111
8CNH_V6U,47,4.2433
8CNH_V6U,48,2.0239
8CNH_V6U,49,2.6072
8CNH_V6U,5,3.0512
8CNH_V6U,50,2.5203
8CNH_V6U,51,4.3843
8CNH_V6U,52,1.4161
8CNH_V6U,53,1.9148
8CNH_V6U,54,1.5274
8CNH_V6U,54,4.2228
8CNH_V6U,55,3.1311
8CNH_V6U,56,2.5039
8CNH_V6U,57,1.2292
8CNH_V6U,58,4.6794
8CNH_V6U,59,2.2790
8CNH_V6U,6,2.6624
8CNH_V6U,6,3.4618
8CNH_V6U,60,1.8273
8CNH_V6U,61,4.4266
8CNH_V6U,62,0.6410
8CNH_V6U,63,3.8112
8CNH_V6U,64,2.5401
8CNH_V6U,65,4.0150
8CNH_V6U,66,4.2620
8CNH_V6U,67,2.0061
8CNH_V6U,68,3.9163
8CNH_V6U,69,4.0183
8CNH_V6U,7,4.0169
8CNH_V6U,70,4.6188
8CNH_V6U,71,4.6186
8CNH_V6U,72,1.1930
8CNH_V6U,73,2.0595
8CNH_V6U,74,3.7543
8CNH_V6U,75,1.4868
8CNH_V6U,76,3.8054
8CNH_V6U,77,2.4754
8CNH_V6U,78,3.1011
8CNH_V6U,79,1.9286
8CNH_V6U,8,1.0342
8CNH_V6U,80,2.7323
8CNH_V6U,81,0.9690
8CNH_V6U,82,4.1789
8CNH_V6U,83,0.8211
8CNH_V6U,84,1.2605
8CNH_V6U,85,1.0767
8CNH_V6U,86,1.8710
8CNH_V6U,87,2.8752
8CNH_V6U,88,2.9082
8CNH_V6U,89,0.7418
8CNH_V6U,9,1.3702
8CNH_V6U,90,2.6269
8CNH_V6U,91,3.4928
8CNH_V6U,92,3.0504
8CNH_V6U,93,3.0514
8CNH_V6U,94,3.5262
8CNH_V6U,95,4.3733
8CNH_V6U,96,1.0179
8CNH_V6U,97,3.2767
8CNH_V6U,98,3.2139
8CNH_V6U,99,2.5982
8CSD_C5P,0,1.0266
8CSD_C5P,1,1.7828
8CSD_C5P,10,1.8009
8CSD_C5P,100,1.4646
8CSD_C5P,101,1.1121
8CSD_C5P,102,0.5122
8CSD_C5P,103,0.6519
8CSD_C5P,104,2.0673
8CSD_C5P,105,1.9733
8CSD_C5P,106,2.4195
8CSD_C5P,107,2.3124
8CSD_C5P,108,2.0354
8CSD_C5P,109,4.5714
8CSD_C5P,11,2.4837
8CSD_C5P,110,3.4218
8CSD_C5P,111,4.4885
8CSD_C5P,112,3.7802
8CSD_C5P,113,1.8813
8CSD_C5P,114,4.5277
8CSD_C5P,115,1.4301
8CSD_C5P,116,2.0314
8CSD_C5P,117,4.7932
8CSD_C5P,118,4.4394
8CSD_C5P,119,1.9625
8CSD_C5P,12,1.8620
8CSD_C5P,120,4.2872
8CSD_C5P,121,1.8734
8CSD_C5P,122,1.8621
8CSD_C5P,123,1.9475
8CSD_C5P,124,1.2657
8CSD_C5P,125,1.9720
8CSD_C5P,126,3.2282
8CSD_C5P,127,2.4830
8CSD_C5P,128,2.7495
8CSD_C5P,129,2.5404
8CSD_C5P,13,5.4814
8CSD_C5P,130,4.5027
8CSD_C5P,131,3.7896
8CSD_C5P,132,1.2823
8CSD_C5P,133,1.8435
8CSD_C5P,134,2.1803
8CSD_C5P,135,1.8788
8CSD_C5P,136,5.1898
8CSD_C5P,137,1.8025
8CSD_C5P,138,2.1328
8CSD_C5P,139,2.7874
8CSD_C5P,14,2.6092
8CSD_C5P,15,2.3392
8CSD_C5P,16,4.6052
8CSD_C5P,17,4.3305
8CSD_C5P,18,2.6068
8CSD_C5P,19,4.6436
8CSD_C5P,2,1.8772
8CSD_C5P,20,4.2189
8CSD_C5P,21,1.9116
8CSD_C5P,22,2.0640
8CSD_C5P,23,3.7763
8CSD_C5P,24,2.7324
8CSD_C5P,25,5.2856
8CSD_C5P,26,1.1207
8CSD_C5P,26,1.9683
8CSD_C5P,27,5.6629
8CSD_C5P,28,1.7992
8CSD_C5P,29,1.2339
8CSD_C5P,3,1.8424
8CSD_C5P,30,1.8778
8CSD_C5P,31,4.7717
8CSD_C5P,32,4.3955
8CSD_C5P,33,0.7274
8CSD_C5P,34,4.5262
8CSD_C5P,35,2.0313
8CSD_C5P,36,2.0820
8CSD_C5P,37,2.1176
8CSD_C5P,38,2.7912
8CSD_C5P,39,1.8564
8CSD_C5P,4,3.4039
8CSD_C5P,40,1.8689
8CSD_C5P,41,4.6260
8CSD_C5P,42,2.3475
8CSD_C5P,43,1.9513
8CSD_C5P,44,2.0264
8CSD_C5P,45,1.5094
8CSD_C5P,46,1.0473
8CSD_C5P,47,2.2425
8CSD_C5P,48,2.0500
8CSD_C5P,49,2.0553
8CSD_C5P,5,1.2856
8CSD_C5P,50,2.1262
8CSD_C5P,51,4.4100
8CSD_C5P,52,2.0192
8CSD_C5P,53,5.8056
8CSD_C5P,54,2.0086
8CSD_C5P,55,4.7404
8CSD_C5P,56,1.8522
8CSD_C5P,57,1.9690
8CSD_C5P,58,4.6700
8CSD_C5P,59,0.9851
8CSD_C5P,6,1.8324
8CSD_C5P,60,1.5799
8CSD_C5P,61,1.8797
8CSD_C5P,62,4.7699
8CSD_C5P,63,1.3445
8CSD_C5P,64,1.8958
8CSD_C5P,65,2.2207
8CSD_C5P,66,2.2709
8CSD_C5P,67,2.0495
8CSD_C5P,68,2.0417
8CSD_C5P,69,1.9054
8CSD_C5P,7,1.9635
8CSD_C5P,70,4.3127
8CSD_C5P,71,4.4102
8CSD_C5P,72,1.6537
8CSD_C5P,73,2.0422
8CSD_C5P,74,1.9125
8CSD_C5P,75,1.5082
8CSD_C5P,76,3.2645
8CSD_C5P,77,5.0478
8CSD_C5P,78,1.9906
8CSD_C5P,79,2.0741
8CSD_C5P,8,2.0445
8CSD_C5P,80,3.5045
8CSD_C5P,81,0.5435
8CSD_C5P,82,1.1634
8CSD_C5P,83,1.3058
8CSD_C5P,84,1.8681
8CSD_C5P,85,1.2742
8CSD_C5P,86,2.0187
8CSD_C5P,87,1.8708
8CSD_C5P,88,2.0474
8CSD_C5P,89,1.0804
8CSD_C5P,9,4.8093
8CSD_C5P,90,2.0205
8CSD_C5P,91,2.0055
8CSD_C5P,92,5.7475
8CSD_C5P,93,4.7326
8CSD_C5P,94,1.9670
8CSD_C5P,95,1.9927
8CSD_C5P,96,1.8692
8CSD_C5P,97,2.0588
8CSD_C5P,98,1.9029
8CSD_C5P,99,2.0813
8D19_GSH,0,1.7266
8D19_GSH,1,2.1654
8D19_GSH,10,3.6032
8D19_GSH,100,1.7975
8D19_GSH,101,2.9296
8D19_GSH,102,1.7069
8D19_GSH,103,2.2101
8D19_GSH,104,1.5803
8D19_GSH,105,2.1234
8D19_GSH,106,1.7874
8D19_GSH,107,1.7844
8D19_GSH,108,2.3994
8D19_GSH,109,3.2585
8D19_GSH,11,2.0763
8D19_GSH,110,1.2785
8D19_GSH,111,3.0693
8D19_GSH,112,3.1218
8D19_GSH,113,1.8676
8D19_GSH,114,5.0044
8D19_GSH,115,1.9809
8D19_GSH,116,2.8104
8D19_GSH,117,3.5454
8D19_GSH,117,1.6608
8D19_GSH,118,2.1448
8D19_GSH,119,2.2402
8D19_GSH,12,2.0934
8D19_GSH,120,1.8059
8D19_GSH,121,2.6583
8D19_GSH,122,5.2650
8D19_GSH,123,1.9788
8D19_GSH,124,3.3077
8D19_GSH,125,2.5426
8D19_GSH,126,3.5797
8D19_GSH,127,1.9682
8D19_GSH,128,2.0685
8D19_GSH,129,2.3727
8D19_GSH,13,2.1001
8D19_GSH,130,2.0656
8D19_GSH,131,2.1290
8D19_GSH,132,2.0086
8D19_GSH,133,3.0864
8D19_GSH,134,2.8712
8D19_GSH,135,1.7445
8D19_GSH,136,2.1306
8D19_GSH,137,1.1940
8D19_GSH,138,1.9287
8D19_GSH,139,2.1133
8D19_GSH,14,2.0258
8D19_GSH,15,6.9575
8D19_GSH,16,3.6407
8D19_GSH,17,2.1188
8D19_GSH,18,2.3918
8D19_GSH,19,6.1916
8D19_GSH,2,2.7100
8D19_GSH,20,1.3659
8D19_GSH,21,5.1376
8D19_GSH,22,2.5685
8D19_GSH,23,2.5601
8D19_GSH,24,1.8710
8D19_GSH,25,2.1316
8D19_GSH,26,2.0534
8D19_GSH,27,2.0260
8D19_GSH,28,2.9182
8D19_GSH,29,2.3779
8D19_GSH,3,2.1164
8D19_GSH,30,2.1422
8D19_GSH,31,3.1545
8D19_GSH,32,2.2769
8D19_GSH,33,1.8851
8D19_GSH,34,3.7258
8D19_GSH,35,2.2992
8D19_GSH,36,2.2148
8D19_GSH,37,4.4470
8D19_GSH,38,3.8203
8D19_GSH,39,1.9947
8D19_GSH,4,1.5710
8D19_GSH,40,2.3821
8D19_GSH,41,2.6412
8D19_GSH,42,2.1957
8D19_GSH,43,2.1014
8D19_GSH,44,1.9411
8D19_GSH,45,2.7166
8D19_GSH,46,1.6880
8D19_GSH,47,1.7264
8D19_GSH,48,2.0801
8D19_GSH,49,4.1625
8D19_GSH,5,4.7692
8D19_GSH,50,3.2703
8D19_GSH,51,1.7491
8D19_GSH,52,1.8103
8D19_GSH,53,2.0213
8D19_GSH,54,1.8732
8D19_GSH,55,6.6708
8D19_GSH,56,1.8427
8D19_GSH,57,1.9853
8D19_GSH,58,6.7781
8D19_GSH,59,1.6659
8D19_GSH,6,3.8102
8D19_GSH,60,1.8641
8D19_GSH,61,1.5642
8D19_GSH,62,5.1495
8D19_GSH,63,3.8762
8D19_GSH,64,5.8254
8D19_GSH,65,1.7793
8D19_GSH,66,1.9277
8D19_GSH,67,1.6971
8D19_GSH,68,2.0703
8D19_GSH,69,2.7036
8D19_GSH,7,1.8495
8D19_GSH,70,2.8311
8D19_GSH,71,2.5839
8D19_GSH,72,1.7774
8D19_GSH,73,2.2721
8D19_GSH,74,1.6181
8D19_GSH,75,1.4486
8D19_GSH,76,2.0752
8D19_GSH,77,2.3974
8D19_GSH,78,2.7486
8D19_GSH,79,1.5950
8D19_GSH,8,2.0453
8D19_GSH,80,3.6599
8D19_GSH,81,2.3990
8D19_GSH,82,3.8375
8D19_GSH,83,2.0759
8D19_GSH,84,2.0394
8D19_GSH,85,1.8605
8D19_GSH,86,2.2231
8D19_GSH,87,2.4974
8D19_GSH,88,2.4223
8D19_GSH,89,3.9219
8D19_GSH,9,2.3771
8D19_GSH,90,2.8411
8D19_GSH,91,2.2617
8D19_GSH,92,2.2264
8D19_GSH,93,6.6179
8D19_GSH,94,1.3944
8D19_GSH,95,5.6701
8D19_GSH,96,3.3372
8D19_GSH,97,1.5471
8D19_GSH,98,4.3967
8D19_GSH,99,5.2145
8D39_QDB,0,1.3479
8D39_QDB,1,1.4395
8D39_QDB,10,1.0127
8D39_QDB,100,0.7061
8D39_QDB,101,1.2052
8D39_QDB,102,1.6020
8D39_QDB,103,2.0474
8D39_QDB,104,1.1721
8D39_QDB,105,1.5385
8D39_QDB,106,0.9702
8D39_QDB,107,1.4298
8D39_QDB,108,1.8360
8D39_QDB,109,1.1139
8D39_QDB,11,1.1040
8D39_QDB,110,2.2044
8D39_QDB,111,1.2475
8D39_QDB,112,1.7999
8D39_QDB,113,5.7404
8D39_QDB,114,2.0195
8D39_QDB,115,1.1089
8D39_QDB,116,1.0121
8D39_QDB,117,1.0786
8D39_QDB,118,0.8788
8D39_QDB,119,1.2620
8D39_QDB,12,1.6402
8D39_QDB,120,5.6842
8D39_QDB,121,1.1999
8D39_QDB,122,1.7200
8D39_QDB,123,2.2418
8D39_QDB,124,1.0492
8D39_QDB,125,1.1794
8D39_QDB,126,1.3074
8D39_QDB,127,6.0177
8D39_QDB,128,1.3755
8D39_QDB,129,2.4867
8D39_QDB,13,0.6058
8D39_QDB,130,1.1525
8D39_QDB,131,0.9900
8D39_QDB,132,6.1215
8D39_QDB,133,2.7711
8D39_QDB,134,1.4140
8D39_QDB,135,0.9988
8D39_QDB,136,6.0142
8D39_QDB,137,1.3174
8D39_QDB,138,1.4893
8D39_QDB,139,1.1651
8D39_QDB,14,1.5727
8D39_QDB,15,1.0807
8D39_QDB,16,1.0385
8D39_QDB,17,1.1187
8D39_QDB,18,1.2019
8D39_QDB,19,1.4704
8D39_QDB,2,1.5921
8D39_QDB,20,1.2576
8D39_QDB,21,1.3203
8D39_QDB,22,1.3031
8D39_QDB,23,1.8020
8D39_QDB,24,0.8782
8D39_QDB,25,0.9699
8D39_QDB,26,1.1806
8D39_QDB,27,2.1007
8D39_QDB,28,1.2499
8D39_QDB,29,1.9129
8D39_QDB,3,1.0684
8D39_QDB,30,0.9391
8D39_QDB,31,0.8660
8D39_QDB,32,0.8370
8D39_QDB,33,1.1903
8D39_QDB,34,1.1126
8D39_QDB,35,1.2195
8D39_QDB,36,1.4468
8D39_QDB,37,0.8894
8D39_QDB,38,1.1921
8D39_QDB,39,0.8762
8D39_QDB,4,2.0308
8D39_QDB,40,0.9243
8D39_QDB,41,1.7545
8D39_QDB,42,6.1221
8D39_QDB,43,1.4410
8D39_QDB,44,1.4578
8D39_QDB,45,2.3206
8D39_QDB,46,0.6522
8D39_QDB,47,1.0154
8D39_QDB,48,1.5991
8D39_QDB,49,1.3437
8D39_QDB,5,1.3503
8D39_QDB,50,0.9902
8D39_QDB,51,0.9679
8D39_QDB,52,1.2484
8D39_QDB,53,1.2364
8D39_QDB,54,0.7569
8D39_QDB,55,0.8608
8D39_QDB,56,6.0948
8D39_QDB,57,1.3342
8D39_QDB,58,1.3387
8D39_QDB,59,0.9696
8D39_QDB,6,1.4312
8D39_QDB,60,1.2240
8D39_QDB,61,1.2350
8D39_QDB,62,1.3252
8D39_QDB,63,1.3941
8D39_QDB,64,1.3363
8D39_QDB,65,1.1818
8D39_QDB,66,1.3688
8D39_QDB,67,1.2644
8D39_QDB,68,1.1530
8D39_QDB,69,1.4184
8D39_QDB,7,0.6991
8D39_QDB,70,1.8781
8D39_QDB,71,1.5230
8D39_QDB,72,6.0779
8D39_QDB,73,1.5746
8D39_QDB,74,1.1478
8D39_QDB,75,1.1682
8D39_QDB,76,1.5180
8D39_QDB,77,0.8170
8D39_QDB,78,2.1153
8D39_QDB,79,1.3705
8D39_QDB,8,1.0108
8D39_QDB,80,1.1758
8D39_QDB,81,0.5587
8D39_QDB,81,1.1967
8D39_QDB,82,1.4052
8D39_QDB,83,1.5428
8D39_QDB,84,1.3731
8D39_QDB,85,1.1809
8D39_QDB,86,1.7377
8D39_QDB,87,0.9500
8D39_QDB,88,1.5527
8D39_QDB,89,0.8985
8D39_QDB,9,1.0882
8D39_QDB,90,1.1857
8D39_QDB,91,0.8984
8D39_QDB,92,0.8597
8D39_QDB,93,1.1504
8D39_QDB,94,6.0027
8D39_QDB,95,1.0901
8D39_QDB,96,1.0965
8D39_QDB,97,1.2064
8D39_QDB,98,6.0328
8D39_QDB,99,1.0893
8D5D_5DK,0,2.4454
8D5D_5DK,1,7.9959
8D5D_5DK,10,5.4391
8D5D_5DK,100,4.4717
8D5D_5DK,101,4.4711
8D5D_5DK,102,8.4172
8D5D_5DK,103,4.3848
8D5D_5DK,104,1.2687
8D5D_5DK,105,1.8362
8D5D_5DK,106,4.5741
8D5D_5DK,107,4.3585
8D5D_5DK,108,4.3168
8D5D_5DK,109,4.5674
8D5D_5DK,11,4.3574
8D5D_5DK,110,1.8701
8D5D_5DK,111,4.4712
8D5D_5DK,112,1.3786
8D5D_5DK,113,8.0652
8D5D_5DK,114,1.8752
8D5D_5DK,115,4.5309
8D5D_5DK,116,1.8669
8D5D_5DK,117,4.7228
8D5D_5DK,118,4.4181
8D5D_5DK,119,3.6306
8D5D_5DK,12,1.5794
8D5D_5DK,120,4.7946
8D5D_5DK,121,4.2777
8D5D_5DK,122,1.1577
8D5D_5DK,123,4.9516
8D5D_5DK,124,4.4981
8D5D_5DK,125,1.9580
8D5D_5DK,126,0.9455
8D5D_5DK,127,1.0640
8D5D_5DK,128,4.6055
8D5D_5DK,129,1.3282
8D5D_5DK,13,3.1302
8D5D_5DK,130,1.3653
8D5D_5DK,131,4.4447
8D5D_5DK,132,1.5875
8D5D_5DK,133,8.4015
8D5D_5DK,134,2.1582
8D5D_5DK,135,3.2253
8D5D_5DK,136,1.6213
8D5D_5DK,137,4.4672
8D5D_5DK,138,4.2974
8D5D_5DK,139,1.3266
8D5D_5DK,14,1.4633
8D5D_5DK,15,2.1280
8D5D_5DK,16,1.8385
8D5D_5DK,17,4.5364
8D5D_5DK,18,1.7544
8D5D_5DK,19,4.2971
8D5D_5DK,2,6.5071
8D5D_5DK,20,2.1465
8D5D_5DK,21,4.3877
8D5D_5DK,22,4.5244
8D5D_5DK,23,4.4106
8D5D_5DK,24,1.2524
8D5D_5DK,25,1.5963
8D5D_5DK,26,4.5688
8D5D_5DK,27,1.2754
8D5D_5DK,28,1.2920
8D5D_5DK,29,4.3824
8D5D_5DK,3,1.5030
8D5D_5DK,30,4.3396
8D5D_5DK,31,8.1941
8D5D_5DK,32,1.3043
8D5D_5DK,33,2.1047
8D5D_5DK,34,8.2698
8D5D_5DK,35,8.4407
8D5D_5DK,36,4.5723
8D5D_5DK,37,2.6650
8D5D_5DK,38,1.0042
8D5D_5DK,39,4.4451
8D5D_5DK,4,4.5053
8D5D_5DK,40,4.5537
8D5D_5DK,41,4.3060
8D5D_5DK,42,4.8338
8D5D_5DK,43,1.8443
8D5D_5DK,44,4.3644
8D5D_5DK,45,4.5211
8D5D_5DK,46,4.5674
8D5D_5DK,47,2.4908
8D5D_5DK,48,1.5510
8D5D_5DK,49,1.5930
8D5D_5DK,5,2.0932
8D5D_5DK,50,1.0025
8D5D_5DK,51,2.1293
8D5D_5DK,52,4.5820
8D5D_5DK,53,2.3181
8D5D_5DK,54,4.4890
8D5D_5DK,55,3.4745
8D5D_5DK,56,1.7298
8D5D_5DK,57,4.5246
8D5D_5DK,58,2.6172
8D5D_5DK,59,2.3589
8D5D_5DK,6,4.7128
8D5D_5DK,60,2.5717
8D5D_5DK,61,6.3458
8D5D_5DK,62,2.0391
8D5D_5DK,63,1.6460
8D5D_5DK,64,4.5573
8D5D_5DK,65,2.0098
8D5D_5DK,66,4.6105
8D5D_5DK,67,7.5446
8D5D_5DK,68,4.4890
8D5D_5DK,69,4.1060
8D5D_5DK,7,8.6906
8D5D_5DK,70,1.2016
8D5D_5DK,71,1.3736
8D5D_5DK,72,8.7466
8D5D_5DK,73,1.3867
8D5D_5DK,74,1.2637
8D5D_5DK,75,1.4109
8D5D_5DK,76,4.4738
8D5D_5DK,77,4.4431
8D5D_5DK,78,1.3001
8D5D_5DK,79,1.0551
8D5D_5DK,8,3.8127
8D5D_5DK,80,3.0609
8D5D_5DK,81,1.6218
8D5D_5DK,82,4.4964
8D5D_5DK,83,1.1408
8D5D_5DK,84,4.4740
8D5D_5DK,85,5.5484
8D5D_5DK,86,2.0503
8D5D_5DK,87,4.4681
8D5D_5DK,88,1.6529
8D5D_5DK,89,4.4472
8D5D_5DK,9,7.6282
8D5D_5DK,90,1.6292
8D5D_5DK,91,4.4630
8D5D_5DK,92,4.1015
8D5D_5DK,93,2.8914
8D5D_5DK,94,4.6588
8D5D_5DK,95,2.6711
8D5D_5DK,96,1.3259
8D5D_5DK,97,0.8799
8D5D_5DK,98,7.1741
8D5D_5DK,99,4.5249
8DHG_T78,0,7.0771
8DHG_T78,1,3.7052
8DHG_T78,10,1.7751
8DHG_T78,100,1.4954
8DHG_T78,101,1.4383
8DHG_T78,102,3.5779
8DHG_T78,103,1.1328
8DHG_T78,104,2.8101
8DHG_T78,105,4.4342
8DHG_T78,106,2.6500
8DHG_T78,107,4.4625
8DHG_T78,108,8.2832
8DHG_T78,109,3.0150
8DHG_T78,11,3.7110
8DHG_T78,110,3.2249
8DHG_T78,111,7.2675
8DHG_T78,112,7.5048
8DHG_T78,113,7.3538
8DHG_T78,114,8.7441
8DHG_T78,115,8.9239
8DHG_T78,116,2.8617
8DHG_T78,117,3.7299
8DHG_T78,118,7.8180
8DHG_T78,119,8.4451
8DHG_T78,12,8.6577
8DHG_T78,120,1.2285
8DHG_T78,121,9.5641
8DHG_T78,122,1.9760
8DHG_T78,123,4.3736
8DHG_T78,124,2.3818
8DHG_T78,125,4.0085
8DHG_T78,126,3.8020
8DHG_T78,127,1.8768
8DHG_T78,128,2.7490
8DHG_T78,129,3.4410
8DHG_T78,13,2.9647
8DHG_T78,130,8.8966
8DHG_T78,131,3.0314
8DHG_T78,132,2.9152
8DHG_T78,133,4.4010
8DHG_T78,134,1.9997
8DHG_T78,135,2.0593
8DHG_T78,136,2.7316
8DHG_T78,137,8.6138
8DHG_T78,138,4.1050
8DHG_T78,139,2.5708
8DHG_T78,14,3.7399
8DHG_T78,15,8.5770
8DHG_T78,16,2.4127
8DHG_T78,17,1.9230
8DHG_T78,18,1.7868
8DHG_T78,19,2.0763
8DHG_T78,2,8.4174
8DHG_T78,20,3.8117
8DHG_T78,21,1.3531
8DHG_T78,22,3.6025
8DHG_T78,23,2.1615
8DHG_T78,24,7.5805
8DHG_T78,25,2.7731
8DHG_T78,26,4.3522
8DHG_T78,27,2.3087
8DHG_T78,28,3.4753
8DHG_T78,29,8.3900
8DHG_T78,3,2.5009
8DHG_T78,30,8.2262
8DHG_T78,31,4.6180
8DHG_T78,32,8.6841
8DHG_T78,33,3.2239
8DHG_T78,34,1.7807
8DHG_T78,35,1.3561
8DHG_T78,36,8.6792
8DHG_T78,37,4.0314
8DHG_T78,38,2.1989
8DHG_T78,39,1.2254
8DHG_T78,4,3.5795
8DHG_T78,40,2.8313
8DHG_T78,41,1.4927
8DHG_T78,42,8.2491
8DHG_T78,43,4.0791
8DHG_T78,44,4.1208
8DHG_T78,45,1.7771
8DHG_T78,46,8.9475
8DHG_T78,47,3.4239
8DHG_T78,48,1.1190
8DHG_T78,49,3.6896
8DHG_T78,5,1.3252
8DHG_T78,50,8.7265
8DHG_T78,51,1.7611
8DHG_T78,52,8.8055
8DHG_T78,53,9.6563
8DHG_T78,54,3.4318
8DHG_T78,55,8.6140
8DHG_T78,56,2.1436
8DHG_T78,57,2.4015
8DHG_T78,58,2.0008
8DHG_T78,59,1.9122
8DHG_T78,6,3.5828
8DHG_T78,60,8.4469
8DHG_T78,61,1.7823
8DHG_T78,61,2.4596
8DHG_T78,62,1.9337
8DHG_T78,63,1.7888
8DHG_T78,64,3.2794
8DHG_T78,65,2.4041
8DHG_T78,66,7.6232
8DHG_T78,67,3.8409
8DHG_T78,68,1.9179
8DHG_T78,69,1.5917
8DHG_T78,7,3.7732
8DHG_T78,70,3.6448
8DHG_T78,71,2.4563
8DHG_T78,72,2.6431
8DHG_T78,73,3.7501
8DHG_T78,74,2.8738
8DHG_T78,75,2.5943
8DHG_T78,76,3.6669
8DHG_T78,77,3.5462
8DHG_T78,78,2.8460
8DHG_T78,79,3.8972
8DHG_T78,8,8.4951
8DHG_T78,80,6.9449
8DHG_T78,81,3.8554
8DHG_T78,82,2.7970
8DHG_T78,83,2.4582
8DHG_T78,84,2.2137
8DHG_T78,85,7.1530
8DHG_T78,86,2.9646
8DHG_T78,87,8.7227
8DHG_T78,88,3.9634
8DHG_T78,89,3.9457
8DHG_T78,9,8.6664
8DHG_T78,90,8.3560
8DHG_T78,91,1.5775
8DHG_T78,92,4.5451
8DHG_T78,93,3.6237
8DHG_T78,94,9.1598
8DHG_T78,95,9.0236
8DHG_T78,96,3.9754
8DHG_T78,97,6.2123
8DHG_T78,98,3.6094
8DHG_T78,99,8.8167
8DKO_TFB,0,1.6488
8DKO_TFB,1,0.8401
8DKO_TFB,10,1.2088
8DKO_TFB,100,1.2849
8DKO_TFB,101,1.7698
8DKO_TFB,102,1.2124
8DKO_TFB,103,1.9151
8DKO_TFB,104,0.5389
8DKO_TFB,105,2.0307
8DKO_TFB,106,1.2675
8DKO_TFB,107,1.3134
8DKO_TFB,108,1.9150
8DKO_TFB,109,1.5810
8DKO_TFB,11,1.2185
8DKO_TFB,110,0.7958
8DKO_TFB,111,0.9516
8DKO_TFB,112,1.4756
8DKO_TFB,113,1.7434
8DKO_TFB,114,1.6745
8DKO_TFB,115,1.9903
8DKO_TFB,116,1.4036
8DKO_TFB,117,1.4811
8DKO_TFB,118,1.7627
8DKO_TFB,119,1.3068
8DKO_TFB,12,1.3975
8DKO_TFB,120,1.7617
8DKO_TFB,121,1.8455
8DKO_TFB,122,2.0961
8DKO_TFB,123,1.9676
8DKO_TFB,124,1.0154
8DKO_TFB,125,1.3230
8DKO_TFB,126,1.8052
8DKO_TFB,127,1.9973
8DKO_TFB,128,1.6331
8DKO_TFB,129,1.2086
8DKO_TFB,13,2.0662
8DKO_TFB,130,1.3942
8DKO_TFB,131,1.0606
8DKO_TFB,132,1.9447
8DKO_TFB,133,1.3024
8DKO_TFB,134,2.0137
8DKO_TFB,135,1.1755
8DKO_TFB,136,2.1126
8DKO_TFB,137,0.9993
8DKO_TFB,138,1.9315
8DKO_TFB,139,2.0181
8DKO_TFB,14,1.6654
8DKO_TFB,15,2.0270
8DKO_TFB,16,1.2333
8DKO_TFB,17,1.4458
8DKO_TFB,18,2.0273
8DKO_TFB,19,1.2813
8DKO_TFB,2,1.2945
8DKO_TFB,20,0.9591
8DKO_TFB,21,1.3660
8DKO_TFB,22,1.5227
8DKO_TFB,23,2.7608
8DKO_TFB,24,2.0704
8DKO_TFB,25,0.9763
8DKO_TFB,26,0.9565
8DKO_TFB,27,2.2107
8DKO_TFB,28,0.9693
8DKO_TFB,29,1.9754
8DKO_TFB,3,1.3976
8DKO_TFB,30,1.5821
8DKO_TFB,31,2.2742
8DKO_TFB,32,1.2162
8DKO_TFB,33,1.4168
8DKO_TFB,34,1.2666
8DKO_TFB,35,2.0715
8DKO_TFB,36,1.9550
8DKO_TFB,37,1.3297
8DKO_TFB,38,1.9460
8DKO_TFB,39,1.3239
8DKO_TFB,4,2.8644
8DKO_TFB,40,1.8406
8DKO_TFB,41,1.3845
8DKO_TFB,42,0.9411
8DKO_TFB,43,1.2703
8DKO_TFB,44,1.9322
8DKO_TFB,45,1.5959
8DKO_TFB,46,1.3711
8DKO_TFB,47,0.9267
8DKO_TFB,48,1.1906
8DKO_TFB,49,0.6907
8DKO_TFB,5,1.3662
8DKO_TFB,50,1.7814
8DKO_TFB,51,1.6127
8DKO_TFB,52,1.4334
8DKO_TFB,53,1.5344
8DKO_TFB,54,1.1878
8DKO_TFB,55,3.1069
8DKO_TFB,56,0.9147
8DKO_TFB,57,1.6412
8DKO_TFB,58,1.8822
8DKO_TFB,59,1.0048
8DKO_TFB,6,1.1351
8DKO_TFB,60,1.9976
8DKO_TFB,61,1.7726
8DKO_TFB,62,1.6764
8DKO_TFB,63,1.7589
8DKO_TFB,64,1.9854
8DKO_TFB,65,2.4734
8DKO_TFB,66,2.7730
8DKO_TFB,67,1.2116
8DKO_TFB,68,2.0382
8DKO_TFB,69,1.8686
8DKO_TFB,7,3.1540
8DKO_TFB,70,1.8528
8DKO_TFB,71,1.5259
8DKO_TFB,72,0.9191
8DKO_TFB,73,2.0144
8DKO_TFB,74,1.8639
8DKO_TFB,75,1.1778
8DKO_TFB,76,1.5213
8DKO_TFB,77,2.3682
8DKO_TFB,78,2.0704
8DKO_TFB,79,1.7497
8DKO_TFB,8,1.9546
8DKO_TFB,80,0.5040
8DKO_TFB,81,1.2096
8DKO_TFB,82,1.9946
8DKO_TFB,83,0.8257
8DKO_TFB,84,1.1431
8DKO_TFB,85,3.7005
8DKO_TFB,86,0.8816
8DKO_TFB,87,1.7986
8DKO_TFB,88,0.7610
8DKO_TFB,89,1.7095
8DKO_TFB,9,0.9892
8DKO_TFB,90,1.5574
8DKO_TFB,91,1.7058
8DKO_TFB,92,1.4381
8DKO_TFB,93,1.3405
8DKO_TFB,94,1.6913
8DKO_TFB,95,0.9638
8DKO_TFB,96,0.5663
8DKO_TFB,97,0.7391
8DKO_TFB,98,1.6632
8DKO_TFB,99,1.6522
8DP2_UMA,0,4.4975
8DP2_UMA,1,4.8006
8DP2_UMA,10,9.1405
8DP2_UMA,100,4.7965
8DP2_UMA,101,4.9016
8DP2_UMA,102,5.2893
8DP2_UMA,103,3.6583
8DP2_UMA,104,3.1463
8DP2_UMA,105,3.8074
8DP2_UMA,106,4.5062
8DP2_UMA,107,4.0120
8DP2_UMA,108,3.5907
8DP2_UMA,109,4.6637
8DP2_UMA,11,4.0882
8DP2_UMA,110,5.0622
8DP2_UMA,111,3.0772
8DP2_UMA,112,4.6267
8DP2_UMA,113,3.3451
8DP2_UMA,114,2.9552
8DP2_UMA,115,5.0126
8DP2_UMA,116,2.7973
8DP2_UMA,117,8.1403
8DP2_UMA,118,2.5746
8DP2_UMA,119,8.1007
8DP2_UMA,12,8.9762
8DP2_UMA,120,4.1610
8DP2_UMA,121,4.8951
8DP2_UMA,122,3.3706
8DP2_UMA,123,5.2045
8DP2_UMA,124,4.2017
8DP2_UMA,125,3.3125
8DP2_UMA,126,4.7898
8DP2_UMA,127,7.4096
8DP2_UMA,128,2.0855
8DP2_UMA,129,5.5146
8DP2_UMA,13,2.7540
8DP2_UMA,130,5.1167
8DP2_UMA,131,2.9433
8DP2_UMA,132,3.7139
8DP2_UMA,133,4.5909
8DP2_UMA,134,4.3544
8DP2_UMA,135,3.2338
8DP2_UMA,136,3.3159
8DP2_UMA,137,4.8882
8DP2_UMA,138,4.1832
8DP2_UMA,139,3.4941
8DP2_UMA,14,4.6657
8DP2_UMA,15,3.5248
8DP2_UMA,16,4.2679
8DP2_UMA,17,4.1892
8DP2_UMA,18,4.3620
8DP2_UMA,19,3.8839
8DP2_UMA,2,4.1596
8DP2_UMA,20,4.4364
8DP2_UMA,21,3.6192
8DP2_UMA,22,3.5156
8DP2_UMA,23,3.7387
8DP2_UMA,24,4.5151
8DP2_UMA,25,2.6226
8DP2_UMA,26,5.4097
8DP2_UMA,27,2.0399
8DP2_UMA,28,3.3104
8DP2_UMA,29,2.5307
8DP2_UMA,3,4.2813
8DP2_UMA,30,3.2714
8DP2_UMA,31,3.3819
8DP2_UMA,32,4.9553
8DP2_UMA,33,5.1700
8DP2_UMA,34,3.4589
8DP2_UMA,35,3.5287
8DP2_UMA,36,3.3972
8DP2_UMA,37,5.2920
8DP2_UMA,38,4.3873
8DP2_UMA,39,3.4467
8DP2_UMA,4,3.5924
8DP2_UMA,40,4.4267
8DP2_UMA,41,2.4928
8DP2_UMA,42,2.9387
8DP2_UMA,43,4.0004
8DP2_UMA,44,3.8408
8DP2_UMA,45,4.0109
8DP2_UMA,46,5.0342
8DP2_UMA,47,3.0057
8DP2_UMA,48,4.6765
8DP2_UMA,49,4.7890
8DP2_UMA,5,3.0260
8DP2_UMA,50,3.3793
8DP2_UMA,51,3.0388
8DP2_UMA,52,5.3581
8DP2_UMA,53,8.6194
8DP2_UMA,54,4.1777
8DP2_UMA,55,3.9192
8DP2_UMA,56,3.6784
8DP2_UMA,57,3.1659
8DP2_UMA,58,3.7929
8DP2_UMA,59,2.6713
8DP2_UMA,6,4.2585
8DP2_UMA,60,2.7728
8DP2_UMA,61,3.7535
8DP2_UMA,62,4.8483
8DP2_UMA,63,3.5605
8DP2_UMA,64,4.9997
8DP2_UMA,65,3.0411
8DP2_UMA,66,2.2989
8DP2_UMA,67,3.3620
8DP2_UMA,68,4.4405
8DP2_UMA,69,4.9321
8DP2_UMA,7,4.1048
8DP2_UMA,70,4.5873
8DP2_UMA,71,3.0341
8DP2_UMA,72,9.3087
8DP2_UMA,73,6.1020
8DP2_UMA,74,3.8798
8DP2_UMA,75,3.5579
8DP2_UMA,76,3.7920
8DP2_UMA,77,2.0981
8DP2_UMA,78,4.2173
8DP2_UMA,79,4.2430
8DP2_UMA,8,5.1826
8DP2_UMA,80,3.6749
8DP2_UMA,81,3.2583
8DP2_UMA,82,3.8579
8DP2_UMA,83,4.1969
8DP2_UMA,84,4.4234
8DP2_UMA,85,3.7031
8DP2_UMA,86,3.6355
8DP2_UMA,87,4.3332
8DP2_UMA,88,3.4274
8DP2_UMA,89,3.4723
8DP2_UMA,9,4.5213
8DP2_UMA,90,3.8038
8DP2_UMA,91,3.2080
8DP2_UMA,92,4.1353
8DP2_UMA,93,3.4960
8DP2_UMA,94,5.1477
8DP2_UMA,95,5.7201
8DP2_UMA,96,2.9539
8DP2_UMA,97,4.4180
8DP2_UMA,98,4.1146
8DP2_UMA,99,4.8328
8DSC_NCA,0,0.8648
8DSC_NCA,1,3.9424
8DSC_NCA,10,1.5491
8DSC_NCA,100,1.6465
8DSC_NCA,101,1.1807
8DSC_NCA,102,1.7739
8DSC_NCA,103,1.9520
8DSC_NCA,104,2.2805
8DSC_NCA,105,1.8094
8DSC_NCA,106,0.8804
8DSC_NCA,107,1.6695
8DSC_NCA,108,1.1406
8DSC_NCA,109,1.9416
8DSC_NCA,11,0.6045
8DSC_NCA,110,1.6349
8DSC_NCA,111,1.1238
8DSC_NCA,112,1.9030
8DSC_NCA,113,3.6022
8DSC_NCA,114,2.0400
8DSC_NCA,115,2.7775
8DSC_NCA,116,2.0310
8DSC_NCA,117,0.2878
8DSC_NCA,118,1.6067
8DSC_NCA,119,1.9471
8DSC_NCA,12,1.6371
8DSC_NCA,120,0.6092
8DSC_NCA,121,2.0740
8DSC_NCA,122,1.0786
8DSC_NCA,123,0.8203
8DSC_NCA,124,1.6879
8DSC_NCA,125,1.6661
8DSC_NCA,126,1.6497
8DSC_NCA,127,1.6185
8DSC_NCA,128,0.6493
8DSC_NCA,129,3.7146
8DSC_NCA,13,0.8365
8DSC_NCA,130,1.8821
8DSC_NCA,131,1.4467
8DSC_NCA,132,1.7593
8DSC_NCA,133,1.6908
8DSC_NCA,134,1.5361
8DSC_NCA,135,0.5752
8DSC_NCA,136,0.6031
8DSC_NCA,137,3.5558
8DSC_NCA,138,1.6953
8DSC_NCA,139,1.4138
8DSC_NCA,14,0.4127
8DSC_NCA,15,1.9579
8DSC_NCA,16,0.8378
8DSC_NCA,17,2.0547
8DSC_NCA,18,0.4457
8DSC_NCA,19,1.1194
8DSC_NCA,2,3.8903
8DSC_NCA,20,1.2197
8DSC_NCA,21,1.6620
8DSC_NCA,22,0.5372
8DSC_NCA,23,0.3485
8DSC_NCA,24,1.8928
8DSC_NCA,25,0.7624
8DSC_NCA,26,1.5984
8DSC_NCA,27,1.9549
8DSC_NCA,28,0.7781
8DSC_NCA,29,1.6251
8DSC_NCA,3,0.8017
8DSC_NCA,30,3.4874
8DSC_NCA,31,1.7257
8DSC_NCA,32,1.5577
8DSC_NCA,33,0.8346
8DSC_NCA,34,3.5575
8DSC_NCA,35,1.2643
8DSC_NCA,36,3.5217
8DSC_NCA,37,1.6398
8DSC_NCA,38,1.3442
8DSC_NCA,39,3.3456
8DSC_NCA,4,1.6610
8DSC_NCA,40,4.0395
8DSC_NCA,41,1.6405
8DSC_NCA,42,1.6266
8DSC_NCA,43,1.2178
8DSC_NCA,44,1.9744
8DSC_NCA,45,0.4775
8DSC_NCA,46,1.6440
8DSC_NCA,47,2.4022
8DSC_NCA,48,0.3299
8DSC_NCA,49,0.5980
8DSC_NCA,5,1.8036
8DSC_NCA,50,3.5179
8DSC_NCA,51,1.9439
8DSC_NCA,52,1.7626
8DSC_NCA,53,0.3718
8DSC_NCA,54,0.4981
8DSC_NCA,55,0.4750
8DSC_NCA,56,0.4052
8DSC_NCA,57,1.6742
8DSC_NCA,58,1.6139
8DSC_NCA,59,0.6579
8DSC_NCA,6,0.2979
8DSC_NCA,60,0.6209
8DSC_NCA,61,1.6444
8DSC_NCA,62,0.3150
8DSC_NCA,63,1.6341
8DSC_NCA,64,0.4198
8DSC_NCA,65,0.4315
8DSC_NCA,66,1.6485
8DSC_NCA,67,3.7830
8DSC_NCA,68,0.5413
8DSC_NCA,69,1.6194
8DSC_NCA,7,1.1276
8DSC_NCA,70,3.7020
8DSC_NCA,71,3.8710
8DSC_NCA,72,0.7474
8DSC_NCA,73,1.6610
8DSC_NCA,74,1.6803
8DSC_NCA,75,1.2443
8DSC_NCA,76,1.8155
8DSC_NCA,77,0.8543
8DSC_NCA,78,0.9303
8DSC_NCA,79,3.8475
8DSC_NCA,8,3.7634
8DSC_NCA,80,2.2725
8DSC_NCA,81,0.8089
8DSC_NCA,82,0.4754
8DSC_NCA,83,1.1336
8DSC_NCA,84,2.2046
8DSC_NCA,85,1.7155
8DSC_NCA,86,0.9057
8DSC_NCA,87,1.6567
8DSC_NCA,88,4.0205
8DSC_NCA,89,1.4995
8DSC_NCA,9,0.3777
8DSC_NCA,90,3.5263
8DSC_NCA,91,1.6545
8DSC_NCA,92,1.7801
8DSC_NCA,93,1.2343
8DSC_NCA,94,0.4185
8DSC_NCA,95,1.7290
8DSC_NCA,96,1.7392
8DSC_NCA,97,3.7590
8DSC_NCA,98,0.6795
8DSC_NCA,99,1.3761
8EAB_VN2,0,6.9798
8EAB_VN2,1,5.5117
8EAB_VN2,10,7.4186
8EAB_VN2,100,7.6374
8EAB_VN2,101,2.1514
8EAB_VN2,102,7.1187
8EAB_VN2,103,6.8898
8EAB_VN2,104,3.4949
8EAB_VN2,105,8.1513
8EAB_VN2,106,8.9101
8EAB_VN2,107,6.7078
8EAB_VN2,108,8.1638
8EAB_VN2,109,8.3396
8EAB_VN2,11,1.8157
8EAB_VN2,110,2.8596
8EAB_VN2,111,4.2484
8EAB_VN2,112,0.9487
8EAB_VN2,113,6.2200
8EAB_VN2,114,7.7415
8EAB_VN2,115,8.0600
8EAB_VN2,116,2.0604
8EAB_VN2,117,3.4868
8EAB_VN2,118,5.0934
8EAB_VN2,119,1.9210
8EAB_VN2,12,4.5338
8EAB_VN2,120,4.8055
8EAB_VN2,121,4.0134
8EAB_VN2,122,3.5079
8EAB_VN2,123,4.2806
8EAB_VN2,124,4.7190
8EAB_VN2,125,7.3116
8EAB_VN2,126,7.7161
8EAB_VN2,127,1.6478
8EAB_VN2,128,3.9492
8EAB_VN2,129,3.8457
8EAB_VN2,13,6.7108
8EAB_VN2,130,7.0633
8EAB_VN2,131,8.1185
8EAB_VN2,132,7.5117
8EAB_VN2,133,3.3732
8EAB_VN2,134,8.1443
8EAB_VN2,135,2.1998
8EAB_VN2,136,3.6505
8EAB_VN2,137,2.0330
8EAB_VN2,138,6.7710
8EAB_VN2,139,8.7003
8EAB_VN2,14,4.0966
8EAB_VN2,15,5.6537
8EAB_VN2,16,6.7705
8EAB_VN2,17,7.4238
8EAB_VN2,18,6.3271
8EAB_VN2,19,1.8481
8EAB_VN2,2,4.9312
8EAB_VN2,20,5.2854
8EAB_VN2,21,6.6003
8EAB_VN2,22,3.7994
8EAB_VN2,23,3.4475
8EAB_VN2,24,7.1429
8EAB_VN2,25,7.2150
8EAB_VN2,26,1.2991
8EAB_VN2,27,8.4923
8EAB_VN2,28,1.6499
8EAB_VN2,29,7.7978
8EAB_VN2,3,5.2945
8EAB_VN2,30,8.0438
8EAB_VN2,31,6.0824
8EAB_VN2,32,1.8186
8EAB_VN2,33,6.4356
8EAB_VN2,34,5.9335
8EAB_VN2,35,7.6886
8EAB_VN2,36,7.6504
8EAB_VN2,37,3.6753
8EAB_VN2,38,4.0438
8EAB_VN2,39,4.7634
8EAB_VN2,4,8.3603
8EAB_VN2,40,8.4453
8EAB_VN2,41,2.3951
8EAB_VN2,42,8.1664
8EAB_VN2,43,8.0416
8EAB_VN2,44,5.9652
8EAB_VN2,45,7.4018
8EAB_VN2,46,8.0642
8EAB_VN2,47,5.3919
8EAB_VN2,48,4.3726
8EAB_VN2,49,2.3733
8EAB_VN2,5,8.0170
8EAB_VN2,50,7.6839
8EAB_VN2,51,6.3482
8EAB_VN2,52,4.8180
8EAB_VN2,53,4.4258
8EAB_VN2,54,7.0400
8EAB_VN2,55,8.8105
8EAB_VN2,56,6.3555
8EAB_VN2,57,7.8702
8EAB_VN2,58,7.3607
8EAB_VN2,59,7.9766
8EAB_VN2,6,6.7590
8EAB_VN2,60,3.6330
8EAB_VN2,61,4.3602
8EAB_VN2,62,4.6950
8EAB_VN2,63,5.7010
8EAB_VN2,64,8.0667
8EAB_VN2,65,3.1715
8EAB_VN2,66,7.9667
8EAB_VN2,67,7.4172
8EAB_VN2,68,1.6131
8EAB_VN2,69,4.8466
8EAB_VN2,7,8.0654
8EAB_VN2,70,8.0252
8EAB_VN2,71,2.6415
8EAB_VN2,72,5.4303
8EAB_VN2,73,8.3022
8EAB_VN2,74,7.0084
8EAB_VN2,75,7.8199
8EAB_VN2,76,7.6258
8EAB_VN2,77,5.4289
8EAB_VN2,78,7.4058
8EAB_VN2,79,6.6540
8EAB_VN2,8,4.0456
8EAB_VN2,8,3.3415
8EAB_VN2,80,6.2822
8EAB_VN2,81,5.1558
8EAB_VN2,82,8.1969
8EAB_VN2,83,4.2576
8EAB_VN2,84,5.7617
8EAB_VN2,85,3.2155
8EAB_VN2,86,1.3986
8EAB_VN2,87,8.0044
8EAB_VN2,88,8.0277
8EAB_VN2,89,8.0223
8EAB_VN2,9,7.7723
8EAB_VN2,90,8.3112
8EAB_VN2,91,6.1113
8EAB_VN2,92,7.9734
8EAB_VN2,93,7.8305
8EAB_VN2,94,6.6946
8EAB_VN2,95,3.5229
8EAB_VN2,96,6.0419
8EAB_VN2,97,7.4875
8EAB_VN2,98,7.9461
8EAB_VN2,99,2.0006
8EX2_Q2Q,0,0.5852
8EX2_Q2Q,1,0.8086
8EX2_Q2Q,10,1.0506
8EX2_Q2Q,100,6.7518
8EX2_Q2Q,101,0.6121
8EX2_Q2Q,102,6.4433
8EX2_Q2Q,103,0.4729
8EX2_Q2Q,104,0.8852
8EX2_Q2Q,105,0.3436
8EX2_Q2Q,106,1.0110
8EX2_Q2Q,107,1.2251
8EX2_Q2Q,108,0.6456
8EX2_Q2Q,109,0.8656
8EX2_Q2Q,11,0.7453
8EX2_Q2Q,110,6.0547
8EX2_Q2Q,111,0.8442
8EX2_Q2Q,112,0.4598
8EX2_Q2Q,113,0.7976
8EX2_Q2Q,114,0.3263
8EX2_Q2Q,115,0.8203
8EX2_Q2Q,116,0.6169
8EX2_Q2Q,117,1.3026
8EX2_Q2Q,118,0.3671
8EX2_Q2Q,119,0.5627
8EX2_Q2Q,12,0.5330
8EX2_Q2Q,120,0.3283
8EX2_Q2Q,121,0.4583
8EX2_Q2Q,122,5.8571
8EX2_Q2Q,123,6.5606
8EX2_Q2Q,124,0.5890
8EX2_Q2Q,124,0.6156
8EX2_Q2Q,125,0.4111
8EX2_Q2Q,126,1.2367
8EX2_Q2Q,127,0.7379
8EX2_Q2Q,128,0.7447
8EX2_Q2Q,129,0.8214
8EX2_Q2Q,13,0.9632
8EX2_Q2Q,130,0.7583
8EX2_Q2Q,131,0.6260
8EX2_Q2Q,132,0.8609
8EX2_Q2Q,133,0.6872
8EX2_Q2Q,134,0.5732
8EX2_Q2Q,135,2.5179
8EX2_Q2Q,136,0.9000
8EX2_Q2Q,137,0.6338
8EX2_Q2Q,138,0.5168
8EX2_Q2Q,139,1.3554
8EX2_Q2Q,14,0.7435
8EX2_Q2Q,15,0.3777
8EX2_Q2Q,16,0.7670
8EX2_Q2Q,17,0.7799
8EX2_Q2Q,18,0.6884
8EX2_Q2Q,19,5.7192
8EX2_Q2Q,2,0.6488
8EX2_Q2Q,20,0.8965
8EX2_Q2Q,21,0.6607
8EX2_Q2Q,22,0.2912
8EX2_Q2Q,23,0.7101
8EX2_Q2Q,24,0.5970
8EX2_Q2Q,25,2.4604
8EX2_Q2Q,26,0.8264
8EX2_Q2Q,27,0.7238
8EX2_Q2Q,28,0.5195
8EX2_Q2Q,29,0.6964
8EX2_Q2Q,3,0.5742
8EX2_Q2Q,30,0.5920
8EX2_Q2Q,31,0.8657
8EX2_Q2Q,32,0.6078
8EX2_Q2Q,33,0.5922
8EX2_Q2Q,34,3.2812
8EX2_Q2Q,35,0.4948
8EX2_Q2Q,36,0.3267
8EX2_Q2Q,37,0.7476
8EX2_Q2Q,38,0.6986
8EX2_Q2Q,39,0.9747
8EX2_Q2Q,4,0.4205
8EX2_Q2Q,40,1.4700
8EX2_Q2Q,41,0.3979
8EX2_Q2Q,42,0.8424
8EX2_Q2Q,43,5.2633
8EX2_Q2Q,44,1.0995
8EX2_Q2Q,45,6.0260
8EX2_Q2Q,46,5.8970
8EX2_Q2Q,47,0.7748
8EX2_Q2Q,48,0.8089
8EX2_Q2Q,49,0.5151
8EX2_Q2Q,5,0.9439
8EX2_Q2Q,50,1.7135
8EX2_Q2Q,51,0.6517
8EX2_Q2Q,52,5.5017
8EX2_Q2Q,53,0.3906
8EX2_Q2Q,54,0.5175
8EX2_Q2Q,55,5.6077
8EX2_Q2Q,56,0.8056
8EX2_Q2Q,57,5.7273
8EX2_Q2Q,58,1.8043
8EX2_Q2Q,59,5.3636
8EX2_Q2Q,6,1.1259
8EX2_Q2Q,60,0.6599
8EX2_Q2Q,61,0.9188
8EX2_Q2Q,62,5.9131
8EX2_Q2Q,63,5.9412
8EX2_Q2Q,64,3.4032
8EX2_Q2Q,65,4.1188
8EX2_Q2Q,66,6.1065
8EX2_Q2Q,67,0.5461
8EX2_Q2Q,68,0.5923
8EX2_Q2Q,69,0.6639
8EX2_Q2Q,7,1.0233
8EX2_Q2Q,70,1.0112
8EX2_Q2Q,71,0.9120
8EX2_Q2Q,72,0.7450
8EX2_Q2Q,73,0.8559
8EX2_Q2Q,74,5.9796
8EX2_Q2Q,75,0.6680
8EX2_Q2Q,76,0.5481
8EX2_Q2Q,77,0.7095
8EX2_Q2Q,78,0.7800
8EX2_Q2Q,79,6.0746
8EX2_Q2Q,8,0.5814
8EX2_Q2Q,80,5.4010
8EX2_Q2Q,81,3.6748
8EX2_Q2Q,82,3.1458
8EX2_Q2Q,83,0.3037
8EX2_Q2Q,84,0.4602
8EX2_Q2Q,85,0.6098
8EX2_Q2Q,86,5.8792
8EX2_Q2Q,87,0.9374
8EX2_Q2Q,88,0.4953
8EX2_Q2Q,89,1.6618
8EX2_Q2Q,9,5.2910
8EX2_Q2Q,90,2.4307
8EX2_Q2Q,91,0.9057
8EX2_Q2Q,92,0.5983
8EX2_Q2Q,93,0.4621
8EX2_Q2Q,94,0.7822
8EX2_Q2Q,95,1.1248
8EX2_Q2Q,96,0.3333
8EX2_Q2Q,97,0.9098
8EX2_Q2Q,98,0.5027
8EX2_Q2Q,99,0.8197
8EXL_799,0,0.8704
8EXL_799,1,9.9857
8EXL_799,10,9.7734
8EXL_799,100,2.4318
8EXL_799,101,1.8115
8EXL_799,102,1.8103
8EXL_799,103,9.7467
8EXL_799,104,3.2538
8EXL_799,105,9.9538
8EXL_799,106,2.9209
8EXL_799,107,1.3135
8EXL_799,108,9.7122
8EXL_799,109,9.6416
8EXL_799,11,9.8130
8EXL_799,110,9.6242
8EXL_799,111,1.7962
8EXL_799,112,1.9450
8EXL_799,113,9.6579
8EXL_799,114,1.7646
8EXL_799,115,9.8784
8EXL_799,116,2.3320
8EXL_799,117,0.9617
8EXL_799,118,2.1476
8EXL_799,119,9.8215
8EXL_799,12,9.8269
8EXL_799,120,10.1669
8EXL_799,121,10.0013
8EXL_799,122,9.6930
8EXL_799,123,9.6827
8EXL_799,124,1.2103
8EXL_799,125,2.8085
8EXL_799,126,2.3183
8EXL_799,127,9.7037
8EXL_799,128,9.6057
8EXL_799,129,2.3301
8EXL_799,13,10.1021
8EXL_799,130,3.1679
8EXL_799,131,0.9613
8EXL_799,132,10.2242
8EXL_799,133,9.7768
8EXL_799,134,9.8827
8EXL_799,135,10.0082
8EXL_799,136,1.9882
8EXL_799,137,2.5063
8EXL_799,138,1.7473
8EXL_799,139,10.1100
8EXL_799,14,9.4763
8EXL_799,15,1.7235
8EXL_799,16,3.2614
8EXL_799,17,1.6512
8EXL_799,18,10.0448
8EXL_799,19,10.1124
8EXL_799,2,9.9489
8EXL_799,20,1.1969
8EXL_799,21,2.7351
8EXL_799,22,1.0466
8EXL_799,23,1.2512
8EXL_799,24,10.0209
8EXL_799,25,1.6660
8EXL_799,26,9.5350
8EXL_799,27,3.1351
8EXL_799,28,1.4320
8EXL_799,29,2.5152
8EXL_799,3,1.8759
8EXL_799,30,2.2223
8EXL_799,31,1.7981
8EXL_799,32,10.2496
8EXL_799,33,10.1084
8EXL_799,34,10.0008
8EXL_799,35,9.7803
8EXL_799,36,10.0842
8EXL_799,37,1.6950
8EXL_799,38,10.0154
8EXL_799,39,9.9256
8EXL_799,4,9.5643
8EXL_799,40,9.8746
8EXL_799,41,10.1856
8EXL_799,42,1.3407
8EXL_799,43,9.7303
8EXL_799,44,1.7046
8EXL_799,45,10.6143
8EXL_799,46,9.8697
8EXL_799,47,10.1737
8EXL_799,48,9.8574
8EXL_799,49,9.6030
8EXL_799,5,9.7159
8EXL_799,50,1.0518
8EXL_799,51,10.2342
8EXL_799,52,9.4864
8EXL_799,53,9.8796
8EXL_799,54,9.6908
8EXL_799,55,1.4513
8EXL_799,56,9.5866
8EXL_799,57,1.0201
8EXL_799,58,2.8220
8EXL_799,59,1.9155
8EXL_799,6,9.6225
8EXL_799,60,1.8615
8EXL_799,61,9.3449
8EXL_799,62,10.0610
8EXL_799,63,9.8955
8EXL_799,64,9.1128
8EXL_799,65,9.7032
8EXL_799,66,1.0049
8EXL_799,67,9.9913
8EXL_799,68,2.7886
8EXL_799,69,1.6268
8EXL_799,7,9.8558
8EXL_799,70,9.8374
8EXL_799,71,1.4132
8EXL_799,72,10.4627
8EXL_799,73,9.4477
8EXL_799,74,10.1358
8EXL_799,75,9.9093
8EXL_799,76,9.2786
8EXL_799,77,1.3552
8EXL_799,78,2.8202
8EXL_799,79,9.9315
8EXL_799,8,1.3612
8EXL_799,80,9.7833
8EXL_799,81,9.7266
8EXL_799,82,1.6737
8EXL_799,83,10.0880
8EXL_799,84,1.9475
8EXL_799,85,10.2118
8EXL_799,86,10.0089
8EXL_799,87,9.6524
8EXL_799,88,1.7433
8EXL_799,89,10.0802
8EXL_799,9,9.8905
8EXL_799,90,9.9738
8EXL_799,91,2.3387
8EXL_799,92,9.9316
8EXL_799,93,0.7678
8EXL_799,94,9.8454
8EXL_799,95,1.3578
8EXL_799,96,9.4289
8EXL_799,97,2.1461
8EXL_799,98,1.9802
8EXL_799,99,9.8645
8EYE_X4I,0,1.4735
8EYE_X4I,1,1.7846
8EYE_X4I,10,1.4359
8EYE_X4I,100,1.6890
8EYE_X4I,101,1.4851
8EYE_X4I,102,1.8663
8EYE_X4I,103,1.3412
8EYE_X4I,104,1.4539
8EYE_X4I,105,1.6122
8EYE_X4I,106,1.3573
8EYE_X4I,107,2.6354
8EYE_X4I,108,1.6955
8EYE_X4I,109,1.3727
8EYE_X4I,11,1.2478
8EYE_X4I,110,1.0513
8EYE_X4I,111,0.9462
8EYE_X4I,112,1.7651
8EYE_X4I,113,1.1788
8EYE_X4I,114,2.9747
8EYE_X4I,115,1.7795
8EYE_X4I,116,1.4679
8EYE_X4I,117,2.5763
8EYE_X4I,118,2.1370
8EYE_X4I,119,7.6746
8EYE_X4I,12,2.2460
8EYE_X4I,120,6.4213
8EYE_X4I,120,1.2018
8EYE_X4I,121,1.6523
8EYE_X4I,122,2.0135
8EYE_X4I,123,1.7882
8EYE_X4I,124,1.6853
8EYE_X4I,125,1.1582
8EYE_X4I,126,1.0402
8EYE_X4I,127,1.5047
8EYE_X4I,128,1.5055
8EYE_X4I,129,1.4797
8EYE_X4I,13,0.9155
8EYE_X4I,130,0.8906
8EYE_X4I,131,1.5907
8EYE_X4I,132,1.3725
8EYE_X4I,133,1.3871
8EYE_X4I,134,1.1145
8EYE_X4I,135,1.7958
8EYE_X4I,136,5.0648
8EYE_X4I,137,2.5491
8EYE_X4I,138,1.1256
8EYE_X4I,139,1.4216
8EYE_X4I,14,1.8142
8EYE_X4I,15,1.2194
8EYE_X4I,16,1.1547
8EYE_X4I,17,7.6940
8EYE_X4I,18,1.9721
8EYE_X4I,19,0.7254
8EYE_X4I,2,1.4221
8EYE_X4I,20,1.5457
8EYE_X4I,21,1.2172
8EYE_X4I,22,1.0986
8EYE_X4I,23,2.0850
8EYE_X4I,24,1.0909
8EYE_X4I,25,0.7351
8EYE_X4I,26,1.2087
8EYE_X4I,27,2.0451
8EYE_X4I,28,1.9791
8EYE_X4I,29,2.0881
8EYE_X4I,3,1.0407
8EYE_X4I,30,0.8965
8EYE_X4I,31,1.5482
8EYE_X4I,32,2.0148
8EYE_X4I,33,1.5850
8EYE_X4I,34,1.3651
8EYE_X4I,35,1.2451
8EYE_X4I,36,1.1690
8EYE_X4I,37,2.6317
8EYE_X4I,38,2.6962
8EYE_X4I,39,1.3648
8EYE_X4I,4,1.6031
8EYE_X4I,40,6.9083
8EYE_X4I,41,7.0389
8EYE_X4I,42,1.8363
8EYE_X4I,43,1.4605
8EYE_X4I,44,1.3502
8EYE_X4I,45,1.6604
8EYE_X4I,46,0.8481
8EYE_X4I,47,1.2685
8EYE_X4I,48,2.3205
8EYE_X4I,49,1.4999
8EYE_X4I,5,1.3338
8EYE_X4I,50,0.7979
8EYE_X4I,51,2.3628
8EYE_X4I,52,1.9688
8EYE_X4I,53,1.5134
8EYE_X4I,54,1.5035
8EYE_X4I,55,2.0256
8EYE_X4I,56,1.0934
8EYE_X4I,57,1.3848
8EYE_X4I,58,1.1610
8EYE_X4I,59,1.0790
8EYE_X4I,6,1.9815
8EYE_X4I,60,1.2862
8EYE_X4I,61,7.8980
8EYE_X4I,62,1.6020
8EYE_X4I,63,1.4215
8EYE_X4I,64,1.5721
8EYE_X4I,65,1.0461
8EYE_X4I,66,1.4524
8EYE_X4I,67,1.0431
8EYE_X4I,68,1.4481
8EYE_X4I,69,1.9350
8EYE_X4I,7,2.0152
8EYE_X4I,70,1.7252
8EYE_X4I,71,1.4322
8EYE_X4I,72,5.2736
8EYE_X4I,73,1.4061
8EYE_X4I,74,4.3587
8EYE_X4I,75,1.1485
8EYE_X4I,76,1.7116
8EYE_X4I,77,7.2766
8EYE_X4I,78,1.1377
8EYE_X4I,79,1.7281
8EYE_X4I,8,2.3126
8EYE_X4I,80,1.0605
8EYE_X4I,81,1.6309
8EYE_X4I,82,2.7138
8EYE_X4I,83,1.4760
8EYE_X4I,84,2.2804
8EYE_X4I,85,1.0571
8EYE_X4I,86,2.1939
8EYE_X4I,87,1.2901
8EYE_X4I,88,1.3078
8EYE_X4I,89,1.2949
8EYE_X4I,9,0.9792
8EYE_X4I,90,1.1678
8EYE_X4I,91,1.7040
8EYE_X4I,92,1.4414
8EYE_X4I,93,1.4960
8EYE_X4I,94,1.2571
8EYE_X4I,95,0.9242
8EYE_X4I,96,1.5594
8EYE_X4I,97,1.8374
8EYE_X4I,98,1.1379
8EYE_X4I,99,1.1265
8F4J_PHO,0,8.2574
8F4J_PHO,1,7.5048
8F4J_PHO,10,7.5102
8F4J_PHO,100,10.9559
8F4J_PHO,101,8.4628
8F4J_PHO,102,10.7993
8F4J_PHO,103,8.2771
8F4J_PHO,104,8.5495
8F4J_PHO,105,5.8244
8F4J_PHO,106,7.3233
8F4J_PHO,107,4.9576
8F4J_PHO,108,4.9763
8F4J_PHO,109,7.5128
8F4J_PHO,11,7.3678
8F4J_PHO,110,9.6668
8F4J_PHO,111,5.9091
8F4J_PHO,112,6.7572
8F4J_PHO,113,6.0370
8F4J_PHO,114,7.4804
8F4J_PHO,115,8.5505
8F4J_PHO,116,7.8917
8F4J_PHO,117,8.1910
8F4J_PHO,118,9.7669
8F4J_PHO,119,7.9779
8F4J_PHO,12,11.7477
8F4J_PHO,120,10.6804
8F4J_PHO,121,11.3319
8F4J_PHO,122,11.5595
8F4J_PHO,123,7.3300
8F4J_PHO,124,2.7657
8F4J_PHO,125,9.5286
8F4J_PHO,126,4.8972
8F4J_PHO,127,8.3580
8F4J_PHO,128,6.0100
8F4J_PHO,129,9.2339
8F4J_PHO,13,4.9107
8F4J_PHO,130,3.3574
8F4J_PHO,131,8.3990
8F4J_PHO,132,2.5805
8F4J_PHO,133,6.2937
8F4J_PHO,134,7.8694
8F4J_PHO,135,7.8765
8F4J_PHO,136,4.9986
8F4J_PHO,137,9.7874
8F4J_PHO,138,8.4083
8F4J_PHO,139,6.3242
8F4J_PHO,14,7.9178
8F4J_PHO,15,9.5203
8F4J_PHO,16,9.4069
8F4J_PHO,17,9.6349
8F4J_PHO,18,5.6698
8F4J_PHO,19,11.9447
8F4J_PHO,2,5.5390
8F4J_PHO,20,6.7923
8F4J_PHO,21,7.3579
8F4J_PHO,22,10.3555
8F4J_PHO,23,8.0297
8F4J_PHO,24,5.9232
8F4J_PHO,25,9.0746
8F4J_PHO,26,8.8220
8F4J_PHO,27,7.5955
8F4J_PHO,28,9.7371
8F4J_PHO,29,7.5523
8F4J_PHO,3,7.8966
8F4J_PHO,30,10.5772
8F4J_PHO,31,7.8850
8F4J_PHO,32,8.4790
8F4J_PHO,33,9.0767
8F4J_PHO,34,7.4158
8F4J_PHO,35,10.2046
8F4J_PHO,36,11.3179
8F4J_PHO,37,10.3168
8F4J_PHO,38,6.0836
8F4J_PHO,39,5.4596
8F4J_PHO,4,7.4932
8F4J_PHO,40,10.3339
8F4J_PHO,41,7.4837
8F4J_PHO,42,10.9478
8F4J_PHO,43,11.3969
8F4J_PHO,44,8.1450
8F4J_PHO,45,8.8330
8F4J_PHO,46,10.9167
8F4J_PHO,47,5.1024
8F4J_PHO,48,6.7011
8F4J_PHO,49,6.3070
8F4J_PHO,5,8.5806
8F4J_PHO,50,9.0669
8F4J_PHO,51,4.1745
8F4J_PHO,52,7.2825
8F4J_PHO,53,7.2829
8F4J_PHO,54,10.7250
8F4J_PHO,55,7.6067
8F4J_PHO,56,1.9189
8F4J_PHO,57,7.8426
8F4J_PHO,58,9.9525
8F4J_PHO,59,4.6794
8F4J_PHO,6,6.1583
8F4J_PHO,60,7.9120
8F4J_PHO,61,6.8822
8F4J_PHO,62,11.2328
8F4J_PHO,63,6.5424
8F4J_PHO,64,8.4265
8F4J_PHO,65,9.2929
8F4J_PHO,66,8.7106
8F4J_PHO,67,5.6965
8F4J_PHO,68,9.1443
8F4J_PHO,69,6.1820
8F4J_PHO,7,8.2667
8F4J_PHO,70,6.2370
8F4J_PHO,71,5.9021
8F4J_PHO,72,9.1872
8F4J_PHO,73,7.9423
8F4J_PHO,74,9.0465
8F4J_PHO,75,2.3715
8F4J_PHO,76,8.8185
8F4J_PHO,77,10.3777
8F4J_PHO,78,8.3760
8F4J_PHO,79,6.6261
8F4J_PHO,8,6.6666
8F4J_PHO,80,4.3974
8F4J_PHO,81,8.0904
8F4J_PHO,82,7.6317
8F4J_PHO,83,9.0633
8F4J_PHO,84,3.4429
8F4J_PHO,85,7.9595
8F4J_PHO,86,5.9836
8F4J_PHO,87,4.9851
8F4J_PHO,88,5.4054
8F4J_PHO,89,5.4158
8F4J_PHO,9,7.2985
8F4J_PHO,90,7.2942
8F4J_PHO,91,11.1931
8F4J_PHO,92,6.8657
8F4J_PHO,93,9.9094
8F4J_PHO,94,6.7491
8F4J_PHO,95,3.3594
8F4J_PHO,96,5.8204
8F4J_PHO,97,8.7995
8F4J_PHO,98,8.9227
8F4J_PHO,99,5.6238
8F8E_XJI,0,7.7750
8F8E_XJI,1,6.9734
8F8E_XJI,10,7.4997
8F8E_XJI,100,7.3883
8F8E_XJI,101,7.3548
8F8E_XJI,102,7.2778
8F8E_XJI,103,7.6409
8F8E_XJI,104,7.1452
8F8E_XJI,105,7.4902
8F8E_XJI,106,7.6667
8F8E_XJI,107,7.6227
8F8E_XJI,108,7.2259
8F8E_XJI,109,6.8913
8F8E_XJI,11,7.5404
8F8E_XJI,110,7.7672
8F8E_XJI,111,7.6356
8F8E_XJI,112,7.2105
8F8E_XJI,113,7.6131
8F8E_XJI,114,2.1949
8F8E_XJI,115,7.3545
8F8E_XJI,116,7.4739
8F8E_XJI,117,7.7093
8F8E_XJI,118,7.6517
8F8E_XJI,119,8.1543
8F8E_XJI,12,7.3504
8F8E_XJI,120,2.8664
8F8E_XJI,121,7.5384
8F8E_XJI,122,7.6211
8F8E_XJI,123,7.0974
8F8E_XJI,124,7.5576
8F8E_XJI,125,6.9652
8F8E_XJI,126,7.4439
8F8E_XJI,127,2.7205
8F8E_XJI,128,7.7278
8F8E_XJI,129,6.8634
8F8E_XJI,13,7.4890
8F8E_XJI,130,7.4895
8F8E_XJI,131,7.6898
8F8E_XJI,132,7.2589
8F8E_XJI,133,7.8061
8F8E_XJI,134,7.4303
8F8E_XJI,135,7.6164
8F8E_XJI,136,1.4591
8F8E_XJI,137,7.6028
8F8E_XJI,138,7.5273
8F8E_XJI,139,7.5998
8F8E_XJI,14,1.9036
8F8E_XJI,15,7.6714
8F8E_XJI,16,7.0788
8F8E_XJI,17,7.7871
8F8E_XJI,18,7.4802
8F8E_XJI,19,7.1948
8F8E_XJI,2,7.5996
8F8E_XJI,20,7.6493
8F8E_XJI,21,7.6160
8F8E_XJI,22,7.5072
8F8E_XJI,23,2.8786
8F8E_XJI,24,7.5148
8F8E_XJI,25,7.4570
8F8E_XJI,26,7.5174
8F8E_XJI,27,7.7980
8F8E_XJI,28,7.0068
8F8E_XJI,29,7.5178
8F8E_XJI,29,7.4546
8F8E_XJI,3,7.5426
8F8E_XJI,30,7.6597
8F8E_XJI,31,7.7725
8F8E_XJI,32,7.6735
8F8E_XJI,33,7.4454
8F8E_XJI,34,7.4671
8F8E_XJI,35,7.4645
8F8E_XJI,36,7.2632
8F8E_XJI,37,7.4020
8F8E_XJI,38,7.5870
8F8E_XJI,39,7.6107
8F8E_XJI,4,7.5495
8F8E_XJI,40,7.6367
8F8E_XJI,41,7.4970
8F8E_XJI,42,7.3053
8F8E_XJI,43,7.6211
8F8E_XJI,44,7.6788
8F8E_XJI,45,7.6186
8F8E_XJI,46,7.8854
8F8E_XJI,47,7.7285
8F8E_XJI,48,2.8764
8F8E_XJI,49,6.7786
8F8E_XJI,5,7.6133
8F8E_XJI,50,7.5239
8F8E_XJI,51,7.4855
8F8E_XJI,52,7.6270
8F8E_XJI,53,3.0074
8F8E_XJI,54,7.2999
8F8E_XJI,55,7.5450
8F8E_XJI,56,2.6240
8F8E_XJI,57,7.7503
8F8E_XJI,58,7.3843
8F8E_XJI,59,7.5406
8F8E_XJI,6,7.5493
8F8E_XJI,60,7.6694
8F8E_XJI,61,7.6167
8F8E_XJI,62,2.7967
8F8E_XJI,63,7.5283
8F8E_XJI,64,7.6181
8F8E_XJI,65,7.2670
8F8E_XJI,66,7.6226
8F8E_XJI,67,7.7315
8F8E_XJI,68,7.3905
8F8E_XJI,69,7.1292
8F8E_XJI,7,7.5819
8F8E_XJI,70,7.7238
8F8E_XJI,71,7.3665
8F8E_XJI,72,7.6198
8F8E_XJI,73,7.3464
8F8E_XJI,74,6.7150
8F8E_XJI,75,7.5898
8F8E_XJI,76,7.7980
8F8E_XJI,77,7.6230
8F8E_XJI,78,7.7693
8F8E_XJI,79,7.6719
8F8E_XJI,8,7.5500
8F8E_XJI,80,7.0651
8F8E_XJI,81,7.6292
8F8E_XJI,82,7.5291
8F8E_XJI,83,7.5358
8F8E_XJI,84,2.0645
8F8E_XJI,85,7.4454
8F8E_XJI,86,7.4421
8F8E_XJI,87,7.0478
8F8E_XJI,88,7.6326
8F8E_XJI,89,7.5411
8F8E_XJI,9,7.7046
8F8E_XJI,90,7.5639
8F8E_XJI,91,7.8027
8F8E_XJI,92,1.6533
8F8E_XJI,93,7.6577
8F8E_XJI,94,7.7115
8F8E_XJI,95,7.7708
8F8E_XJI,96,7.6696
8F8E_XJI,97,7.6290
8F8E_XJI,98,6.8191
8F8E_XJI,99,7.3912
8FAV_4Y5,0,1.9630
8FAV_4Y5,1,0.9320
8FAV_4Y5,10,1.1381
8FAV_4Y5,100,1.1562
8FAV_4Y5,101,0.5296
8FAV_4Y5,102,2.3207
8FAV_4Y5,103,2.6043
8FAV_4Y5,104,3.9343
8FAV_4Y5,105,2.4726
8FAV_4Y5,106,1.0659
8FAV_4Y5,107,1.4576
8FAV_4Y5,108,2.6680
8FAV_4Y5,109,2.3225
8FAV_4Y5,11,3.9922
8FAV_4Y5,110,1.7427
8FAV_4Y5,111,1.6885
8FAV_4Y5,112,1.2539
8FAV_4Y5,113,2.4555
8FAV_4Y5,114,0.8282
8FAV_4Y5,115,1.5332
8FAV_4Y5,116,2.5627
8FAV_4Y5,117,0.9020
8FAV_4Y5,118,1.0775
8FAV_4Y5,119,1.9780
8FAV_4Y5,12,2.6535
8FAV_4Y5,120,2.6048
8FAV_4Y5,121,1.4671
8FAV_4Y5,122,2.6146
8FAV_4Y5,123,2.3182
8FAV_4Y5,124,2.0034
8FAV_4Y5,125,2.4837
8FAV_4Y5,126,0.7502
8FAV_4Y5,127,0.9093
8FAV_4Y5,128,2.3626
8FAV_4Y5,129,3.4911
8FAV_4Y5,13,2.3445
8FAV_4Y5,130,1.4000
8FAV_4Y5,131,2.4570
8FAV_4Y5,132,2.6520
8FAV_4Y5,133,0.6936
8FAV_4Y5,134,1.3885
8FAV_4Y5,135,2.5651
8FAV_4Y5,136,0.8031
8FAV_4Y5,137,1.2405
8FAV_4Y5,138,2.3998
8FAV_4Y5,139,2.7750
8FAV_4Y5,14,1.3441
8FAV_4Y5,15,2.4177
8FAV_4Y5,16,3.8144
8FAV_4Y5,17,2.3778
8FAV_4Y5,18,2.2844
8FAV_4Y5,19,1.6800
8FAV_4Y5,2,1.2051
8FAV_4Y5,20,2.6577
8FAV_4Y5,21,2.5775
8FAV_4Y5,22,0.8859
8FAV_4Y5,23,2.6755
8FAV_4Y5,24,1.2115
8FAV_4Y5,25,1.0881
8FAV_4Y5,26,2.2970
8FAV_4Y5,27,2.7459
8FAV_4Y5,28,2.3737
8FAV_4Y5,29,4.2406
8FAV_4Y5,3,1.9781
8FAV_4Y5,30,1.8048
8FAV_4Y5,31,1.4385
8FAV_4Y5,32,1.4627
8FAV_4Y5,33,1.6867
8FAV_4Y5,34,2.4488
8FAV_4Y5,35,1.3096
8FAV_4Y5,36,1.3073
8FAV_4Y5,37,0.8192
8FAV_4Y5,38,2.0981
8FAV_4Y5,39,2.3312
8FAV_4Y5,4,2.4912
8FAV_4Y5,40,1.6801
8FAV_4Y5,41,1.3349
8FAV_4Y5,42,1.8087
8FAV_4Y5,43,0.6209
8FAV_4Y5,44,1.1860
8FAV_4Y5,45,2.4002
8FAV_4Y5,46,0.6813
8FAV_4Y5,47,1.5640
8FAV_4Y5,48,2.6416
8FAV_4Y5,49,2.6408
8FAV_4Y5,5,1.2646
8FAV_4Y5,50,1.4057
8FAV_4Y5,51,1.2130
8FAV_4Y5,52,4.2652
8FAV_4Y5,53,2.5807
8FAV_4Y5,54,1.6784
8FAV_4Y5,55,2.7842
8FAV_4Y5,56,1.0879
8FAV_4Y5,57,0.9712
8FAV_4Y5,58,1.3728
8FAV_4Y5,59,1.6840
8FAV_4Y5,6,1.2332
8FAV_4Y5,60,1.0913
8FAV_4Y5,61,0.8729
8FAV_4Y5,62,1.6165
8FAV_4Y5,63,1.3757
8FAV_4Y5,64,1.3732
8FAV_4Y5,65,1.3477
8FAV_4Y5,66,1.7055
8FAV_4Y5,67,1.4385
8FAV_4Y5,68,1.3195
8FAV_4Y5,69,2.3441
8FAV_4Y5,7,1.2059
8FAV_4Y5,70,1.7369
8FAV_4Y5,71,2.4471
8FAV_4Y5,72,0.3299
8FAV_4Y5,73,2.3710
8FAV_4Y5,74,2.4080
8FAV_4Y5,75,1.4935
8FAV_4Y5,76,2.2619
8FAV_4Y5,77,1.4131
8FAV_4Y5,78,0.9339
8FAV_4Y5,79,1.4823
8FAV_4Y5,8,0.6702
8FAV_4Y5,80,2.6815
8FAV_4Y5,81,1.2731
8FAV_4Y5,82,3.0239
8FAV_4Y5,83,2.7811
8FAV_4Y5,84,2.6532
8FAV_4Y5,85,1.1853
8FAV_4Y5,86,1.4285
8FAV_4Y5,87,1.6597
8FAV_4Y5,88,3.7011
8FAV_4Y5,89,2.6581
8FAV_4Y5,9,2.3559
8FAV_4Y5,90,1.2610
8FAV_4Y5,91,2.3130
8FAV_4Y5,92,3.4054
8FAV_4Y5,93,2.8442
8FAV_4Y5,94,0.6696
8FAV_4Y5,95,1.7405
8FAV_4Y5,96,0.9237
8FAV_4Y5,97,2.0921
8FAV_4Y5,98,2.3928
8FAV_4Y5,99,1.3721
8FLV_ZB9,0,1.4617
8FLV_ZB9,1,1.2504
8FLV_ZB9,10,2.2695
8FLV_ZB9,100,2.1578
8FLV_ZB9,101,1.1743
8FLV_ZB9,102,1.0712
8FLV_ZB9,103,1.2360
8FLV_ZB9,104,1.9110
8FLV_ZB9,105,1.2709
8FLV_ZB9,106,2.2670
8FLV_ZB9,107,1.5151
8FLV_ZB9,108,1.3449
8FLV_ZB9,109,2.0924
8FLV_ZB9,11,0.8598
8FLV_ZB9,110,0.9387
8FLV_ZB9,111,1.8468
8FLV_ZB9,112,1.5792
8FLV_ZB9,113,0.6562
8FLV_ZB9,114,1.1828
8FLV_ZB9,115,1.4328
8FLV_ZB9,116,2.5165
8FLV_ZB9,117,0.9959
8FLV_ZB9,118,2.0755
8FLV_ZB9,119,1.6905
8FLV_ZB9,12,1.2209
8FLV_ZB9,120,1.9231
8FLV_ZB9,121,1.2239
8FLV_ZB9,122,1.1178
8FLV_ZB9,123,2.0016
8FLV_ZB9,124,1.3666
8FLV_ZB9,125,1.1491
8FLV_ZB9,126,1.9604
8FLV_ZB9,127,1.7674
8FLV_ZB9,128,2.2348
8FLV_ZB9,129,1.5382
8FLV_ZB9,13,1.0401
8FLV_ZB9,130,2.0116
8FLV_ZB9,131,1.6448
8FLV_ZB9,132,1.5458
8FLV_ZB9,133,1.1882
8FLV_ZB9,134,1.6919
8FLV_ZB9,135,1.5152
8FLV_ZB9,136,1.7096
8FLV_ZB9,137,1.4653
8FLV_ZB9,138,1.1689
8FLV_ZB9,139,2.2507
8FLV_ZB9,14,2.0906
8FLV_ZB9,14,1.5124
8FLV_ZB9,15,1.5378
8FLV_ZB9,16,2.4414
8FLV_ZB9,17,1.3925
8FLV_ZB9,18,1.5619
8FLV_ZB9,19,1.2852
8FLV_ZB9,2,1.1169
8FLV_ZB9,20,0.9290
8FLV_ZB9,21,1.8859
8FLV_ZB9,22,2.3741
8FLV_ZB9,23,1.3832
8FLV_ZB9,24,1.2542
8FLV_ZB9,25,1.3891
8FLV_ZB9,26,2.3371
8FLV_ZB9,27,1.4694
8FLV_ZB9,28,1.6257
8FLV_ZB9,29,1.3968
8FLV_ZB9,3,1.8064
8FLV_ZB9,30,1.2279
8FLV_ZB9,31,1.0633
8FLV_ZB9,32,2.7012
8FLV_ZB9,33,2.0662
8FLV_ZB9,34,1.1500
8FLV_ZB9,35,1.0845
8FLV_ZB9,36,1.3426
8FLV_ZB9,37,1.3270
8FLV_ZB9,38,2.3704
8FLV_ZB9,39,1.4907
8FLV_ZB9,4,1.2019
8FLV_ZB9,40,1.4940
8FLV_ZB9,41,2.1981
8FLV_ZB9,42,1.0775
8FLV_ZB9,43,1.8382
8FLV_ZB9,44,1.2952
8FLV_ZB9,45,2.6343
8FLV_ZB9,46,1.4849
8FLV_ZB9,47,1.6693
8FLV_ZB9,48,2.0593
8FLV_ZB9,49,1.9684
8FLV_ZB9,5,2.1355
8FLV_ZB9,50,1.4109
8FLV_ZB9,51,1.3207
8FLV_ZB9,52,2.0818
8FLV_ZB9,53,1.0908
8FLV_ZB9,54,1.7673
8FLV_ZB9,55,0.6935
8FLV_ZB9,56,1.0903
8FLV_ZB9,57,2.0738
8FLV_ZB9,58,1.3576
8FLV_ZB9,59,1.6607
8FLV_ZB9,6,2.0404
8FLV_ZB9,60,1.5952
8FLV_ZB9,61,1.3247
8FLV_ZB9,62,2.0586
8FLV_ZB9,63,1.5794
8FLV_ZB9,64,2.0014
8FLV_ZB9,65,2.0660
8FLV_ZB9,66,1.6936
8FLV_ZB9,67,1.7144
8FLV_ZB9,68,0.5447
8FLV_ZB9,69,2.2245
8FLV_ZB9,7,0.8769
8FLV_ZB9,70,1.8388
8FLV_ZB9,71,1.6239
8FLV_ZB9,72,0.8084
8FLV_ZB9,73,1.2872
8FLV_ZB9,74,1.1601
8FLV_ZB9,75,1.1620
8FLV_ZB9,76,1.5366
8FLV_ZB9,77,1.8996
8FLV_ZB9,78,2.4648
8FLV_ZB9,79,0.6720
8FLV_ZB9,8,1.8014
8FLV_ZB9,80,0.9361
8FLV_ZB9,81,1.0944
8FLV_ZB9,82,1.1056
8FLV_ZB9,83,1.0585
8FLV_ZB9,84,2.7964
8FLV_ZB9,85,1.5653
8FLV_ZB9,86,2.0523
8FLV_ZB9,87,1.3402
8FLV_ZB9,88,0.8611
8FLV_ZB9,89,2.3106
8FLV_ZB9,9,1.1871
8FLV_ZB9,90,1.9111
8FLV_ZB9,91,1.0952
8FLV_ZB9,92,2.6291
8FLV_ZB9,93,1.5884
8FLV_ZB9,94,1.5963
8FLV_ZB9,95,2.0226
8FLV_ZB9,96,1.2621
8FLV_ZB9,97,1.0455
8FLV_ZB9,98,1.4744
8FLV_ZB9,99,1.8912
8FO5_Y4U,0,1.2345
8FO5_Y4U,1,1.3775
8FO5_Y4U,10,0.9318
8FO5_Y4U,100,1.0368
8FO5_Y4U,101,0.3255
8FO5_Y4U,102,0.9385
8FO5_Y4U,103,1.0617
8FO5_Y4U,104,0.4885
8FO5_Y4U,105,0.5793
8FO5_Y4U,106,1.7253
8FO5_Y4U,107,0.7849
8FO5_Y4U,108,0.3365
8FO5_Y4U,109,0.3838
8FO5_Y4U,11,0.8875
8FO5_Y4U,110,0.3779
8FO5_Y4U,111,1.1250
8FO5_Y4U,112,0.8635
8FO5_Y4U,113,1.4106
8FO5_Y4U,114,0.4745
8FO5_Y4U,115,0.9141
8FO5_Y4U,116,0.9712
8FO5_Y4U,117,0.5192
8FO5_Y4U,118,0.9370
8FO5_Y4U,119,1.2722
8FO5_Y4U,12,0.8834
8FO5_Y4U,120,1.0519
8FO5_Y4U,121,1.7268
8FO5_Y4U,122,0.6122
8FO5_Y4U,123,0.3573
8FO5_Y4U,124,1.1101
8FO5_Y4U,125,1.0123
8FO5_Y4U,126,0.4529
8FO5_Y4U,127,0.4042
8FO5_Y4U,128,0.8691
8FO5_Y4U,129,5.1489
8FO5_Y4U,13,1.1360
8FO5_Y4U,130,0.7563
8FO5_Y4U,131,1.3692
8FO5_Y4U,132,0.4193
8FO5_Y4U,133,1.1505
8FO5_Y4U,134,0.8611
8FO5_Y4U,135,1.4050
8FO5_Y4U,136,0.8978
8FO5_Y4U,137,0.6357
8FO5_Y4U,138,1.5730
8FO5_Y4U,139,0.9949
8FO5_Y4U,14,1.5004
8FO5_Y4U,15,0.3529
8FO5_Y4U,16,0.8774
8FO5_Y4U,17,1.3801
8FO5_Y4U,18,0.8595
8FO5_Y4U,19,0.5073
8FO5_Y4U,2,0.8628
8FO5_Y4U,2,0.3926
8FO5_Y4U,20,0.9896
8FO5_Y4U,21,1.2152
8FO5_Y4U,21,0.3859
8FO5_Y4U,22,1.2559
8FO5_Y4U,23,1.6798
8FO5_Y4U,24,0.4865
8FO5_Y4U,25,1.2504
8FO5_Y4U,26,0.7522
8FO5_Y4U,27,0.8641
8FO5_Y4U,28,0.6772
8FO5_Y4U,29,1.2717
8FO5_Y4U,3,0.3504
8FO5_Y4U,30,1.1539
8FO5_Y4U,31,1.4216
8FO5_Y4U,32,1.5018
8FO5_Y4U,33,0.9955
8FO5_Y4U,34,0.9104
8FO5_Y4U,35,0.8616
8FO5_Y4U,36,0.4098
8FO5_Y4U,37,0.8609
8FO5_Y4U,38,1.3871
8FO5_Y4U,39,1.6772
8FO5_Y4U,4,0.4871
8FO5_Y4U,40,1.1811
8FO5_Y4U,41,1.3201
8FO5_Y4U,42,0.9162
8FO5_Y4U,43,0.3672
8FO5_Y4U,44,1.1825
8FO5_Y4U,45,0.3463
8FO5_Y4U,46,0.8601
8FO5_Y4U,47,0.3506
8FO5_Y4U,48,0.3959
8FO5_Y4U,49,1.3990
8FO5_Y4U,5,0.5077
8FO5_Y4U,50,1.0136
8FO5_Y4U,51,0.6347
8FO5_Y4U,52,1.5417
8FO5_Y4U,53,1.2864
8FO5_Y4U,54,0.9079
8FO5_Y4U,55,1.2210
8FO5_Y4U,56,0.4873
8FO5_Y4U,57,1.2634
8FO5_Y4U,58,0.8446
8FO5_Y4U,59,0.5410
8FO5_Y4U,6,1.2680
8FO5_Y4U,60,0.3794
8FO5_Y4U,61,0.5300
8FO5_Y4U,62,1.3179
8FO5_Y4U,63,0.7820
8FO5_Y4U,64,0.3690
8FO5_Y4U,65,0.8388
8FO5_Y4U,66,0.8421
8FO5_Y4U,67,0.8900
8FO5_Y4U,68,1.1837
8FO5_Y4U,69,1.1929
8FO5_Y4U,7,0.8505
8FO5_Y4U,70,0.9071
8FO5_Y4U,71,0.7108
8FO5_Y4U,72,0.3465
8FO5_Y4U,73,5.0958
8FO5_Y4U,74,1.3433
8FO5_Y4U,75,4.9207
8FO5_Y4U,76,0.5836
8FO5_Y4U,77,0.3183
8FO5_Y4U,78,1.4319
8FO5_Y4U,79,1.2388
8FO5_Y4U,8,0.8916
8FO5_Y4U,80,0.8663
8FO5_Y4U,81,0.8619
8FO5_Y4U,82,1.4761
8FO5_Y4U,83,0.7615
8FO5_Y4U,84,0.8441
8FO5_Y4U,85,0.5202
8FO5_Y4U,86,0.8695
8FO5_Y4U,87,1.5204
8FO5_Y4U,88,0.3307
8FO5_Y4U,89,0.8824
8FO5_Y4U,9,0.9811
8FO5_Y4U,90,5.5021
8FO5_Y4U,91,1.7654
8FO5_Y4U,92,0.9294
8FO5_Y4U,93,0.5163
8FO5_Y4U,94,0.8335
8FO5_Y4U,95,0.9714
8FO5_Y4U,96,1.3068
8FO5_Y4U,97,1.4073
8FO5_Y4U,98,1.1530
8FO5_Y4U,99,1.2657
8G0V_YHT,0,7.3935
8G0V_YHT,1,4.0636
8G0V_YHT,10,2.5185
8G0V_YHT,100,6.3328
8G0V_YHT,101,4.4340
8G0V_YHT,102,6.5918
8G0V_YHT,103,3.5010
8G0V_YHT,104,7.3510
8G0V_YHT,105,2.6827
8G0V_YHT,106,1.9343
8G0V_YHT,107,5.7371
8G0V_YHT,108,3.1359
8G0V_YHT,109,4.3400
8G0V_YHT,11,5.8481
8G0V_YHT,110,7.3155
8G0V_YHT,111,3.4303
8G0V_YHT,112,6.6247
8G0V_YHT,113,3.1038
8G0V_YHT,114,6.1204
8G0V_YHT,115,2.8338
8G0V_YHT,116,3.4456
8G0V_YHT,117,6.0926
8G0V_YHT,118,6.5064
8G0V_YHT,119,7.2987
8G0V_YHT,12,3.1313
8G0V_YHT,12,6.7266
8G0V_YHT,120,6.8490
8G0V_YHT,121,4.4619
8G0V_YHT,122,1.7392
8G0V_YHT,123,6.7108
8G0V_YHT,124,3.6944
8G0V_YHT,125,6.6584
8G0V_YHT,126,6.2079
8G0V_YHT,127,5.1502
8G0V_YHT,128,4.1583
8G0V_YHT,129,7.3531
8G0V_YHT,13,6.4600
8G0V_YHT,130,6.1418
8G0V_YHT,131,3.1959
8G0V_YHT,132,2.3553
8G0V_YHT,133,2.1122
8G0V_YHT,134,3.5681
8G0V_YHT,135,2.9177
8G0V_YHT,136,7.0084
8G0V_YHT,137,2.9284
8G0V_YHT,138,8.2395
8G0V_YHT,139,7.6437
8G0V_YHT,14,0.9025
8G0V_YHT,15,2.6025
8G0V_YHT,16,3.6852
8G0V_YHT,17,6.5278
8G0V_YHT,18,7.0557
8G0V_YHT,19,5.5818
8G0V_YHT,2,6.8695
8G0V_YHT,20,2.5742
8G0V_YHT,21,2.8857
8G0V_YHT,22,3.4858
8G0V_YHT,23,2.6338
8G0V_YHT,24,4.7795
8G0V_YHT,25,2.2195
8G0V_YHT,26,6.7823
8G0V_YHT,27,3.5151
8G0V_YHT,28,4.3406
8G0V_YHT,29,5.8814
8G0V_YHT,3,4.2608
8G0V_YHT,30,7.2315
8G0V_YHT,31,4.5509
8G0V_YHT,32,6.4169
8G0V_YHT,33,6.0800
8G0V_YHT,34,2.6814
8G0V_YHT,35,3.7895
8G0V_YHT,36,6.5038
8G0V_YHT,37,6.4299
8G0V_YHT,38,4.8314
8G0V_YHT,39,1.0402
8G0V_YHT,4,1.3720
8G0V_YHT,40,6.8292
8G0V_YHT,41,3.9559
8G0V_YHT,42,7.2583
8G0V_YHT,43,6.1747
8G0V_YHT,44,6.7133
8G0V_YHT,45,6.7351
8G0V_YHT,46,3.0316
8G0V_YHT,47,7.0612
8G0V_YHT,48,3.1987
8G0V_YHT,49,6.2034
8G0V_YHT,5,2.2154
8G0V_YHT,50,2.7796
8G0V_YHT,51,2.5877
8G0V_YHT,52,2.2345
8G0V_YHT,53,2.8051
8G0V_YHT,54,5.0896
8G0V_YHT,55,6.2956
8G0V_YHT,56,7.3644
8G0V_YHT,57,3.4144
8G0V_YHT,58,4.4516
8G0V_YHT,59,6.2150
8G0V_YHT,6,4.8216
8G0V_YHT,60,1.1401
8G0V_YHT,61,6.3843
8G0V_YHT,62,4.5850
8G0V_YHT,63,6.7805
8G0V_YHT,64,7.5920
8G0V_YHT,65,5.6176
8G0V_YHT,66,6.2447
8G0V_YHT,67,5.5604
8G0V_YHT,68,7.1718
8G0V_YHT,69,2.4625
8G0V_YHT,7,4.7756
8G0V_YHT,70,2.6081
8G0V_YHT,71,5.5591
8G0V_YHT,72,2.8573
8G0V_YHT,73,2.1159
8G0V_YHT,74,1.3428
8G0V_YHT,75,4.9697
8G0V_YHT,76,3.2064
8G0V_YHT,77,0.9460
8G0V_YHT,78,6.0356
8G0V_YHT,79,5.4454
8G0V_YHT,8,2.1905
8G0V_YHT,80,3.8497
8G0V_YHT,81,4.2214
8G0V_YHT,82,2.8726
8G0V_YHT,83,3.1953
8G0V_YHT,84,6.6945
8G0V_YHT,85,6.1402
8G0V_YHT,86,3.5503
8G0V_YHT,87,6.5936
8G0V_YHT,88,2.0893
8G0V_YHT,89,6.6848
8G0V_YHT,9,5.7462
8G0V_YHT,90,5.6180
8G0V_YHT,91,2.1939
8G0V_YHT,92,6.6913
8G0V_YHT,93,6.0875
8G0V_YHT,94,1.8756
8G0V_YHT,95,6.4813
8G0V_YHT,96,3.3175
8G0V_YHT,97,6.1377
8G0V_YHT,98,7.0044
8G0V_YHT,99,3.6921
8G6P_API,0,1.5966
8G6P_API,1,2.0604
8G6P_API,10,2.3618
8G6P_API,100,2.0690
8G6P_API,101,2.1296
8G6P_API,102,2.8302
8G6P_API,103,2.2516
8G6P_API,104,1.5259
8G6P_API,105,1.9619
8G6P_API,106,2.2178
8G6P_API,107,2.8987
8G6P_API,108,2.1965
8G6P_API,109,1.6139
8G6P_API,11,2.5229
8G6P_API,110,2.8831
8G6P_API,111,3.2480
8G6P_API,112,1.8223
8G6P_API,113,1.8782
8G6P_API,114,2.5134
8G6P_API,115,1.8644
8G6P_API,116,2.4787
8G6P_API,117,2.1786
8G6P_API,118,2.1474
8G6P_API,119,2.4556
8G6P_API,12,2.1605
8G6P_API,120,2.0337
8G6P_API,121,3.1001
8G6P_API,122,1.7916
8G6P_API,123,1.7187
8G6P_API,124,1.3540
8G6P_API,125,2.2088
8G6P_API,126,2.0026
8G6P_API,127,2.2518
8G6P_API,128,1.9469
8G6P_API,129,2.2187
8G6P_API,13,1.7647
8G6P_API,130,1.6179
8G6P_API,131,1.7838
8G6P_API,132,2.1421
8G6P_API,133,1.8451
8G6P_API,134,1.7948
8G6P_API,135,1.7207
8G6P_API,136,2.0478
8G6P_API,137,2.0988
8G6P_API,138,1.6744
8G6P_API,139,1.9782
8G6P_API,14,2.2328
8G6P_API,15,1.6231
8G6P_API,16,2.1340
8G6P_API,17,1.9268
8G6P_API,18,1.9947
8G6P_API,19,2.3482
8G6P_API,2,2.5686
8G6P_API,20,1.6347
8G6P_API,21,1.8392
8G6P_API,22,2.7832
8G6P_API,23,1.7927
8G6P_API,24,1.8603
8G6P_API,25,2.0544
8G6P_API,26,1.6435
8G6P_API,27,2.1959
8G6P_API,28,0.9346
8G6P_API,29,1.9016
8G6P_API,3,2.6613
8G6P_API,30,1.6969
8G6P_API,31,1.5445
8G6P_API,32,2.4527
8G6P_API,33,2.4762
8G6P_API,34,2.0859
8G6P_API,35,1.9606
8G6P_API,36,2.1702
8G6P_API,37,2.3507
8G6P_API,38,2.3301
8G6P_API,39,1.6266
8G6P_API,4,2.2998
8G6P_API,40,1.1087
8G6P_API,41,1.4069
8G6P_API,42,2.2630
8G6P_API,43,1.8829
8G6P_API,44,2.0143
8G6P_API,45,2.1618
8G6P_API,46,1.5369
8G6P_API,47,2.9912
8G6P_API,48,1.3506
8G6P_API,49,1.5617
8G6P_API,5,2.0461
8G6P_API,50,1.3242
8G6P_API,51,2.2676
8G6P_API,52,2.0647
8G6P_API,53,1.7810
8G6P_API,54,1.9266
8G6P_API,55,2.0470
8G6P_API,56,2.1966
8G6P_API,57,1.8935
8G6P_API,58,1.9117
8G6P_API,59,2.2922
8G6P_API,6,1.8925
8G6P_API,60,1.9776
8G6P_API,61,1.5014
8G6P_API,62,3.2852
8G6P_API,63,1.7367
8G6P_API,64,2.1357
8G6P_API,65,1.8903
8G6P_API,66,2.2085
8G6P_API,67,2.2695
8G6P_API,68,1.8947
8G6P_API,69,1.3852
8G6P_API,7,2.2799
8G6P_API,70,2.0305
8G6P_API,71,1.8539
8G6P_API,72,2.0487
8G6P_API,73,2.7162
8G6P_API,74,2.7051
8G6P_API,75,1.6975
8G6P_API,76,2.0808
8G6P_API,77,1.6961
8G6P_API,78,1.9896
8G6P_API,79,1.6005
8G6P_API,8,1.8640
8G6P_API,80,2.9629
8G6P_API,81,1.8537
8G6P_API,82,2.3631
8G6P_API,83,2.4608
8G6P_API,84,1.5101
8G6P_API,85,1.6624
8G6P_API,86,2.0306
8G6P_API,87,2.1262
8G6P_API,88,1.7919
8G6P_API,89,1.7843
8G6P_API,9,1.4461
8G6P_API,90,1.8651
8G6P_API,91,1.8830
8G6P_API,92,2.0327
8G6P_API,93,2.7165
8G6P_API,94,1.9681
8G6P_API,95,1.6724
8G6P_API,96,2.0779
8G6P_API,97,1.9063
8G6P_API,98,2.1618
8G6P_API,99,2.3283
8GFD_ZHR,0,3.2024
8GFD_ZHR,1,4.0178
8GFD_ZHR,10,3.0105
8GFD_ZHR,100,7.4041
8GFD_ZHR,101,3.4028
8GFD_ZHR,102,6.9469
8GFD_ZHR,103,3.4518
8GFD_ZHR,104,7.3831
8GFD_ZHR,105,3.1629
8GFD_ZHR,106,6.7901
8GFD_ZHR,107,7.7271
8GFD_ZHR,108,7.0158
8GFD_ZHR,109,3.3331
8GFD_ZHR,11,6.9000
8GFD_ZHR,110,3.1957
8GFD_ZHR,111,6.4479
8GFD_ZHR,112,6.1536
8GFD_ZHR,113,3.7577
8GFD_ZHR,114,4.5395
8GFD_ZHR,115,3.9694
8GFD_ZHR,116,7.1250
8GFD_ZHR,117,7.4574
8GFD_ZHR,118,7.1882
8GFD_ZHR,119,7.3511
8GFD_ZHR,12,2.9199
8GFD_ZHR,120,3.4338
8GFD_ZHR,121,6.9315
8GFD_ZHR,122,3.7533
8GFD_ZHR,123,6.9955
8GFD_ZHR,124,7.5132
8GFD_ZHR,125,7.0483
8GFD_ZHR,126,3.0395
8GFD_ZHR,127,7.5460
8GFD_ZHR,128,6.4472
8GFD_ZHR,129,7.0411
8GFD_ZHR,13,7.0710
8GFD_ZHR,130,7.7342
8GFD_ZHR,131,6.8764
8GFD_ZHR,132,3.4542
8GFD_ZHR,133,7.2735
8GFD_ZHR,134,7.0575
8GFD_ZHR,135,3.8419
8GFD_ZHR,136,4.3707
8GFD_ZHR,137,2.4919
8GFD_ZHR,138,6.5630
8GFD_ZHR,139,7.8408
8GFD_ZHR,14,5.2838
8GFD_ZHR,15,7.1523
8GFD_ZHR,16,6.6277
8GFD_ZHR,17,6.0764
8GFD_ZHR,18,7.4984
8GFD_ZHR,19,3.3538
8GFD_ZHR,2,6.1820
8GFD_ZHR,20,7.1772
8GFD_ZHR,21,7.2644
8GFD_ZHR,22,6.9972
8GFD_ZHR,23,7.0044
8GFD_ZHR,24,4.5943
8GFD_ZHR,25,3.7568
8GFD_ZHR,26,3.5679
8GFD_ZHR,27,4.9412
8GFD_ZHR,28,7.3328
8GFD_ZHR,29,6.8904
8GFD_ZHR,3,3.3881
8GFD_ZHR,30,7.6752
8GFD_ZHR,31,7.2177
8GFD_ZHR,32,4.1008
8GFD_ZHR,33,7.0351
8GFD_ZHR,34,7.0415
8GFD_ZHR,35,1.2426
8GFD_ZHR,36,3.9504
8GFD_ZHR,37,7.5398
8GFD_ZHR,38,6.6289
8GFD_ZHR,39,7.1934
8GFD_ZHR,4,7.0364
8GFD_ZHR,40,6.9437
8GFD_ZHR,41,6.2783
8GFD_ZHR,42,3.5229
8GFD_ZHR,43,7.0870
8GFD_ZHR,44,6.8985
8GFD_ZHR,45,7.1461
8GFD_ZHR,46,7.2534
8GFD_ZHR,47,3.3717
8GFD_ZHR,48,7.1968
8GFD_ZHR,49,7.0898
8GFD_ZHR,5,7.0493
8GFD_ZHR,50,2.6880
8GFD_ZHR,51,6.7964
8GFD_ZHR,52,7.2372
8GFD_ZHR,53,7.2204
8GFD_ZHR,54,4.6787
8GFD_ZHR,55,6.2920
8GFD_ZHR,56,3.9231
8GFD_ZHR,57,3.2515
8GFD_ZHR,58,3.7913
8GFD_ZHR,59,4.1632
8GFD_ZHR,6,3.3332
8GFD_ZHR,60,6.3081
8GFD_ZHR,61,7.1679
8GFD_ZHR,62,7.5934
8GFD_ZHR,63,6.7258
8GFD_ZHR,64,6.9602
8GFD_ZHR,65,6.6474
8GFD_ZHR,66,3.7407
8GFD_ZHR,67,6.5415
8GFD_ZHR,68,6.9803
8GFD_ZHR,69,7.1940
8GFD_ZHR,7,6.7958
8GFD_ZHR,70,7.4061
8GFD_ZHR,71,7.6427
8GFD_ZHR,72,7.2510
8GFD_ZHR,73,6.8848
8GFD_ZHR,74,6.7110
8GFD_ZHR,75,3.7759
8GFD_ZHR,76,7.0800
8GFD_ZHR,77,3.2157
8GFD_ZHR,78,7.7250
8GFD_ZHR,79,7.6744
8GFD_ZHR,8,7.1532
8GFD_ZHR,80,7.1581
8GFD_ZHR,81,3.1926
8GFD_ZHR,82,7.6144
8GFD_ZHR,83,7.2257
8GFD_ZHR,84,7.3887
8GFD_ZHR,85,7.4804
8GFD_ZHR,86,4.2620
8GFD_ZHR,87,6.0375
8GFD_ZHR,88,4.8585
8GFD_ZHR,89,6.9174
8GFD_ZHR,9,7.1293
8GFD_ZHR,90,7.3575
8GFD_ZHR,91,7.5039
8GFD_ZHR,92,7.3590
8GFD_ZHR,93,5.5949
8GFD_ZHR,94,3.7643
8GFD_ZHR,95,7.5639
8GFD_ZHR,96,7.8112
8GFD_ZHR,97,6.9532
8GFD_ZHR,98,7.0286
8GFD_ZHR,99,6.0287
8HFN_XGC,0,1.1613
8HFN_XGC,1,2.0515
8HFN_XGC,10,2.1762
8HFN_XGC,100,1.0307
8HFN_XGC,101,1.3502
8HFN_XGC,102,1.7909
8HFN_XGC,103,1.4875
8HFN_XGC,104,1.5793
8HFN_XGC,105,1.7327
8HFN_XGC,106,1.2408
8HFN_XGC,107,1.4209
8HFN_XGC,108,0.9213
8HFN_XGC,109,1.4193
8HFN_XGC,11,1.5294
8HFN_XGC,110,2.0156
8HFN_XGC,110,1.9882
8HFN_XGC,111,1.9663
8HFN_XGC,112,1.2174
8HFN_XGC,113,1.1239
8HFN_XGC,114,1.0122
8HFN_XGC,115,1.6407
8HFN_XGC,116,1.4163
8HFN_XGC,117,1.2544
8HFN_XGC,118,1.7012
8HFN_XGC,119,1.0278
8HFN_XGC,12,4.5493
8HFN_XGC,120,1.7765
8HFN_XGC,121,1.4576
8HFN_XGC,122,1.4572
8HFN_XGC,123,1.3019
8HFN_XGC,124,1.1555
8HFN_XGC,125,1.6535
8HFN_XGC,126,1.4931
8HFN_XGC,127,0.9992
8HFN_XGC,128,0.7998
8HFN_XGC,129,1.1991
8HFN_XGC,13,1.5102
8HFN_XGC,130,2.1841
8HFN_XGC,131,1.2773
8HFN_XGC,132,1.5475
8HFN_XGC,133,1.1918
8HFN_XGC,134,1.1861
8HFN_XGC,135,1.2587
8HFN_XGC,136,1.1755
8HFN_XGC,137,1.0447
8HFN_XGC,138,1.3707
8HFN_XGC,139,1.7127
8HFN_XGC,14,2.5853
8HFN_XGC,15,0.9823
8HFN_XGC,16,2.7183
8HFN_XGC,17,1.3051
8HFN_XGC,18,2.5139
8HFN_XGC,19,0.6583
8HFN_XGC,2,2.0726
8HFN_XGC,20,1.2781
8HFN_XGC,21,2.0854
8HFN_XGC,22,1.3151
8HFN_XGC,23,1.9013
8HFN_XGC,24,0.9380
8HFN_XGC,25,1.7984
8HFN_XGC,26,1.8225
8HFN_XGC,27,1.9307
8HFN_XGC,28,2.0201
8HFN_XGC,29,1.1294
8HFN_XGC,3,0.9186
8HFN_XGC,30,1.4843
8HFN_XGC,31,1.1618
8HFN_XGC,32,1.4575
8HFN_XGC,33,1.6494
8HFN_XGC,34,2.5212
8HFN_XGC,35,1.0729
8HFN_XGC,36,1.7910
8HFN_XGC,37,0.8794
8HFN_XGC,38,2.2142
8HFN_XGC,39,1.5116
8HFN_XGC,4,1.2742
8HFN_XGC,40,1.6480
8HFN_XGC,41,1.4053
8HFN_XGC,42,1.8911
8HFN_XGC,43,1.6970
8HFN_XGC,44,4.8986
8HFN_XGC,45,1.8850
8HFN_XGC,46,1.4392
8HFN_XGC,47,1.1115
8HFN_XGC,48,7.7696
8HFN_XGC,49,1.5973
8HFN_XGC,5,1.8715
8HFN_XGC,50,0.8800
8HFN_XGC,51,1.4174
8HFN_XGC,52,2.8175
8HFN_XGC,53,1.4223
8HFN_XGC,54,0.6350
8HFN_XGC,55,7.9323
8HFN_XGC,56,1.2167
8HFN_XGC,57,2.5555
8HFN_XGC,58,2.3712
8HFN_XGC,59,1.5175
8HFN_XGC,6,1.4943
8HFN_XGC,60,1.3541
8HFN_XGC,61,1.2638
8HFN_XGC,62,1.3713
8HFN_XGC,63,6.3469
8HFN_XGC,64,3.0678
8HFN_XGC,65,1.7336
8HFN_XGC,66,3.3244
8HFN_XGC,67,1.3397
8HFN_XGC,68,1.1487
8HFN_XGC,69,1.2463
8HFN_XGC,7,1.3621
8HFN_XGC,70,1.0909
8HFN_XGC,71,1.9146
8HFN_XGC,72,2.4625
8HFN_XGC,73,1.8665
8HFN_XGC,74,1.2811
8HFN_XGC,75,1.9375
8HFN_XGC,76,1.4496
8HFN_XGC,77,1.5828
8HFN_XGC,78,1.1647
8HFN_XGC,79,2.3683
8HFN_XGC,8,2.2417
8HFN_XGC,80,1.1889
8HFN_XGC,81,2.9300
8HFN_XGC,82,5.3623
8HFN_XGC,83,1.5399
8HFN_XGC,84,2.1758
8HFN_XGC,85,1.0756
8HFN_XGC,86,1.5186
8HFN_XGC,87,1.7463
8HFN_XGC,88,1.6177
8HFN_XGC,89,1.3437
8HFN_XGC,9,2.0554
8HFN_XGC,90,2.0211
8HFN_XGC,91,1.9023
8HFN_XGC,92,1.0960
8HFN_XGC,93,1.1296
8HFN_XGC,93,1.2440
8HFN_XGC,94,1.6607
8HFN_XGC,95,2.4364
8HFN_XGC,96,1.0039
8HFN_XGC,97,0.6322
8HFN_XGC,98,1.1256
8HFN_XGC,99,2.0342
8HO0_3ZI,0,6.7116
8HO0_3ZI,1,6.3898
8HO0_3ZI,10,6.7187
8HO0_3ZI,100,6.7783
8HO0_3ZI,101,6.9482
8HO0_3ZI,102,7.0568
8HO0_3ZI,103,7.0800
8HO0_3ZI,104,6.8322
8HO0_3ZI,105,6.9492
8HO0_3ZI,106,6.6852
8HO0_3ZI,107,6.5007
8HO0_3ZI,108,6.8965
8HO0_3ZI,109,7.0952
8HO0_3ZI,11,6.6890
8HO0_3ZI,110,7.0864
8HO0_3ZI,111,6.8227
8HO0_3ZI,112,6.8262
8HO0_3ZI,113,6.9706
8HO0_3ZI,114,6.8894
8HO0_3ZI,115,7.1713
8HO0_3ZI,116,6.5832
8HO0_3ZI,117,6.8413
8HO0_3ZI,118,6.5735
8HO0_3ZI,119,6.8551
8HO0_3ZI,12,6.7845
8HO0_3ZI,120,6.8824
8HO0_3ZI,121,6.7590
8HO0_3ZI,122,6.8725
8HO0_3ZI,123,6.5263
8HO0_3ZI,124,6.9262
8HO0_3ZI,125,6.7938
8HO0_3ZI,126,7.2769
8HO0_3ZI,127,6.4887
8HO0_3ZI,128,6.9576
8HO0_3ZI,129,7.1373
8HO0_3ZI,13,6.8848
8HO0_3ZI,130,6.7781
8HO0_3ZI,131,6.6788
8HO0_3ZI,132,6.8904
8HO0_3ZI,133,6.9109
8HO0_3ZI,134,6.5971
8HO0_3ZI,135,7.1731
8HO0_3ZI,136,6.7062
8HO0_3ZI,137,6.9246
8HO0_3ZI,138,7.0085
8HO0_3ZI,139,6.6775
8HO0_3ZI,14,7.0832
8HO0_3ZI,15,7.0446
8HO0_3ZI,16,6.9449
8HO0_3ZI,17,6.6796
8HO0_3ZI,18,6.5572
8HO0_3ZI,19,6.8322
8HO0_3ZI,2,6.7858
8HO0_3ZI,20,7.1391
8HO0_3ZI,21,7.0164
8HO0_3ZI,22,6.9830
8HO0_3ZI,23,6.8835
8HO0_3ZI,24,6.9577
8HO0_3ZI,25,6.9339
8HO0_3ZI,26,6.5601
8HO0_3ZI,27,7.1698
8HO0_3ZI,28,7.1518
8HO0_3ZI,29,7.0927
8HO0_3ZI,3,6.6894
8HO0_3ZI,30,7.0553
8HO0_3ZI,31,6.9394
8HO0_3ZI,32,6.5753
8HO0_3ZI,33,7.1940
8HO0_3ZI,34,6.6718
8HO0_3ZI,35,6.7476
8HO0_3ZI,36,7.3002
8HO0_3ZI,37,6.9719
8HO0_3ZI,38,6.9211
8HO0_3ZI,39,7.1948
8HO0_3ZI,4,6.8263
8HO0_3ZI,40,7.3024
8HO0_3ZI,41,6.6498
8HO0_3ZI,42,6.6599
8HO0_3ZI,43,6.7551
8HO0_3ZI,44,6.6090
8HO0_3ZI,45,7.2646
8HO0_3ZI,46,6.9002
8HO0_3ZI,47,6.9351
8HO0_3ZI,48,7.2578
8HO0_3ZI,49,6.9640
8HO0_3ZI,5,6.5701
8HO0_3ZI,50,6.8268
8HO0_3ZI,51,6.8364
8HO0_3ZI,52,6.9785
8HO0_3ZI,53,6.7814
8HO0_3ZI,54,6.6509
8HO0_3ZI,55,6.5498
8HO0_3ZI,56,6.9246
8HO0_3ZI,57,6.7900
8HO0_3ZI,58,7.3569
8HO0_3ZI,59,6.9815
8HO0_3ZI,6,6.9313
8HO0_3ZI,60,7.0200
8HO0_3ZI,61,6.8325
8HO0_3ZI,62,7.0253
8HO0_3ZI,63,7.2638
8HO0_3ZI,64,6.9005
8HO0_3ZI,65,6.9454
8HO0_3ZI,66,6.5535
8HO0_3ZI,67,6.9830
8HO0_3ZI,68,6.9514
8HO0_3ZI,69,6.8021
8HO0_3ZI,7,6.8316
8HO0_3ZI,70,6.6576
8HO0_3ZI,71,6.8234
8HO0_3ZI,72,7.1311
8HO0_3ZI,73,7.2640
8HO0_3ZI,74,6.9939
8HO0_3ZI,75,6.5912
8HO0_3ZI,76,6.7349
8HO0_3ZI,77,6.3336
8HO0_3ZI,78,6.5670
8HO0_3ZI,79,6.9478
8HO0_3ZI,8,6.7691
8HO0_3ZI,80,6.5108
8HO0_3ZI,81,6.9269
8HO0_3ZI,82,7.0907
8HO0_3ZI,83,7.1828
8HO0_3ZI,84,7.2673
8HO0_3ZI,85,7.1389
8HO0_3ZI,86,7.1857
8HO0_3ZI,87,6.9275
8HO0_3ZI,88,6.6606
8HO0_3ZI,89,7.0776
8HO0_3ZI,9,6.6987
8HO0_3ZI,90,7.0092
8HO0_3ZI,91,6.7288
8HO0_3ZI,92,7.1839
8HO0_3ZI,93,6.8871
8HO0_3ZI,94,6.7867
8HO0_3ZI,95,7.0703
8HO0_3ZI,96,6.9002
8HO0_3ZI,97,6.6813
8HO0_3ZI,98,6.7412
8HO0_3ZI,99,6.3565
8SLG_G5A,0,1.1277
8SLG_G5A,1,1.7334
8SLG_G5A,10,1.7513
8SLG_G5A,100,1.1110
8SLG_G5A,101,1.0811
8SLG_G5A,102,2.1815
8SLG_G5A,103,1.7898
8SLG_G5A,104,0.7638
8SLG_G5A,105,0.8625
8SLG_G5A,106,0.8352
8SLG_G5A,107,1.8248
8SLG_G5A,108,0.8430
8SLG_G5A,109,1.1876
8SLG_G5A,11,0.9219
8SLG_G5A,110,1.3328
8SLG_G5A,111,1.8841
8SLG_G5A,112,1.8360
8SLG_G5A,113,1.6794
8SLG_G5A,114,1.4430
8SLG_G5A,115,1.8146
8SLG_G5A,116,0.9684
8SLG_G5A,117,1.9099
8SLG_G5A,118,1.2705
8SLG_G5A,119,1.3873
8SLG_G5A,12,0.7017
8SLG_G5A,120,1.8643
8SLG_G5A,121,1.0419
8SLG_G5A,122,1.0551
8SLG_G5A,123,0.7374
8SLG_G5A,124,1.2323
8SLG_G5A,125,2.3977
8SLG_G5A,126,1.1948
8SLG_G5A,127,1.1888
8SLG_G5A,128,1.2308
8SLG_G5A,129,1.1956
8SLG_G5A,13,1.1972
8SLG_G5A,130,1.5306
8SLG_G5A,131,1.7181
8SLG_G5A,132,1.1857
8SLG_G5A,133,1.1741
8SLG_G5A,134,0.8495
8SLG_G5A,135,0.8547
8SLG_G5A,136,1.0624
8SLG_G5A,137,1.6492
8SLG_G5A,138,1.0206
8SLG_G5A,139,0.9679
8SLG_G5A,14,1.2008
8SLG_G5A,15,1.0315
8SLG_G5A,16,1.1831
8SLG_G5A,17,1.2288
8SLG_G5A,18,1.4419
8SLG_G5A,19,1.1449
8SLG_G5A,2,1.1894
8SLG_G5A,20,0.9135
8SLG_G5A,21,2.1110
8SLG_G5A,22,2.4837
8SLG_G5A,23,1.4683
8SLG_G5A,24,1.2527
8SLG_G5A,25,2.5281
8SLG_G5A,26,1.2720
8SLG_G5A,27,0.8982
8SLG_G5A,28,1.0620
8SLG_G5A,29,1.4031
8SLG_G5A,3,0.7837
8SLG_G5A,30,1.9866
8SLG_G5A,31,2.0098
8SLG_G5A,32,1.1451
8SLG_G5A,33,0.7037
8SLG_G5A,34,1.0319
8SLG_G5A,35,1.1935
8SLG_G5A,36,0.6851
8SLG_G5A,37,1.9360
8SLG_G5A,38,1.0286
8SLG_G5A,39,1.3459
8SLG_G5A,4,1.1448
8SLG_G5A,40,1.7126
8SLG_G5A,41,1.6824
8SLG_G5A,42,0.9327
8SLG_G5A,43,1.7022
8SLG_G5A,44,1.0879
8SLG_G5A,45,0.9556
8SLG_G5A,46,1.7751
8SLG_G5A,47,2.1060
8SLG_G5A,48,1.0793
8SLG_G5A,49,1.2573
8SLG_G5A,5,2.1187
8SLG_G5A,50,1.0726
8SLG_G5A,51,1.0219
8SLG_G5A,52,0.5909
8SLG_G5A,53,1.0878
8SLG_G5A,54,0.9858
8SLG_G5A,55,1.0504
8SLG_G5A,56,0.8867
8SLG_G5A,57,1.0319
8SLG_G5A,58,1.0097
8SLG_G5A,59,1.3281
8SLG_G5A,6,1.3487
8SLG_G5A,60,1.2655
8SLG_G5A,61,2.0272
8SLG_G5A,62,0.6145
8SLG_G5A,63,1.8740
8SLG_G5A,64,0.5260
8SLG_G5A,65,0.5951
8SLG_G5A,66,1.0075
8SLG_G5A,67,1.8930
8SLG_G5A,68,0.9070
8SLG_G5A,69,1.0315
8SLG_G5A,7,1.0645
8SLG_G5A,70,0.9625
8SLG_G5A,71,1.9229
8SLG_G5A,72,1.0582
8SLG_G5A,73,1.9353
8SLG_G5A,74,1.6123
8SLG_G5A,75,0.8945
8SLG_G5A,76,1.2260
8SLG_G5A,77,1.0859
8SLG_G5A,78,1.0377
8SLG_G5A,79,2.1270
8SLG_G5A,8,1.2413
8SLG_G5A,80,1.1090
8SLG_G5A,81,1.2134
8SLG_G5A,82,1.3914
8SLG_G5A,83,1.3088
8SLG_G5A,84,0.9022
8SLG_G5A,85,1.0578
8SLG_G5A,86,1.2915
8SLG_G5A,87,1.8036
8SLG_G5A,88,1.7714
8SLG_G5A,89,1.7145
8SLG_G5A,9,2.1308
8SLG_G5A,90,0.8886
8SLG_G5A,91,0.8941
8SLG_G5A,92,2.0633
8SLG_G5A,93,1.1416
8SLG_G5A,94,2.3444
8SLG_G5A,95,0.8474
8SLG_G5A,96,1.0526
8SLG_G5A,97,0.9105
8SLG_G5A,98,1.7712
8SLG_G5A,99,1.8066
