complex,seed,rmsd
5SAK_ZRY,0,0.2365
5SAK_ZRY,1,0.3735
5SAK_ZRY,10,0.4540
5SAK_ZRY,11,0.5377
5SAK_ZRY,12,0.4554
5SAK_ZRY,13,2.5417
5SAK_ZRY,14,0.4296
5SAK_ZRY,15,3.1424
5SAK_ZRY,16,6.4779
5SAK_ZRY,17,0.2266
5SAK_ZRY,18,6.6101
5SAK_ZRY,19,0.5638
5SAK_ZRY,2,0.9671
5SAK_ZRY,20,0.5090
5SAK_ZRY,21,2.6195
5SAK_ZRY,22,0.2589
5SAK_ZRY,23,0.3530
5SAK_ZRY,24,0.2746
5SAK_ZRY,25,0.4546
5SAK_ZRY,26,0.6784
5SAK_ZRY,27,0.6955
5SAK_ZRY,28,0.4093
5SAK_ZRY,29,7.0764
5SAK_ZRY,3,0.3641
5SAK_ZRY,30,0.4736
5SAK_ZRY,31,1.2880
5SAK_ZRY,32,0.6596
5SAK_ZRY,33,6.3521
5SAK_ZRY,34,0.6567
5SAK_ZRY,35,0.4203
5SAK_ZRY,36,0.5247
5SAK_ZRY,37,0.8534
5SAK_ZRY,38,0.3824
5SAK_ZRY,39,0.4146
5SAK_ZRY,4,0.7016
5SAK_ZRY,5,0.5520
5SAK_ZRY,6,0.9058
5SAK_ZRY,7,0.5971
5SAK_ZRY,8,0.3169
5SAK_ZRY,9,0.5146
5SB2_1K2,0,0.5753
5SB2_1K2,1,0.3600
5SB2_1K2,10,0.5706
5SB2_1K2,11,0.9202
5SB2_1K2,12,1.4344
5SB2_1K2,13,0.7832
5SB2_1K2,14,0.8208
5SB2_1K2,15,1.5221
5SB2_1K2,16,1.3806
5SB2_1K2,17,1.4469
5SB2_1K2,18,0.5662
5SB2_1K2,19,1.3621
5SB2_1K2,2,0.8224
5SB2_1K2,20,1.2401
5SB2_1K2,21,2.1426
5SB2_1K2,22,4.2122
5SB2_1K2,23,0.5347
5SB2_1K2,24,0.8003
5SB2_1K2,25,0.9306
5SB2_1K2,26,1.8940
5SB2_1K2,27,1.6487
5SB2_1K2,28,1.0553
5SB2_1K2,29,0.3817
5SB2_1K2,3,1.2825
5SB2_1K2,30,0.7011
5SB2_1K2,31,0.4433
5SB2_1K2,32,1.6093
5SB2_1K2,33,0.9036
5SB2_1K2,34,0.7553
5SB2_1K2,35,0.8760
5SB2_1K2,36,1.4435
5SB2_1K2,37,1.8058
5SB2_1K2,38,0.6906
5SB2_1K2,39,0.4017
5SB2_1K2,4,0.8553
5SB2_1K2,5,1.6478
5SB2_1K2,6,0.3628
5SB2_1K2,7,0.9741
5SB2_1K2,8,0.4837
5SB2_1K2,9,0.5247
5SD5_HWI,0,5.0954
5SD5_HWI,1,3.0507
5SD5_HWI,10,3.0079
5SD5_HWI,11,4.8172
5SD5_HWI,12,3.2593
5SD5_HWI,13,2.8235
5SD5_HWI,14,3.2293
5SD5_HWI,15,3.7859
5SD5_HWI,16,2.7572
5SD5_HWI,17,4.8998
5SD5_HWI,18,2.9595
5SD5_HWI,19,4.3731
5SD5_HWI,2,4.9530
5SD5_HWI,20,2.9822
5SD5_HWI,21,3.0627
5SD5_HWI,22,4.3700
5SD5_HWI,23,1.6245
5SD5_HWI,24,2.9905
5SD5_HWI,25,2.4571
5SD5_HWI,26,3.7833
5SD5_HWI,27,3.8920
5SD5_HWI,28,3.8827
5SD5_HWI,29,1.3188
5SD5_HWI,3,4.6650
5SD5_HWI,30,3.1525
5SD5_HWI,31,2.9084
5SD5_HWI,32,2.9037
5SD5_HWI,33,4.4343
5SD5_HWI,34,2.9952
5SD5_HWI,35,5.2104
5SD5_HWI,36,2.2433
5SD5_HWI,37,5.0663
5SD5_HWI,38,2.5664
5SD5_HWI,39,4.8514
5SD5_HWI,4,2.1658
5SD5_HWI,4,3.6195
5SD5_HWI,5,4.2657
5SD5_HWI,6,3.1583
5SD5_HWI,7,5.5752
5SD5_HWI,8,2.7177
5SD5_HWI,9,3.1821
5SIS_JSM,0,1.0816
5SIS_JSM,1,2.1017
5SIS_JSM,10,2.1009
5SIS_JSM,11,3.8383
5SIS_JSM,12,2.3229
5SIS_JSM,13,1.7725
5SIS_JSM,14,1.2573
5SIS_JSM,15,1.4931
5SIS_JSM,16,2.2306
5SIS_JSM,17,0.9346
5SIS_JSM,18,3.2674
5SIS_JSM,19,2.7619
5SIS_JSM,2,1.4453
5SIS_JSM,20,2.7434
5SIS_JSM,21,2.4779
5SIS_JSM,22,1.4231
5SIS_JSM,23,0.9041
5SIS_JSM,24,1.0439
5SIS_JSM,25,1.4002
5SIS_JSM,26,1.4169
5SIS_JSM,27,1.7124
5SIS_JSM,28,1.1498
5SIS_JSM,29,1.1132
5SIS_JSM,3,1.7049
5SIS_JSM,30,1.9500
5SIS_JSM,31,2.2022
5SIS_JSM,32,3.2498
5SIS_JSM,32,1.4753
5SIS_JSM,33,1.3548
5SIS_JSM,34,1.5037
5SIS_JSM,35,1.9138
5SIS_JSM,36,2.8668
5SIS_JSM,37,1.5768
5SIS_JSM,38,1.8620
5SIS_JSM,39,1.5049
5SIS_JSM,4,1.7384
5SIS_JSM,5,3.3960
5SIS_JSM,6,1.7195
5SIS_JSM,7,2.5743
5SIS_JSM,8,1.5987
5SIS_JSM,9,1.3770
6M2B_EZO,0,2.8547
6M2B_EZO,1,2.3232
6M2B_EZO,10,0.8543
6M2B_EZO,11,3.0061
6M2B_EZO,12,3.2886
6M2B_EZO,13,1.7576
6M2B_EZO,14,1.5522
6M2B_EZO,15,1.5392
6M2B_EZO,16,2.2005
6M2B_EZO,17,2.1999
6M2B_EZO,18,1.7352
6M2B_EZO,19,1.3025
6M2B_EZO,2,1.8261
6M2B_EZO,20,2.8429
6M2B_EZO,21,3.1467
6M2B_EZO,22,2.4146
6M2B_EZO,23,2.6216
6M2B_EZO,24,2.4601
6M2B_EZO,25,2.7343
6M2B_EZO,26,1.8891
6M2B_EZO,27,1.7493
6M2B_EZO,28,1.2236
6M2B_EZO,29,2.1161
6M2B_EZO,3,1.7551
6M2B_EZO,30,3.3453
6M2B_EZO,31,1.7996
6M2B_EZO,31,3.0535
6M2B_EZO,32,2.9113
6M2B_EZO,33,2.9249
6M2B_EZO,34,2.8247
6M2B_EZO,35,1.5003
6M2B_EZO,36,2.8702
6M2B_EZO,37,0.6163
6M2B_EZO,38,2.0042
6M2B_EZO,39,1.2373
6M2B_EZO,4,2.9246
6M2B_EZO,5,1.6495
6M2B_EZO,6,2.3089
6M2B_EZO,7,2.4323
6M2B_EZO,8,3.0429
6M2B_EZO,9,1.8761
6M73_FNR,0,3.9542
6M73_FNR,1,0.9869
6M73_FNR,10,1.5449
6M73_FNR,11,1.1694
6M73_FNR,12,4.6546
6M73_FNR,13,1.1270
6M73_FNR,14,1.5352
6M73_FNR,15,1.3886
6M73_FNR,16,1.2997
6M73_FNR,17,1.3511
6M73_FNR,18,4.7233
6M73_FNR,19,4.8437
6M73_FNR,2,4.3932
6M73_FNR,20,1.2242
6M73_FNR,21,4.6531
6M73_FNR,22,4.6345
6M73_FNR,23,4.6392
6M73_FNR,24,1.3550
6M73_FNR,25,1.3573
6M73_FNR,26,4.6582
6M73_FNR,27,1.0135
6M73_FNR,28,1.1115
6M73_FNR,29,1.0507
6M73_FNR,3,4.9864
6M73_FNR,30,4.7376
6M73_FNR,31,1.1557
6M73_FNR,32,1.4453
6M73_FNR,33,4.7376
6M73_FNR,34,4.6131
6M73_FNR,35,0.9550
6M73_FNR,36,4.7342
6M73_FNR,37,2.7759
6M73_FNR,38,4.6744
6M73_FNR,39,4.6785
6M73_FNR,4,1.3387
6M73_FNR,5,1.2091
6M73_FNR,6,0.7787
6M73_FNR,7,1.3188
6M73_FNR,8,1.1190
6M73_FNR,9,4.7520
6T88_MWQ,0,1.8143
6T88_MWQ,1,1.5866
6T88_MWQ,10,1.3698
6T88_MWQ,11,0.4796
6T88_MWQ,12,1.3024
6T88_MWQ,13,1.8204
6T88_MWQ,14,1.6783
6T88_MWQ,15,1.5282
6T88_MWQ,16,1.6733
6T88_MWQ,17,1.2516
6T88_MWQ,18,1.5809
6T88_MWQ,19,1.4920
6T88_MWQ,2,1.2522
6T88_MWQ,20,1.2270
6T88_MWQ,21,0.7852
6T88_MWQ,22,1.5895
6T88_MWQ,23,1.3326
6T88_MWQ,24,1.5498
6T88_MWQ,25,1.9091
6T88_MWQ,26,1.4254
6T88_MWQ,27,1.3418
6T88_MWQ,28,1.0694
6T88_MWQ,29,2.0771
6T88_MWQ,3,4.8617
6T88_MWQ,30,1.0405
6T88_MWQ,31,2.1056
6T88_MWQ,32,1.2088
6T88_MWQ,33,1.2225
6T88_MWQ,34,1.0169
6T88_MWQ,35,0.6611
6T88_MWQ,36,1.1302
6T88_MWQ,37,1.2658
6T88_MWQ,38,0.9929
6T88_MWQ,39,1.6978
6T88_MWQ,4,1.3362
6T88_MWQ,5,1.2721
6T88_MWQ,6,1.2061
6T88_MWQ,7,1.6289
6T88_MWQ,8,1.3350
6T88_MWQ,9,1.6612
6TW5_9M2,0,4.4857
6TW5_9M2,1,6.3117
6TW5_9M2,10,7.2637
6TW5_9M2,11,7.1961
6TW5_9M2,12,6.8144
6TW5_9M2,13,7.0732
6TW5_9M2,14,6.9337
6TW5_9M2,15,4.4306
6TW5_9M2,16,6.8132
6TW5_9M2,17,3.0458
6TW5_9M2,18,6.5497
6TW5_9M2,19,7.3790
6TW5_9M2,2,6.7995
6TW5_9M2,20,2.1621
6TW5_9M2,21,7.9282
6TW5_9M2,22,7.2180
6TW5_9M2,23,7.2052
6TW5_9M2,24,2.5046
6TW5_9M2,25,4.2847
6TW5_9M2,26,7.3858
6TW5_9M2,27,6.9412
6TW5_9M2,28,7.0057
6TW5_9M2,29,3.2096
6TW5_9M2,3,7.6079
6TW5_9M2,30,7.1356
6TW5_9M2,31,7.1295
6TW5_9M2,32,6.7903
6TW5_9M2,33,7.2153
6TW5_9M2,34,6.4900
6TW5_9M2,35,7.3078
6TW5_9M2,36,3.2560
6TW5_9M2,37,5.1958
6TW5_9M2,38,7.0042
6TW5_9M2,39,7.2789
6TW5_9M2,4,6.4686
6TW5_9M2,5,6.8518
6TW5_9M2,6,1.7452
6TW5_9M2,7,7.0704
6TW5_9M2,8,8.0532
6TW5_9M2,9,6.9100
6TW7_NZB,0,3.2588
6TW7_NZB,1,1.5139
6TW7_NZB,10,2.9200
6TW7_NZB,11,1.8140
6TW7_NZB,12,2.8844
6TW7_NZB,13,1.5596
6TW7_NZB,14,1.4251
6TW7_NZB,15,1.5640
6TW7_NZB,16,2.8347
6TW7_NZB,17,5.4522
6TW7_NZB,18,4.2152
6TW7_NZB,19,1.7284
6TW7_NZB,2,3.9767
6TW7_NZB,20,0.8551
6TW7_NZB,21,4.4468
6TW7_NZB,22,1.4091
6TW7_NZB,23,1.2293
6TW7_NZB,24,4.5048
6TW7_NZB,25,1.4573
6TW7_NZB,26,3.2160
6TW7_NZB,27,4.4502
6TW7_NZB,28,1.7018
6TW7_NZB,29,1.4811
6TW7_NZB,3,2.9397
6TW7_NZB,30,2.7825
6TW7_NZB,31,4.7531
6TW7_NZB,32,3.1768
6TW7_NZB,33,1.7220
6TW7_NZB,34,2.7428
6TW7_NZB,35,3.4307
6TW7_NZB,36,1.2989
6TW7_NZB,37,2.6819
6TW7_NZB,38,5.3107
6TW7_NZB,39,2.3442
6TW7_NZB,4,1.7150
6TW7_NZB,5,3.0455
6TW7_NZB,6,5.6155
6TW7_NZB,7,2.7424
6TW7_NZB,8,3.5745
6TW7_NZB,9,2.1826
6VTA_AKN,0,2.7049
6VTA_AKN,1,5.8866
6VTA_AKN,10,8.4772
6VTA_AKN,11,10.5235
6VTA_AKN,12,7.5062
6VTA_AKN,13,9.3611
6VTA_AKN,14,8.0925
6VTA_AKN,15,3.6408
6VTA_AKN,16,3.8818
6VTA_AKN,17,8.2944
6VTA_AKN,18,5.4134
6VTA_AKN,19,8.0548
6VTA_AKN,2,4.0000
6VTA_AKN,20,5.3989
6VTA_AKN,21,8.6112
6VTA_AKN,22,8.5480
6VTA_AKN,23,5.5548
6VTA_AKN,24,4.4345
6VTA_AKN,25,8.0168
6VTA_AKN,26,7.6570
6VTA_AKN,27,5.5045
6VTA_AKN,28,7.2354
6VTA_AKN,29,9.3209
6VTA_AKN,3,8.1099
6VTA_AKN,30,7.3721
6VTA_AKN,31,7.4771
6VTA_AKN,32,7.6610
6VTA_AKN,33,5.7921
6VTA_AKN,34,8.0949
6VTA_AKN,35,7.7082
6VTA_AKN,36,5.0165
6VTA_AKN,37,3.7355
6VTA_AKN,38,3.9694
6VTA_AKN,39,8.3778
6VTA_AKN,4,7.7793
6VTA_AKN,5,5.9918
6VTA_AKN,6,7.7630
6VTA_AKN,7,3.3370
6VTA_AKN,8,3.3754
6VTA_AKN,9,4.9619
6WTN_RXT,0,0.5534
6WTN_RXT,1,0.5537
6WTN_RXT,10,2.3984
6WTN_RXT,11,1.3714
6WTN_RXT,12,2.7331
6WTN_RXT,13,1.0495
6WTN_RXT,14,2.9486
6WTN_RXT,15,1.2262
6WTN_RXT,16,0.9124
6WTN_RXT,17,2.8353
6WTN_RXT,18,3.4176
6WTN_RXT,19,3.2965
6WTN_RXT,2,2.6507
6WTN_RXT,20,2.0097
6WTN_RXT,21,3.0552
6WTN_RXT,22,1.0839
6WTN_RXT,23,2.6841
6WTN_RXT,24,1.3715
6WTN_RXT,25,3.0476
6WTN_RXT,26,2.9195
6WTN_RXT,27,0.5944
6WTN_RXT,28,2.8418
6WTN_RXT,29,2.8915
6WTN_RXT,3,1.2110
6WTN_RXT,30,2.7410
6WTN_RXT,31,3.0161
6WTN_RXT,32,2.4920
6WTN_RXT,33,2.8609
6WTN_RXT,34,1.0585
6WTN_RXT,35,0.6202
6WTN_RXT,36,1.9955
6WTN_RXT,37,3.0142
6WTN_RXT,38,0.6514
6WTN_RXT,39,0.7080
6WTN_RXT,4,0.9683
6WTN_RXT,5,2.1229
6WTN_RXT,6,0.8086
6WTN_RXT,7,2.9651
6WTN_RXT,8,2.9805
6WTN_RXT,9,2.7394
6XBO_5MC,0,1.0799
6XBO_5MC,1,2.2656
6XBO_5MC,10,0.7934
6XBO_5MC,11,2.1197
6XBO_5MC,12,0.8659
6XBO_5MC,13,2.4333
6XBO_5MC,14,1.1976
6XBO_5MC,15,1.5477
6XBO_5MC,16,1.2886
6XBO_5MC,17,1.1822
6XBO_5MC,18,1.3111
6XBO_5MC,19,1.5584
6XBO_5MC,2,0.9288
6XBO_5MC,20,2.4597
6XBO_5MC,21,1.8714
6XBO_5MC,22,1.0808
6XBO_5MC,23,1.5336
6XBO_5MC,24,1.0680
6XBO_5MC,25,1.5061
6XBO_5MC,26,1.1397
6XBO_5MC,27,2.1545
6XBO_5MC,28,1.3643
6XBO_5MC,29,2.0956
6XBO_5MC,3,1.0672
6XBO_5MC,30,2.0008
6XBO_5MC,31,1.1035
6XBO_5MC,32,1.7986
6XBO_5MC,33,4.3070
6XBO_5MC,34,0.7219
6XBO_5MC,35,0.9814
6XBO_5MC,36,1.8988
6XBO_5MC,37,1.9453
6XBO_5MC,38,1.0324
6XBO_5MC,39,2.1608
6XBO_5MC,4,2.0743
6XBO_5MC,5,2.0048
6XBO_5MC,6,2.0288
6XBO_5MC,7,1.2533
6XBO_5MC,8,1.4943
6XBO_5MC,9,2.2617
6XCT_478,0,8.3437
6XCT_478,1,1.0679
6XCT_478,10,3.4454
6XCT_478,11,4.7465
6XCT_478,12,4.9568
6XCT_478,13,5.2977
6XCT_478,14,4.8419
6XCT_478,15,4.6153
6XCT_478,16,1.2358
6XCT_478,17,4.8867
6XCT_478,18,8.2841
6XCT_478,19,4.7120
6XCT_478,2,4.6630
6XCT_478,20,2.0094
6XCT_478,21,4.6425
6XCT_478,22,1.3280
6XCT_478,23,4.7329
6XCT_478,24,4.9645
6XCT_478,25,0.7520
6XCT_478,26,4.4330
6XCT_478,27,4.6964
6XCT_478,28,4.1255
6XCT_478,29,1.2717
6XCT_478,3,4.6475
6XCT_478,30,4.9420
6XCT_478,31,4.5741
6XCT_478,32,4.9954
6XCT_478,33,1.8947
6XCT_478,34,4.8797
6XCT_478,35,4.4790
6XCT_478,36,9.0262
6XCT_478,37,1.2224
6XCT_478,38,8.6990
6XCT_478,39,1.2379
6XCT_478,4,4.6247
6XCT_478,5,6.1495
6XCT_478,6,4.8754
6XCT_478,7,1.8637
6XCT_478,8,8.7461
6XCT_478,9,4.6111
6XG5_TOP,0,1.4479
6XG5_TOP,1,1.8772
6XG5_TOP,10,2.1973
6XG5_TOP,11,1.6796
6XG5_TOP,12,0.6536
6XG5_TOP,13,0.5074
6XG5_TOP,14,0.7250
6XG5_TOP,15,2.4780
6XG5_TOP,16,1.0738
6XG5_TOP,17,2.1405
6XG5_TOP,18,2.2674
6XG5_TOP,19,2.8628
6XG5_TOP,2,0.6427
6XG5_TOP,20,2.3521
6XG5_TOP,21,2.2114
6XG5_TOP,22,1.9900
6XG5_TOP,23,2.4173
6XG5_TOP,24,0.5628
6XG5_TOP,25,1.0476
6XG5_TOP,26,1.0311
6XG5_TOP,27,1.8815
6XG5_TOP,28,2.2706
6XG5_TOP,29,1.8310
6XG5_TOP,3,1.7205
6XG5_TOP,30,0.9237
6XG5_TOP,31,1.0277
6XG5_TOP,32,1.4085
6XG5_TOP,33,1.7298
6XG5_TOP,34,1.6252
6XG5_TOP,35,0.8850
6XG5_TOP,36,2.4239
6XG5_TOP,37,0.8639
6XG5_TOP,38,1.1573
6XG5_TOP,39,1.4744
6XG5_TOP,4,0.7082
6XG5_TOP,5,1.1093
6XG5_TOP,6,1.5430
6XG5_TOP,7,2.3706
6XG5_TOP,8,0.6400
6XG5_TOP,9,1.3936
6XHT_V2V,0,8.6058
6XHT_V2V,1,1.3011
6XHT_V2V,10,1.9634
6XHT_V2V,11,8.6139
6XHT_V2V,12,8.5302
6XHT_V2V,13,1.4015
6XHT_V2V,14,2.2846
6XHT_V2V,15,1.8734
6XHT_V2V,16,1.7326
6XHT_V2V,17,2.0519
6XHT_V2V,18,8.8214
6XHT_V2V,19,2.5623
6XHT_V2V,2,1.6543
6XHT_V2V,20,1.6861
6XHT_V2V,21,1.6673
6XHT_V2V,22,8.6935
6XHT_V2V,23,8.5126
6XHT_V2V,24,2.1885
6XHT_V2V,25,1.1863
6XHT_V2V,26,2.6274
6XHT_V2V,27,1.4841
6XHT_V2V,28,1.4327
6XHT_V2V,29,1.5245
6XHT_V2V,3,1.2461
6XHT_V2V,30,8.9407
6XHT_V2V,31,1.2842
6XHT_V2V,32,8.4933
6XHT_V2V,33,1.4198
6XHT_V2V,34,2.4538
6XHT_V2V,35,2.0120
6XHT_V2V,36,8.7537
6XHT_V2V,37,1.4747
6XHT_V2V,38,2.1284
6XHT_V2V,39,1.5457
6XHT_V2V,4,1.2455
6XHT_V2V,5,1.8963
6XHT_V2V,6,1.7112
6XHT_V2V,7,1.9817
6XHT_V2V,8,1.9129
6XHT_V2V,9,9.0930
6XM9_V55,0,4.1396
6XM9_V55,1,4.1863
6XM9_V55,10,2.7387
6XM9_V55,11,4.0612
6XM9_V55,12,1.1191
6XM9_V55,13,0.9658
6XM9_V55,14,1.3355
6XM9_V55,15,3.7844
6XM9_V55,16,2.7722
6XM9_V55,17,4.5877
6XM9_V55,18,3.8288
6XM9_V55,19,3.6499
6XM9_V55,2,3.7025
6XM9_V55,20,2.7622
6XM9_V55,21,1.4748
6XM9_V55,22,4.4901
6XM9_V55,23,1.1834
6XM9_V55,24,1.2404
6XM9_V55,25,3.6261
6XM9_V55,26,1.1075
6XM9_V55,27,2.8036
6XM9_V55,28,4.1658
6XM9_V55,29,0.3010
6XM9_V55,3,2.1590
6XM9_V55,30,3.3149
6XM9_V55,31,0.7990
6XM9_V55,32,1.6785
6XM9_V55,33,0.7225
6XM9_V55,34,4.0282
6XM9_V55,35,4.2769
6XM9_V55,36,3.7573
6XM9_V55,37,2.7390
6XM9_V55,38,2.7777
6XM9_V55,39,0.9078
6XM9_V55,4,4.0367
6XM9_V55,5,3.7449
6XM9_V55,6,2.7958
6XM9_V55,7,2.6357
6XM9_V55,8,3.6922
6XM9_V55,9,1.2242
6YJA_2BA,0,5.1042
6YJA_2BA,1,2.1661
6YJA_2BA,10,4.8471
6YJA_2BA,11,2.4820
6YJA_2BA,12,2.2688
6YJA_2BA,13,5.0631
6YJA_2BA,14,2.6544
6YJA_2BA,15,5.4003
6YJA_2BA,16,3.6883
6YJA_2BA,17,2.9040
6YJA_2BA,18,2.5424
6YJA_2BA,19,6.6307
6YJA_2BA,2,3.3102
6YJA_2BA,20,3.0935
6YJA_2BA,21,3.7431
6YJA_2BA,22,3.7698
6YJA_2BA,23,3.3470
6YJA_2BA,24,4.8515
6YJA_2BA,25,3.3002
6YJA_2BA,26,6.1254
6YJA_2BA,27,6.6658
6YJA_2BA,28,5.4980
6YJA_2BA,29,3.7705
6YJA_2BA,3,4.0785
6YJA_2BA,30,2.4208
6YJA_2BA,31,3.5507
6YJA_2BA,32,3.9171
6YJA_2BA,33,4.5668
6YJA_2BA,34,2.7960
6YJA_2BA,35,2.1146
6YJA_2BA,36,2.4700
6YJA_2BA,37,4.8618
6YJA_2BA,38,3.8400
6YJA_2BA,39,4.3559
6YJA_2BA,4,5.7175
6YJA_2BA,5,4.3860
6YJA_2BA,6,2.6821
6YJA_2BA,7,4.1640
6YJA_2BA,7,3.7970
6YJA_2BA,8,3.5104
6YJA_2BA,9,5.5426
6YMS_OZH,0,6.5945
6YMS_OZH,1,9.0179
6YMS_OZH,10,7.4328
6YMS_OZH,11,9.0877
6YMS_OZH,12,7.6181
6YMS_OZH,13,6.8637
6YMS_OZH,14,8.2593
6YMS_OZH,15,5.6651
6YMS_OZH,16,8.7648
6YMS_OZH,17,6.8949
6YMS_OZH,18,8.4153
6YMS_OZH,19,7.3025
6YMS_OZH,2,6.9226
6YMS_OZH,20,2.3963
6YMS_OZH,21,6.4999
6YMS_OZH,22,7.5653
6YMS_OZH,23,7.3119
6YMS_OZH,24,7.2799
6YMS_OZH,25,8.0812
6YMS_OZH,26,5.9271
6YMS_OZH,27,8.2201
6YMS_OZH,28,7.2614
6YMS_OZH,29,8.6874
6YMS_OZH,3,9.0617
6YMS_OZH,30,8.5429
6YMS_OZH,31,7.4077
6YMS_OZH,32,7.7351
6YMS_OZH,33,7.8792
6YMS_OZH,34,7.5592
6YMS_OZH,35,7.5547
6YMS_OZH,36,5.6385
6YMS_OZH,37,8.1113
6YMS_OZH,38,8.9254
6YMS_OZH,39,8.5306
6YMS_OZH,4,7.0140
6YMS_OZH,5,6.1999
6YMS_OZH,6,6.7877
6YMS_OZH,7,7.1722
6YMS_OZH,8,7.5462
6YMS_OZH,9,6.6380
6YQV_8K2,0,1.1205
6YQV_8K2,1,2.0495
6YQV_8K2,10,1.7638
6YQV_8K2,11,1.1384
6YQV_8K2,12,1.9173
6YQV_8K2,13,0.8346
6YQV_8K2,14,1.7364
6YQV_8K2,15,1.9451
6YQV_8K2,16,0.8805
6YQV_8K2,17,1.3622
6YQV_8K2,18,1.8377
6YQV_8K2,19,1.5497
6YQV_8K2,2,1.9267
6YQV_8K2,20,0.9125
6YQV_8K2,21,1.6146
6YQV_8K2,22,0.9250
6YQV_8K2,23,1.9461
6YQV_8K2,24,1.9807
6YQV_8K2,25,1.8521
6YQV_8K2,26,1.0421
6YQV_8K2,27,1.5213
6YQV_8K2,28,1.8817
6YQV_8K2,29,1.9579
6YQV_8K2,3,1.1961
6YQV_8K2,30,1.5478
6YQV_8K2,31,1.6128
6YQV_8K2,32,1.6763
6YQV_8K2,33,1.6061
6YQV_8K2,34,1.0256
6YQV_8K2,35,0.4045
6YQV_8K2,36,2.0373
6YQV_8K2,37,2.0051
6YQV_8K2,38,0.5091
6YQV_8K2,39,1.7380
6YQV_8K2,4,1.8743
6YQV_8K2,5,1.8920
6YQV_8K2,6,1.8453
6YQV_8K2,7,2.0301
6YQV_8K2,8,0.4387
6YQV_8K2,9,0.5391
6YQW_82I,0,0.9886
6YQW_82I,1,0.4012
6YQW_82I,10,0.2073
6YQW_82I,11,0.3078
6YQW_82I,12,0.5338
6YQW_82I,13,2.6543
6YQW_82I,14,2.6431
6YQW_82I,15,0.4299
6YQW_82I,16,0.4968
6YQW_82I,17,1.9773
6YQW_82I,18,2.7915
6YQW_82I,19,0.9606
6YQW_82I,2,0.4013
6YQW_82I,20,3.4736
6YQW_82I,21,3.4926
6YQW_82I,22,3.4626
6YQW_82I,23,1.5019
6YQW_82I,24,2.6425
6YQW_82I,25,2.7866
6YQW_82I,26,1.9707
6YQW_82I,27,2.6968
6YQW_82I,28,3.5837
6YQW_82I,29,2.8770
6YQW_82I,3,2.7290
6YQW_82I,30,0.3571
6YQW_82I,31,0.3483
6YQW_82I,32,1.9655
6YQW_82I,33,3.5788
6YQW_82I,34,2.8248
6YQW_82I,35,2.1003
6YQW_82I,36,0.4063
6YQW_82I,37,0.4356
6YQW_82I,38,2.7915
6YQW_82I,39,2.2596
6YQW_82I,4,3.3769
6YQW_82I,5,3.5458
6YQW_82I,6,2.8048
6YQW_82I,7,2.7735
6YQW_82I,8,2.7752
6YQW_82I,9,0.8466
6YR2_T1C,0,4.2468
6YR2_T1C,1,3.0603
6YR2_T1C,10,4.8228
6YR2_T1C,11,3.1792
6YR2_T1C,12,3.7087
6YR2_T1C,13,3.8294
6YR2_T1C,14,1.8521
6YR2_T1C,15,3.7255
6YR2_T1C,16,1.9706
6YR2_T1C,17,2.1918
6YR2_T1C,18,4.7993
6YR2_T1C,19,10.6410
6YR2_T1C,2,1.4703
6YR2_T1C,20,4.0461
6YR2_T1C,21,3.3720
6YR2_T1C,22,4.1666
6YR2_T1C,23,3.0771
6YR2_T1C,24,1.7825
6YR2_T1C,25,3.3439
6YR2_T1C,26,1.2912
6YR2_T1C,27,4.8323
6YR2_T1C,28,3.0119
6YR2_T1C,29,3.5763
6YR2_T1C,3,4.3096
6YR2_T1C,30,2.0931
6YR2_T1C,31,1.8428
6YR2_T1C,32,2.4218
6YR2_T1C,33,3.9740
6YR2_T1C,34,3.6350
6YR2_T1C,35,1.3348
6YR2_T1C,36,10.4503
6YR2_T1C,37,1.7385
6YR2_T1C,38,1.6928
6YR2_T1C,39,4.0376
6YR2_T1C,4,3.0596
6YR2_T1C,5,2.0216
6YR2_T1C,6,1.5214
6YR2_T1C,7,3.3584
6YR2_T1C,8,4.5105
6YR2_T1C,9,1.3858
6YRV_PJ8,0,2.0413
6YRV_PJ8,1,1.7608
6YRV_PJ8,10,1.3509
6YRV_PJ8,11,2.8845
6YRV_PJ8,12,2.3986
6YRV_PJ8,13,1.4354
6YRV_PJ8,14,1.1730
6YRV_PJ8,15,5.0825
6YRV_PJ8,16,2.8623
6YRV_PJ8,17,4.2889
6YRV_PJ8,18,1.3353
6YRV_PJ8,19,1.2113
6YRV_PJ8,2,1.4989
6YRV_PJ8,20,2.0574
6YRV_PJ8,21,1.3834
6YRV_PJ8,22,1.3580
6YRV_PJ8,23,1.2616
6YRV_PJ8,24,1.5188
6YRV_PJ8,25,1.9329
6YRV_PJ8,26,1.3322
6YRV_PJ8,27,1.7009
6YRV_PJ8,28,1.4592
6YRV_PJ8,29,1.6171
6YRV_PJ8,3,4.8216
6YRV_PJ8,30,1.6143
6YRV_PJ8,31,2.6676
6YRV_PJ8,32,1.3153
6YRV_PJ8,33,4.4652
6YRV_PJ8,34,2.1161
6YRV_PJ8,35,1.8546
6YRV_PJ8,36,3.4179
6YRV_PJ8,37,1.6783
6YRV_PJ8,38,2.0595
6YRV_PJ8,39,1.3099
6YRV_PJ8,4,2.2548
6YRV_PJ8,5,1.0973
6YRV_PJ8,6,1.6303
6YRV_PJ8,7,2.3789
6YRV_PJ8,8,1.3025
6YRV_PJ8,9,3.5447
6YSP_PAL,0,1.6785
6YSP_PAL,1,0.8702
6YSP_PAL,10,1.5737
6YSP_PAL,11,1.2630
6YSP_PAL,12,1.4688
6YSP_PAL,13,0.9884
6YSP_PAL,14,1.2133
6YSP_PAL,15,1.0646
6YSP_PAL,16,0.9008
6YSP_PAL,17,1.3178
6YSP_PAL,18,1.3479
6YSP_PAL,19,1.0782
6YSP_PAL,2,1.5367
6YSP_PAL,20,1.3919
6YSP_PAL,21,1.2542
6YSP_PAL,22,0.9459
6YSP_PAL,23,0.9725
6YSP_PAL,24,0.9152
6YSP_PAL,25,0.9833
6YSP_PAL,26,1.5677
6YSP_PAL,27,1.4128
6YSP_PAL,28,0.6700
6YSP_PAL,29,0.9981
6YSP_PAL,3,1.5083
6YSP_PAL,30,1.3860
6YSP_PAL,31,1.0656
6YSP_PAL,32,1.5765
6YSP_PAL,33,1.9694
6YSP_PAL,34,1.5094
6YSP_PAL,35,0.9983
6YSP_PAL,36,1.1358
6YSP_PAL,37,1.1199
6YSP_PAL,38,2.4085
6YSP_PAL,39,0.9126
6YSP_PAL,4,1.2822
6YSP_PAL,5,1.1583
6YSP_PAL,6,1.7254
6YSP_PAL,7,1.0006
6YSP_PAL,8,1.5221
6YSP_PAL,9,0.9645
6YT6_PKE,0,2.9354
6YT6_PKE,1,1.5004
6YT6_PKE,10,1.8123
6YT6_PKE,11,1.5929
6YT6_PKE,12,1.4045
6YT6_PKE,13,1.8568
6YT6_PKE,14,1.8279
6YT6_PKE,15,2.6866
6YT6_PKE,16,2.6401
6YT6_PKE,17,4.7865
6YT6_PKE,18,1.1719
6YT6_PKE,19,1.7941
6YT6_PKE,2,0.7870
6YT6_PKE,20,2.6832
6YT6_PKE,21,1.7156
6YT6_PKE,22,2.7661
6YT6_PKE,23,0.8478
6YT6_PKE,24,1.8927
6YT6_PKE,25,1.2460
6YT6_PKE,26,2.5195
6YT6_PKE,27,2.5941
6YT6_PKE,28,1.7257
6YT6_PKE,29,1.5546
6YT6_PKE,3,1.6994
6YT6_PKE,30,1.9252
6YT6_PKE,31,1.8937
6YT6_PKE,32,1.7675
6YT6_PKE,33,2.8892
6YT6_PKE,34,1.1356
6YT6_PKE,35,3.0289
6YT6_PKE,36,2.6070
6YT6_PKE,37,2.5595
6YT6_PKE,38,2.7612
6YT6_PKE,39,3.0471
6YT6_PKE,4,1.3263
6YT6_PKE,5,1.6174
6YT6_PKE,6,1.5115
6YT6_PKE,7,1.2095
6YT6_PKE,8,2.3125
6YT6_PKE,9,2.3619
6YYO_Q1K,0,7.1222
6YYO_Q1K,1,7.1189
6YYO_Q1K,10,1.2478
6YYO_Q1K,11,7.0453
6YYO_Q1K,12,1.8446
6YYO_Q1K,13,1.6597
6YYO_Q1K,14,1.7956
6YYO_Q1K,15,1.0733
6YYO_Q1K,16,1.1643
6YYO_Q1K,17,7.0608
6YYO_Q1K,18,7.1508
6YYO_Q1K,19,7.0954
6YYO_Q1K,2,1.3052
6YYO_Q1K,20,7.1058
6YYO_Q1K,21,1.2781
6YYO_Q1K,22,7.2449
6YYO_Q1K,23,6.8126
6YYO_Q1K,24,7.0446
6YYO_Q1K,25,7.0235
6YYO_Q1K,26,7.0467
6YYO_Q1K,27,7.2636
6YYO_Q1K,27,7.3369
6YYO_Q1K,28,7.2551
6YYO_Q1K,29,2.3129
6YYO_Q1K,3,1.1370
6YYO_Q1K,30,0.5759
6YYO_Q1K,31,1.2654
6YYO_Q1K,32,1.3881
6YYO_Q1K,33,1.3071
6YYO_Q1K,34,0.9548
6YYO_Q1K,35,6.9481
6YYO_Q1K,36,1.0367
6YYO_Q1K,37,7.1508
6YYO_Q1K,38,7.1489
6YYO_Q1K,39,1.6985
6YYO_Q1K,4,7.1311
6YYO_Q1K,5,0.6763
6YYO_Q1K,6,1.2285
6YYO_Q1K,7,0.9166
6YYO_Q1K,8,1.3491
6YYO_Q1K,9,1.0819
6Z0R_Q4H,0,2.4057
6Z0R_Q4H,1,3.1798
6Z0R_Q4H,10,3.1980
6Z0R_Q4H,11,0.6238
6Z0R_Q4H,12,0.6835
6Z0R_Q4H,13,0.4263
6Z0R_Q4H,14,1.1081
6Z0R_Q4H,15,0.5067
6Z0R_Q4H,16,1.8268
6Z0R_Q4H,17,3.3020
6Z0R_Q4H,18,2.7184
6Z0R_Q4H,19,3.0555
6Z0R_Q4H,2,0.8295
6Z0R_Q4H,20,2.4236
6Z0R_Q4H,21,2.3474
6Z0R_Q4H,22,1.0254
6Z0R_Q4H,23,0.7690
6Z0R_Q4H,24,2.9316
6Z0R_Q4H,25,2.3162
6Z0R_Q4H,26,0.9914
6Z0R_Q4H,27,1.8346
6Z0R_Q4H,28,2.5993
6Z0R_Q4H,29,1.3841
6Z0R_Q4H,3,3.1264
6Z0R_Q4H,30,1.2206
6Z0R_Q4H,31,0.4377
6Z0R_Q4H,32,2.4103
6Z0R_Q4H,33,2.9801
6Z0R_Q4H,34,3.2364
6Z0R_Q4H,35,0.5374
6Z0R_Q4H,36,0.3810
6Z0R_Q4H,37,2.9062
6Z0R_Q4H,38,0.5215
6Z0R_Q4H,39,2.7440
6Z0R_Q4H,4,3.2726
6Z0R_Q4H,5,1.8111
6Z0R_Q4H,6,1.4258
6Z0R_Q4H,7,0.6489
6Z0R_Q4H,8,1.7455
6Z0R_Q4H,9,2.5796
6Z14_Q4Z,0,1.3122
6Z14_Q4Z,1,1.2076
6Z14_Q4Z,10,1.5763
6Z14_Q4Z,11,1.3240
6Z14_Q4Z,12,1.4034
6Z14_Q4Z,13,2.3949
6Z14_Q4Z,14,1.3465
6Z14_Q4Z,15,1.2127
6Z14_Q4Z,16,1.4206
6Z14_Q4Z,17,0.9083
6Z14_Q4Z,18,1.4264
6Z14_Q4Z,19,2.7121
6Z14_Q4Z,2,1.7729
6Z14_Q4Z,20,1.5985
6Z14_Q4Z,21,1.0293
6Z14_Q4Z,22,1.2832
6Z14_Q4Z,23,1.1332
6Z14_Q4Z,24,1.3302
6Z14_Q4Z,25,1.3301
6Z14_Q4Z,26,2.7401
6Z14_Q4Z,27,1.8924
6Z14_Q4Z,28,1.5940
6Z14_Q4Z,29,1.3169
6Z14_Q4Z,3,1.1986
6Z14_Q4Z,30,2.7245
6Z14_Q4Z,31,1.5207
6Z14_Q4Z,32,1.6471
6Z14_Q4Z,33,1.7913
6Z14_Q4Z,34,1.5202
6Z14_Q4Z,35,1.3904
6Z14_Q4Z,36,1.4525
6Z14_Q4Z,37,1.7011
6Z14_Q4Z,38,1.5756
6Z14_Q4Z,39,0.6787
6Z14_Q4Z,4,1.3670
6Z14_Q4Z,5,1.2862
6Z14_Q4Z,6,1.7533
6Z14_Q4Z,7,2.3207
6Z14_Q4Z,8,1.3215
6Z14_Q4Z,9,1.2631
6Z1C_7EY,0,5.7786
6Z1C_7EY,1,1.4538
6Z1C_7EY,10,2.4840
6Z1C_7EY,11,4.7040
6Z1C_7EY,12,0.9976
6Z1C_7EY,13,0.8770
6Z1C_7EY,14,0.6667
6Z1C_7EY,15,0.9102
6Z1C_7EY,16,1.0176
6Z1C_7EY,17,0.6888
6Z1C_7EY,18,1.4727
6Z1C_7EY,19,1.1048
6Z1C_7EY,2,3.0036
6Z1C_7EY,20,1.2699
6Z1C_7EY,21,1.0702
6Z1C_7EY,22,0.9126
6Z1C_7EY,23,1.2585
6Z1C_7EY,24,0.6746
6Z1C_7EY,25,1.0114
6Z1C_7EY,26,0.8363
6Z1C_7EY,27,1.2808
6Z1C_7EY,28,5.2700
6Z1C_7EY,29,1.3143
6Z1C_7EY,3,2.5833
6Z1C_7EY,30,1.0192
6Z1C_7EY,31,4.8629
6Z1C_7EY,32,0.7620
6Z1C_7EY,33,1.3815
6Z1C_7EY,34,1.1767
6Z1C_7EY,35,1.0565
6Z1C_7EY,36,5.0490
6Z1C_7EY,37,2.9315
6Z1C_7EY,38,0.7827
6Z1C_7EY,39,0.8342
6Z1C_7EY,4,2.8546
6Z1C_7EY,5,5.2596
6Z1C_7EY,6,2.5209
6Z1C_7EY,7,1.1059
6Z1C_7EY,8,0.8189
6Z1C_7EY,9,0.7876
6Z2C_Q5E,0,2.3688
6Z2C_Q5E,1,1.9879
6Z2C_Q5E,10,1.4568
6Z2C_Q5E,11,1.0377
6Z2C_Q5E,12,1.9872
6Z2C_Q5E,13,1.3768
6Z2C_Q5E,14,1.3574
6Z2C_Q5E,15,2.0008
6Z2C_Q5E,16,3.0295
6Z2C_Q5E,17,3.4048
6Z2C_Q5E,18,2.3193
6Z2C_Q5E,19,2.1261
6Z2C_Q5E,2,1.1518
6Z2C_Q5E,20,3.2038
6Z2C_Q5E,21,1.4292
6Z2C_Q5E,22,1.3820
6Z2C_Q5E,23,2.8644
6Z2C_Q5E,24,3.2594
6Z2C_Q5E,25,1.4487
6Z2C_Q5E,26,2.6987
6Z2C_Q5E,27,4.7074
6Z2C_Q5E,28,2.7529
6Z2C_Q5E,29,3.1523
6Z2C_Q5E,3,3.9345
6Z2C_Q5E,30,1.8783
6Z2C_Q5E,31,2.4721
6Z2C_Q5E,32,2.5611
6Z2C_Q5E,33,3.0430
6Z2C_Q5E,34,2.7735
6Z2C_Q5E,35,2.6089
6Z2C_Q5E,36,1.1034
6Z2C_Q5E,37,3.1223
6Z2C_Q5E,38,2.4643
6Z2C_Q5E,39,2.6306
6Z2C_Q5E,4,3.3225
6Z2C_Q5E,5,2.5742
6Z2C_Q5E,6,1.1681
6Z2C_Q5E,7,2.9317
6Z2C_Q5E,8,3.2010
6Z2C_Q5E,9,2.4783
6Z4N_Q7B,0,4.2237
6Z4N_Q7B,1,6.0407
6Z4N_Q7B,10,4.3743
6Z4N_Q7B,11,4.3130
6Z4N_Q7B,12,4.7076
6Z4N_Q7B,13,3.7075
6Z4N_Q7B,14,4.6890
6Z4N_Q7B,15,1.3075
6Z4N_Q7B,16,1.1149
6Z4N_Q7B,17,4.6523
6Z4N_Q7B,18,4.9769
6Z4N_Q7B,19,4.5439
6Z4N_Q7B,2,4.6509
6Z4N_Q7B,20,4.4770
6Z4N_Q7B,21,4.1284
6Z4N_Q7B,22,2.1268
6Z4N_Q7B,23,4.7662
6Z4N_Q7B,24,4.0317
6Z4N_Q7B,25,4.1535
6Z4N_Q7B,26,4.3398
6Z4N_Q7B,27,4.6586
6Z4N_Q7B,28,3.9264
6Z4N_Q7B,29,4.4235
6Z4N_Q7B,3,4.4433
6Z4N_Q7B,30,3.9860
6Z4N_Q7B,31,4.4337
6Z4N_Q7B,32,4.7541
6Z4N_Q7B,33,4.7673
6Z4N_Q7B,34,4.5082
6Z4N_Q7B,35,4.7252
6Z4N_Q7B,36,4.9311
6Z4N_Q7B,37,4.4484
6Z4N_Q7B,38,3.9065
6Z4N_Q7B,39,1.7168
6Z4N_Q7B,4,4.3178
6Z4N_Q7B,5,4.5672
6Z4N_Q7B,6,4.9326
6Z4N_Q7B,7,4.1382
6Z4N_Q7B,8,5.0721
6Z4N_Q7B,9,4.5751
6ZAE_ACV,0,2.6087
6ZAE_ACV,1,2.9393
6ZAE_ACV,10,2.2802
6ZAE_ACV,11,2.5228
6ZAE_ACV,12,2.5242
6ZAE_ACV,13,8.5299
6ZAE_ACV,14,2.2932
6ZAE_ACV,15,8.7392
6ZAE_ACV,16,3.1838
6ZAE_ACV,17,9.0284
6ZAE_ACV,18,2.2363
6ZAE_ACV,19,8.7853
6ZAE_ACV,2,2.3493
6ZAE_ACV,20,8.1904
6ZAE_ACV,21,1.9100
6ZAE_ACV,22,2.2848
6ZAE_ACV,23,8.6252
6ZAE_ACV,24,2.7510
6ZAE_ACV,25,8.8123
6ZAE_ACV,26,8.7642
6ZAE_ACV,27,8.7680
6ZAE_ACV,28,8.9333
6ZAE_ACV,29,2.2853
6ZAE_ACV,3,3.0921
6ZAE_ACV,30,2.6770
6ZAE_ACV,31,8.4021
6ZAE_ACV,32,8.7908
6ZAE_ACV,33,9.0559
6ZAE_ACV,34,2.2536
6ZAE_ACV,35,8.1915
6ZAE_ACV,36,3.5481
6ZAE_ACV,37,2.5495
6ZAE_ACV,38,3.3857
6ZAE_ACV,39,2.8778
6ZAE_ACV,4,2.0610
6ZAE_ACV,5,8.6764
6ZAE_ACV,6,9.0777
6ZAE_ACV,7,8.7565
6ZAE_ACV,8,2.7834
6ZAE_ACV,9,2.2255
6ZC3_JOR,0,0.5737
6ZC3_JOR,1,4.3331
6ZC3_JOR,10,2.5959
6ZC3_JOR,11,3.8845
6ZC3_JOR,12,1.5936
6ZC3_JOR,13,3.8546
6ZC3_JOR,14,3.1140
6ZC3_JOR,15,3.7777
6ZC3_JOR,16,4.7127
6ZC3_JOR,17,1.1211
6ZC3_JOR,18,2.8995
6ZC3_JOR,19,4.3353
6ZC3_JOR,2,1.5877
6ZC3_JOR,20,2.3222
6ZC3_JOR,21,1.3625
6ZC3_JOR,22,1.5407
6ZC3_JOR,23,4.3152
6ZC3_JOR,24,3.5464
6ZC3_JOR,25,1.3468
6ZC3_JOR,26,1.3963
6ZC3_JOR,27,4.3785
6ZC3_JOR,28,2.3035
6ZC3_JOR,29,4.2992
6ZC3_JOR,3,1.6682
6ZC3_JOR,30,2.7981
6ZC3_JOR,31,4.3856
6ZC3_JOR,32,1.5668
6ZC3_JOR,33,2.9433
6ZC3_JOR,34,3.7973
6ZC3_JOR,35,3.7070
6ZC3_JOR,36,4.2276
6ZC3_JOR,37,1.5390
6ZC3_JOR,38,1.3939
6ZC3_JOR,39,1.5744
6ZC3_JOR,4,4.4668
6ZC3_JOR,5,1.9448
6ZC3_JOR,6,3.9364
6ZC3_JOR,7,1.1754
6ZC3_JOR,8,1.0280
6ZC3_JOR,9,2.8432
6ZCY_QF8,0,1.4444
6ZCY_QF8,1,0.8273
6ZCY_QF8,10,0.9593
6ZCY_QF8,11,0.6907
6ZCY_QF8,12,2.9500
6ZCY_QF8,13,2.1302
6ZCY_QF8,14,0.5951
6ZCY_QF8,15,0.7572
6ZCY_QF8,16,0.9785
6ZCY_QF8,17,2.9290
6ZCY_QF8,18,2.9446
6ZCY_QF8,19,2.9419
6ZCY_QF8,2,0.6843
6ZCY_QF8,20,2.5586
6ZCY_QF8,21,0.5638
6ZCY_QF8,22,7.6348
6ZCY_QF8,23,1.4075
6ZCY_QF8,24,0.4893
6ZCY_QF8,25,1.0701
6ZCY_QF8,26,7.2676
6ZCY_QF8,27,2.6876
6ZCY_QF8,28,1.9519
6ZCY_QF8,29,3.4174
6ZCY_QF8,3,1.2189
6ZCY_QF8,30,1.0738
6ZCY_QF8,31,0.9128
6ZCY_QF8,32,1.1266
6ZCY_QF8,33,0.6523
6ZCY_QF8,34,3.0726
6ZCY_QF8,35,2.9298
6ZCY_QF8,36,1.8892
6ZCY_QF8,37,1.0276
6ZCY_QF8,38,0.9691
6ZCY_QF8,39,2.5163
6ZCY_QF8,4,1.0855
6ZCY_QF8,5,6.6021
6ZCY_QF8,6,0.8728
6ZCY_QF8,7,0.5739
6ZCY_QF8,8,1.0001
6ZCY_QF8,9,1.0154
6ZK5_IMH,0,1.9912
6ZK5_IMH,1,1.2658
6ZK5_IMH,10,2.9674
6ZK5_IMH,11,2.5594
6ZK5_IMH,12,2.1860
6ZK5_IMH,13,0.8071
6ZK5_IMH,14,2.2561
6ZK5_IMH,15,1.3906
6ZK5_IMH,16,2.1881
6ZK5_IMH,17,2.2599
6ZK5_IMH,18,2.2942
6ZK5_IMH,19,2.9496
6ZK5_IMH,2,0.9642
6ZK5_IMH,20,2.5766
6ZK5_IMH,21,0.9005
6ZK5_IMH,22,2.0231
6ZK5_IMH,23,1.8640
6ZK5_IMH,24,1.2156
6ZK5_IMH,25,1.4116
6ZK5_IMH,26,0.9370
6ZK5_IMH,27,0.8269
6ZK5_IMH,28,1.0575
6ZK5_IMH,29,2.2775
6ZK5_IMH,3,2.9360
6ZK5_IMH,30,5.8235
6ZK5_IMH,31,1.1607
6ZK5_IMH,32,1.9786
6ZK5_IMH,33,2.3761
6ZK5_IMH,34,2.3336
6ZK5_IMH,35,2.1588
6ZK5_IMH,36,2.1236
6ZK5_IMH,37,3.1891
6ZK5_IMH,38,2.3359
6ZK5_IMH,39,3.0111
6ZK5_IMH,4,1.2910
6ZK5_IMH,5,1.2331
6ZK5_IMH,6,1.6181
6ZK5_IMH,7,1.3975
6ZK5_IMH,8,2.1813
6ZK5_IMH,9,2.2041
6ZPB_3D1,0,1.8477
6ZPB_3D1,1,2.5130
6ZPB_3D1,10,1.8773
6ZPB_3D1,11,1.5315
6ZPB_3D1,12,1.1562
6ZPB_3D1,13,2.8585
6ZPB_3D1,14,1.8264
6ZPB_3D1,15,0.5610
6ZPB_3D1,16,1.3736
6ZPB_3D1,17,1.4398
6ZPB_3D1,18,1.0595
6ZPB_3D1,19,0.5659
6ZPB_3D1,2,1.6791
6ZPB_3D1,20,2.5738
6ZPB_3D1,21,0.8852
6ZPB_3D1,22,2.5952
6ZPB_3D1,23,0.6370
6ZPB_3D1,24,0.5772
6ZPB_3D1,25,0.6678
6ZPB_3D1,26,2.1597
6ZPB_3D1,27,0.6866
6ZPB_3D1,28,0.9869
6ZPB_3D1,29,0.4652
6ZPB_3D1,3,0.7334
6ZPB_3D1,30,2.6340
6ZPB_3D1,31,2.4622
6ZPB_3D1,32,1.5483
6ZPB_3D1,33,2.2222
6ZPB_3D1,34,1.1294
6ZPB_3D1,35,1.1384
6ZPB_3D1,36,0.6444
6ZPB_3D1,37,1.3132
6ZPB_3D1,38,1.2862
6ZPB_3D1,39,2.4153
6ZPB_3D1,4,2.4398
6ZPB_3D1,5,1.4028
6ZPB_3D1,6,2.4619
6ZPB_3D1,7,1.4260
6ZPB_3D1,8,1.1204
6ZPB_3D1,9,1.4311
7A1P_QW2,0,4.1363
7A1P_QW2,1,3.1904
7A1P_QW2,10,4.0920
7A1P_QW2,11,4.2973
7A1P_QW2,12,1.5174
7A1P_QW2,13,1.1723
7A1P_QW2,14,4.2648
7A1P_QW2,15,4.3974
7A1P_QW2,16,1.5570
7A1P_QW2,17,1.1923
7A1P_QW2,18,4.2369
7A1P_QW2,19,0.9583
7A1P_QW2,2,4.1229
7A1P_QW2,20,4.3922
7A1P_QW2,21,1.4375
7A1P_QW2,22,0.9596
7A1P_QW2,23,4.1929
7A1P_QW2,24,4.9303
7A1P_QW2,25,1.1223
7A1P_QW2,26,1.3383
7A1P_QW2,27,1.1243
7A1P_QW2,28,1.0934
7A1P_QW2,29,4.1214
7A1P_QW2,3,4.0411
7A1P_QW2,30,4.9652
7A1P_QW2,31,4.2669
7A1P_QW2,32,4.6663
7A1P_QW2,33,4.7168
7A1P_QW2,34,4.0706
7A1P_QW2,35,1.0376
7A1P_QW2,36,1.2846
7A1P_QW2,37,4.0355
7A1P_QW2,38,4.0964
7A1P_QW2,38,1.5252
7A1P_QW2,39,3.9331
7A1P_QW2,4,4.2335
7A1P_QW2,5,1.3107
7A1P_QW2,6,4.1038
7A1P_QW2,7,4.2246
7A1P_QW2,8,4.0162
7A1P_QW2,9,4.2512
7A9E_R4W,0,1.9563
7A9E_R4W,1,2.9168
7A9E_R4W,10,2.6453
7A9E_R4W,11,0.9809
7A9E_R4W,12,1.9830
7A9E_R4W,13,2.6558
7A9E_R4W,14,2.7882
7A9E_R4W,15,0.9598
7A9E_R4W,16,1.5363
7A9E_R4W,17,2.1181
7A9E_R4W,18,2.1799
7A9E_R4W,19,2.8774
7A9E_R4W,2,1.9362
7A9E_R4W,20,2.5396
7A9E_R4W,21,2.8147
7A9E_R4W,22,1.8794
7A9E_R4W,23,2.5475
7A9E_R4W,24,2.0359
7A9E_R4W,25,2.9336
7A9E_R4W,26,2.6958
7A9E_R4W,27,2.8161
7A9E_R4W,28,2.7755
7A9E_R4W,29,1.7219
7A9E_R4W,3,2.2795
7A9E_R4W,30,2.5332
7A9E_R4W,31,2.7026
7A9E_R4W,32,2.8520
7A9E_R4W,33,2.7491
7A9E_R4W,34,2.5095
7A9E_R4W,35,2.4985
7A9E_R4W,36,2.8722
7A9E_R4W,37,2.4521
7A9E_R4W,38,2.4609
7A9E_R4W,39,2.8947
7A9E_R4W,4,2.4717
7A9E_R4W,5,1.5600
7A9E_R4W,6,2.9318
7A9E_R4W,7,2.6412
7A9E_R4W,8,2.5772
7A9E_R4W,9,2.5769
7A9H_TPP,0,1.6947
7A9H_TPP,1,1.6277
7A9H_TPP,10,2.8902
7A9H_TPP,11,1.0463
7A9H_TPP,12,2.4782
7A9H_TPP,13,1.7753
7A9H_TPP,14,1.6836
7A9H_TPP,15,2.0027
7A9H_TPP,16,1.4117
7A9H_TPP,17,1.6682
7A9H_TPP,18,1.7589
7A9H_TPP,19,1.6114
7A9H_TPP,2,0.7731
7A9H_TPP,20,1.4929
7A9H_TPP,21,2.3381
7A9H_TPP,22,1.6296
7A9H_TPP,23,1.9376
7A9H_TPP,24,2.1889
7A9H_TPP,25,2.0745
7A9H_TPP,26,2.1157
7A9H_TPP,27,1.7311
7A9H_TPP,28,1.6077
7A9H_TPP,29,2.2843
7A9H_TPP,3,2.6215
7A9H_TPP,30,1.6205
7A9H_TPP,31,2.1550
7A9H_TPP,32,1.5925
7A9H_TPP,33,1.7290
7A9H_TPP,34,2.0626
7A9H_TPP,35,1.6729
7A9H_TPP,36,1.7945
7A9H_TPP,37,2.0323
7A9H_TPP,38,2.6143
7A9H_TPP,39,1.6992
7A9H_TPP,4,2.5635
7A9H_TPP,5,2.1696
7A9H_TPP,6,1.3954
7A9H_TPP,7,1.5161
7A9H_TPP,8,1.5816
7A9H_TPP,9,2.7180
7AFX_R9K,0,5.1647
7AFX_R9K,1,5.0234
7AFX_R9K,10,4.9715
7AFX_R9K,11,5.3239
7AFX_R9K,12,5.0546
7AFX_R9K,13,5.4441
7AFX_R9K,14,1.7260
7AFX_R9K,15,4.9737
7AFX_R9K,16,0.5931
7AFX_R9K,17,5.3568
7AFX_R9K,18,0.8909
7AFX_R9K,19,5.4436
7AFX_R9K,2,5.1507
7AFX_R9K,20,5.1924
7AFX_R9K,21,2.1985
7AFX_R9K,22,5.1409
7AFX_R9K,23,5.1463
7AFX_R9K,24,1.2542
7AFX_R9K,25,5.2285
7AFX_R9K,26,4.9815
7AFX_R9K,27,4.9738
7AFX_R9K,28,3.2909
7AFX_R9K,29,5.1867
7AFX_R9K,3,2.0394
7AFX_R9K,30,5.1489
7AFX_R9K,31,5.3157
7AFX_R9K,32,5.2791
7AFX_R9K,33,5.3662
7AFX_R9K,34,4.9788
7AFX_R9K,35,5.2160
7AFX_R9K,36,1.1106
7AFX_R9K,37,5.3449
7AFX_R9K,38,5.2827
7AFX_R9K,39,5.3215
7AFX_R9K,4,1.0434
7AFX_R9K,5,5.0945
7AFX_R9K,6,5.5086
7AFX_R9K,7,5.3324
7AFX_R9K,8,5.4508
7AFX_R9K,9,5.2647
7AKL_RK5,0,6.5350
7AKL_RK5,1,0.4249
7AKL_RK5,10,2.1257
7AKL_RK5,11,1.3177
7AKL_RK5,12,0.3176
7AKL_RK5,13,0.3422
7AKL_RK5,14,6.5917
7AKL_RK5,15,2.2014
7AKL_RK5,16,6.5631
7AKL_RK5,17,0.3448
7AKL_RK5,18,2.3650
7AKL_RK5,19,0.4907
7AKL_RK5,2,6.7976
7AKL_RK5,20,6.8037
7AKL_RK5,21,0.3827
7AKL_RK5,22,0.3481
7AKL_RK5,23,1.2823
7AKL_RK5,24,2.1021
7AKL_RK5,25,0.3469
7AKL_RK5,26,0.2695
7AKL_RK5,27,6.5583
7AKL_RK5,28,6.6071
7AKL_RK5,29,1.4145
7AKL_RK5,3,0.6135
7AKL_RK5,30,0.4939
7AKL_RK5,31,0.5180
7AKL_RK5,32,0.5803
7AKL_RK5,33,2.0604
7AKL_RK5,34,0.3852
7AKL_RK5,35,0.3972
7AKL_RK5,36,1.2432
7AKL_RK5,37,6.5283
7AKL_RK5,38,2.2598
7AKL_RK5,39,0.2293
7AKL_RK5,4,0.7587
7AKL_RK5,5,0.4002
7AKL_RK5,6,2.1174
7AKL_RK5,7,0.1651
7AKL_RK5,8,0.3357
7AKL_RK5,9,0.6601
7AN5_RDH,0,5.1779
7AN5_RDH,1,1.6388
7AN5_RDH,10,5.2764
7AN5_RDH,11,5.2100
7AN5_RDH,12,1.1744
7AN5_RDH,13,1.7226
7AN5_RDH,14,5.2678
7AN5_RDH,15,5.3322
7AN5_RDH,16,1.5840
7AN5_RDH,17,5.3014
7AN5_RDH,18,5.5863
7AN5_RDH,19,5.1069
7AN5_RDH,2,0.9425
7AN5_RDH,20,5.0389
7AN5_RDH,21,5.2326
7AN5_RDH,22,5.3747
7AN5_RDH,23,5.3024
7AN5_RDH,24,5.3043
7AN5_RDH,25,5.4756
7AN5_RDH,26,5.7840
7AN5_RDH,27,5.4241
7AN5_RDH,28,5.2993
7AN5_RDH,29,5.4697
7AN5_RDH,3,1.7560
7AN5_RDH,30,5.5724
7AN5_RDH,31,5.6665
7AN5_RDH,32,5.7821
7AN5_RDH,33,5.2398
7AN5_RDH,34,5.2424
7AN5_RDH,35,5.5088
7AN5_RDH,36,5.3266
7AN5_RDH,37,5.5839
7AN5_RDH,38,5.5687
7AN5_RDH,39,5.2718
7AN5_RDH,4,1.4635
7AN5_RDH,5,5.4445
7AN5_RDH,6,5.3115
7AN5_RDH,7,1.4362
7AN5_RDH,8,1.2393
7AN5_RDH,9,1.2350
7B2C_TP7,0,1.9557
7B2C_TP7,1,2.2619
7B2C_TP7,10,1.8943
7B2C_TP7,11,2.5273
7B2C_TP7,12,2.3242
7B2C_TP7,13,2.1248
7B2C_TP7,13,3.1765
7B2C_TP7,14,2.4572
7B2C_TP7,15,2.2818
7B2C_TP7,16,1.6492
7B2C_TP7,17,1.5746
7B2C_TP7,18,1.9658
7B2C_TP7,19,2.8173
7B2C_TP7,2,2.0217
7B2C_TP7,20,2.5759
7B2C_TP7,21,1.4199
7B2C_TP7,22,3.2285
7B2C_TP7,23,1.8653
7B2C_TP7,24,1.5402
7B2C_TP7,25,2.1318
7B2C_TP7,26,2.2395
7B2C_TP7,27,1.9148
7B2C_TP7,28,1.9591
7B2C_TP7,29,1.8453
7B2C_TP7,3,1.9810
7B2C_TP7,30,2.8215
7B2C_TP7,31,3.6054
7B2C_TP7,32,1.7260
7B2C_TP7,33,1.5802
7B2C_TP7,34,2.3197
7B2C_TP7,35,1.9408
7B2C_TP7,36,2.4475
7B2C_TP7,37,1.9561
7B2C_TP7,38,2.2702
7B2C_TP7,39,2.0069
7B2C_TP7,4,2.3522
7B2C_TP7,5,2.0254
7B2C_TP7,6,1.9912
7B2C_TP7,7,3.2534
7B2C_TP7,8,3.4308
7B2C_TP7,9,2.1076
7B94_ANP,0,1.4548
7B94_ANP,1,2.3124
7B94_ANP,10,2.1988
7B94_ANP,11,2.0279
7B94_ANP,12,1.9474
7B94_ANP,13,1.7199
7B94_ANP,14,2.0453
7B94_ANP,15,2.0058
7B94_ANP,16,1.0470
7B94_ANP,17,2.0837
7B94_ANP,18,1.1951
7B94_ANP,19,2.7555
7B94_ANP,2,2.6901
7B94_ANP,20,1.8798
7B94_ANP,21,1.5908
7B94_ANP,22,2.1731
7B94_ANP,23,1.8760
7B94_ANP,24,1.9552
7B94_ANP,25,2.3566
7B94_ANP,26,2.7689
7B94_ANP,27,2.0725
7B94_ANP,28,2.5158
7B94_ANP,29,1.8157
7B94_ANP,3,2.2043
7B94_ANP,30,1.8625
7B94_ANP,31,1.9065
7B94_ANP,32,1.7991
7B94_ANP,33,2.5258
7B94_ANP,34,2.1222
7B94_ANP,35,2.5390
7B94_ANP,36,2.4199
7B94_ANP,37,1.8520
7B94_ANP,38,2.5352
7B94_ANP,39,1.6286
7B94_ANP,4,2.5177
7B94_ANP,5,1.9285
7B94_ANP,6,2.2748
7B94_ANP,7,1.9559
7B94_ANP,8,1.2029
7B94_ANP,9,1.3504
7BCP_GCO,0,1.8212
7BCP_GCO,1,4.7292
7BCP_GCO,10,2.5458
7BCP_GCO,11,1.8945
7BCP_GCO,12,4.8609
7BCP_GCO,13,4.7519
7BCP_GCO,14,2.3027
7BCP_GCO,15,1.9822
7BCP_GCO,16,1.8941
7BCP_GCO,17,1.6953
7BCP_GCO,18,1.3582
7BCP_GCO,19,2.0151
7BCP_GCO,2,1.2358
7BCP_GCO,20,2.4455
7BCP_GCO,21,1.8292
7BCP_GCO,22,1.4121
7BCP_GCO,23,1.5189
7BCP_GCO,24,5.0094
7BCP_GCO,25,2.1856
7BCP_GCO,26,2.0713
7BCP_GCO,27,2.2224
7BCP_GCO,28,4.4828
7BCP_GCO,29,1.9258
7BCP_GCO,3,4.5558
7BCP_GCO,30,1.9210
7BCP_GCO,31,1.6085
7BCP_GCO,32,1.5794
7BCP_GCO,33,2.0421
7BCP_GCO,34,1.9483
7BCP_GCO,35,1.7328
7BCP_GCO,36,1.9390
7BCP_GCO,37,2.0135
7BCP_GCO,38,1.8372
7BCP_GCO,39,2.0434
7BCP_GCO,4,2.1627
7BCP_GCO,5,2.4375
7BCP_GCO,6,2.7766
7BCP_GCO,7,1.8845
7BCP_GCO,8,2.0214
7BCP_GCO,9,5.1404
7BJJ_TVW,0,0.2162
7BJJ_TVW,1,2.8667
7BJJ_TVW,10,3.3882
7BJJ_TVW,11,2.9618
7BJJ_TVW,12,0.3874
7BJJ_TVW,13,2.6192
7BJJ_TVW,14,0.8195
7BJJ_TVW,15,3.5684
7BJJ_TVW,16,3.0091
7BJJ_TVW,17,0.2423
7BJJ_TVW,18,2.4056
7BJJ_TVW,19,1.8638
7BJJ_TVW,2,0.3896
7BJJ_TVW,20,1.4680
7BJJ_TVW,21,1.2697
7BJJ_TVW,22,2.4494
7BJJ_TVW,23,3.0853
7BJJ_TVW,24,0.2416
7BJJ_TVW,25,3.7736
7BJJ_TVW,26,2.9082
7BJJ_TVW,27,2.5967
7BJJ_TVW,28,3.1516
7BJJ_TVW,29,2.5901
7BJJ_TVW,3,2.7832
7BJJ_TVW,30,2.8059
7BJJ_TVW,31,2.8743
7BJJ_TVW,32,0.8521
7BJJ_TVW,33,2.9401
7BJJ_TVW,34,2.4049
7BJJ_TVW,35,2.4189
7BJJ_TVW,36,0.3758
7BJJ_TVW,37,3.2860
7BJJ_TVW,38,2.7717
7BJJ_TVW,39,0.2614
7BJJ_TVW,4,3.0425
7BJJ_TVW,5,2.5219
7BJJ_TVW,6,0.6364
7BJJ_TVW,7,0.2195
7BJJ_TVW,8,0.3356
7BJJ_TVW,9,2.7784
7BKA_4JC,0,0.8164
7BKA_4JC,1,1.2712
7BKA_4JC,10,1.1021
7BKA_4JC,11,4.6117
7BKA_4JC,12,2.3717
7BKA_4JC,13,2.1200
7BKA_4JC,14,4.6798
7BKA_4JC,15,0.7344
7BKA_4JC,15,1.1761
7BKA_4JC,16,0.4836
7BKA_4JC,17,1.2438
7BKA_4JC,18,0.6190
7BKA_4JC,19,1.1506
7BKA_4JC,2,4.9190
7BKA_4JC,20,0.4647
7BKA_4JC,21,0.6966
7BKA_4JC,22,1.7300
7BKA_4JC,23,1.3008
7BKA_4JC,24,1.2320
7BKA_4JC,25,1.3785
7BKA_4JC,26,1.0784
7BKA_4JC,27,1.1318
7BKA_4JC,28,1.2173
7BKA_4JC,29,0.8173
7BKA_4JC,3,1.1907
7BKA_4JC,30,1.1662
7BKA_4JC,31,1.0484
7BKA_4JC,32,1.2050
7BKA_4JC,33,0.7297
7BKA_4JC,34,1.7152
7BKA_4JC,35,1.1956
7BKA_4JC,36,1.3335
7BKA_4JC,37,0.8328
7BKA_4JC,38,4.9035
7BKA_4JC,39,1.3103
7BKA_4JC,4,1.7159
7BKA_4JC,5,1.6294
7BKA_4JC,6,4.6047
7BKA_4JC,7,4.9593
7BKA_4JC,8,3.9906
7BKA_4JC,9,0.6880
7BMI_U4B,0,2.4925
7BMI_U4B,1,2.6521
7BMI_U4B,10,2.4251
7BMI_U4B,11,0.7183
7BMI_U4B,12,1.8519
7BMI_U4B,13,1.6158
7BMI_U4B,14,2.5522
7BMI_U4B,15,1.0301
7BMI_U4B,16,2.0390
7BMI_U4B,17,1.7170
7BMI_U4B,18,2.2960
7BMI_U4B,19,1.2540
7BMI_U4B,2,1.9312
7BMI_U4B,20,4.0610
7BMI_U4B,21,2.0097
7BMI_U4B,22,1.7143
7BMI_U4B,23,1.4013
7BMI_U4B,24,4.2340
7BMI_U4B,25,2.4123
7BMI_U4B,26,1.9314
7BMI_U4B,27,4.5283
7BMI_U4B,28,1.1884
7BMI_U4B,29,1.1817
7BMI_U4B,3,4.1702
7BMI_U4B,30,2.5142
7BMI_U4B,31,4.1339
7BMI_U4B,32,2.1577
7BMI_U4B,33,4.3304
7BMI_U4B,34,1.7342
7BMI_U4B,35,4.7974
7BMI_U4B,36,4.1640
7BMI_U4B,37,2.3065
7BMI_U4B,38,4.2446
7BMI_U4B,39,2.8268
7BMI_U4B,4,2.4238
7BMI_U4B,5,2.3206
7BMI_U4B,6,2.4762
7BMI_U4B,7,0.8295
7BMI_U4B,8,4.6570
7BMI_U4B,9,4.8206
7BNH_BEZ,0,0.5338
7BNH_BEZ,1,2.4919
7BNH_BEZ,10,1.8105
7BNH_BEZ,11,3.2658
7BNH_BEZ,12,3.6159
7BNH_BEZ,13,1.9493
7BNH_BEZ,14,1.4405
7BNH_BEZ,15,2.3568
7BNH_BEZ,16,2.0018
7BNH_BEZ,17,0.8581
7BNH_BEZ,18,2.1075
7BNH_BEZ,19,1.6260
7BNH_BEZ,2,1.9579
7BNH_BEZ,20,1.4499
7BNH_BEZ,21,3.5717
7BNH_BEZ,22,2.1816
7BNH_BEZ,23,2.3793
7BNH_BEZ,23,3.3469
7BNH_BEZ,24,3.3743
7BNH_BEZ,25,2.9464
7BNH_BEZ,26,3.6378
7BNH_BEZ,27,1.0494
7BNH_BEZ,28,0.8225
7BNH_BEZ,29,1.4393
7BNH_BEZ,3,2.6373
7BNH_BEZ,30,2.0460
7BNH_BEZ,31,1.6311
7BNH_BEZ,32,2.2199
7BNH_BEZ,33,1.8773
7BNH_BEZ,34,2.1368
7BNH_BEZ,35,3.4705
7BNH_BEZ,36,2.2362
7BNH_BEZ,37,1.3981
7BNH_BEZ,38,1.8788
7BNH_BEZ,39,3.5591
7BNH_BEZ,4,1.2684
7BNH_BEZ,5,2.4259
7BNH_BEZ,6,2.0156
7BNH_BEZ,7,2.0241
7BNH_BEZ,8,1.5020
7BNH_BEZ,9,1.3584
7BTT_F8R,0,2.4216
7BTT_F8R,1,2.8790
7BTT_F8R,10,4.1968
7BTT_F8R,11,1.1747
7BTT_F8R,12,1.7615
7BTT_F8R,13,2.3293
7BTT_F8R,14,2.5481
7BTT_F8R,15,2.5306
7BTT_F8R,16,2.4004
7BTT_F8R,17,3.5144
7BTT_F8R,18,1.3090
7BTT_F8R,19,1.2717
7BTT_F8R,2,1.9921
7BTT_F8R,20,2.0162
7BTT_F8R,21,2.7950
7BTT_F8R,22,2.5343
7BTT_F8R,23,2.5094
7BTT_F8R,24,1.7596
7BTT_F8R,25,3.8688
7BTT_F8R,26,4.9367
7BTT_F8R,27,3.2441
7BTT_F8R,28,2.8284
7BTT_F8R,29,1.3644
7BTT_F8R,3,2.5877
7BTT_F8R,30,2.2804
7BTT_F8R,31,2.4766
7BTT_F8R,32,3.2441
7BTT_F8R,33,2.6723
7BTT_F8R,34,3.7746
7BTT_F8R,35,1.5705
7BTT_F8R,36,2.3134
7BTT_F8R,37,1.6879
7BTT_F8R,38,4.9107
7BTT_F8R,39,1.9396
7BTT_F8R,4,4.4316
7BTT_F8R,5,1.9471
7BTT_F8R,6,3.9247
7BTT_F8R,7,2.9473
7BTT_F8R,8,3.2224
7BTT_F8R,9,1.4001
7C0U_FGO,0,9.6789
7C0U_FGO,1,10.1487
7C0U_FGO,10,3.5207
7C0U_FGO,11,10.2752
7C0U_FGO,12,9.0919
7C0U_FGO,13,9.4770
7C0U_FGO,14,10.6292
7C0U_FGO,15,9.7832
7C0U_FGO,16,10.6947
7C0U_FGO,17,10.5354
7C0U_FGO,18,10.4983
7C0U_FGO,19,9.4020
7C0U_FGO,2,9.4507
7C0U_FGO,20,10.4987
7C0U_FGO,21,10.7683
7C0U_FGO,22,9.5095
7C0U_FGO,23,9.0871
7C0U_FGO,24,10.3502
7C0U_FGO,25,10.6748
7C0U_FGO,26,9.1740
7C0U_FGO,27,9.6299
7C0U_FGO,28,10.0598
7C0U_FGO,29,10.3606
7C0U_FGO,3,9.4520
7C0U_FGO,30,9.1976
7C0U_FGO,31,2.8682
7C0U_FGO,32,10.6387
7C0U_FGO,33,3.5738
7C0U_FGO,34,10.8321
7C0U_FGO,35,3.3507
7C0U_FGO,36,10.6406
7C0U_FGO,37,9.5432
7C0U_FGO,38,1.9398
7C0U_FGO,39,2.0087
7C0U_FGO,4,9.3093
7C0U_FGO,5,9.4740
7C0U_FGO,6,2.7506
7C0U_FGO,7,9.3850
7C0U_FGO,8,2.2505
7C0U_FGO,9,10.8714
7C3U_AZG,0,4.3154
7C3U_AZG,1,4.2149
7C3U_AZG,10,3.6171
7C3U_AZG,11,3.9360
7C3U_AZG,12,4.2202
7C3U_AZG,13,3.3426
7C3U_AZG,14,3.3373
7C3U_AZG,15,3.3449
7C3U_AZG,16,4.0804
7C3U_AZG,17,2.9498
7C3U_AZG,18,3.1998
7C3U_AZG,19,3.3310
7C3U_AZG,2,4.1763
7C3U_AZG,20,4.1996
7C3U_AZG,21,3.3824
7C3U_AZG,22,3.0191
7C3U_AZG,23,4.1267
7C3U_AZG,24,4.2457
7C3U_AZG,25,3.3401
7C3U_AZG,26,4.1475
7C3U_AZG,27,3.3401
7C3U_AZG,28,3.2860
7C3U_AZG,29,2.8907
7C3U_AZG,3,3.2596
7C3U_AZG,30,3.3584
7C3U_AZG,31,4.2184
7C3U_AZG,32,3.3480
7C3U_AZG,33,3.3471
7C3U_AZG,34,3.3632
7C3U_AZG,35,3.3409
7C3U_AZG,36,3.0643
7C3U_AZG,37,3.3761
7C3U_AZG,38,3.8283
7C3U_AZG,39,3.3446
7C3U_AZG,4,3.3147
7C3U_AZG,5,2.7668
7C3U_AZG,6,3.3564
7C3U_AZG,7,3.8970
7C3U_AZG,8,3.3439
7C3U_AZG,9,3.3508
7C8Q_DSG,0,3.6912
7C8Q_DSG,1,2.3272
7C8Q_DSG,10,3.8797
7C8Q_DSG,11,1.3173
7C8Q_DSG,12,1.0946
7C8Q_DSG,13,3.1034
7C8Q_DSG,14,2.1245
7C8Q_DSG,15,2.1116
7C8Q_DSG,16,2.9646
7C8Q_DSG,17,1.5970
7C8Q_DSG,18,2.8169
7C8Q_DSG,19,3.8602
7C8Q_DSG,2,3.0497
7C8Q_DSG,20,3.7558
7C8Q_DSG,21,3.8098
7C8Q_DSG,22,1.7357
7C8Q_DSG,23,3.6420
7C8Q_DSG,24,3.8794
7C8Q_DSG,25,3.7103
7C8Q_DSG,26,3.8113
7C8Q_DSG,27,3.8078
7C8Q_DSG,28,3.8722
7C8Q_DSG,29,1.7313
7C8Q_DSG,3,3.9693
7C8Q_DSG,30,3.8671
7C8Q_DSG,31,3.5296
7C8Q_DSG,32,3.3585
7C8Q_DSG,33,3.8165
7C8Q_DSG,34,1.6749
7C8Q_DSG,35,1.6845
7C8Q_DSG,36,3.5761
7C8Q_DSG,37,3.8389
7C8Q_DSG,38,3.3642
7C8Q_DSG,39,2.8280
7C8Q_DSG,4,3.8449
7C8Q_DSG,5,0.8071
7C8Q_DSG,6,3.8657
7C8Q_DSG,7,1.9024
7C8Q_DSG,8,3.5722
7C8Q_DSG,9,2.1852
7CD9_FVR,0,7.3352
7CD9_FVR,1,7.8973
7CD9_FVR,10,7.1123
7CD9_FVR,11,6.7024
7CD9_FVR,12,7.5863
7CD9_FVR,13,7.7099
7CD9_FVR,14,5.4036
7CD9_FVR,15,7.4257
7CD9_FVR,16,8.0945
7CD9_FVR,17,7.2027
7CD9_FVR,18,7.6036
7CD9_FVR,19,6.9864
7CD9_FVR,2,6.1687
7CD9_FVR,20,7.5944
7CD9_FVR,21,6.0878
7CD9_FVR,22,7.0174
7CD9_FVR,23,7.5191
7CD9_FVR,24,7.6723
7CD9_FVR,25,6.6353
7CD9_FVR,26,7.5382
7CD9_FVR,27,8.1262
7CD9_FVR,28,7.2728
7CD9_FVR,29,7.3045
7CD9_FVR,3,7.1495
7CD9_FVR,30,6.3282
7CD9_FVR,31,7.1825
7CD9_FVR,32,7.4462
7CD9_FVR,33,7.4479
7CD9_FVR,34,7.2835
7CD9_FVR,35,7.4608
7CD9_FVR,36,7.7955
7CD9_FVR,37,6.7136
7CD9_FVR,38,8.7823
7CD9_FVR,39,6.9970
7CD9_FVR,4,8.0097
7CD9_FVR,5,7.5948
7CD9_FVR,6,7.0751
7CD9_FVR,7,5.7920
7CD9_FVR,8,7.5421
7CD9_FVR,9,7.4306
7CIJ_G0C,0,6.0073
7CIJ_G0C,1,5.8066
7CIJ_G0C,10,1.1970
7CIJ_G0C,11,5.5967
7CIJ_G0C,12,1.1375
7CIJ_G0C,13,5.4297
7CIJ_G0C,14,1.1335
7CIJ_G0C,15,1.3576
7CIJ_G0C,16,5.5894
7CIJ_G0C,17,5.5500
7CIJ_G0C,18,5.6885
7CIJ_G0C,19,1.1298
7CIJ_G0C,2,1.2330
7CIJ_G0C,20,5.5782
7CIJ_G0C,21,5.6370
7CIJ_G0C,22,5.8035
7CIJ_G0C,23,5.4802
7CIJ_G0C,24,1.1514
7CIJ_G0C,25,5.1253
7CIJ_G0C,26,5.7151
7CIJ_G0C,27,5.7270
7CIJ_G0C,28,0.9226
7CIJ_G0C,29,1.2031
7CIJ_G0C,3,5.4427
7CIJ_G0C,30,5.7407
7CIJ_G0C,31,4.8632
7CIJ_G0C,32,5.6520
7CIJ_G0C,33,5.7791
7CIJ_G0C,34,1.1554
7CIJ_G0C,35,5.9503
7CIJ_G0C,36,1.9037
7CIJ_G0C,37,1.4682
7CIJ_G0C,38,1.0220
7CIJ_G0C,39,5.7137
7CIJ_G0C,4,1.0218
7CIJ_G0C,5,0.8917
7CIJ_G0C,6,1.5562
7CIJ_G0C,7,5.8227
7CIJ_G0C,8,1.2644
7CIJ_G0C,9,5.9174
7CL8_TES,0,6.6121
7CL8_TES,1,6.2866
7CL8_TES,10,6.4612
7CL8_TES,11,6.6159
7CL8_TES,12,6.3272
7CL8_TES,13,6.5944
7CL8_TES,14,6.3459
7CL8_TES,15,6.3061
7CL8_TES,16,6.3025
7CL8_TES,17,1.4334
7CL8_TES,18,6.3350
7CL8_TES,19,6.6081
7CL8_TES,2,6.1658
7CL8_TES,20,6.4360
7CL8_TES,21,6.4116
7CL8_TES,22,0.8083
7CL8_TES,23,6.4256
7CL8_TES,24,0.6352
7CL8_TES,25,6.5440
7CL8_TES,26,6.6677
7CL8_TES,26,6.3200
7CL8_TES,27,6.6028
7CL8_TES,28,6.3865
7CL8_TES,29,6.5244
7CL8_TES,3,6.3181
7CL8_TES,30,6.3206
7CL8_TES,31,6.2613
7CL8_TES,32,6.6828
7CL8_TES,33,6.4361
7CL8_TES,34,6.1713
7CL8_TES,35,6.4053
7CL8_TES,36,6.6227
7CL8_TES,37,6.3281
7CL8_TES,38,6.3374
7CL8_TES,39,6.5378
7CL8_TES,4,2.9084
7CL8_TES,5,6.6628
7CL8_TES,6,6.3292
7CL8_TES,7,6.3593
7CL8_TES,8,6.6020
7CL8_TES,9,6.3242
7CNQ_G8X,0,1.9974
7CNQ_G8X,1,1.8018
7CNQ_G8X,10,1.5437
7CNQ_G8X,11,2.1580
7CNQ_G8X,12,2.2260
7CNQ_G8X,13,2.1305
7CNQ_G8X,14,1.1361
7CNQ_G8X,15,2.1692
7CNQ_G8X,16,0.8977
7CNQ_G8X,17,2.1920
7CNQ_G8X,18,2.1445
7CNQ_G8X,19,0.4030
7CNQ_G8X,2,2.2189
7CNQ_G8X,20,1.8865
7CNQ_G8X,21,1.3285
7CNQ_G8X,22,1.6367
7CNQ_G8X,23,2.3267
7CNQ_G8X,24,0.5600
7CNQ_G8X,25,2.1931
7CNQ_G8X,26,1.8120
7CNQ_G8X,27,1.9965
7CNQ_G8X,28,1.3504
7CNQ_G8X,29,1.3199
7CNQ_G8X,3,2.1942
7CNQ_G8X,30,1.0702
7CNQ_G8X,31,1.0799
7CNQ_G8X,32,1.2045
7CNQ_G8X,33,2.1673
7CNQ_G8X,34,2.1731
7CNQ_G8X,35,2.0146
7CNQ_G8X,36,0.8305
7CNQ_G8X,37,2.1487
7CNQ_G8X,38,1.4989
7CNQ_G8X,39,1.5390
7CNQ_G8X,4,1.7743
7CNQ_G8X,5,2.1220
7CNQ_G8X,6,1.9796
7CNQ_G8X,7,1.1746
7CNQ_G8X,8,2.3422
7CNQ_G8X,9,0.8004
7CNS_PMV,0,5.7266
7CNS_PMV,1,6.1004
7CNS_PMV,10,5.4248
7CNS_PMV,11,5.9168
7CNS_PMV,12,6.0243
7CNS_PMV,13,5.8914
7CNS_PMV,14,6.1633
7CNS_PMV,15,1.7412
7CNS_PMV,16,5.6941
7CNS_PMV,17,5.5241
7CNS_PMV,18,5.9071
7CNS_PMV,19,5.7732
7CNS_PMV,2,5.7482
7CNS_PMV,20,5.7029
7CNS_PMV,21,1.9934
7CNS_PMV,22,5.9198
7CNS_PMV,23,5.4631
7CNS_PMV,24,6.0663
7CNS_PMV,25,5.6846
7CNS_PMV,26,5.6912
7CNS_PMV,27,5.3060
7CNS_PMV,28,6.2322
7CNS_PMV,29,5.6116
7CNS_PMV,3,5.7552
7CNS_PMV,30,6.0877
7CNS_PMV,31,5.3085
7CNS_PMV,32,5.7199
7CNS_PMV,33,5.6672
7CNS_PMV,34,5.8031
7CNS_PMV,35,1.3767
7CNS_PMV,36,5.8843
7CNS_PMV,37,5.8647
7CNS_PMV,38,6.0026
7CNS_PMV,39,5.0500
7CNS_PMV,4,5.9273
7CNS_PMV,5,5.6231
7CNS_PMV,6,6.1811
7CNS_PMV,7,5.8134
7CNS_PMV,8,5.6504
7CNS_PMV,9,5.8677
7CTM_BDP,0,2.8764
7CTM_BDP,1,1.3830
7CTM_BDP,10,2.7860
7CTM_BDP,11,2.3685
7CTM_BDP,12,3.6754
7CTM_BDP,13,2.9850
7CTM_BDP,14,1.2898
7CTM_BDP,15,3.8982
7CTM_BDP,16,4.2044
7CTM_BDP,17,0.8887
7CTM_BDP,18,3.7956
7CTM_BDP,19,1.1175
7CTM_BDP,2,1.7989
7CTM_BDP,20,0.9387
7CTM_BDP,21,2.3417
7CTM_BDP,22,4.5087
7CTM_BDP,23,1.2229
7CTM_BDP,24,1.1594
7CTM_BDP,25,3.3353
7CTM_BDP,26,1.2880
7CTM_BDP,27,4.8143
7CTM_BDP,28,2.6536
7CTM_BDP,29,2.4924
7CTM_BDP,3,2.8498
7CTM_BDP,30,4.0638
7CTM_BDP,31,3.0612
7CTM_BDP,32,2.5211
7CTM_BDP,33,1.5126
7CTM_BDP,34,3.0939
7CTM_BDP,35,4.3875
7CTM_BDP,36,1.0625
7CTM_BDP,37,1.8080
7CTM_BDP,38,3.9690
7CTM_BDP,39,2.9579
7CTM_BDP,4,1.5460
7CTM_BDP,5,3.8473
7CTM_BDP,6,1.2976
7CTM_BDP,7,4.4995
7CTM_BDP,8,0.7753
7CTM_BDP,9,1.8325
7CUO_PHB,0,0.6929
7CUO_PHB,1,1.2436
7CUO_PHB,10,1.2292
7CUO_PHB,11,0.5503
7CUO_PHB,12,0.7764
7CUO_PHB,13,1.2059
7CUO_PHB,14,0.7042
7CUO_PHB,15,1.0511
7CUO_PHB,16,1.0987
7CUO_PHB,17,1.2281
7CUO_PHB,18,0.8704
7CUO_PHB,19,1.0987
7CUO_PHB,2,1.3935
7CUO_PHB,20,0.5858
7CUO_PHB,21,0.6058
7CUO_PHB,22,0.8656
7CUO_PHB,23,1.3467
7CUO_PHB,24,0.7799
7CUO_PHB,25,0.6240
7CUO_PHB,26,1.1924
7CUO_PHB,27,1.1908
7CUO_PHB,28,1.1014
7CUO_PHB,29,1.1031
7CUO_PHB,3,1.0781
7CUO_PHB,30,0.6892
7CUO_PHB,31,0.9125
7CUO_PHB,32,1.1357
7CUO_PHB,33,0.9347
7CUO_PHB,34,0.8011
7CUO_PHB,35,0.4983
7CUO_PHB,36,0.7476
7CUO_PHB,37,0.7194
7CUO_PHB,38,0.7563
7CUO_PHB,39,0.6951
7CUO_PHB,4,1.2668
7CUO_PHB,5,0.6907
7CUO_PHB,6,0.7109
7CUO_PHB,7,0.4649
7CUO_PHB,8,0.5223
7CUO_PHB,9,0.5766
7D5C_GV6,0,4.6011
7D5C_GV6,1,2.1943
7D5C_GV6,10,1.2317
7D5C_GV6,11,1.8821
7D5C_GV6,12,1.9496
7D5C_GV6,13,3.8430
7D5C_GV6,14,1.4220
7D5C_GV6,15,1.0588
7D5C_GV6,16,3.8177
7D5C_GV6,17,0.8013
7D5C_GV6,18,1.4489
7D5C_GV6,19,3.5757
7D5C_GV6,2,2.1351
7D5C_GV6,20,2.2904
7D5C_GV6,21,1.2707
7D5C_GV6,22,1.9909
7D5C_GV6,23,2.0727
7D5C_GV6,24,2.6238
7D5C_GV6,25,2.0924
7D5C_GV6,26,0.9942
7D5C_GV6,27,2.4296
7D5C_GV6,28,3.7062
7D5C_GV6,29,2.9407
7D5C_GV6,3,1.7809
7D5C_GV6,30,1.8785
7D5C_GV6,31,1.6743
7D5C_GV6,32,0.7871
7D5C_GV6,33,3.6818
7D5C_GV6,34,1.2961
7D5C_GV6,35,1.1341
7D5C_GV6,36,1.3709
7D5C_GV6,37,2.4068
7D5C_GV6,38,1.2101
7D5C_GV6,39,2.3643
7D5C_GV6,4,0.6575
7D5C_GV6,5,2.7249
7D5C_GV6,6,1.2292
7D5C_GV6,7,3.3838
7D5C_GV6,8,1.2605
7D5C_GV6,9,3.7045
7D6O_MTE,0,0.9884
7D6O_MTE,1,0.6853
7D6O_MTE,10,1.4763
7D6O_MTE,11,0.6022
7D6O_MTE,12,1.2310
7D6O_MTE,13,0.9997
7D6O_MTE,14,0.8886
7D6O_MTE,15,2.9025
7D6O_MTE,16,1.2197
7D6O_MTE,17,1.8197
7D6O_MTE,18,6.2483
7D6O_MTE,19,2.3992
7D6O_MTE,2,1.4698
7D6O_MTE,20,2.8956
7D6O_MTE,21,2.1902
7D6O_MTE,22,1.1058
7D6O_MTE,23,6.2220
7D6O_MTE,24,3.1059
7D6O_MTE,25,0.7112
7D6O_MTE,26,1.6681
7D6O_MTE,27,1.8733
7D6O_MTE,28,5.2516
7D6O_MTE,29,0.8507
7D6O_MTE,3,1.0289
7D6O_MTE,30,2.1283
7D6O_MTE,31,0.8961
7D6O_MTE,32,6.4372
7D6O_MTE,33,1.4532
7D6O_MTE,34,1.0655
7D6O_MTE,35,0.8468
7D6O_MTE,36,1.1348
7D6O_MTE,37,6.2228
7D6O_MTE,38,2.5800
7D6O_MTE,39,6.0053
7D6O_MTE,4,0.8780
7D6O_MTE,5,1.7029
7D6O_MTE,6,2.8451
7D6O_MTE,7,5.9757
7D6O_MTE,8,3.7350
7D6O_MTE,9,1.6565
7DKT_GLF,0,1.7235
7DKT_GLF,1,0.8406
7DKT_GLF,10,0.6270
7DKT_GLF,11,0.6953
7DKT_GLF,12,1.2872
7DKT_GLF,13,0.5168
7DKT_GLF,14,0.9753
7DKT_GLF,15,0.6414
7DKT_GLF,16,0.6166
7DKT_GLF,17,1.1598
7DKT_GLF,18,1.1012
7DKT_GLF,19,2.8249
7DKT_GLF,2,0.8409
7DKT_GLF,20,2.8090
7DKT_GLF,21,2.7269
7DKT_GLF,22,3.4901
7DKT_GLF,23,0.5483
7DKT_GLF,24,1.0422
7DKT_GLF,25,1.4389
7DKT_GLF,26,1.1489
7DKT_GLF,27,1.3766
7DKT_GLF,28,0.9372
7DKT_GLF,29,0.8877
7DKT_GLF,3,0.6605
7DKT_GLF,30,2.8218
7DKT_GLF,31,0.5622
7DKT_GLF,32,0.7715
7DKT_GLF,33,0.6322
7DKT_GLF,34,0.8997
7DKT_GLF,35,2.7679
7DKT_GLF,36,1.2659
7DKT_GLF,37,0.6954
7DKT_GLF,38,1.0294
7DKT_GLF,39,1.1072
7DKT_GLF,4,2.9167
7DKT_GLF,5,1.9796
7DKT_GLF,6,0.6497
7DKT_GLF,7,0.7870
7DKT_GLF,8,0.4485
7DKT_GLF,9,1.3043
7DQL_4CL,0,2.2255
7DQL_4CL,1,2.2015
7DQL_4CL,10,2.2633
7DQL_4CL,11,2.2131
7DQL_4CL,12,0.5584
7DQL_4CL,13,2.3000
7DQL_4CL,14,1.4824
7DQL_4CL,15,2.2117
7DQL_4CL,16,2.1873
7DQL_4CL,17,2.2019
7DQL_4CL,18,2.2749
7DQL_4CL,19,0.6446
7DQL_4CL,2,0.8074
7DQL_4CL,20,3.9877
7DQL_4CL,21,2.2137
7DQL_4CL,22,0.6844
7DQL_4CL,23,2.2151
7DQL_4CL,24,3.9487
7DQL_4CL,25,2.1876
7DQL_4CL,26,2.2872
7DQL_4CL,27,2.2181
7DQL_4CL,28,2.2351
7DQL_4CL,29,0.4263
7DQL_4CL,3,3.4277
7DQL_4CL,30,4.1126
7DQL_4CL,31,4.0074
7DQL_4CL,32,2.2242
7DQL_4CL,33,0.4324
7DQL_4CL,34,3.9437
7DQL_4CL,35,1.2855
7DQL_4CL,36,0.6904
7DQL_4CL,37,1.7606
7DQL_4CL,38,2.2974
7DQL_4CL,39,2.1837
7DQL_4CL,39,0.7541
7DQL_4CL,4,2.2726
7DQL_4CL,5,0.8304
7DQL_4CL,6,0.3864
7DQL_4CL,7,2.3332
7DQL_4CL,8,3.8434
7DQL_4CL,9,0.7655
7DUA_HJ0,0,1.7876
7DUA_HJ0,1,1.3226
7DUA_HJ0,10,2.4496
7DUA_HJ0,11,1.4039
7DUA_HJ0,12,1.5177
7DUA_HJ0,13,0.4351
7DUA_HJ0,14,0.3260
7DUA_HJ0,15,0.9541
7DUA_HJ0,16,1.3370
7DUA_HJ0,17,1.2689
7DUA_HJ0,18,0.9200
7DUA_HJ0,19,1.5855
7DUA_HJ0,2,0.8585
7DUA_HJ0,20,0.4304
7DUA_HJ0,21,1.3354
7DUA_HJ0,22,1.5787
7DUA_HJ0,23,1.5348
7DUA_HJ0,24,1.4877
7DUA_HJ0,25,1.9119
7DUA_HJ0,26,1.5165
7DUA_HJ0,27,1.4636
7DUA_HJ0,28,1.0553
7DUA_HJ0,29,4.2551
7DUA_HJ0,3,1.5907
7DUA_HJ0,30,0.3490
7DUA_HJ0,31,1.6089
7DUA_HJ0,32,0.9221
7DUA_HJ0,33,1.7385
7DUA_HJ0,34,0.9382
7DUA_HJ0,35,0.9808
7DUA_HJ0,36,1.3085
7DUA_HJ0,37,1.5908
7DUA_HJ0,38,6.8320
7DUA_HJ0,39,1.1082
7DUA_HJ0,4,1.8807
7DUA_HJ0,5,1.0382
7DUA_HJ0,6,1.7331
7DUA_HJ0,7,2.2758
7DUA_HJ0,8,1.1198
7DUA_HJ0,9,0.6668
7E4L_MDN,0,2.8189
7E4L_MDN,1,1.9859
7E4L_MDN,10,2.1730
7E4L_MDN,11,2.5467
7E4L_MDN,12,2.6216
7E4L_MDN,13,1.7565
7E4L_MDN,14,1.6478
7E4L_MDN,15,2.4661
7E4L_MDN,16,2.6264
7E4L_MDN,17,1.6051
7E4L_MDN,18,3.3026
7E4L_MDN,19,2.7292
7E4L_MDN,2,2.8324
7E4L_MDN,20,2.1018
7E4L_MDN,21,1.9383
7E4L_MDN,22,2.7442
7E4L_MDN,23,2.8730
7E4L_MDN,24,3.0899
7E4L_MDN,25,3.1916
7E4L_MDN,26,2.4033
7E4L_MDN,27,1.9015
7E4L_MDN,28,1.6296
7E4L_MDN,29,3.0113
7E4L_MDN,3,2.6303
7E4L_MDN,30,2.5851
7E4L_MDN,31,2.2588
7E4L_MDN,32,2.9193
7E4L_MDN,33,3.2345
7E4L_MDN,34,1.7053
7E4L_MDN,35,2.5908
7E4L_MDN,36,3.2627
7E4L_MDN,37,1.8619
7E4L_MDN,38,2.9135
7E4L_MDN,39,2.6787
7E4L_MDN,4,2.5152
7E4L_MDN,5,2.8306
7E4L_MDN,6,2.7983
7E4L_MDN,7,2.8409
7E4L_MDN,8,2.0626
7E4L_MDN,9,1.6101
7EBG_J0L,0,4.1885
7EBG_J0L,1,0.5963
7EBG_J0L,10,1.0559
7EBG_J0L,11,0.9898
7EBG_J0L,12,4.1800
7EBG_J0L,13,3.9452
7EBG_J0L,14,0.5990
7EBG_J0L,15,0.5329
7EBG_J0L,16,0.7776
7EBG_J0L,17,0.8513
7EBG_J0L,18,4.2138
7EBG_J0L,19,3.9645
7EBG_J0L,2,0.7444
7EBG_J0L,20,4.2057
7EBG_J0L,21,3.9113
7EBG_J0L,22,1.5896
7EBG_J0L,23,1.4539
7EBG_J0L,24,3.9559
7EBG_J0L,25,4.0609
7EBG_J0L,26,4.0050
7EBG_J0L,27,4.0497
7EBG_J0L,28,4.3513
7EBG_J0L,29,0.3776
7EBG_J0L,3,0.6492
7EBG_J0L,30,4.0963
7EBG_J0L,31,4.2191
7EBG_J0L,32,2.9025
7EBG_J0L,33,0.7790
7EBG_J0L,34,1.2364
7EBG_J0L,35,1.4344
7EBG_J0L,36,0.8050
7EBG_J0L,37,0.6187
7EBG_J0L,38,1.8417
7EBG_J0L,39,0.6088
7EBG_J0L,4,4.1809
7EBG_J0L,5,4.1506
7EBG_J0L,6,4.2441
7EBG_J0L,7,0.5034
7EBG_J0L,8,4.1846
7EBG_J0L,9,4.2092
7EBG_J0L,9,4.1972
7ECR_SIN,0,1.6658
7ECR_SIN,1,1.3692
7ECR_SIN,10,1.7620
7ECR_SIN,11,1.3125
7ECR_SIN,12,1.2259
7ECR_SIN,13,1.4123
7ECR_SIN,14,1.6031
7ECR_SIN,15,1.1899
7ECR_SIN,16,1.7595
7ECR_SIN,17,1.5618
7ECR_SIN,18,1.7051
7ECR_SIN,19,0.9870
7ECR_SIN,2,0.9408
7ECR_SIN,20,1.3842
7ECR_SIN,21,1.0388
7ECR_SIN,22,1.7216
7ECR_SIN,23,1.3524
7ECR_SIN,24,1.2554
7ECR_SIN,25,1.3794
7ECR_SIN,26,1.4222
7ECR_SIN,27,1.2527
7ECR_SIN,28,1.6077
7ECR_SIN,29,1.7603
7ECR_SIN,3,1.7662
7ECR_SIN,30,0.9115
7ECR_SIN,31,1.3565
7ECR_SIN,32,1.3673
7ECR_SIN,33,1.4953
7ECR_SIN,34,1.4996
7ECR_SIN,35,1.5296
7ECR_SIN,36,0.8006
7ECR_SIN,37,1.7578
7ECR_SIN,38,1.7869
7ECR_SIN,39,0.9901
7ECR_SIN,4,1.5653
7ECR_SIN,5,1.7887
7ECR_SIN,6,1.3360
7ECR_SIN,7,1.4323
7ECR_SIN,8,0.7004
7ECR_SIN,9,0.7426
7ED2_A3P,0,0.8706
7ED2_A3P,1,4.2400
7ED2_A3P,10,4.1451
7ED2_A3P,11,4.3218
7ED2_A3P,12,1.9130
7ED2_A3P,13,1.5162
7ED2_A3P,14,4.3177
7ED2_A3P,15,1.7529
7ED2_A3P,16,4.7863
7ED2_A3P,17,1.4020
7ED2_A3P,18,4.7818
7ED2_A3P,19,2.4489
7ED2_A3P,2,4.5071
7ED2_A3P,20,1.2908
7ED2_A3P,21,4.4713
7ED2_A3P,22,4.6724
7ED2_A3P,23,2.7127
7ED2_A3P,24,4.7219
7ED2_A3P,25,1.1284
7ED2_A3P,26,1.1889
7ED2_A3P,27,0.9971
7ED2_A3P,28,4.6777
7ED2_A3P,29,4.4323
7ED2_A3P,3,2.2443
7ED2_A3P,30,4.6180
7ED2_A3P,31,4.4698
7ED2_A3P,32,2.7876
7ED2_A3P,33,4.7614
7ED2_A3P,34,2.5784
7ED2_A3P,35,4.8113
7ED2_A3P,36,4.7527
7ED2_A3P,37,4.2034
7ED2_A3P,38,1.5528
7ED2_A3P,39,3.9820
7ED2_A3P,4,4.2413
7ED2_A3P,5,4.8914
7ED2_A3P,6,1.3114
7ED2_A3P,7,1.2769
7ED2_A3P,8,4.7800
7ED2_A3P,9,2.7836
7ELT_TYM,0,1.3673
7ELT_TYM,1,2.1860
7ELT_TYM,10,0.8058
7ELT_TYM,11,1.4186
7ELT_TYM,12,0.6566
7ELT_TYM,13,1.4904
7ELT_TYM,14,0.8872
7ELT_TYM,15,2.0952
7ELT_TYM,16,1.8505
7ELT_TYM,17,2.2289
7ELT_TYM,18,2.7062
7ELT_TYM,19,0.4236
7ELT_TYM,2,2.2925
7ELT_TYM,20,1.4780
7ELT_TYM,21,1.3251
7ELT_TYM,22,0.7521
7ELT_TYM,23,0.9939
7ELT_TYM,24,2.0585
7ELT_TYM,25,1.1329
7ELT_TYM,26,1.3714
7ELT_TYM,27,0.8128
7ELT_TYM,28,2.0243
7ELT_TYM,29,2.8147
7ELT_TYM,3,0.9193
7ELT_TYM,30,2.4007
7ELT_TYM,31,2.6726
7ELT_TYM,32,2.3450
7ELT_TYM,33,2.4360
7ELT_TYM,34,1.5239
7ELT_TYM,35,2.0529
7ELT_TYM,36,2.6622
7ELT_TYM,37,1.6177
7ELT_TYM,38,1.1820
7ELT_TYM,39,1.8649
7ELT_TYM,4,2.1476
7ELT_TYM,5,1.6104
7ELT_TYM,6,1.3674
7ELT_TYM,7,1.1133
7ELT_TYM,8,1.6079
7ELT_TYM,9,1.8531
7EPV_FDA,0,4.9267
7EPV_FDA,1,3.8410
7EPV_FDA,10,2.3838
7EPV_FDA,11,13.6698
7EPV_FDA,12,14.1227
7EPV_FDA,13,3.9939
7EPV_FDA,14,3.3648
7EPV_FDA,15,3.2555
7EPV_FDA,16,1.7447
7EPV_FDA,17,6.8115
7EPV_FDA,18,2.6051
7EPV_FDA,19,10.7085
7EPV_FDA,2,2.4315
7EPV_FDA,20,4.4102
7EPV_FDA,21,14.2466
7EPV_FDA,22,13.1360
7EPV_FDA,23,13.5088
7EPV_FDA,24,12.6590
7EPV_FDA,25,4.1428
7EPV_FDA,26,5.6176
7EPV_FDA,27,13.1751
7EPV_FDA,28,2.1224
7EPV_FDA,29,1.8854
7EPV_FDA,3,4.2239
7EPV_FDA,30,13.5086
7EPV_FDA,31,4.2403
7EPV_FDA,32,12.6175
7EPV_FDA,33,2.7173
7EPV_FDA,34,4.0915
7EPV_FDA,35,6.8075
7EPV_FDA,36,13.2773
7EPV_FDA,37,13.8435
7EPV_FDA,38,13.0308
7EPV_FDA,39,4.2656
7EPV_FDA,4,4.1173
7EPV_FDA,5,13.9167
7EPV_FDA,6,14.1846
7EPV_FDA,7,4.2678
7EPV_FDA,8,3.6482
7EPV_FDA,9,4.2039
7ES1_UDP,0,1.2456
7ES1_UDP,1,2.2299
7ES1_UDP,10,1.3730
7ES1_UDP,11,1.6361
7ES1_UDP,12,1.4908
7ES1_UDP,13,6.9956
7ES1_UDP,14,1.9659
7ES1_UDP,15,1.4237
7ES1_UDP,16,1.0256
7ES1_UDP,17,1.6048
7ES1_UDP,18,1.6875
7ES1_UDP,19,2.6465
7ES1_UDP,2,1.8412
7ES1_UDP,20,1.7725
7ES1_UDP,21,1.2783
7ES1_UDP,22,0.9881
7ES1_UDP,23,1.7901
7ES1_UDP,24,1.1653
7ES1_UDP,25,2.4544
7ES1_UDP,26,1.1912
7ES1_UDP,27,1.2705
7ES1_UDP,28,0.8894
7ES1_UDP,29,1.5274
7ES1_UDP,3,1.2890
7ES1_UDP,30,1.4104
7ES1_UDP,31,1.6560
7ES1_UDP,32,2.1089
7ES1_UDP,33,1.9360
7ES1_UDP,34,1.3486
7ES1_UDP,35,1.3182
7ES1_UDP,36,2.3260
7ES1_UDP,37,1.1748
7ES1_UDP,38,1.6024
7ES1_UDP,39,2.1099
7ES1_UDP,4,1.0984
7ES1_UDP,5,1.9360
7ES1_UDP,6,1.5635
7ES1_UDP,7,1.4311
7ES1_UDP,8,1.5618
7ES1_UDP,9,1.7254
7F51_BA7,0,2.5528
7F51_BA7,1,2.2825
7F51_BA7,10,1.6967
7F51_BA7,11,1.7593
7F51_BA7,12,2.9306
7F51_BA7,13,1.7748
7F51_BA7,14,1.0600
7F51_BA7,15,1.8720
7F51_BA7,16,1.7713
7F51_BA7,17,1.4395
7F51_BA7,18,1.6837
7F51_BA7,19,1.1064
7F51_BA7,2,2.2886
7F51_BA7,20,0.9190
7F51_BA7,21,1.7830
7F51_BA7,22,0.8880
7F51_BA7,23,1.0617
7F51_BA7,24,2.0942
7F51_BA7,25,1.9729
7F51_BA7,26,2.2689
7F51_BA7,27,1.8022
7F51_BA7,28,1.7813
7F51_BA7,29,2.5410
7F51_BA7,3,2.0062
7F51_BA7,30,2.0690
7F51_BA7,31,2.1152
7F51_BA7,32,1.4798
7F51_BA7,33,1.4825
7F51_BA7,34,1.1100
7F51_BA7,35,1.0292
7F51_BA7,36,2.6357
7F51_BA7,37,12.3647
7F51_BA7,38,1.7692
7F51_BA7,39,1.9902
7F51_BA7,4,1.4073
7F51_BA7,5,1.1370
7F51_BA7,6,1.8455
7F51_BA7,7,0.9581
7F51_BA7,8,1.8353
7F51_BA7,9,1.6423
7F5D_EUO,0,6.3051
7F5D_EUO,1,1.9034
7F5D_EUO,10,6.1802
7F5D_EUO,11,6.6994
7F5D_EUO,12,5.9549
7F5D_EUO,13,6.8743
7F5D_EUO,14,2.7618
7F5D_EUO,15,6.4290
7F5D_EUO,16,6.5704
7F5D_EUO,17,6.3132
7F5D_EUO,18,6.7948
7F5D_EUO,19,3.4238
7F5D_EUO,2,6.7675
7F5D_EUO,20,1.6964
7F5D_EUO,21,6.8546
7F5D_EUO,22,6.4065
7F5D_EUO,23,5.6918
7F5D_EUO,24,5.0795
7F5D_EUO,25,6.5445
7F5D_EUO,26,6.4271
7F5D_EUO,27,6.7001
7F5D_EUO,28,6.6648
7F5D_EUO,29,3.4438
7F5D_EUO,3,6.6377
7F5D_EUO,30,7.1997
7F5D_EUO,31,6.2971
7F5D_EUO,32,5.4700
7F5D_EUO,33,6.3535
7F5D_EUO,34,6.2977
7F5D_EUO,35,6.6915
7F5D_EUO,36,1.6536
7F5D_EUO,37,6.6811
7F5D_EUO,38,3.6583
7F5D_EUO,39,6.6170
7F5D_EUO,4,6.6168
7F5D_EUO,5,6.7850
7F5D_EUO,6,6.6689
7F5D_EUO,7,3.4114
7F5D_EUO,8,6.2765
7F5D_EUO,9,6.4912
7F8T_FAD,0,3.8586
7F8T_FAD,1,5.3593
7F8T_FAD,10,5.9226
7F8T_FAD,11,6.2690
7F8T_FAD,12,6.3130
7F8T_FAD,13,6.0467
7F8T_FAD,14,2.2153
7F8T_FAD,15,6.1877
7F8T_FAD,16,6.0498
7F8T_FAD,17,5.4740
7F8T_FAD,18,3.6630
7F8T_FAD,19,5.4152
7F8T_FAD,2,4.3721
7F8T_FAD,20,7.2610
7F8T_FAD,21,5.8435
7F8T_FAD,22,4.8590
7F8T_FAD,23,6.9553
7F8T_FAD,24,5.7319
7F8T_FAD,25,6.3917
7F8T_FAD,26,6.8789
7F8T_FAD,27,3.5786
7F8T_FAD,28,6.3467
7F8T_FAD,29,4.8068
7F8T_FAD,3,5.3028
7F8T_FAD,30,7.1731
7F8T_FAD,31,3.1385
7F8T_FAD,32,9.3526
7F8T_FAD,33,6.9917
7F8T_FAD,34,5.1758
7F8T_FAD,35,5.4723
7F8T_FAD,36,6.7905
7F8T_FAD,37,4.8087
7F8T_FAD,38,7.9272
7F8T_FAD,39,4.8478
7F8T_FAD,4,4.8366
7F8T_FAD,5,6.4660
7F8T_FAD,6,5.5696
7F8T_FAD,7,4.1420
7F8T_FAD,8,6.1247
7F8T_FAD,9,8.6535
7FB7_8NF,0,3.2041
7FB7_8NF,1,0.4199
7FB7_8NF,10,0.6726
7FB7_8NF,11,3.0972
7FB7_8NF,12,0.2565
7FB7_8NF,13,3.2622
7FB7_8NF,14,1.0176
7FB7_8NF,15,0.5151
7FB7_8NF,16,0.4206
7FB7_8NF,17,3.2519
7FB7_8NF,18,0.5355
7FB7_8NF,19,0.6008
7FB7_8NF,2,0.4824
7FB7_8NF,20,0.5908
7FB7_8NF,21,3.2869
7FB7_8NF,22,3.2724
7FB7_8NF,23,3.3005
7FB7_8NF,24,3.2259
7FB7_8NF,25,0.3728
7FB7_8NF,26,3.3241
7FB7_8NF,27,0.4763
7FB7_8NF,28,2.6178
7FB7_8NF,29,3.8514
7FB7_8NF,3,3.6855
7FB7_8NF,30,3.2524
7FB7_8NF,31,3.2688
7FB7_8NF,32,0.4328
7FB7_8NF,33,0.3354
7FB7_8NF,34,0.8235
7FB7_8NF,35,0.7295
7FB7_8NF,36,3.2416
7FB7_8NF,37,3.9366
7FB7_8NF,38,3.2581
7FB7_8NF,39,0.3926
7FB7_8NF,4,3.3169
7FB7_8NF,5,3.2528
7FB7_8NF,6,3.2912
7FB7_8NF,7,2.1952
7FB7_8NF,8,3.2891
7FB7_8NF,9,0.6317
7FHA_ADX,0,1.3218
7FHA_ADX,1,1.9750
7FHA_ADX,10,2.1320
7FHA_ADX,11,1.8822
7FHA_ADX,12,2.0665
7FHA_ADX,13,1.4412
7FHA_ADX,14,1.9475
7FHA_ADX,15,1.6486
7FHA_ADX,16,0.6835
7FHA_ADX,17,1.8686
7FHA_ADX,18,1.2321
7FHA_ADX,19,1.9283
7FHA_ADX,2,1.5167
7FHA_ADX,20,1.7051
7FHA_ADX,21,6.8903
7FHA_ADX,22,0.8134
7FHA_ADX,23,1.3230
7FHA_ADX,24,2.2871
7FHA_ADX,24,1.6732
7FHA_ADX,25,1.2559
7FHA_ADX,26,3.8638
7FHA_ADX,27,2.9681
7FHA_ADX,28,2.5434
7FHA_ADX,29,2.0367
7FHA_ADX,3,1.0611
7FHA_ADX,30,3.5207
7FHA_ADX,31,1.2852
7FHA_ADX,32,3.1527
7FHA_ADX,33,1.1937
7FHA_ADX,34,2.4369
7FHA_ADX,35,3.3784
7FHA_ADX,36,1.7360
7FHA_ADX,37,2.0749
7FHA_ADX,38,0.9025
7FHA_ADX,39,1.2504
7FHA_ADX,4,0.6608
7FHA_ADX,5,1.8440
7FHA_ADX,6,1.8854
7FHA_ADX,7,2.3404
7FHA_ADX,8,1.6983
7FHA_ADX,9,0.8270
7FRX_O88,0,1.3444
7FRX_O88,1,10.2318
7FRX_O88,10,1.8416
7FRX_O88,11,10.2751
7FRX_O88,12,10.1194
7FRX_O88,13,2.8894
7FRX_O88,14,10.4043
7FRX_O88,15,10.4704
7FRX_O88,16,10.1439
7FRX_O88,17,10.1304
7FRX_O88,18,10.4126
7FRX_O88,19,10.2276
7FRX_O88,2,1.2201
7FRX_O88,20,1.9109
7FRX_O88,21,10.4378
7FRX_O88,22,10.2343
7FRX_O88,23,10.1306
7FRX_O88,24,1.6308
7FRX_O88,25,2.3819
7FRX_O88,26,1.7450
7FRX_O88,27,10.3144
7FRX_O88,28,9.3818
7FRX_O88,29,9.7870
7FRX_O88,3,10.1544
7FRX_O88,30,1.6455
7FRX_O88,31,10.4472
7FRX_O88,32,10.1973
7FRX_O88,33,9.6540
7FRX_O88,34,10.3049
7FRX_O88,35,10.1396
7FRX_O88,36,9.0420
7FRX_O88,37,2.0596
7FRX_O88,38,9.8841
7FRX_O88,39,1.8591
7FRX_O88,4,9.9081
7FRX_O88,5,1.2909
7FRX_O88,6,1.2931
7FRX_O88,7,10.3065
7FRX_O88,8,10.2071
7FRX_O88,9,1.8774
7FT9_4MB,0,5.7725
7FT9_4MB,1,5.9147
7FT9_4MB,10,5.6921
7FT9_4MB,11,5.7667
7FT9_4MB,12,1.7940
7FT9_4MB,13,1.8761
7FT9_4MB,14,4.4789
7FT9_4MB,15,0.6907
7FT9_4MB,16,1.7580
7FT9_4MB,17,1.3878
7FT9_4MB,18,5.6959
7FT9_4MB,19,1.5176
7FT9_4MB,2,1.1740
7FT9_4MB,20,1.8012
7FT9_4MB,21,1.1255
7FT9_4MB,22,1.0344
7FT9_4MB,23,5.5980
7FT9_4MB,24,1.4592
7FT9_4MB,25,5.7399
7FT9_4MB,26,1.2778
7FT9_4MB,27,2.0043
7FT9_4MB,28,1.5829
7FT9_4MB,29,1.2507
7FT9_4MB,3,1.9425
7FT9_4MB,30,0.8866
7FT9_4MB,31,1.2454
7FT9_4MB,32,5.6129
7FT9_4MB,33,0.7064
7FT9_4MB,34,1.3077
7FT9_4MB,35,1.2835
7FT9_4MB,36,1.5910
7FT9_4MB,37,1.1744
7FT9_4MB,38,1.5838
7FT9_4MB,39,1.4484
7FT9_4MB,4,1.1745
7FT9_4MB,5,1.0614
7FT9_4MB,6,1.8584
7FT9_4MB,7,1.1519
7FT9_4MB,8,4.1249
7FT9_4MB,9,5.4706
7JG0_GAR,0,1.7654
7JG0_GAR,1,1.5698
7JG0_GAR,10,1.6780
7JG0_GAR,11,1.6215
7JG0_GAR,12,1.4598
7JG0_GAR,13,1.8889
7JG0_GAR,14,1.7412
7JG0_GAR,15,2.2584
7JG0_GAR,16,0.9719
7JG0_GAR,17,1.5419
7JG0_GAR,18,1.4444
7JG0_GAR,19,1.4504
7JG0_GAR,2,1.8142
7JG0_GAR,20,1.2747
7JG0_GAR,21,1.1929
7JG0_GAR,22,1.9213
7JG0_GAR,23,2.5553
7JG0_GAR,24,2.3641
7JG0_GAR,25,2.8303
7JG0_GAR,26,1.6787
7JG0_GAR,27,1.8051
7JG0_GAR,28,1.5110
7JG0_GAR,29,1.3925
7JG0_GAR,3,2.6308
7JG0_GAR,30,2.1576
7JG0_GAR,31,1.8257
7JG0_GAR,32,1.7694
7JG0_GAR,33,2.0142
7JG0_GAR,34,1.9211
7JG0_GAR,35,1.2044
7JG0_GAR,36,1.3825
7JG0_GAR,37,1.3985
7JG0_GAR,38,2.1793
7JG0_GAR,39,1.3974
7JG0_GAR,4,1.3353
7JG0_GAR,5,1.6178
7JG0_GAR,6,2.1836
7JG0_GAR,7,1.4229
7JG0_GAR,8,1.0295
7JG0_GAR,9,2.7114
7JHQ_VAJ,0,6.9311
7JHQ_VAJ,1,1.3832
7JHQ_VAJ,10,1.4715
7JHQ_VAJ,11,1.4200
7JHQ_VAJ,12,7.1469
7JHQ_VAJ,13,6.9644
7JHQ_VAJ,14,7.0893
7JHQ_VAJ,15,1.6411
7JHQ_VAJ,16,1.9091
7JHQ_VAJ,17,1.7434
7JHQ_VAJ,18,7.2114
7JHQ_VAJ,19,1.5484
7JHQ_VAJ,2,1.6963
7JHQ_VAJ,20,2.1547
7JHQ_VAJ,21,7.1534
7JHQ_VAJ,22,2.6233
7JHQ_VAJ,23,2.9795
7JHQ_VAJ,24,1.5414
7JHQ_VAJ,25,7.1871
7JHQ_VAJ,26,3.0854
7JHQ_VAJ,27,7.0650
7JHQ_VAJ,28,7.0744
7JHQ_VAJ,29,2.1610
7JHQ_VAJ,3,7.1796
7JHQ_VAJ,30,1.4903
7JHQ_VAJ,31,7.2297
7JHQ_VAJ,32,7.0485
7JHQ_VAJ,33,1.1798
7JHQ_VAJ,34,7.1857
7JHQ_VAJ,35,1.3838
7JHQ_VAJ,36,1.6865
7JHQ_VAJ,37,7.1496
7JHQ_VAJ,38,7.1959
7JHQ_VAJ,39,7.0810
7JHQ_VAJ,4,7.0463
7JHQ_VAJ,5,1.8340
7JHQ_VAJ,6,7.1335
7JHQ_VAJ,7,2.5195
7JHQ_VAJ,8,1.2270
7JHQ_VAJ,9,1.3046
7JMV_4NC,0,0.5802
7JMV_4NC,1,1.0323
7JMV_4NC,10,2.0034
7JMV_4NC,11,0.7965
7JMV_4NC,12,0.3218
7JMV_4NC,13,0.3658
7JMV_4NC,14,0.3952
7JMV_4NC,15,2.0688
7JMV_4NC,16,1.9985
7JMV_4NC,17,1.4024
7JMV_4NC,18,2.1239
7JMV_4NC,19,0.3227
7JMV_4NC,2,1.2723
7JMV_4NC,20,2.1319
7JMV_4NC,21,0.9775
7JMV_4NC,22,2.1691
7JMV_4NC,23,2.0998
7JMV_4NC,24,0.6225
7JMV_4NC,25,0.8049
7JMV_4NC,26,2.0022
7JMV_4NC,27,1.9543
7JMV_4NC,28,1.0873
7JMV_4NC,29,0.2232
7JMV_4NC,3,4.2301
7JMV_4NC,30,1.7032
7JMV_4NC,31,2.1818
7JMV_4NC,32,2.0378
7JMV_4NC,33,0.8499
7JMV_4NC,34,0.8392
7JMV_4NC,35,0.9488
7JMV_4NC,36,0.2833
7JMV_4NC,37,0.8676
7JMV_4NC,38,0.6661
7JMV_4NC,39,1.6776
7JMV_4NC,4,0.3433
7JMV_4NC,5,2.1804
7JMV_4NC,6,0.9849
7JMV_4NC,7,0.4484
7JMV_4NC,8,0.2362
7JMV_4NC,9,0.3128
7JXX_VP7,0,1.4959
7JXX_VP7,1,0.7638
7JXX_VP7,10,1.3138
7JXX_VP7,11,1.8020
7JXX_VP7,12,1.2281
7JXX_VP7,13,0.7704
7JXX_VP7,14,4.5817
7JXX_VP7,15,1.0032
7JXX_VP7,16,4.1317
7JXX_VP7,17,5.8900
7JXX_VP7,18,1.8825
7JXX_VP7,19,0.9318
7JXX_VP7,2,7.9766
7JXX_VP7,20,3.7231
7JXX_VP7,21,1.1786
7JXX_VP7,22,1.2590
7JXX_VP7,23,1.1620
7JXX_VP7,24,0.9160
7JXX_VP7,25,3.9168
7JXX_VP7,26,1.1472
7JXX_VP7,27,0.8389
7JXX_VP7,28,0.8339
7JXX_VP7,29,1.8025
7JXX_VP7,3,1.0868
7JXX_VP7,30,0.8270
7JXX_VP7,31,5.9458
7JXX_VP7,32,4.1327
7JXX_VP7,33,1.0518
7JXX_VP7,34,7.2242
7JXX_VP7,35,0.7286
7JXX_VP7,36,1.1838
7JXX_VP7,37,0.7464
7JXX_VP7,38,0.9340
7JXX_VP7,39,0.9360
7JXX_VP7,4,4.4907
7JXX_VP7,5,5.4056
7JXX_VP7,6,2.2987
7JXX_VP7,7,1.8363
7JXX_VP7,8,0.8512
7JXX_VP7,9,1.1622
7JY3_VUD,0,6.5165
7JY3_VUD,1,3.8685
7JY3_VUD,10,0.9073
7JY3_VUD,11,3.4708
7JY3_VUD,12,3.7612
7JY3_VUD,13,3.3116
7JY3_VUD,14,1.5889
7JY3_VUD,15,3.3561
7JY3_VUD,16,3.3649
7JY3_VUD,17,2.2039
7JY3_VUD,18,3.6371
7JY3_VUD,19,6.8536
7JY3_VUD,2,3.3216
7JY3_VUD,20,3.2067
7JY3_VUD,21,1.1764
7JY3_VUD,22,3.9777
7JY3_VUD,23,4.2020
7JY3_VUD,24,4.4040
7JY3_VUD,25,3.8484
7JY3_VUD,26,3.4157
7JY3_VUD,27,4.0586
7JY3_VUD,28,3.3549
7JY3_VUD,29,2.5062
7JY3_VUD,3,4.2884
7JY3_VUD,30,3.3634
7JY3_VUD,31,4.6821
7JY3_VUD,32,2.1425
7JY3_VUD,33,5.3311
7JY3_VUD,34,4.7694
7JY3_VUD,35,3.3529
7JY3_VUD,36,3.3331
7JY3_VUD,37,3.0226
7JY3_VUD,38,1.5744
7JY3_VUD,39,4.3539
7JY3_VUD,4,4.1576
7JY3_VUD,5,3.7430
7JY3_VUD,6,3.0163
7JY3_VUD,7,3.5021
7JY3_VUD,8,1.6687
7JY3_VUD,9,4.6885
7K0V_VQP,0,1.9799
7K0V_VQP,1,1.8099
7K0V_VQP,10,1.8421
7K0V_VQP,11,1.8617
7K0V_VQP,12,1.9659
7K0V_VQP,13,0.8864
7K0V_VQP,14,1.9470
7K0V_VQP,15,1.8703
7K0V_VQP,16,0.8084
7K0V_VQP,17,0.5784
7K0V_VQP,18,1.9109
7K0V_VQP,19,0.5978
7K0V_VQP,2,1.8995
7K0V_VQP,20,1.7970
7K0V_VQP,21,0.4053
7K0V_VQP,22,0.3306
7K0V_VQP,23,1.9355
7K0V_VQP,24,0.8201
7K0V_VQP,25,1.8802
7K0V_VQP,26,1.9826
7K0V_VQP,27,2.0539
7K0V_VQP,28,1.8052
7K0V_VQP,29,1.8960
7K0V_VQP,3,1.8556
7K0V_VQP,30,1.8762
7K0V_VQP,31,0.8693
7K0V_VQP,32,1.9392
7K0V_VQP,33,0.5484
7K0V_VQP,34,2.0149
7K0V_VQP,35,1.2561
7K0V_VQP,36,2.0577
7K0V_VQP,37,1.8595
7K0V_VQP,38,1.7861
7K0V_VQP,39,0.3183
7K0V_VQP,4,1.8911
7K0V_VQP,5,0.4429
7K0V_VQP,6,1.8747
7K0V_VQP,7,0.3915
7K0V_VQP,8,2.0014
7K0V_VQP,9,0.5674
7KB1_WBJ,0,2.2042
7KB1_WBJ,1,1.2165
7KB1_WBJ,10,1.2855
7KB1_WBJ,11,2.2051
7KB1_WBJ,12,1.0156
7KB1_WBJ,13,1.8098
7KB1_WBJ,14,1.2140
7KB1_WBJ,15,0.9111
7KB1_WBJ,16,5.2562
7KB1_WBJ,17,1.9601
7KB1_WBJ,18,1.4641
7KB1_WBJ,19,1.3727
7KB1_WBJ,2,1.6421
7KB1_WBJ,20,1.1405
7KB1_WBJ,21,1.8245
7KB1_WBJ,22,2.1269
7KB1_WBJ,23,1.2258
7KB1_WBJ,24,1.5134
7KB1_WBJ,25,1.3471
7KB1_WBJ,26,1.6944
7KB1_WBJ,27,1.5961
7KB1_WBJ,28,1.3590
7KB1_WBJ,29,1.3160
7KB1_WBJ,3,1.4820
7KB1_WBJ,30,1.6315
7KB1_WBJ,31,0.9447
7KB1_WBJ,32,1.0477
7KB1_WBJ,33,1.2251
7KB1_WBJ,34,1.3634
7KB1_WBJ,35,1.1581
7KB1_WBJ,36,2.2664
7KB1_WBJ,37,1.2857
7KB1_WBJ,38,1.8618
7KB1_WBJ,39,2.3175
7KB1_WBJ,4,1.2655
7KB1_WBJ,5,1.2418
7KB1_WBJ,6,1.2812
7KB1_WBJ,7,1.7523
7KB1_WBJ,8,1.3312
7KB1_WBJ,9,1.2793
7KC5_BJZ,0,1.1488
7KC5_BJZ,1,1.4952
7KC5_BJZ,10,0.9940
7KC5_BJZ,11,1.6956
7KC5_BJZ,12,1.3843
7KC5_BJZ,13,2.5369
7KC5_BJZ,14,1.4246
7KC5_BJZ,15,1.0580
7KC5_BJZ,16,1.1068
7KC5_BJZ,17,1.7107
7KC5_BJZ,18,0.7143
7KC5_BJZ,19,1.0986
7KC5_BJZ,2,2.5023
7KC5_BJZ,20,1.0277
7KC5_BJZ,21,1.2998
7KC5_BJZ,22,3.9977
7KC5_BJZ,23,1.0297
7KC5_BJZ,24,1.4996
7KC5_BJZ,25,1.3866
7KC5_BJZ,26,0.9689
7KC5_BJZ,27,1.6063
7KC5_BJZ,28,1.9894
7KC5_BJZ,29,1.5698
7KC5_BJZ,3,1.3129
7KC5_BJZ,30,0.2969
7KC5_BJZ,31,1.0414
7KC5_BJZ,32,1.3898
7KC5_BJZ,33,1.1567
7KC5_BJZ,34,1.8717
7KC5_BJZ,35,2.4314
7KC5_BJZ,36,1.0260
7KC5_BJZ,37,2.2748
7KC5_BJZ,38,2.1020
7KC5_BJZ,39,1.9798
7KC5_BJZ,4,1.3556
7KC5_BJZ,5,2.5832
7KC5_BJZ,6,0.8071
7KC5_BJZ,7,0.8991
7KC5_BJZ,8,0.7751
7KC5_BJZ,9,4.3246
7KM8_WPD,0,2.0977
7KM8_WPD,1,2.0310
7KM8_WPD,10,1.2734
7KM8_WPD,11,2.3709
7KM8_WPD,12,2.7060
7KM8_WPD,13,1.5137
7KM8_WPD,14,2.5860
7KM8_WPD,15,1.9167
7KM8_WPD,16,2.4815
7KM8_WPD,17,2.2673
7KM8_WPD,18,2.2563
7KM8_WPD,19,2.7804
7KM8_WPD,2,1.7101
7KM8_WPD,20,2.7040
7KM8_WPD,21,1.9637
7KM8_WPD,22,1.8279
7KM8_WPD,23,2.3363
7KM8_WPD,24,2.6806
7KM8_WPD,25,2.7026
7KM8_WPD,26,2.5209
7KM8_WPD,27,1.6205
7KM8_WPD,28,2.7937
7KM8_WPD,29,1.7865
7KM8_WPD,3,2.6167
7KM8_WPD,30,1.1647
7KM8_WPD,31,1.6835
7KM8_WPD,32,1.8487
7KM8_WPD,33,1.6743
7KM8_WPD,34,1.4627
7KM8_WPD,35,2.7904
7KM8_WPD,36,1.9535
7KM8_WPD,37,2.4951
7KM8_WPD,38,1.6576
7KM8_WPD,39,2.6140
7KM8_WPD,4,2.5383
7KM8_WPD,5,2.9957
7KM8_WPD,6,2.6042
7KM8_WPD,7,2.6625
7KM8_WPD,8,2.4075
7KM8_WPD,9,1.6830
7KQU_YOF,0,1.0202
7KQU_YOF,1,2.0937
7KQU_YOF,10,2.3232
7KQU_YOF,11,1.8075
7KQU_YOF,12,1.0624
7KQU_YOF,13,2.2808
7KQU_YOF,14,2.0303
7KQU_YOF,15,1.9646
7KQU_YOF,16,2.3467
7KQU_YOF,17,1.6741
7KQU_YOF,18,2.2309
7KQU_YOF,19,2.1903
7KQU_YOF,2,1.2168
7KQU_YOF,20,2.3497
7KQU_YOF,21,2.0820
7KQU_YOF,22,1.3442
7KQU_YOF,23,1.9595
7KQU_YOF,24,2.1160
7KQU_YOF,25,1.3515
7KQU_YOF,26,2.4153
7KQU_YOF,27,1.0847
7KQU_YOF,28,1.0974
7KQU_YOF,29,1.2324
7KQU_YOF,3,2.2967
7KQU_YOF,30,1.3341
7KQU_YOF,31,2.0217
7KQU_YOF,32,1.0254
7KQU_YOF,33,1.3113
7KQU_YOF,34,2.2633
7KQU_YOF,35,1.0934
7KQU_YOF,36,1.0962
7KQU_YOF,37,5.9264
7KQU_YOF,38,2.2701
7KQU_YOF,39,1.2211
7KQU_YOF,4,1.9020
7KQU_YOF,5,1.2260
7KQU_YOF,6,2.0415
7KQU_YOF,7,1.1829
7KQU_YOF,8,1.4439
7KQU_YOF,9,1.1000
7KRU_ATP,0,0.6837
7KRU_ATP,1,0.8153
7KRU_ATP,10,1.8793
7KRU_ATP,11,0.7525
7KRU_ATP,12,1.8271
7KRU_ATP,13,1.1159
7KRU_ATP,14,1.8415
7KRU_ATP,15,1.0282
7KRU_ATP,16,1.6204
7KRU_ATP,17,1.8160
7KRU_ATP,18,0.9750
7KRU_ATP,19,1.8895
7KRU_ATP,2,0.9195
7KRU_ATP,20,0.9790
7KRU_ATP,21,1.0198
7KRU_ATP,22,0.8307
7KRU_ATP,23,1.9288
7KRU_ATP,24,1.1657
7KRU_ATP,25,1.2288
7KRU_ATP,26,1.3580
7KRU_ATP,27,3.4073
7KRU_ATP,28,2.2625
7KRU_ATP,29,1.1472
7KRU_ATP,3,0.9087
7KRU_ATP,30,0.5784
7KRU_ATP,31,1.8758
7KRU_ATP,32,1.9765
7KRU_ATP,33,1.7630
7KRU_ATP,34,2.0346
7KRU_ATP,35,0.9802
7KRU_ATP,36,1.0169
7KRU_ATP,37,1.3891
7KRU_ATP,38,0.4590
7KRU_ATP,39,2.0977
7KRU_ATP,4,2.3173
7KRU_ATP,5,1.3020
7KRU_ATP,6,1.2945
7KRU_ATP,7,0.7544
7KRU_ATP,8,1.7027
7KRU_ATP,9,0.9040
7KZ9_XN7,0,5.6937
7KZ9_XN7,1,1.3855
7KZ9_XN7,10,1.2891
7KZ9_XN7,11,1.1627
7KZ9_XN7,12,5.6044
7KZ9_XN7,13,5.7155
7KZ9_XN7,14,1.0681
7KZ9_XN7,15,5.4945
7KZ9_XN7,16,5.8399
7KZ9_XN7,17,5.4494
7KZ9_XN7,18,1.6226
7KZ9_XN7,19,5.4501
7KZ9_XN7,2,5.4523
7KZ9_XN7,20,1.1227
7KZ9_XN7,21,5.6469
7KZ9_XN7,22,1.5750
7KZ9_XN7,23,5.8470
7KZ9_XN7,24,5.7396
7KZ9_XN7,25,5.5889
7KZ9_XN7,26,5.7572
7KZ9_XN7,27,5.7794
7KZ9_XN7,28,1.1545
7KZ9_XN7,29,1.2464
7KZ9_XN7,3,1.2877
7KZ9_XN7,30,5.6014
7KZ9_XN7,31,5.7215
7KZ9_XN7,32,1.7040
7KZ9_XN7,33,5.8345
7KZ9_XN7,34,5.7113
7KZ9_XN7,35,5.6454
7KZ9_XN7,36,0.8015
7KZ9_XN7,37,1.9286
7KZ9_XN7,38,1.4393
7KZ9_XN7,39,6.0893
7KZ9_XN7,4,5.8681
7KZ9_XN7,5,5.5244
7KZ9_XN7,6,1.9445
7KZ9_XN7,7,5.7460
7KZ9_XN7,8,1.3988
7KZ9_XN7,9,5.4724
7L00_XCJ,0,1.9998
7L00_XCJ,1,9.5335
7L00_XCJ,10,2.0647
7L00_XCJ,11,1.8889
7L00_XCJ,12,1.5710
7L00_XCJ,13,1.3112
7L00_XCJ,14,10.0113
7L00_XCJ,15,1.1994
7L00_XCJ,16,1.3242
7L00_XCJ,17,2.1631
7L00_XCJ,18,1.2810
7L00_XCJ,19,1.4576
7L00_XCJ,2,0.7006
7L00_XCJ,20,1.6197
7L00_XCJ,21,1.0137
7L00_XCJ,22,1.6796
7L00_XCJ,23,2.2409
7L00_XCJ,24,0.8125
7L00_XCJ,25,9.8892
7L00_XCJ,26,1.3646
7L00_XCJ,27,0.8499
7L00_XCJ,28,2.3651
7L00_XCJ,29,1.3627
7L00_XCJ,3,2.0269
7L00_XCJ,30,9.8380
7L00_XCJ,31,9.7460
7L00_XCJ,32,1.0262
7L00_XCJ,33,1.7221
7L00_XCJ,34,10.0080
7L00_XCJ,35,1.2647
7L00_XCJ,36,1.8067
7L00_XCJ,37,2.3113
7L00_XCJ,38,0.9404
7L00_XCJ,39,1.3171
7L00_XCJ,4,10.0518
7L00_XCJ,5,1.6450
7L00_XCJ,6,2.1942
7L00_XCJ,7,1.8364
7L00_XCJ,8,0.9357
7L00_XCJ,9,1.0668
7L03_F9F,0,1.2458
7L03_F9F,1,1.1626
7L03_F9F,10,1.3436
7L03_F9F,11,1.0829
7L03_F9F,12,0.7241
7L03_F9F,13,1.0033
7L03_F9F,14,1.9224
7L03_F9F,15,1.3055
7L03_F9F,16,1.3351
7L03_F9F,17,1.3201
7L03_F9F,18,1.1967
7L03_F9F,19,1.1127
7L03_F9F,2,1.3096
7L03_F9F,20,1.8306
7L03_F9F,21,1.4418
7L03_F9F,22,1.5422
7L03_F9F,23,0.6374
7L03_F9F,24,1.0427
7L03_F9F,25,1.0592
7L03_F9F,26,1.1773
7L03_F9F,27,1.3596
7L03_F9F,28,1.2643
7L03_F9F,29,1.4080
7L03_F9F,3,0.9194
7L03_F9F,30,0.8578
7L03_F9F,31,1.7901
7L03_F9F,32,1.5013
7L03_F9F,33,1.5340
7L03_F9F,34,1.3338
7L03_F9F,35,0.7863
7L03_F9F,36,1.0111
7L03_F9F,37,1.1336
7L03_F9F,38,0.7318
7L03_F9F,39,1.0764
7L03_F9F,4,1.1324
7L03_F9F,5,0.9573
7L03_F9F,6,0.7298
7L03_F9F,7,1.3244
7L03_F9F,8,0.7686
7L03_F9F,9,1.0231
7L5F_XNG,0,8.2638
7L5F_XNG,1,1.7385
7L5F_XNG,10,1.7588
7L5F_XNG,11,1.8685
7L5F_XNG,12,7.6820
7L5F_XNG,13,8.9804
7L5F_XNG,14,1.8025
7L5F_XNG,15,2.2509
7L5F_XNG,16,2.2730
7L5F_XNG,17,2.2739
7L5F_XNG,18,1.9729
7L5F_XNG,19,7.5077
7L5F_XNG,2,1.8625
7L5F_XNG,20,2.0501
7L5F_XNG,21,8.6792
7L5F_XNG,22,1.9674
7L5F_XNG,23,5.9599
7L5F_XNG,24,1.6765
7L5F_XNG,25,1.5516
7L5F_XNG,26,1.6467
7L5F_XNG,27,6.4366
7L5F_XNG,28,2.8888
7L5F_XNG,29,8.2513
7L5F_XNG,3,7.5686
7L5F_XNG,30,1.8776
7L5F_XNG,31,1.9754
7L5F_XNG,32,1.4524
7L5F_XNG,33,2.9299
7L5F_XNG,34,8.4858
7L5F_XNG,35,8.1889
7L5F_XNG,36,2.0503
7L5F_XNG,37,1.6156
7L5F_XNG,38,2.0474
7L5F_XNG,39,1.6471
7L5F_XNG,4,2.2086
7L5F_XNG,5,2.8414
7L5F_XNG,6,3.9002
7L5F_XNG,7,8.2612
7L5F_XNG,8,2.5803
7L5F_XNG,9,7.6313
7L7C_XQ1,0,2.1384
7L7C_XQ1,1,2.6964
7L7C_XQ1,10,1.0582
7L7C_XQ1,11,0.9374
7L7C_XQ1,12,1.9931
7L7C_XQ1,13,1.1199
7L7C_XQ1,14,2.0695
7L7C_XQ1,15,2.0356
7L7C_XQ1,16,1.5077
7L7C_XQ1,17,1.9686
7L7C_XQ1,18,2.0528
7L7C_XQ1,19,0.8038
7L7C_XQ1,2,2.6444
7L7C_XQ1,20,2.0408
7L7C_XQ1,21,2.4713
7L7C_XQ1,22,2.0558
7L7C_XQ1,23,2.7756
7L7C_XQ1,24,2.7875
7L7C_XQ1,25,0.9070
7L7C_XQ1,26,0.7474
7L7C_XQ1,27,0.9547
7L7C_XQ1,28,0.9868
7L7C_XQ1,29,1.2235
7L7C_XQ1,3,2.0494
7L7C_XQ1,30,2.1185
7L7C_XQ1,31,0.9928
7L7C_XQ1,32,1.4075
7L7C_XQ1,33,2.0574
7L7C_XQ1,34,1.0414
7L7C_XQ1,35,2.9096
7L7C_XQ1,36,2.1173
7L7C_XQ1,37,2.0252
7L7C_XQ1,38,2.2788
7L7C_XQ1,39,2.5806
7L7C_XQ1,4,2.9585
7L7C_XQ1,5,2.7578
7L7C_XQ1,6,0.7325
7L7C_XQ1,7,1.0286
7L7C_XQ1,8,2.0121
7L7C_XQ1,9,0.4788
7LCU_XTA,0,1.6687
7LCU_XTA,1,1.1329
7LCU_XTA,10,2.0316
7LCU_XTA,11,1.1673
7LCU_XTA,12,1.6752
7LCU_XTA,13,1.6316
7LCU_XTA,14,1.7633
7LCU_XTA,15,1.3603
7LCU_XTA,16,9.5523
7LCU_XTA,17,1.5914
7LCU_XTA,18,2.0047
7LCU_XTA,19,2.0960
7LCU_XTA,2,1.5049
7LCU_XTA,20,2.3130
7LCU_XTA,21,10.7500
7LCU_XTA,22,1.3046
7LCU_XTA,23,2.4062
7LCU_XTA,24,1.3883
7LCU_XTA,25,0.8181
7LCU_XTA,26,1.6950
7LCU_XTA,27,10.6701
7LCU_XTA,28,1.3808
7LCU_XTA,29,2.0943
7LCU_XTA,3,1.0186
7LCU_XTA,30,1.6850
7LCU_XTA,31,10.8316
7LCU_XTA,32,1.3847
7LCU_XTA,33,2.4240
7LCU_XTA,34,1.0064
7LCU_XTA,35,2.2399
7LCU_XTA,36,1.9740
7LCU_XTA,37,1.4659
7LCU_XTA,38,9.8930
7LCU_XTA,39,1.6022
7LCU_XTA,4,2.3680
7LCU_XTA,5,0.9000
7LCU_XTA,6,10.5080
7LCU_XTA,7,1.2100
7LCU_XTA,8,1.7633
7LCU_XTA,9,2.4120
7LEV_0JO,0,1.4945
7LEV_0JO,1,5.5253
7LEV_0JO,10,2.1955
7LEV_0JO,11,1.3649
7LEV_0JO,12,1.1972
7LEV_0JO,13,5.6909
7LEV_0JO,14,1.0422
7LEV_0JO,15,0.9485
7LEV_0JO,16,1.0312
7LEV_0JO,17,1.5775
7LEV_0JO,18,5.5261
7LEV_0JO,19,1.8993
7LEV_0JO,2,5.1016
7LEV_0JO,20,5.8344
7LEV_0JO,21,5.5328
7LEV_0JO,22,1.9969
7LEV_0JO,23,5.3828
7LEV_0JO,24,5.7251
7LEV_0JO,25,5.8092
7LEV_0JO,26,5.6591
7LEV_0JO,27,1.4657
7LEV_0JO,28,5.6943
7LEV_0JO,29,2.0428
7LEV_0JO,3,1.3804
7LEV_0JO,30,0.8504
7LEV_0JO,31,5.4698
7LEV_0JO,32,5.9365
7LEV_0JO,33,5.7955
7LEV_0JO,34,5.7059
7LEV_0JO,35,5.4854
7LEV_0JO,36,5.2580
7LEV_0JO,37,1.3346
7LEV_0JO,38,5.8268
7LEV_0JO,39,5.7279
7LEV_0JO,4,1.1972
7LEV_0JO,5,5.4462
7LEV_0JO,6,4.6162
7LEV_0JO,7,5.5109
7LEV_0JO,8,5.4000
7LEV_0JO,9,5.8248
7LJN_GTP,0,1.6754
7LJN_GTP,1,4.4684
7LJN_GTP,10,2.0409
7LJN_GTP,11,2.8699
7LJN_GTP,12,2.3840
7LJN_GTP,13,2.2245
7LJN_GTP,14,2.1996
7LJN_GTP,15,1.6479
7LJN_GTP,16,2.9960
7LJN_GTP,17,1.4885
7LJN_GTP,18,2.1455
7LJN_GTP,19,2.3371
7LJN_GTP,2,2.0031
7LJN_GTP,20,1.8819
7LJN_GTP,21,1.5790
7LJN_GTP,22,7.0973
7LJN_GTP,23,1.7889
7LJN_GTP,24,2.5797
7LJN_GTP,25,1.9925
7LJN_GTP,26,3.0840
7LJN_GTP,27,1.4268
7LJN_GTP,28,2.8548
7LJN_GTP,29,2.3469
7LJN_GTP,3,2.3959
7LJN_GTP,30,2.1211
7LJN_GTP,31,1.6671
7LJN_GTP,32,3.0259
7LJN_GTP,33,1.4079
7LJN_GTP,34,1.3917
7LJN_GTP,35,1.4139
7LJN_GTP,36,2.0527
7LJN_GTP,37,2.5164
7LJN_GTP,38,2.9043
7LJN_GTP,39,3.8913
7LJN_GTP,4,2.4362
7LJN_GTP,5,2.4831
7LJN_GTP,6,2.7880
7LJN_GTP,7,2.2798
7LJN_GTP,8,1.4738
7LJN_GTP,9,2.7040
7LMO_NYO,0,2.0986
7LMO_NYO,1,2.6049
7LMO_NYO,10,2.2985
7LMO_NYO,11,2.0016
7LMO_NYO,12,2.1596
7LMO_NYO,13,1.0160
7LMO_NYO,14,2.4746
7LMO_NYO,15,1.9205
7LMO_NYO,16,1.8086
7LMO_NYO,17,4.6159
7LMO_NYO,18,0.9313
7LMO_NYO,19,2.7097
7LMO_NYO,2,0.9967
7LMO_NYO,20,6.8817
7LMO_NYO,21,1.9575
7LMO_NYO,22,2.4199
7LMO_NYO,23,0.8782
7LMO_NYO,24,2.3192
7LMO_NYO,25,2.4770
7LMO_NYO,26,1.7447
7LMO_NYO,27,1.2147
7LMO_NYO,28,2.0213
7LMO_NYO,29,2.6798
7LMO_NYO,3,1.8183
7LMO_NYO,30,2.4574
7LMO_NYO,31,2.5969
7LMO_NYO,32,1.7596
7LMO_NYO,33,0.8368
7LMO_NYO,34,2.8388
7LMO_NYO,35,2.1572
7LMO_NYO,36,3.1701
7LMO_NYO,37,2.2571
7LMO_NYO,38,5.2058
7LMO_NYO,39,2.4506
7LMO_NYO,4,2.1292
7LMO_NYO,5,2.0229
7LMO_NYO,6,7.1162
7LMO_NYO,7,2.4462
7LMO_NYO,8,2.2361
7LMO_NYO,9,2.1543
7LOE_Y84,0,0.7395
7LOE_Y84,1,0.2715
7LOE_Y84,10,3.3777
7LOE_Y84,11,4.1950
7LOE_Y84,12,3.4233
7LOE_Y84,13,3.3851
7LOE_Y84,14,2.5704
7LOE_Y84,15,4.2413
7LOE_Y84,16,3.3885
7LOE_Y84,17,3.3982
7LOE_Y84,18,0.6217
7LOE_Y84,19,3.3703
7LOE_Y84,2,3.4210
7LOE_Y84,20,0.6507
7LOE_Y84,21,4.2060
7LOE_Y84,22,2.5584
7LOE_Y84,23,4.2353
7LOE_Y84,24,3.3685
7LOE_Y84,25,3.3886
7LOE_Y84,26,2.5245
7LOE_Y84,27,3.3953
7LOE_Y84,28,0.7015
7LOE_Y84,28,3.4318
7LOE_Y84,29,0.4422
7LOE_Y84,3,3.3210
7LOE_Y84,30,3.3990
7LOE_Y84,31,0.2056
7LOE_Y84,32,0.4563
7LOE_Y84,33,2.5161
7LOE_Y84,34,0.1000
7LOE_Y84,35,0.8533
7LOE_Y84,36,4.1918
7LOE_Y84,37,3.4348
7LOE_Y84,38,4.2213
7LOE_Y84,39,2.5222
7LOE_Y84,4,0.5366
7LOE_Y84,5,2.5855
7LOE_Y84,6,2.6813
7LOE_Y84,7,0.3564
7LOE_Y84,8,0.5132
7LOE_Y84,9,4.1953
7LOU_IFM,0,0.8641
7LOU_IFM,1,4.0431
7LOU_IFM,10,0.6706
7LOU_IFM,11,0.6770
7LOU_IFM,12,3.4272
7LOU_IFM,13,1.1432
7LOU_IFM,14,0.8534
7LOU_IFM,15,0.4361
7LOU_IFM,16,3.3972
7LOU_IFM,17,0.8007
7LOU_IFM,18,3.3434
7LOU_IFM,19,1.3575
7LOU_IFM,2,0.6786
7LOU_IFM,20,0.9863
7LOU_IFM,21,1.2051
7LOU_IFM,22,0.5095
7LOU_IFM,23,0.9755
7LOU_IFM,24,0.6099
7LOU_IFM,25,3.9661
7LOU_IFM,26,2.4076
7LOU_IFM,27,0.3856
7LOU_IFM,28,0.9983
7LOU_IFM,29,0.8666
7LOU_IFM,3,0.4741
7LOU_IFM,30,1.0569
7LOU_IFM,31,3.4677
7LOU_IFM,32,1.8345
7LOU_IFM,33,1.2390
7LOU_IFM,34,3.4296
7LOU_IFM,35,2.7024
7LOU_IFM,36,1.0228
7LOU_IFM,37,0.2574
7LOU_IFM,38,0.8963
7LOU_IFM,39,0.8872
7LOU_IFM,4,2.4115
7LOU_IFM,5,1.2590
7LOU_IFM,6,1.1572
7LOU_IFM,7,0.4238
7LOU_IFM,8,0.8470
7LOU_IFM,9,0.6638
7LT0_ONJ,0,0.6376
7LT0_ONJ,1,1.7479
7LT0_ONJ,10,1.2277
7LT0_ONJ,11,7.0044
7LT0_ONJ,12,2.0104
7LT0_ONJ,13,1.8063
7LT0_ONJ,14,4.4082
7LT0_ONJ,15,7.5369
7LT0_ONJ,16,2.4234
7LT0_ONJ,17,0.7547
7LT0_ONJ,18,1.9449
7LT0_ONJ,18,1.6097
7LT0_ONJ,19,1.1865
7LT0_ONJ,2,0.7506
7LT0_ONJ,20,1.4442
7LT0_ONJ,21,1.4010
7LT0_ONJ,22,1.1300
7LT0_ONJ,23,0.7644
7LT0_ONJ,24,0.7717
7LT0_ONJ,25,2.1594
7LT0_ONJ,26,1.7363
7LT0_ONJ,27,1.0990
7LT0_ONJ,28,1.2928
7LT0_ONJ,29,6.1740
7LT0_ONJ,3,7.7053
7LT0_ONJ,30,2.0300
7LT0_ONJ,31,1.2504
7LT0_ONJ,32,1.9417
7LT0_ONJ,33,1.6637
7LT0_ONJ,34,1.7245
7LT0_ONJ,35,7.1714
7LT0_ONJ,36,1.1261
7LT0_ONJ,37,0.8279
7LT0_ONJ,38,8.1214
7LT0_ONJ,39,7.4577
7LT0_ONJ,4,1.3494
7LT0_ONJ,5,1.3780
7LT0_ONJ,6,7.5377
7LT0_ONJ,7,6.9235
7LT0_ONJ,8,7.4573
7LT0_ONJ,9,0.8213
7LZD_YHY,0,10.1421
7LZD_YHY,1,10.1250
7LZD_YHY,10,10.3490
7LZD_YHY,11,10.0163
7LZD_YHY,12,10.1671
7LZD_YHY,13,1.0046
7LZD_YHY,14,10.2871
7LZD_YHY,15,1.3331
7LZD_YHY,16,10.1046
7LZD_YHY,17,2.1226
7LZD_YHY,18,2.1183
7LZD_YHY,19,3.2142
7LZD_YHY,2,2.1236
7LZD_YHY,20,10.2040
7LZD_YHY,21,10.1727
7LZD_YHY,22,10.0672
7LZD_YHY,23,2.0799
7LZD_YHY,24,2.0676
7LZD_YHY,25,2.1189
7LZD_YHY,26,10.3166
7LZD_YHY,27,10.1068
7LZD_YHY,28,1.3133
7LZD_YHY,29,1.3582
7LZD_YHY,3,10.5252
7LZD_YHY,30,10.5745
7LZD_YHY,31,9.8101
7LZD_YHY,32,2.6700
7LZD_YHY,33,10.2110
7LZD_YHY,34,10.6079
7LZD_YHY,35,2.5027
7LZD_YHY,36,2.2069
7LZD_YHY,37,2.0004
7LZD_YHY,38,2.0007
7LZD_YHY,39,9.9748
7LZD_YHY,4,10.2944
7LZD_YHY,5,9.8999
7LZD_YHY,6,10.1956
7LZD_YHY,7,10.4470
7LZD_YHY,8,10.1263
7LZD_YHY,9,10.2554
7M31_TDR,0,3.3334
7M31_TDR,1,0.9159
7M31_TDR,10,1.0649
7M31_TDR,11,2.1509
7M31_TDR,12,2.8212
7M31_TDR,13,3.0587
7M31_TDR,14,2.2043
7M31_TDR,15,0.9899
7M31_TDR,16,0.9223
7M31_TDR,17,2.2054
7M31_TDR,18,3.2878
7M31_TDR,19,2.5980
7M31_TDR,19,3.2435
7M31_TDR,2,1.4079
7M31_TDR,20,2.1573
7M31_TDR,21,1.6961
7M31_TDR,22,3.9597
7M31_TDR,23,1.0206
7M31_TDR,24,3.8310
7M31_TDR,25,2.3221
7M31_TDR,26,2.0857
7M31_TDR,27,1.4188
7M31_TDR,28,2.1087
7M31_TDR,29,3.2618
7M31_TDR,3,1.7654
7M31_TDR,30,2.1976
7M31_TDR,31,2.1003
7M31_TDR,32,0.5118
7M31_TDR,33,2.1162
7M31_TDR,34,1.2318
7M31_TDR,35,2.6977
7M31_TDR,36,2.2825
7M31_TDR,37,2.1538
7M31_TDR,38,3.8298
7M31_TDR,39,3.8079
7M31_TDR,4,0.7851
7M31_TDR,5,2.2262
7M31_TDR,6,2.2613
7M31_TDR,7,3.3193
7M31_TDR,8,0.7425
7M31_TDR,9,2.8648
7M3H_YPV,0,2.1030
7M3H_YPV,1,2.5069
7M3H_YPV,10,2.1425
7M3H_YPV,11,2.0223
7M3H_YPV,12,1.0721
7M3H_YPV,13,1.9879
7M3H_YPV,14,2.1185
7M3H_YPV,15,1.4220
7M3H_YPV,16,1.2783
7M3H_YPV,17,2.1088
7M3H_YPV,18,1.3099
7M3H_YPV,19,1.2426
7M3H_YPV,2,2.3355
7M3H_YPV,20,2.3824
7M3H_YPV,21,3.0400
7M3H_YPV,22,2.1882
7M3H_YPV,23,1.2532
7M3H_YPV,24,2.7256
7M3H_YPV,25,2.2486
7M3H_YPV,26,1.8689
7M3H_YPV,27,1.8824
7M3H_YPV,28,1.5788
7M3H_YPV,29,0.8123
7M3H_YPV,3,1.6705
7M3H_YPV,30,1.2917
7M3H_YPV,31,1.1813
7M3H_YPV,32,2.2073
7M3H_YPV,33,3.1119
7M3H_YPV,34,1.6277
7M3H_YPV,35,2.1329
7M3H_YPV,36,1.5929
7M3H_YPV,37,1.1853
7M3H_YPV,38,1.2455
7M3H_YPV,39,2.5665
7M3H_YPV,4,2.6242
7M3H_YPV,5,1.6514
7M3H_YPV,6,2.2452
7M3H_YPV,7,0.9724
7M3H_YPV,8,2.1763
7M3H_YPV,9,1.8802
7M6K_YRJ,0,10.2409
7M6K_YRJ,1,10.0640
7M6K_YRJ,10,9.1491
7M6K_YRJ,11,9.7562
7M6K_YRJ,11,9.3375
7M6K_YRJ,12,9.8462
7M6K_YRJ,13,7.9949
7M6K_YRJ,14,9.0005
7M6K_YRJ,15,9.4414
7M6K_YRJ,16,1.7496
7M6K_YRJ,17,7.7368
7M6K_YRJ,18,9.0580
7M6K_YRJ,19,9.9399
7M6K_YRJ,2,9.3531
7M6K_YRJ,20,1.3146
7M6K_YRJ,21,9.5398
7M6K_YRJ,22,9.4066
7M6K_YRJ,23,9.5744
7M6K_YRJ,24,1.4556
7M6K_YRJ,25,4.9348
7M6K_YRJ,26,9.4815
7M6K_YRJ,27,8.9988
7M6K_YRJ,28,9.5620
7M6K_YRJ,29,1.8728
7M6K_YRJ,3,9.2115
7M6K_YRJ,30,9.4165
7M6K_YRJ,31,9.4555
7M6K_YRJ,32,9.3538
7M6K_YRJ,33,9.7643
7M6K_YRJ,34,8.3210
7M6K_YRJ,35,3.9405
7M6K_YRJ,36,7.5247
7M6K_YRJ,37,9.5767
7M6K_YRJ,38,10.2199
7M6K_YRJ,39,10.3254
7M6K_YRJ,4,9.9244
7M6K_YRJ,5,8.9314
7M6K_YRJ,6,8.3918
7M6K_YRJ,7,10.6705
7M6K_YRJ,8,8.1364
7M6K_YRJ,9,10.0974
7MFP_Z7P,0,12.4231
7MFP_Z7P,1,2.0717
7MFP_Z7P,10,2.6928
7MFP_Z7P,11,10.1089
7MFP_Z7P,12,2.6145
7MFP_Z7P,13,2.1186
7MFP_Z7P,14,11.9188
7MFP_Z7P,15,2.0839
7MFP_Z7P,16,1.5725
7MFP_Z7P,17,3.3607
7MFP_Z7P,18,3.8555
7MFP_Z7P,19,11.5098
7MFP_Z7P,2,11.7562
7MFP_Z7P,20,2.6048
7MFP_Z7P,21,10.7047
7MFP_Z7P,22,11.1766
7MFP_Z7P,23,2.8443
7MFP_Z7P,24,2.1596
7MFP_Z7P,25,2.4828
7MFP_Z7P,26,3.8046
7MFP_Z7P,27,3.2263
7MFP_Z7P,28,1.5269
7MFP_Z7P,29,3.1662
7MFP_Z7P,3,10.9005
7MFP_Z7P,30,1.3211
7MFP_Z7P,31,2.2279
7MFP_Z7P,32,1.6881
7MFP_Z7P,33,2.2594
7MFP_Z7P,34,2.7770
7MFP_Z7P,35,9.4159
7MFP_Z7P,36,2.5089
7MFP_Z7P,37,2.1362
7MFP_Z7P,38,2.1059
7MFP_Z7P,39,11.0490
7MFP_Z7P,4,2.3463
7MFP_Z7P,5,3.3142
7MFP_Z7P,6,11.3591
7MFP_Z7P,7,11.1861
7MFP_Z7P,8,10.4096
7MFP_Z7P,9,10.2296
7MGT_ZD4,0,2.3883
7MGT_ZD4,1,2.3034
7MGT_ZD4,10,1.4108
7MGT_ZD4,11,2.2514
7MGT_ZD4,12,1.4840
7MGT_ZD4,13,1.5993
7MGT_ZD4,14,2.8774
7MGT_ZD4,15,1.5289
7MGT_ZD4,16,1.0602
7MGT_ZD4,17,2.3934
7MGT_ZD4,18,2.7399
7MGT_ZD4,19,2.2477
7MGT_ZD4,2,1.3033
7MGT_ZD4,20,2.5356
7MGT_ZD4,21,2.4165
7MGT_ZD4,22,2.4854
7MGT_ZD4,23,2.0430
7MGT_ZD4,24,2.1505
7MGT_ZD4,25,2.4340
7MGT_ZD4,26,1.1042
7MGT_ZD4,27,1.9652
7MGT_ZD4,28,0.9245
7MGT_ZD4,29,2.6491
7MGT_ZD4,3,2.3966
7MGT_ZD4,3,2.2292
7MGT_ZD4,30,2.8565
7MGT_ZD4,31,2.2825
7MGT_ZD4,32,2.2000
7MGT_ZD4,33,1.7768
7MGT_ZD4,34,2.3686
7MGT_ZD4,35,2.2994
7MGT_ZD4,36,1.2982
7MGT_ZD4,37,2.2041
7MGT_ZD4,38,2.2353
7MGT_ZD4,39,2.3565
7MGT_ZD4,4,1.2726
7MGT_ZD4,5,0.9949
7MGT_ZD4,6,1.3090
7MGT_ZD4,7,2.2425
7MGT_ZD4,8,1.2271
7MGT_ZD4,9,2.1792
7MGY_ZD1,0,5.7005
7MGY_ZD1,1,1.3324
7MGY_ZD1,10,1.0355
7MGY_ZD1,11,1.9415
7MGY_ZD1,12,5.5899
7MGY_ZD1,13,5.8286
7MGY_ZD1,14,5.7033
7MGY_ZD1,15,5.3898
7MGY_ZD1,16,1.4211
7MGY_ZD1,17,5.6237
7MGY_ZD1,18,5.6852
7MGY_ZD1,19,6.1723
7MGY_ZD1,2,5.8256
7MGY_ZD1,20,2.7776
7MGY_ZD1,21,5.9552
7MGY_ZD1,22,2.9192
7MGY_ZD1,23,5.8596
7MGY_ZD1,24,2.9400
7MGY_ZD1,25,5.8096
7MGY_ZD1,26,6.2484
7MGY_ZD1,27,5.8457
7MGY_ZD1,28,5.7757
7MGY_ZD1,29,0.9780
7MGY_ZD1,3,6.0664
7MGY_ZD1,30,1.1942
7MGY_ZD1,31,5.9055
7MGY_ZD1,32,5.8789
7MGY_ZD1,33,5.6543
7MGY_ZD1,34,5.7766
7MGY_ZD1,35,5.9810
7MGY_ZD1,36,5.8286
7MGY_ZD1,37,6.1111
7MGY_ZD1,38,5.8233
7MGY_ZD1,39,5.6866
7MGY_ZD1,4,1.6169
7MGY_ZD1,5,5.5391
7MGY_ZD1,6,5.8035
7MGY_ZD1,7,5.9212
7MGY_ZD1,8,5.8785
7MGY_ZD1,9,5.8200
7MMH_ZJY,0,2.1573
7MMH_ZJY,1,1.9713
7MMH_ZJY,10,2.1278
7MMH_ZJY,11,2.5001
7MMH_ZJY,12,1.8442
7MMH_ZJY,13,1.4745
7MMH_ZJY,14,2.3337
7MMH_ZJY,15,2.6993
7MMH_ZJY,16,2.4574
7MMH_ZJY,17,2.4429
7MMH_ZJY,18,1.9396
7MMH_ZJY,19,2.1856
7MMH_ZJY,2,1.4496
7MMH_ZJY,20,2.8941
7MMH_ZJY,21,1.6328
7MMH_ZJY,22,3.5979
7MMH_ZJY,23,1.9441
7MMH_ZJY,24,3.5391
7MMH_ZJY,25,5.5478
7MMH_ZJY,26,1.8540
7MMH_ZJY,27,1.4809
7MMH_ZJY,28,1.6447
7MMH_ZJY,29,2.0591
7MMH_ZJY,3,1.5282
7MMH_ZJY,30,2.6020
7MMH_ZJY,31,3.0745
7MMH_ZJY,32,2.4055
7MMH_ZJY,33,2.4318
7MMH_ZJY,34,2.1633
7MMH_ZJY,35,1.5297
7MMH_ZJY,36,4.1685
7MMH_ZJY,37,1.7599
7MMH_ZJY,38,1.6964
7MMH_ZJY,39,2.1843
7MMH_ZJY,4,2.0926
7MMH_ZJY,5,2.0470
7MMH_ZJY,6,3.3601
7MMH_ZJY,7,2.3557
7MMH_ZJY,8,2.2317
7MMH_ZJY,9,2.3030
7MOI_HPS,0,1.4853
7MOI_HPS,1,1.6730
7MOI_HPS,10,1.7118
7MOI_HPS,11,1.1764
7MOI_HPS,12,1.2213
7MOI_HPS,13,1.2034
7MOI_HPS,14,1.5045
7MOI_HPS,15,1.5400
7MOI_HPS,16,1.1949
7MOI_HPS,17,1.4549
7MOI_HPS,18,1.2965
7MOI_HPS,19,1.2952
7MOI_HPS,2,1.4994
7MOI_HPS,20,1.2738
7MOI_HPS,21,1.1789
7MOI_HPS,22,0.9202
7MOI_HPS,23,1.8958
7MOI_HPS,24,1.4582
7MOI_HPS,25,0.6349
7MOI_HPS,26,1.2582
7MOI_HPS,27,1.1628
7MOI_HPS,28,0.5124
7MOI_HPS,29,1.5798
7MOI_HPS,3,0.7136
7MOI_HPS,30,1.2896
7MOI_HPS,31,1.3015
7MOI_HPS,32,1.6762
7MOI_HPS,33,1.4047
7MOI_HPS,34,1.2369
7MOI_HPS,35,0.5443
7MOI_HPS,36,1.5343
7MOI_HPS,37,1.1429
7MOI_HPS,38,1.1405
7MOI_HPS,39,0.5280
7MOI_HPS,4,1.4464
7MOI_HPS,5,1.4192
7MOI_HPS,6,1.1478
7MOI_HPS,7,1.0454
7MOI_HPS,8,1.3657
7MOI_HPS,9,1.2977
7MSR_DCA,0,3.1654
7MSR_DCA,1,6.2232
7MSR_DCA,10,5.3037
7MSR_DCA,11,3.4170
7MSR_DCA,12,5.4428
7MSR_DCA,13,2.0851
7MSR_DCA,14,5.0224
7MSR_DCA,15,2.1754
7MSR_DCA,16,1.8985
7MSR_DCA,17,2.7102
7MSR_DCA,18,2.9966
7MSR_DCA,19,1.6263
7MSR_DCA,2,2.3126
7MSR_DCA,20,1.9838
7MSR_DCA,21,2.7216
7MSR_DCA,22,3.4057
7MSR_DCA,23,2.3486
7MSR_DCA,24,2.7239
7MSR_DCA,25,2.6603
7MSR_DCA,26,1.9589
7MSR_DCA,27,2.5170
7MSR_DCA,28,2.2544
7MSR_DCA,29,2.1269
7MSR_DCA,3,2.3769
7MSR_DCA,30,1.3815
7MSR_DCA,31,1.6634
7MSR_DCA,32,2.1723
7MSR_DCA,33,2.7951
7MSR_DCA,34,2.2407
7MSR_DCA,35,3.1377
7MSR_DCA,36,2.8220
7MSR_DCA,37,1.4461
7MSR_DCA,38,2.9034
7MSR_DCA,39,2.7152
7MSR_DCA,4,2.2482
7MSR_DCA,5,2.3678
7MSR_DCA,6,1.8961
7MSR_DCA,7,2.8137
7MSR_DCA,8,3.0228
7MSR_DCA,9,3.6696
7MWN_WI5,0,3.9174
7MWN_WI5,1,4.1001
7MWN_WI5,10,3.4295
7MWN_WI5,11,4.0017
7MWN_WI5,12,3.7693
7MWN_WI5,13,3.8099
7MWN_WI5,14,3.4336
7MWN_WI5,15,3.7354
7MWN_WI5,16,3.7970
7MWN_WI5,17,3.8645
7MWN_WI5,18,3.6220
7MWN_WI5,19,3.7066
7MWN_WI5,2,3.1977
7MWN_WI5,20,4.1501
7MWN_WI5,21,3.1025
7MWN_WI5,22,3.9752
7MWN_WI5,23,1.2805
7MWN_WI5,24,3.6753
7MWN_WI5,25,3.5926
7MWN_WI5,26,3.7833
7MWN_WI5,27,3.8833
7MWN_WI5,28,4.0190
7MWN_WI5,29,3.7183
7MWN_WI5,3,4.1134
7MWN_WI5,30,3.8347
7MWN_WI5,31,3.8156
7MWN_WI5,32,3.6620
7MWN_WI5,33,3.7126
7MWN_WI5,34,3.7493
7MWN_WI5,35,6.7878
7MWN_WI5,35,3.4283
7MWN_WI5,36,3.8203
7MWN_WI5,37,3.9530
7MWN_WI5,38,3.9462
7MWN_WI5,39,3.2923
7MWN_WI5,4,3.6298
7MWN_WI5,5,4.7669
7MWN_WI5,6,3.8064
7MWN_WI5,7,3.3732
7MWN_WI5,8,4.3728
7MWN_WI5,9,3.8019
7MWU_ZPM,0,2.2978
7MWU_ZPM,0,2.6490
7MWU_ZPM,1,1.1111
7MWU_ZPM,10,1.3577
7MWU_ZPM,11,2.9488
7MWU_ZPM,12,1.5495
7MWU_ZPM,13,1.7610
7MWU_ZPM,14,1.6406
7MWU_ZPM,15,1.4508
7MWU_ZPM,16,1.0892
7MWU_ZPM,17,1.1932
7MWU_ZPM,18,1.4467
7MWU_ZPM,19,1.3922
7MWU_ZPM,2,1.0674
7MWU_ZPM,20,0.9226
7MWU_ZPM,21,0.9746
7MWU_ZPM,22,1.3769
7MWU_ZPM,23,1.1448
7MWU_ZPM,24,0.5830
7MWU_ZPM,25,1.4066
7MWU_ZPM,26,1.5952
7MWU_ZPM,27,1.0908
7MWU_ZPM,28,1.3887
7MWU_ZPM,29,1.8079
7MWU_ZPM,3,1.4557
7MWU_ZPM,30,1.5277
7MWU_ZPM,31,1.4738
7MWU_ZPM,32,1.6564
7MWU_ZPM,33,2.4356
7MWU_ZPM,34,1.7463
7MWU_ZPM,35,1.7032
7MWU_ZPM,36,1.1561
7MWU_ZPM,37,2.2417
7MWU_ZPM,38,1.4507
7MWU_ZPM,39,1.0752
7MWU_ZPM,4,0.7653
7MWU_ZPM,5,1.4823
7MWU_ZPM,6,1.5443
7MWU_ZPM,7,1.0822
7MWU_ZPM,8,1.6651
7MWU_ZPM,9,2.5032
7MY1_IPE,0,2.1422
7MY1_IPE,1,1.6417
7MY1_IPE,10,1.2808
7MY1_IPE,11,1.2783
7MY1_IPE,12,2.7948
7MY1_IPE,13,2.4144
7MY1_IPE,14,1.7924
7MY1_IPE,15,1.6467
7MY1_IPE,16,1.8769
7MY1_IPE,17,1.3662
7MY1_IPE,18,2.5522
7MY1_IPE,19,2.4568
7MY1_IPE,2,1.5222
7MY1_IPE,20,1.6143
7MY1_IPE,21,1.5742
7MY1_IPE,22,1.6599
7MY1_IPE,23,1.6218
7MY1_IPE,24,2.8490
7MY1_IPE,25,1.5726
7MY1_IPE,26,1.6423
7MY1_IPE,27,1.8250
7MY1_IPE,28,2.6804
7MY1_IPE,29,2.7395
7MY1_IPE,3,1.0448
7MY1_IPE,30,2.0250
7MY1_IPE,31,1.8511
7MY1_IPE,32,1.5117
7MY1_IPE,33,1.6467
7MY1_IPE,34,2.6221
7MY1_IPE,35,1.9438
7MY1_IPE,36,1.9360
7MY1_IPE,37,1.5108
7MY1_IPE,38,1.5062
7MY1_IPE,39,1.8920
7MY1_IPE,4,1.7906
7MY1_IPE,5,2.7095
7MY1_IPE,6,1.8230
7MY1_IPE,7,2.1614
7MY1_IPE,8,1.4877
7MY1_IPE,9,1.8848
7MYU_ZR7,0,1.1636
7MYU_ZR7,1,2.2579
7MYU_ZR7,10,10.2956
7MYU_ZR7,11,9.7867
7MYU_ZR7,12,1.1657
7MYU_ZR7,13,1.0022
7MYU_ZR7,14,0.9385
7MYU_ZR7,15,9.8088
7MYU_ZR7,16,10.0848
7MYU_ZR7,17,1.4707
7MYU_ZR7,18,1.1000
7MYU_ZR7,19,0.9469
7MYU_ZR7,2,9.5481
7MYU_ZR7,20,1.1861
7MYU_ZR7,21,9.9311
7MYU_ZR7,22,1.2023
7MYU_ZR7,23,1.3180
7MYU_ZR7,24,0.8418
7MYU_ZR7,25,1.9633
7MYU_ZR7,26,1.3998
7MYU_ZR7,27,10.0874
7MYU_ZR7,28,10.1524
7MYU_ZR7,29,0.7753
7MYU_ZR7,3,1.4532
7MYU_ZR7,30,2.1459
7MYU_ZR7,31,1.2813
7MYU_ZR7,32,10.0459
7MYU_ZR7,33,0.8165
7MYU_ZR7,34,1.1493
7MYU_ZR7,35,1.6989
7MYU_ZR7,36,7.0893
7MYU_ZR7,37,0.9806
7MYU_ZR7,38,1.2842
7MYU_ZR7,39,0.6310
7MYU_ZR7,4,10.2797
7MYU_ZR7,5,7.5013
7MYU_ZR7,6,10.0366
7MYU_ZR7,7,10.2421
7MYU_ZR7,8,6.0316
7MYU_ZR7,9,1.7383
7N03_ZRP,0,6.7348
7N03_ZRP,1,1.7161
7N03_ZRP,10,2.2472
7N03_ZRP,11,1.9727
7N03_ZRP,12,1.9379
7N03_ZRP,13,1.4098
7N03_ZRP,14,1.4156
7N03_ZRP,15,1.0949
7N03_ZRP,16,1.0430
7N03_ZRP,17,1.3025
7N03_ZRP,18,0.9367
7N03_ZRP,19,0.9672
7N03_ZRP,2,2.7112
7N03_ZRP,20,6.7327
7N03_ZRP,21,1.9059
7N03_ZRP,22,4.3222
7N03_ZRP,23,6.1938
7N03_ZRP,24,1.2048
7N03_ZRP,25,1.0310
7N03_ZRP,26,0.9041
7N03_ZRP,27,1.7779
7N03_ZRP,28,2.0187
7N03_ZRP,29,0.9590
7N03_ZRP,3,0.6856
7N03_ZRP,30,1.1168
7N03_ZRP,31,1.5173
7N03_ZRP,32,1.1571
7N03_ZRP,33,3.3780
7N03_ZRP,34,1.2682
7N03_ZRP,35,6.8115
7N03_ZRP,36,1.4015
7N03_ZRP,37,1.5220
7N03_ZRP,38,1.3267
7N03_ZRP,39,1.8157
7N03_ZRP,4,1.8621
7N03_ZRP,5,6.5436
7N03_ZRP,6,6.8678
7N03_ZRP,7,6.3015
7N03_ZRP,8,0.9734
7N03_ZRP,9,1.0493
7N4N_0BK,0,1.6549
7N4N_0BK,1,1.7942
7N4N_0BK,10,2.0279
7N4N_0BK,11,1.7736
7N4N_0BK,12,1.3690
7N4N_0BK,13,2.2349
7N4N_0BK,14,1.2626
7N4N_0BK,15,2.1673
7N4N_0BK,16,1.6655
7N4N_0BK,17,1.6212
7N4N_0BK,18,2.2979
7N4N_0BK,19,2.2185
7N4N_0BK,2,1.1296
7N4N_0BK,20,1.1384
7N4N_0BK,21,1.8688
7N4N_0BK,22,1.6428
7N4N_0BK,23,1.9127
7N4N_0BK,24,2.1432
7N4N_0BK,25,1.1843
7N4N_0BK,26,2.6670
7N4N_0BK,27,2.4202
7N4N_0BK,28,1.6596
7N4N_0BK,29,1.2041
7N4N_0BK,3,1.8147
7N4N_0BK,30,1.2890
7N4N_0BK,31,1.5534
7N4N_0BK,32,2.3679
7N4N_0BK,33,1.3989
7N4N_0BK,34,1.0954
7N4N_0BK,35,2.3071
7N4N_0BK,36,7.5258
7N4N_0BK,37,1.9991
7N4N_0BK,38,1.3151
7N4N_0BK,39,1.5686
7N4N_0BK,4,1.5491
7N4N_0BK,5,2.1092
7N4N_0BK,6,1.6796
7N4N_0BK,7,2.3924
7N4N_0BK,8,1.5735
7N4N_0BK,9,1.2233
7N4W_P4V,0,0.9656
7N4W_P4V,1,7.9017
7N4W_P4V,10,0.8419
7N4W_P4V,11,0.6517
7N4W_P4V,12,0.9872
7N4W_P4V,13,7.7546
7N4W_P4V,14,2.0107
7N4W_P4V,15,7.5412
7N4W_P4V,16,7.8495
7N4W_P4V,17,7.8066
7N4W_P4V,18,7.5364
7N4W_P4V,19,0.4871
7N4W_P4V,2,0.4534
7N4W_P4V,20,8.1650
7N4W_P4V,21,1.3533
7N4W_P4V,22,2.3278
7N4W_P4V,23,1.5734
7N4W_P4V,24,3.1867
7N4W_P4V,25,7.6496
7N4W_P4V,26,0.7957
7N4W_P4V,27,7.8868
7N4W_P4V,28,7.8529
7N4W_P4V,29,0.7548
7N4W_P4V,3,0.3640
7N4W_P4V,30,3.0993
7N4W_P4V,31,0.9349
7N4W_P4V,32,7.6634
7N4W_P4V,33,0.5478
7N4W_P4V,34,0.6767
7N4W_P4V,35,1.4112
7N4W_P4V,36,3.2692
7N4W_P4V,37,0.7748
7N4W_P4V,38,7.6950
7N4W_P4V,39,8.0444
7N4W_P4V,4,2.8582
7N4W_P4V,5,7.8979
7N4W_P4V,6,2.9802
7N4W_P4V,7,0.6840
7N4W_P4V,8,7.7071
7N4W_P4V,9,3.2075
7N6F_0I1,0,3.9726
7N6F_0I1,1,1.3932
7N6F_0I1,10,4.0063
7N6F_0I1,11,1.4512
7N6F_0I1,12,2.3352
7N6F_0I1,13,1.6532
7N6F_0I1,14,1.5089
7N6F_0I1,15,3.9871
7N6F_0I1,16,1.6653
7N6F_0I1,17,1.9597
7N6F_0I1,18,3.9754
7N6F_0I1,19,4.0469
7N6F_0I1,2,3.9740
7N6F_0I1,20,1.7162
7N6F_0I1,21,3.7136
7N6F_0I1,22,3.9749
7N6F_0I1,23,3.4811
7N6F_0I1,24,1.2551
7N6F_0I1,25,6.5352
7N6F_0I1,26,3.9760
7N6F_0I1,27,6.9353
7N6F_0I1,28,3.9731
7N6F_0I1,29,1.6724
7N6F_0I1,3,4.0915
7N6F_0I1,30,4.1319
7N6F_0I1,31,1.5700
7N6F_0I1,32,4.0912
7N6F_0I1,33,3.9769
7N6F_0I1,34,1.3299
7N6F_0I1,35,7.5705
7N6F_0I1,36,7.0975
7N6F_0I1,37,3.9218
7N6F_0I1,38,1.7777
7N6F_0I1,39,0.9395
7N6F_0I1,4,2.0270
7N6F_0I1,5,1.9878
7N6F_0I1,6,1.4205
7N6F_0I1,7,7.6557
7N6F_0I1,8,5.6787
7N6F_0I1,9,4.0591
7N7B_T3F,0,2.7702
7N7B_T3F,1,2.1762
7N7B_T3F,10,3.0761
7N7B_T3F,11,4.3047
7N7B_T3F,12,7.4530
7N7B_T3F,13,2.5518
7N7B_T3F,14,4.0349
7N7B_T3F,15,5.2900
7N7B_T3F,16,5.1359
7N7B_T3F,17,2.9271
7N7B_T3F,18,2.7874
7N7B_T3F,19,4.0119
7N7B_T3F,2,4.2246
7N7B_T3F,20,3.0352
7N7B_T3F,21,3.4106
7N7B_T3F,22,2.9592
7N7B_T3F,23,8.4452
7N7B_T3F,24,4.6953
7N7B_T3F,25,2.1331
7N7B_T3F,26,4.3587
7N7B_T3F,27,2.8161
7N7B_T3F,28,3.0214
7N7B_T3F,29,8.5648
7N7B_T3F,3,8.8316
7N7B_T3F,30,7.3828
7N7B_T3F,31,2.8361
7N7B_T3F,32,3.8062
7N7B_T3F,33,2.8011
7N7B_T3F,34,6.3514
7N7B_T3F,35,3.0397
7N7B_T3F,36,7.2515
7N7B_T3F,37,1.3635
7N7B_T3F,38,6.5272
7N7B_T3F,39,1.6012
7N7B_T3F,4,2.9333
7N7B_T3F,5,2.5785
7N7B_T3F,6,4.0142
7N7B_T3F,7,4.1549
7N7B_T3F,8,2.3617
7N7B_T3F,9,2.8565
7N7H_CTP,0,1.7774
7N7H_CTP,1,1.7884
7N7H_CTP,10,1.5590
7N7H_CTP,11,2.1285
7N7H_CTP,12,2.1938
7N7H_CTP,13,1.1583
7N7H_CTP,14,1.7428
7N7H_CTP,15,1.6485
7N7H_CTP,16,2.3459
7N7H_CTP,17,1.4038
7N7H_CTP,18,1.4781
7N7H_CTP,19,2.0612
7N7H_CTP,2,1.4719
7N7H_CTP,20,2.5802
7N7H_CTP,21,1.9213
7N7H_CTP,22,2.2626
7N7H_CTP,23,1.1162
7N7H_CTP,24,1.6934
7N7H_CTP,25,1.9389
7N7H_CTP,26,1.3094
7N7H_CTP,27,1.2313
7N7H_CTP,28,2.2013
7N7H_CTP,29,1.5164
7N7H_CTP,3,2.0950
7N7H_CTP,30,1.3104
7N7H_CTP,31,1.8067
7N7H_CTP,32,1.9296
7N7H_CTP,33,1.8815
7N7H_CTP,34,1.3932
7N7H_CTP,35,1.7403
7N7H_CTP,36,1.9899
7N7H_CTP,37,1.5414
7N7H_CTP,38,2.3891
7N7H_CTP,39,1.9771
7N7H_CTP,4,1.7829
7N7H_CTP,5,1.3945
7N7H_CTP,6,1.8746
7N7H_CTP,7,1.9439
7N7H_CTP,8,2.0902
7N7H_CTP,9,1.7648
7NF0_BYN,0,4.5856
7NF0_BYN,1,4.5186
7NF0_BYN,10,4.5586
7NF0_BYN,11,1.2245
7NF0_BYN,12,4.4422
7NF0_BYN,13,1.2369
7NF0_BYN,14,1.3640
7NF0_BYN,15,1.2803
7NF0_BYN,16,4.8332
7NF0_BYN,17,4.4760
7NF0_BYN,18,4.4714
7NF0_BYN,19,1.4457
7NF0_BYN,2,1.3234
7NF0_BYN,20,4.8640
7NF0_BYN,21,1.2288
7NF0_BYN,22,4.3664
7NF0_BYN,23,4.5638
7NF0_BYN,24,1.0936
7NF0_BYN,25,4.4981
7NF0_BYN,26,4.5817
7NF0_BYN,27,4.6333
7NF0_BYN,28,1.2713
7NF0_BYN,29,1.4756
7NF0_BYN,3,4.5261
7NF0_BYN,30,1.3786
7NF0_BYN,31,4.4972
7NF0_BYN,32,4.4880
7NF0_BYN,33,1.7134
7NF0_BYN,34,1.4011
7NF0_BYN,35,4.5867
7NF0_BYN,36,4.6214
7NF0_BYN,37,4.4604
7NF0_BYN,38,4.4253
7NF0_BYN,39,1.1565
7NF0_BYN,4,4.4619
7NF0_BYN,5,4.6094
7NF0_BYN,6,0.9428
7NF0_BYN,7,4.6608
7NF0_BYN,8,4.5120
7NF0_BYN,9,5.1476
7NF3_4LU,0,4.7575
7NF3_4LU,1,4.5561
7NF3_4LU,10,4.4632
7NF3_4LU,11,4.5865
7NF3_4LU,12,4.6522
7NF3_4LU,13,1.0939
7NF3_4LU,14,4.6553
7NF3_4LU,15,4.6591
7NF3_4LU,16,4.6006
7NF3_4LU,17,4.4814
7NF3_4LU,18,4.6577
7NF3_4LU,19,4.5149
7NF3_4LU,2,4.5850
7NF3_4LU,20,1.4101
7NF3_4LU,21,4.4842
7NF3_4LU,22,4.5001
7NF3_4LU,23,4.5788
7NF3_4LU,24,4.5355
7NF3_4LU,25,4.7115
7NF3_4LU,26,4.4605
7NF3_4LU,27,0.8851
7NF3_4LU,28,4.5845
7NF3_4LU,29,4.5046
7NF3_4LU,3,4.6827
7NF3_4LU,30,4.6697
7NF3_4LU,31,4.6842
7NF3_4LU,32,4.5776
7NF3_4LU,33,4.4949
7NF3_4LU,34,4.5363
7NF3_4LU,35,1.2759
7NF3_4LU,36,4.6481
7NF3_4LU,37,4.6235
7NF3_4LU,38,4.4642
7NF3_4LU,39,4.7094
7NF3_4LU,4,4.5531
7NF3_4LU,5,1.4023
7NF3_4LU,6,1.2555
7NF3_4LU,7,4.6967
7NF3_4LU,8,0.9942
7NF3_4LU,9,4.5319
7NFB_GEN,0,0.2112
7NFB_GEN,1,0.2637
7NFB_GEN,10,0.1805
7NFB_GEN,11,0.2418
7NFB_GEN,12,0.9461
7NFB_GEN,13,2.3066
7NFB_GEN,14,2.2200
7NFB_GEN,15,2.2303
7NFB_GEN,16,2.2290
7NFB_GEN,17,2.2458
7NFB_GEN,18,2.3665
7NFB_GEN,19,2.2193
7NFB_GEN,2,2.2363
7NFB_GEN,20,2.2027
7NFB_GEN,21,2.2407
7NFB_GEN,22,2.2246
7NFB_GEN,23,0.2225
7NFB_GEN,24,2.0502
7NFB_GEN,25,2.2249
7NFB_GEN,26,2.2556
7NFB_GEN,27,0.1883
7NFB_GEN,28,0.2244
7NFB_GEN,29,2.2630
7NFB_GEN,3,2.2456
7NFB_GEN,30,2.2386
7NFB_GEN,31,2.3158
7NFB_GEN,32,2.2126
7NFB_GEN,33,2.3688
7NFB_GEN,34,0.2372
7NFB_GEN,35,2.3247
7NFB_GEN,36,0.4984
7NFB_GEN,37,2.2543
7NFB_GEN,38,0.3517
7NFB_GEN,39,0.2655
7NFB_GEN,4,2.2160
7NFB_GEN,5,2.2494
7NFB_GEN,6,0.6261
7NFB_GEN,7,2.2549
7NFB_GEN,8,0.7364
7NFB_GEN,9,2.2557
7NGW_UAW,0,6.9250
7NGW_UAW,1,6.9997
7NGW_UAW,10,6.8303
7NGW_UAW,11,7.0088
7NGW_UAW,12,6.9773
7NGW_UAW,13,7.0958
7NGW_UAW,14,7.0151
7NGW_UAW,15,6.9244
7NGW_UAW,16,6.9666
7NGW_UAW,17,6.9556
7NGW_UAW,18,6.9310
7NGW_UAW,19,6.9072
7NGW_UAW,2,7.0208
7NGW_UAW,20,0.1997
7NGW_UAW,21,7.0486
7NGW_UAW,22,6.9442
7NGW_UAW,23,6.9635
7NGW_UAW,24,6.9002
7NGW_UAW,25,6.8009
7NGW_UAW,26,7.0173
7NGW_UAW,27,6.9854
7NGW_UAW,28,6.9307
7NGW_UAW,29,6.9519
7NGW_UAW,3,6.7258
7NGW_UAW,30,6.9389
7NGW_UAW,31,6.9049
7NGW_UAW,32,6.8614
7NGW_UAW,33,6.9440
7NGW_UAW,34,7.0181
7NGW_UAW,35,6.9640
7NGW_UAW,36,6.9375
7NGW_UAW,37,6.9520
7NGW_UAW,38,6.8643
7NGW_UAW,39,6.9142
7NGW_UAW,4,6.9619
7NGW_UAW,5,7.0032
7NGW_UAW,6,6.9015
7NGW_UAW,7,6.7736
7NGW_UAW,8,6.9540
7NGW_UAW,9,6.9395
7NLV_UJE,0,1.2067
7NLV_UJE,1,1.2846
7NLV_UJE,10,0.7458
7NLV_UJE,11,1.3446
7NLV_UJE,12,1.1956
7NLV_UJE,13,1.3615
7NLV_UJE,14,1.0696
7NLV_UJE,15,1.6116
7NLV_UJE,16,1.3527
7NLV_UJE,17,1.2509
7NLV_UJE,18,1.5881
7NLV_UJE,19,1.5418
7NLV_UJE,2,1.2114
7NLV_UJE,20,1.1464
7NLV_UJE,21,1.2146
7NLV_UJE,22,1.0117
7NLV_UJE,23,1.4870
7NLV_UJE,24,1.4580
7NLV_UJE,25,1.1094
7NLV_UJE,26,1.6164
7NLV_UJE,27,0.9129
7NLV_UJE,28,1.2550
7NLV_UJE,29,1.4398
7NLV_UJE,3,1.5119
7NLV_UJE,30,1.2011
7NLV_UJE,31,1.1051
7NLV_UJE,32,2.8345
7NLV_UJE,33,1.3370
7NLV_UJE,34,1.1865
7NLV_UJE,35,1.4476
7NLV_UJE,36,1.3679
7NLV_UJE,37,0.9989
7NLV_UJE,38,1.0113
7NLV_UJE,39,1.2296
7NLV_UJE,4,1.4050
7NLV_UJE,5,1.0048
7NLV_UJE,6,1.2114
7NLV_UJE,7,1.2359
7NLV_UJE,8,1.2551
7NLV_UJE,9,1.2381
7NP6_UK8,0,2.4492
7NP6_UK8,1,2.5851
7NP6_UK8,10,0.9914
7NP6_UK8,11,0.7531
7NP6_UK8,12,2.4644
7NP6_UK8,13,0.5771
7NP6_UK8,14,0.6355
7NP6_UK8,15,2.3025
7NP6_UK8,16,2.3431
7NP6_UK8,17,5.2008
7NP6_UK8,18,1.4952
7NP6_UK8,19,0.3777
7NP6_UK8,2,0.7258
7NP6_UK8,20,1.3369
7NP6_UK8,21,2.5397
7NP6_UK8,22,0.7650
7NP6_UK8,23,0.8731
7NP6_UK8,24,0.5598
7NP6_UK8,25,4.9350
7NP6_UK8,26,0.6732
7NP6_UK8,27,2.3626
7NP6_UK8,28,0.3394
7NP6_UK8,29,0.3179
7NP6_UK8,3,2.4299
7NP6_UK8,30,0.5920
7NP6_UK8,31,2.5081
7NP6_UK8,32,0.7490
7NP6_UK8,33,0.4906
7NP6_UK8,34,0.8537
7NP6_UK8,35,0.7536
7NP6_UK8,36,2.5024
7NP6_UK8,37,4.6684
7NP6_UK8,38,0.4513
7NP6_UK8,39,2.1172
7NP6_UK8,4,2.4276
7NP6_UK8,5,2.0351
7NP6_UK8,6,2.4355
7NP6_UK8,7,2.3646
7NP6_UK8,8,2.1535
7NP6_UK8,9,0.6931
7NPL_UKZ,0,2.1235
7NPL_UKZ,1,2.6797
7NPL_UKZ,10,1.6149
7NPL_UKZ,11,2.3381
7NPL_UKZ,12,3.0253
7NPL_UKZ,13,2.6287
7NPL_UKZ,14,2.7081
7NPL_UKZ,15,0.7784
7NPL_UKZ,16,3.4565
7NPL_UKZ,17,0.5534
7NPL_UKZ,18,2.3711
7NPL_UKZ,19,1.9801
7NPL_UKZ,2,1.6728
7NPL_UKZ,20,1.8831
7NPL_UKZ,21,1.7529
7NPL_UKZ,22,2.5064
7NPL_UKZ,23,2.7197
7NPL_UKZ,24,2.6483
7NPL_UKZ,25,1.9242
7NPL_UKZ,26,1.5668
7NPL_UKZ,27,2.9779
7NPL_UKZ,28,2.6968
7NPL_UKZ,29,2.7212
7NPL_UKZ,3,2.4375
7NPL_UKZ,30,1.9679
7NPL_UKZ,31,4.2923
7NPL_UKZ,32,2.0390
7NPL_UKZ,33,2.8311
7NPL_UKZ,34,1.9373
7NPL_UKZ,35,1.1558
7NPL_UKZ,36,1.6971
7NPL_UKZ,37,2.6977
7NPL_UKZ,38,0.4694
7NPL_UKZ,39,1.0769
7NPL_UKZ,4,2.2018
7NPL_UKZ,5,2.0074
7NPL_UKZ,6,1.8092
7NPL_UKZ,7,1.8687
7NPL_UKZ,8,1.0841
7NPL_UKZ,9,1.8610
7NR8_UOE,0,0.8730
7NR8_UOE,1,1.9925
7NR8_UOE,10,2.9422
7NR8_UOE,11,1.1592
7NR8_UOE,12,1.7187
7NR8_UOE,13,2.7120
7NR8_UOE,14,12.3683
7NR8_UOE,15,2.6590
7NR8_UOE,16,3.2704
7NR8_UOE,17,2.1413
7NR8_UOE,18,1.6698
7NR8_UOE,19,1.3592
7NR8_UOE,2,2.2419
7NR8_UOE,20,1.6626
7NR8_UOE,21,12.6873
7NR8_UOE,22,1.7598
7NR8_UOE,23,2.4500
7NR8_UOE,24,1.4717
7NR8_UOE,25,2.4827
7NR8_UOE,26,12.2706
7NR8_UOE,27,2.5096
7NR8_UOE,28,1.6308
7NR8_UOE,29,1.8083
7NR8_UOE,3,1.7454
7NR8_UOE,30,1.0362
7NR8_UOE,31,3.2471
7NR8_UOE,32,1.6822
7NR8_UOE,33,12.2673
7NR8_UOE,34,13.0581
7NR8_UOE,35,2.1340
7NR8_UOE,36,2.8633
7NR8_UOE,37,3.1429
7NR8_UOE,38,3.6981
7NR8_UOE,39,3.3344
7NR8_UOE,4,0.6711
7NR8_UOE,5,2.4292
7NR8_UOE,6,1.7566
7NR8_UOE,7,12.5096
7NR8_UOE,8,2.0320
7NR8_UOE,9,12.7216
7NSW_HC4,0,0.6618
7NSW_HC4,1,0.8858
7NSW_HC4,10,0.3599
7NSW_HC4,11,0.6308
7NSW_HC4,12,1.0815
7NSW_HC4,13,0.5076
7NSW_HC4,14,0.9299
7NSW_HC4,15,5.6161
7NSW_HC4,16,0.5471
7NSW_HC4,17,0.5455
7NSW_HC4,18,0.9953
7NSW_HC4,19,0.9301
7NSW_HC4,2,1.2673
7NSW_HC4,20,1.5195
7NSW_HC4,21,0.9025
7NSW_HC4,22,0.9904
7NSW_HC4,23,0.7121
7NSW_HC4,24,0.8952
7NSW_HC4,25,0.9449
7NSW_HC4,26,0.7225
7NSW_HC4,27,1.1316
7NSW_HC4,28,0.7122
7NSW_HC4,29,1.1243
7NSW_HC4,3,0.7246
7NSW_HC4,30,1.0041
7NSW_HC4,31,1.0020
7NSW_HC4,32,1.0840
7NSW_HC4,33,0.6468
7NSW_HC4,34,0.9895
7NSW_HC4,35,0.8111
7NSW_HC4,36,0.7115
7NSW_HC4,37,1.1199
7NSW_HC4,38,0.8359
7NSW_HC4,39,5.6818
7NSW_HC4,4,0.5519
7NSW_HC4,5,0.9746
7NSW_HC4,6,1.0310
7NSW_HC4,7,1.0651
7NSW_HC4,8,0.5697
7NSW_HC4,9,0.5260
7NU0_DCL,0,0.6807
7NU0_DCL,1,1.2937
7NU0_DCL,10,1.4349
7NU0_DCL,11,0.8303
7NU0_DCL,12,1.3463
7NU0_DCL,13,1.0694
7NU0_DCL,14,1.7571
7NU0_DCL,15,1.2465
7NU0_DCL,16,1.0769
7NU0_DCL,17,1.2803
7NU0_DCL,18,0.8070
7NU0_DCL,19,1.0102
7NU0_DCL,2,0.6981
7NU0_DCL,20,0.9379
7NU0_DCL,21,1.9175
7NU0_DCL,22,1.2936
7NU0_DCL,23,0.7321
7NU0_DCL,24,2.1581
7NU0_DCL,25,1.1786
7NU0_DCL,26,1.2971
7NU0_DCL,27,2.0350
7NU0_DCL,28,0.7188
7NU0_DCL,29,3.9030
7NU0_DCL,3,1.0736
7NU0_DCL,30,1.1867
7NU0_DCL,31,1.1244
7NU0_DCL,32,1.3956
7NU0_DCL,33,2.1128
7NU0_DCL,34,0.6889
7NU0_DCL,35,2.0879
7NU0_DCL,36,3.9597
7NU0_DCL,37,1.1304
7NU0_DCL,38,1.4019
7NU0_DCL,39,1.3682
7NU0_DCL,4,2.0531
7NU0_DCL,5,1.6611
7NU0_DCL,6,1.4594
7NU0_DCL,7,1.7588
7NU0_DCL,8,0.8739
7NU0_DCL,9,1.2036
7NUT_GLP,0,1.2104
7NUT_GLP,1,2.5090
7NUT_GLP,10,2.6058
7NUT_GLP,11,1.2459
7NUT_GLP,12,1.4000
7NUT_GLP,13,2.6024
7NUT_GLP,14,2.6609
7NUT_GLP,15,5.8692
7NUT_GLP,16,1.4466
7NUT_GLP,17,2.6839
7NUT_GLP,18,2.4175
7NUT_GLP,19,2.6212
7NUT_GLP,2,2.4723
7NUT_GLP,20,1.2655
7NUT_GLP,21,1.5012
7NUT_GLP,22,1.4936
7NUT_GLP,23,2.6481
7NUT_GLP,24,2.5905
7NUT_GLP,25,5.9976
7NUT_GLP,26,1.8012
7NUT_GLP,27,2.5696
7NUT_GLP,28,1.8488
7NUT_GLP,29,1.2123
7NUT_GLP,3,2.4716
7NUT_GLP,30,1.3640
7NUT_GLP,31,2.8048
7NUT_GLP,32,2.6364
7NUT_GLP,33,2.5976
7NUT_GLP,34,2.5478
7NUT_GLP,35,2.4361
7NUT_GLP,36,1.2540
7NUT_GLP,37,1.1867
7NUT_GLP,38,1.4077
7NUT_GLP,39,2.5845
7NUT_GLP,4,1.6426
7NUT_GLP,5,1.5360
7NUT_GLP,6,1.2374
7NUT_GLP,7,5.6034
7NUT_GLP,8,1.3238
7NUT_GLP,9,2.6867
7NXO_UU8,0,9.8132
7NXO_UU8,1,10.0936
7NXO_UU8,10,9.7556
7NXO_UU8,11,9.8649
7NXO_UU8,12,9.7288
7NXO_UU8,13,3.5540
7NXO_UU8,14,10.2429
7NXO_UU8,15,9.8565
7NXO_UU8,16,9.6067
7NXO_UU8,17,9.8678
7NXO_UU8,18,9.0541
7NXO_UU8,19,9.5608
7NXO_UU8,2,3.2265
7NXO_UU8,20,9.7549
7NXO_UU8,21,3.9089
7NXO_UU8,22,2.5893
7NXO_UU8,23,9.9232
7NXO_UU8,24,9.8817
7NXO_UU8,25,9.8787
7NXO_UU8,26,9.6566
7NXO_UU8,27,9.5943
7NXO_UU8,28,2.1963
7NXO_UU8,29,9.9116
7NXO_UU8,3,9.8838
7NXO_UU8,30,9.8691
7NXO_UU8,31,9.7797
7NXO_UU8,32,9.7348
7NXO_UU8,33,9.5773
7NXO_UU8,34,9.7500
7NXO_UU8,35,9.9076
7NXO_UU8,36,9.5750
7NXO_UU8,37,3.7756
7NXO_UU8,38,3.1648
7NXO_UU8,39,9.2663
7NXO_UU8,4,2.8300
7NXO_UU8,5,8.6963
7NXO_UU8,6,9.6228
7NXO_UU8,7,3.2678
7NXO_UU8,8,9.3367
7NXO_UU8,9,3.1080
7O0N_CDP,0,2.1144
7O0N_CDP,1,2.7222
7O0N_CDP,10,1.9359
7O0N_CDP,11,1.9812
7O0N_CDP,12,1.8274
7O0N_CDP,13,1.8941
7O0N_CDP,14,2.0860
7O0N_CDP,15,2.7521
7O0N_CDP,16,1.7565
7O0N_CDP,17,1.8232
7O0N_CDP,18,1.9894
7O0N_CDP,19,1.0193
7O0N_CDP,2,2.0908
7O0N_CDP,20,1.7744
7O0N_CDP,21,0.9971
7O0N_CDP,22,0.9939
7O0N_CDP,23,2.1836
7O0N_CDP,24,1.7438
7O0N_CDP,25,2.5081
7O0N_CDP,26,1.6334
7O0N_CDP,27,1.0110
7O0N_CDP,28,2.2346
7O0N_CDP,29,2.3919
7O0N_CDP,3,1.6069
7O0N_CDP,30,1.8483
7O0N_CDP,31,1.7941
7O0N_CDP,32,2.5568
7O0N_CDP,33,1.9456
7O0N_CDP,34,2.1920
7O0N_CDP,35,2.2478
7O0N_CDP,36,2.6245
7O0N_CDP,37,1.0748
7O0N_CDP,38,2.3654
7O0N_CDP,39,1.8849
7O0N_CDP,4,1.1520
7O0N_CDP,5,1.6134
7O0N_CDP,6,1.8963
7O0N_CDP,7,1.9118
7O0N_CDP,8,1.0647
7O0N_CDP,9,1.9794
7O1T_5X8,0,2.5195
7O1T_5X8,1,2.2678
7O1T_5X8,10,2.8925
7O1T_5X8,11,1.3770
7O1T_5X8,12,1.6473
7O1T_5X8,13,1.4606
7O1T_5X8,14,1.8091
7O1T_5X8,15,1.6039
7O1T_5X8,16,1.4052
7O1T_5X8,17,1.3645
7O1T_5X8,18,0.9766
7O1T_5X8,19,2.8691
7O1T_5X8,2,2.4559
7O1T_5X8,20,2.5615
7O1T_5X8,21,1.0719
7O1T_5X8,22,2.8596
7O1T_5X8,23,1.3960
7O1T_5X8,24,0.8397
7O1T_5X8,25,2.2397
7O1T_5X8,26,2.6201
7O1T_5X8,27,2.6236
7O1T_5X8,28,2.2035
7O1T_5X8,29,2.6161
7O1T_5X8,3,1.7390
7O1T_5X8,30,2.1956
7O1T_5X8,31,1.6290
7O1T_5X8,32,2.2777
7O1T_5X8,33,1.6806
7O1T_5X8,34,1.2971
7O1T_5X8,35,2.7419
7O1T_5X8,36,2.4758
7O1T_5X8,37,1.9768
7O1T_5X8,38,1.6158
7O1T_5X8,39,1.0432
7O1T_5X8,4,2.2077
7O1T_5X8,5,2.3978
7O1T_5X8,6,2.0041
7O1T_5X8,7,2.3348
7O1T_5X8,8,2.1892
7O1T_5X8,9,2.1292
7ODY_DGI,0,2.3422
7ODY_DGI,1,1.2457
7ODY_DGI,10,1.0508
7ODY_DGI,11,1.2324
7ODY_DGI,12,1.3691
7ODY_DGI,13,1.1572
7ODY_DGI,14,0.8856
7ODY_DGI,15,1.1176
7ODY_DGI,16,1.0869
7ODY_DGI,17,2.0546
7ODY_DGI,18,1.5765
7ODY_DGI,19,2.3230
7ODY_DGI,2,2.2555
7ODY_DGI,20,1.1030
7ODY_DGI,21,2.1991
7ODY_DGI,22,2.0306
7ODY_DGI,23,1.9458
7ODY_DGI,24,1.7911
7ODY_DGI,25,1.2645
7ODY_DGI,26,1.7685
7ODY_DGI,27,0.9938
7ODY_DGI,28,2.4013
7ODY_DGI,29,2.0065
7ODY_DGI,3,1.0714
7ODY_DGI,30,2.8322
7ODY_DGI,31,0.8784
7ODY_DGI,32,0.8949
7ODY_DGI,33,2.9166
7ODY_DGI,34,2.2879
7ODY_DGI,35,2.2873
7ODY_DGI,36,1.1571
7ODY_DGI,37,2.3953
7ODY_DGI,38,0.9557
7ODY_DGI,39,1.2019
7ODY_DGI,4,1.1263
7ODY_DGI,5,1.3584
7ODY_DGI,6,1.3681
7ODY_DGI,7,2.2699
7ODY_DGI,8,2.0220
7ODY_DGI,9,2.2892
7OEO_V9Z,0,3.4511
7OEO_V9Z,1,5.4438
7OEO_V9Z,10,5.5331
7OEO_V9Z,11,5.8651
7OEO_V9Z,12,5.4264
7OEO_V9Z,13,5.1890
7OEO_V9Z,14,4.8904
7OEO_V9Z,15,4.6356
7OEO_V9Z,16,4.7864
7OEO_V9Z,17,5.0345
7OEO_V9Z,18,5.0860
7OEO_V9Z,19,5.1107
7OEO_V9Z,2,4.8276
7OEO_V9Z,20,5.0011
7OEO_V9Z,21,5.3495
7OEO_V9Z,22,5.1047
7OEO_V9Z,23,5.3016
7OEO_V9Z,24,4.8186
7OEO_V9Z,25,2.9375
7OEO_V9Z,26,4.7430
7OEO_V9Z,27,5.6368
7OEO_V9Z,28,2.6322
7OEO_V9Z,29,4.9374
7OEO_V9Z,3,4.4711
7OEO_V9Z,30,5.3547
7OEO_V9Z,31,2.1974
7OEO_V9Z,32,4.7375
7OEO_V9Z,33,4.9033
7OEO_V9Z,34,5.3589
7OEO_V9Z,35,5.2519
7OEO_V9Z,36,5.6854
7OEO_V9Z,37,5.0806
7OEO_V9Z,38,5.4070
7OEO_V9Z,39,4.8334
7OEO_V9Z,4,5.2108
7OEO_V9Z,5,5.0892
7OEO_V9Z,6,3.7885
7OEO_V9Z,7,6.1177
7OEO_V9Z,8,5.2109
7OEO_V9Z,9,5.5455
7OFF_VCB,0,4.1808
7OFF_VCB,1,4.1832
7OFF_VCB,10,1.2359
7OFF_VCB,11,1.1496
7OFF_VCB,12,3.5242
7OFF_VCB,13,3.2235
7OFF_VCB,14,3.9743
7OFF_VCB,15,3.2637
7OFF_VCB,16,4.0846
7OFF_VCB,17,1.0069
7OFF_VCB,18,4.2402
7OFF_VCB,19,3.2010
7OFF_VCB,2,0.9067
7OFF_VCB,20,0.9061
7OFF_VCB,21,6.8465
7OFF_VCB,22,4.1966
7OFF_VCB,23,1.1342
7OFF_VCB,24,0.8864
7OFF_VCB,25,3.8780
7OFF_VCB,26,3.3817
7OFF_VCB,27,3.9356
7OFF_VCB,28,1.5549
7OFF_VCB,29,1.6197
7OFF_VCB,3,2.6306
7OFF_VCB,30,3.3834
7OFF_VCB,31,1.1335
7OFF_VCB,32,3.8059
7OFF_VCB,33,3.3441
7OFF_VCB,34,3.3653
7OFF_VCB,35,1.5748
7OFF_VCB,36,2.0847
7OFF_VCB,37,3.1988
7OFF_VCB,38,1.2395
7OFF_VCB,39,3.5504
7OFF_VCB,4,1.0074
7OFF_VCB,5,3.7017
7OFF_VCB,6,3.3318
7OFF_VCB,7,4.2340
7OFF_VCB,8,0.9965
7OFF_VCB,9,4.3863
7OFK_VCH,0,1.4949
7OFK_VCH,1,1.3120
7OFK_VCH,10,1.4419
7OFK_VCH,11,4.5344
7OFK_VCH,12,1.8065
7OFK_VCH,13,1.4775
7OFK_VCH,14,4.7653
7OFK_VCH,15,4.6828
7OFK_VCH,16,1.6114
7OFK_VCH,17,1.4483
7OFK_VCH,18,1.5259
7OFK_VCH,19,1.2865
7OFK_VCH,2,1.5983
7OFK_VCH,20,2.0049
7OFK_VCH,21,1.1146
7OFK_VCH,22,1.6032
7OFK_VCH,23,1.5389
7OFK_VCH,24,1.7073
7OFK_VCH,25,1.4756
7OFK_VCH,26,1.6619
7OFK_VCH,27,2.0017
7OFK_VCH,28,1.5575
7OFK_VCH,29,1.3172
7OFK_VCH,3,1.4815
7OFK_VCH,30,1.5033
7OFK_VCH,31,4.4474
7OFK_VCH,32,1.2784
7OFK_VCH,33,1.2998
7OFK_VCH,34,4.8096
7OFK_VCH,35,1.4448
7OFK_VCH,36,1.5559
7OFK_VCH,37,1.4852
7OFK_VCH,38,1.6181
7OFK_VCH,39,1.5003
7OFK_VCH,4,1.8071
7OFK_VCH,5,4.4471
7OFK_VCH,6,1.6375
7OFK_VCH,7,4.4690
7OFK_VCH,8,1.9000
7OFK_VCH,9,1.4507
7OLI_8HG,0,2.1019
7OLI_8HG,1,2.1781
7OLI_8HG,10,2.1300
7OLI_8HG,11,1.1521
7OLI_8HG,12,5.2006
7OLI_8HG,13,2.9604
7OLI_8HG,14,1.9383
7OLI_8HG,15,1.7665
7OLI_8HG,16,0.3377
7OLI_8HG,17,1.7815
7OLI_8HG,18,0.7422
7OLI_8HG,19,1.2563
7OLI_8HG,2,2.0738
7OLI_8HG,20,2.1808
7OLI_8HG,21,2.1718
7OLI_8HG,22,1.9785
7OLI_8HG,23,3.1958
7OLI_8HG,24,2.7747
7OLI_8HG,25,6.3265
7OLI_8HG,26,3.6031
7OLI_8HG,27,2.3036
7OLI_8HG,28,2.1773
7OLI_8HG,29,5.1814
7OLI_8HG,3,2.0715
7OLI_8HG,30,2.0704
7OLI_8HG,31,3.4636
7OLI_8HG,32,2.0976
7OLI_8HG,33,3.2765
7OLI_8HG,34,2.6707
7OLI_8HG,35,1.9891
7OLI_8HG,36,1.9941
7OLI_8HG,37,1.7565
7OLI_8HG,38,2.3266
7OLI_8HG,39,3.5503
7OLI_8HG,4,2.0910
7OLI_8HG,5,2.9454
7OLI_8HG,6,3.0404
7OLI_8HG,7,2.5207
7OLI_8HG,8,2.2253
7OLI_8HG,9,2.1853
7OMX_CNA,0,2.7039
7OMX_CNA,1,3.7451
7OMX_CNA,10,9.7406
7OMX_CNA,11,9.9701
7OMX_CNA,12,5.1474
7OMX_CNA,13,3.2041
7OMX_CNA,14,3.0133
7OMX_CNA,15,2.2103
7OMX_CNA,16,9.5773
7OMX_CNA,17,4.3774
7OMX_CNA,18,4.3780
7OMX_CNA,19,3.7722
7OMX_CNA,2,3.5253
7OMX_CNA,20,3.6041
7OMX_CNA,21,4.6742
7OMX_CNA,22,4.0814
7OMX_CNA,23,1.9055
7OMX_CNA,24,9.3985
7OMX_CNA,25,2.8419
7OMX_CNA,26,4.0045
7OMX_CNA,27,4.3839
7OMX_CNA,28,9.7469
7OMX_CNA,29,4.0344
7OMX_CNA,3,9.3450
7OMX_CNA,30,9.9738
7OMX_CNA,31,10.2063
7OMX_CNA,32,3.6453
7OMX_CNA,33,3.0723
7OMX_CNA,34,5.8763
7OMX_CNA,35,9.8220
7OMX_CNA,36,2.3742
7OMX_CNA,37,3.2254
7OMX_CNA,38,3.8961
7OMX_CNA,39,5.7497
7OMX_CNA,4,4.4082
7OMX_CNA,5,2.7191
7OMX_CNA,6,4.4559
7OMX_CNA,7,11.9638
7OMX_CNA,8,6.0346
7OMX_CNA,9,3.4347
7OP9_06K,0,4.0264
7OP9_06K,1,0.8491
7OP9_06K,10,3.4356
7OP9_06K,11,2.6707
7OP9_06K,12,3.4353
7OP9_06K,13,3.2810
7OP9_06K,14,4.1357
7OP9_06K,15,4.3656
7OP9_06K,16,3.4182
7OP9_06K,17,3.4079
7OP9_06K,18,3.0347
7OP9_06K,18,3.4590
7OP9_06K,19,4.0379
7OP9_06K,2,4.1695
7OP9_06K,20,4.3079
7OP9_06K,21,3.3036
7OP9_06K,22,3.4099
7OP9_06K,23,3.4158
7OP9_06K,24,3.4675
7OP9_06K,25,3.3961
7OP9_06K,26,4.2259
7OP9_06K,27,4.2847
7OP9_06K,28,4.4442
7OP9_06K,29,4.2295
7OP9_06K,3,3.2916
7OP9_06K,30,4.1085
7OP9_06K,31,3.7437
7OP9_06K,32,0.7850
7OP9_06K,33,3.4408
7OP9_06K,34,3.4290
7OP9_06K,35,0.8144
7OP9_06K,36,3.4241
7OP9_06K,37,2.9873
7OP9_06K,38,4.2000
7OP9_06K,39,2.9559
7OP9_06K,4,4.2457
7OP9_06K,5,4.2630
7OP9_06K,6,2.7267
7OP9_06K,7,3.4685
7OP9_06K,8,3.4230
7OP9_06K,9,3.6246
7OPG_06N,0,1.3207
7OPG_06N,1,0.6494
7OPG_06N,10,1.2570
7OPG_06N,10,4.8532
7OPG_06N,11,4.5590
7OPG_06N,12,0.9476
7OPG_06N,13,0.7126
7OPG_06N,14,0.9624
7OPG_06N,15,0.7350
7OPG_06N,16,0.8332
7OPG_06N,17,0.4622
7OPG_06N,18,5.0081
7OPG_06N,19,5.0951
7OPG_06N,2,1.0378
7OPG_06N,20,4.8488
7OPG_06N,21,1.0538
7OPG_06N,22,6.3681
7OPG_06N,23,4.8895
7OPG_06N,24,5.1070
7OPG_06N,25,4.8733
7OPG_06N,26,0.9130
7OPG_06N,27,0.7313
7OPG_06N,28,4.8850
7OPG_06N,29,0.9015
7OPG_06N,3,0.3641
7OPG_06N,30,1.3886
7OPG_06N,31,5.3475
7OPG_06N,32,5.0347
7OPG_06N,33,5.0077
7OPG_06N,34,1.4532
7OPG_06N,35,1.4980
7OPG_06N,36,0.6546
7OPG_06N,37,0.8897
7OPG_06N,38,5.2210
7OPG_06N,39,0.7907
7OPG_06N,4,0.4171
7OPG_06N,5,6.4284
7OPG_06N,6,0.6709
7OPG_06N,7,5.0734
7OPG_06N,8,6.7111
7OPG_06N,9,0.5563
7OSO_0V1,0,2.2515
7OSO_0V1,1,1.6148
7OSO_0V1,10,1.8273
7OSO_0V1,11,2.7346
7OSO_0V1,12,1.4524
7OSO_0V1,13,2.0728
7OSO_0V1,14,1.3057
7OSO_0V1,15,2.8122
7OSO_0V1,16,3.6216
7OSO_0V1,17,2.5163
7OSO_0V1,18,3.2040
7OSO_0V1,19,1.5362
7OSO_0V1,2,3.5938
7OSO_0V1,20,2.5545
7OSO_0V1,21,2.3008
7OSO_0V1,22,1.6804
7OSO_0V1,23,1.0433
7OSO_0V1,24,3.7404
7OSO_0V1,25,1.5077
7OSO_0V1,26,1.4816
7OSO_0V1,27,3.3504
7OSO_0V1,28,3.3796
7OSO_0V1,29,2.2457
7OSO_0V1,3,1.1285
7OSO_0V1,30,1.8823
7OSO_0V1,31,2.0981
7OSO_0V1,32,2.8688
7OSO_0V1,33,3.8648
7OSO_0V1,34,2.1425
7OSO_0V1,35,2.4560
7OSO_0V1,36,2.2849
7OSO_0V1,37,2.3124
7OSO_0V1,38,2.3458
7OSO_0V1,39,2.5409
7OSO_0V1,4,3.7654
7OSO_0V1,5,3.4694
7OSO_0V1,6,3.5480
7OSO_0V1,7,1.5403
7OSO_0V1,8,2.3264
7OSO_0V1,9,2.3334
7OZ9_NGK,0,3.9966
7OZ9_NGK,1,3.6313
7OZ9_NGK,10,3.6012
7OZ9_NGK,11,3.8711
7OZ9_NGK,12,3.7301
7OZ9_NGK,13,3.4074
7OZ9_NGK,14,3.3405
7OZ9_NGK,15,3.6152
7OZ9_NGK,16,1.8552
7OZ9_NGK,17,3.9968
7OZ9_NGK,18,3.5501
7OZ9_NGK,19,3.8374
7OZ9_NGK,2,4.2861
7OZ9_NGK,20,3.6698
7OZ9_NGK,21,5.7523
7OZ9_NGK,22,3.4473
7OZ9_NGK,23,3.7311
7OZ9_NGK,24,3.7265
7OZ9_NGK,25,4.7968
7OZ9_NGK,26,3.6572
7OZ9_NGK,27,3.6449
7OZ9_NGK,28,1.1362
7OZ9_NGK,29,3.6725
7OZ9_NGK,3,3.6375
7OZ9_NGK,30,3.7229
7OZ9_NGK,31,3.6730
7OZ9_NGK,32,3.5932
7OZ9_NGK,33,3.1628
7OZ9_NGK,34,3.7631
7OZ9_NGK,35,3.4818
7OZ9_NGK,36,4.5967
7OZ9_NGK,37,4.0015
7OZ9_NGK,38,3.9944
7OZ9_NGK,39,3.9540
7OZ9_NGK,4,3.7419
7OZ9_NGK,5,3.1924
7OZ9_NGK,6,3.6686
7OZ9_NGK,7,4.0133
7OZ9_NGK,8,2.4754
7OZ9_NGK,9,1.9834
7OZC_G6S,0,5.6678
7OZC_G6S,1,2.3448
7OZC_G6S,10,5.5157
7OZC_G6S,11,5.5920
7OZC_G6S,12,5.8880
7OZC_G6S,13,5.7461
7OZC_G6S,14,5.4983
7OZC_G6S,15,1.1360
7OZC_G6S,16,5.5616
7OZC_G6S,17,5.7571
7OZC_G6S,18,2.5423
7OZC_G6S,19,1.6239
7OZC_G6S,2,5.3934
7OZC_G6S,20,5.4150
7OZC_G6S,21,2.6178
7OZC_G6S,22,5.3975
7OZC_G6S,23,2.4025
7OZC_G6S,24,5.6886
7OZC_G6S,25,5.7168
7OZC_G6S,26,5.6959
7OZC_G6S,27,5.7922
7OZC_G6S,28,6.0451
7OZC_G6S,29,6.1565
7OZC_G6S,3,5.9174
7OZC_G6S,30,5.7368
7OZC_G6S,31,5.4978
7OZC_G6S,32,5.6544
7OZC_G6S,33,5.8048
7OZC_G6S,34,5.7350
7OZC_G6S,35,5.7584
7OZC_G6S,36,5.7727
7OZC_G6S,37,5.6239
7OZC_G6S,38,5.5640
7OZC_G6S,39,5.8117
7OZC_G6S,4,5.5035
7OZC_G6S,5,5.7839
7OZC_G6S,6,5.7757
7OZC_G6S,7,5.6267
7OZC_G6S,8,5.4919
7OZC_G6S,9,5.6108
7P1F_KFN,0,1.5460
7P1F_KFN,1,2.0256
7P1F_KFN,10,1.4401
7P1F_KFN,11,1.7888
7P1F_KFN,12,3.1207
7P1F_KFN,13,4.0991
7P1F_KFN,14,1.4872
7P1F_KFN,15,1.5162
7P1F_KFN,16,3.5108
7P1F_KFN,17,1.2365
7P1F_KFN,18,1.8825
7P1F_KFN,19,0.6919
7P1F_KFN,2,1.2501
7P1F_KFN,20,1.1679
7P1F_KFN,21,1.0132
7P1F_KFN,22,1.3254
7P1F_KFN,23,1.6999
7P1F_KFN,24,0.8742
7P1F_KFN,25,2.3158
7P1F_KFN,26,2.8225
7P1F_KFN,27,1.5620
7P1F_KFN,28,3.7877
7P1F_KFN,29,3.7705
7P1F_KFN,3,1.3257
7P1F_KFN,30,1.7315
7P1F_KFN,31,2.0940
7P1F_KFN,32,0.9171
7P1F_KFN,33,0.9115
7P1F_KFN,34,1.9671
7P1F_KFN,35,0.9519
7P1F_KFN,36,2.0170
7P1F_KFN,37,1.0240
7P1F_KFN,38,0.8553
7P1F_KFN,39,1.1228
7P1F_KFN,4,0.6147
7P1F_KFN,5,0.5646
7P1F_KFN,6,0.9168
7P1F_KFN,7,1.2660
7P1F_KFN,8,1.8351
7P1F_KFN,9,1.3796
7P1M_4IU,0,1.5729
7P1M_4IU,1,2.1000
7P1M_4IU,10,2.1815
7P1M_4IU,11,2.3745
7P1M_4IU,12,1.9461
7P1M_4IU,13,1.9024
7P1M_4IU,14,2.2078
7P1M_4IU,15,0.6982
7P1M_4IU,16,2.3348
7P1M_4IU,17,1.2108
7P1M_4IU,18,2.5544
7P1M_4IU,19,1.5501
7P1M_4IU,2,2.3499
7P1M_4IU,20,2.7370
7P1M_4IU,21,1.0417
7P1M_4IU,22,1.4993
7P1M_4IU,23,1.8976
7P1M_4IU,24,1.6931
7P1M_4IU,25,2.7549
7P1M_4IU,26,2.7925
7P1M_4IU,27,2.2691
7P1M_4IU,28,2.0330
7P1M_4IU,29,2.0303
7P1M_4IU,3,1.8204
7P1M_4IU,30,1.6065
7P1M_4IU,31,1.5974
7P1M_4IU,32,1.0887
7P1M_4IU,33,1.9605
7P1M_4IU,34,2.3391
7P1M_4IU,35,2.2572
7P1M_4IU,36,1.8346
7P1M_4IU,37,2.3798
7P1M_4IU,38,2.6083
7P1M_4IU,39,1.9701
7P1M_4IU,4,2.3144
7P1M_4IU,5,2.7521
7P1M_4IU,6,1.1647
7P1M_4IU,7,2.2038
7P1M_4IU,8,1.8292
7P1M_4IU,9,2.5386
7P2I_MFU,0,1.2667
7P2I_MFU,1,1.8551
7P2I_MFU,10,3.0348
7P2I_MFU,11,1.0688
7P2I_MFU,12,0.8613
7P2I_MFU,13,0.7278
7P2I_MFU,14,3.0748
7P2I_MFU,15,1.8208
7P2I_MFU,16,3.0544
7P2I_MFU,17,0.8519
7P2I_MFU,18,2.1216
7P2I_MFU,19,1.0981
7P2I_MFU,2,1.7673
7P2I_MFU,20,3.3629
7P2I_MFU,21,1.4432
7P2I_MFU,22,1.1615
7P2I_MFU,23,3.1579
7P2I_MFU,24,1.1041
7P2I_MFU,25,0.9480
7P2I_MFU,26,3.2181
7P2I_MFU,27,1.9913
7P2I_MFU,28,3.1452
7P2I_MFU,29,0.8220
7P2I_MFU,3,1.9891
7P2I_MFU,30,1.7550
7P2I_MFU,31,3.0636
7P2I_MFU,32,1.0154
7P2I_MFU,33,0.8234
7P2I_MFU,34,0.5965
7P2I_MFU,35,0.8804
7P2I_MFU,36,3.2351
7P2I_MFU,37,1.2941
7P2I_MFU,38,1.1090
7P2I_MFU,39,3.1207
7P2I_MFU,4,1.5149
7P2I_MFU,5,2.2493
7P2I_MFU,6,2.2194
7P2I_MFU,7,0.5173
7P2I_MFU,8,1.5974
7P2I_MFU,9,1.4262
7P4C_5OV,0,0.5352
7P4C_5OV,1,1.0776
7P4C_5OV,10,3.6774
7P4C_5OV,11,0.8631
7P4C_5OV,12,0.6431
7P4C_5OV,13,3.9948
7P4C_5OV,14,1.0912
7P4C_5OV,15,0.5131
7P4C_5OV,16,0.4537
7P4C_5OV,17,1.1822
7P4C_5OV,18,1.5802
7P4C_5OV,19,0.6132
7P4C_5OV,2,0.7859
7P4C_5OV,20,0.9880
7P4C_5OV,21,3.7760
7P4C_5OV,22,3.6631
7P4C_5OV,23,0.4360
7P4C_5OV,24,3.7854
7P4C_5OV,25,3.9607
7P4C_5OV,26,0.7072
7P4C_5OV,27,3.6605
7P4C_5OV,28,1.3893
7P4C_5OV,29,1.5060
7P4C_5OV,3,1.4316
7P4C_5OV,30,1.3778
7P4C_5OV,31,0.3001
7P4C_5OV,32,3.7100
7P4C_5OV,33,1.1036
7P4C_5OV,34,0.2549
7P4C_5OV,35,3.7879
7P4C_5OV,36,0.5554
7P4C_5OV,37,1.3625
7P4C_5OV,38,0.6270
7P4C_5OV,39,3.9568
7P4C_5OV,4,0.6247
7P4C_5OV,5,1.0914
7P4C_5OV,6,0.5288
7P4C_5OV,7,1.7084
7P4C_5OV,8,1.4207
7P4C_5OV,9,1.2437
7P5T_5YG,0,9.9112
7P5T_5YG,1,10.1474
7P5T_5YG,10,10.1266
7P5T_5YG,11,9.9744
7P5T_5YG,12,9.9728
7P5T_5YG,13,10.0809
7P5T_5YG,14,10.2226
7P5T_5YG,15,9.9494
7P5T_5YG,16,10.0637
7P5T_5YG,17,9.8921
7P5T_5YG,18,1.4572
7P5T_5YG,19,9.9718
7P5T_5YG,2,10.0726
7P5T_5YG,20,10.0498
7P5T_5YG,21,10.1100
7P5T_5YG,22,9.9882
7P5T_5YG,23,9.8785
7P5T_5YG,24,9.9501
7P5T_5YG,25,9.9377
7P5T_5YG,26,9.9405
7P5T_5YG,27,9.8713
7P5T_5YG,28,0.8228
7P5T_5YG,29,9.9839
7P5T_5YG,3,10.2233
7P5T_5YG,30,9.9956
7P5T_5YG,31,10.0261
7P5T_5YG,32,10.0227
7P5T_5YG,33,1.2048
7P5T_5YG,34,9.9781
7P5T_5YG,35,0.5866
7P5T_5YG,36,10.1196
7P5T_5YG,37,10.1150
7P5T_5YG,38,10.0018
7P5T_5YG,39,9.9850
7P5T_5YG,4,9.6729
7P5T_5YG,5,10.5541
7P5T_5YG,6,1.4445
7P5T_5YG,7,10.0743
7P5T_5YG,8,10.1399
7P5T_5YG,9,9.9948
7PGX_FMN,0,1.6934
7PGX_FMN,1,4.8890
7PGX_FMN,10,1.9009
7PGX_FMN,11,2.2852
7PGX_FMN,12,1.2832
7PGX_FMN,13,2.0229
7PGX_FMN,14,1.6979
7PGX_FMN,15,4.8939
7PGX_FMN,16,1.0958
7PGX_FMN,17,1.5782
7PGX_FMN,18,1.8409
7PGX_FMN,19,1.6735
7PGX_FMN,2,1.6120
7PGX_FMN,20,2.1197
7PGX_FMN,21,5.0360
7PGX_FMN,22,3.1479
7PGX_FMN,23,1.8524
7PGX_FMN,24,1.9744
7PGX_FMN,25,1.9418
7PGX_FMN,26,1.7007
7PGX_FMN,27,1.9656
7PGX_FMN,28,1.4373
7PGX_FMN,29,1.0123
7PGX_FMN,3,1.7304
7PGX_FMN,30,1.5205
7PGX_FMN,31,1.5204
7PGX_FMN,32,1.6439
7PGX_FMN,33,5.0447
7PGX_FMN,34,4.7812
7PGX_FMN,35,1.6558
7PGX_FMN,36,1.7564
7PGX_FMN,37,4.8240
7PGX_FMN,38,1.6308
7PGX_FMN,39,5.0403
7PGX_FMN,4,1.9031
7PGX_FMN,5,4.9367
7PGX_FMN,6,1.6877
7PGX_FMN,7,1.4715
7PGX_FMN,8,1.6398
7PGX_FMN,9,1.6217
7PIH_7QW,0,2.2704
7PIH_7QW,1,1.2756
7PIH_7QW,10,2.3229
7PIH_7QW,11,2.2625
7PIH_7QW,12,0.9481
7PIH_7QW,13,1.6761
7PIH_7QW,14,2.2171
7PIH_7QW,15,1.1497
7PIH_7QW,16,2.1120
7PIH_7QW,17,1.7872
7PIH_7QW,18,2.2488
7PIH_7QW,19,2.5618
7PIH_7QW,2,1.5691
7PIH_7QW,20,2.1826
7PIH_7QW,21,2.0835
7PIH_7QW,22,1.4675
7PIH_7QW,23,1.7464
7PIH_7QW,24,2.0309
7PIH_7QW,25,2.0067
7PIH_7QW,26,1.9357
7PIH_7QW,27,1.9477
7PIH_7QW,28,1.5819
7PIH_7QW,29,2.6174
7PIH_7QW,3,0.7037
7PIH_7QW,30,1.9871
7PIH_7QW,31,1.4913
7PIH_7QW,32,2.0848
7PIH_7QW,33,2.2861
7PIH_7QW,34,2.0509
7PIH_7QW,35,2.0066
7PIH_7QW,36,1.4586
7PIH_7QW,37,2.0223
7PIH_7QW,38,2.3315
7PIH_7QW,39,2.3553
7PIH_7QW,4,2.0639
7PIH_7QW,5,1.2398
7PIH_7QW,6,2.3061
7PIH_7QW,7,1.9702
7PIH_7QW,8,2.2254
7PIH_7QW,9,1.2572
7PJQ_OWH,0,0.5186
7PJQ_OWH,1,1.5132
7PJQ_OWH,10,2.1442
7PJQ_OWH,11,1.9810
7PJQ_OWH,12,4.2219
7PJQ_OWH,13,0.4305
7PJQ_OWH,14,4.4501
7PJQ_OWH,15,4.4032
7PJQ_OWH,16,2.0952
7PJQ_OWH,17,4.4123
7PJQ_OWH,18,1.0637
7PJQ_OWH,19,4.1263
7PJQ_OWH,2,1.4549
7PJQ_OWH,20,1.9201
7PJQ_OWH,21,2.1346
7PJQ_OWH,22,1.9925
7PJQ_OWH,23,1.7786
7PJQ_OWH,24,1.9351
7PJQ_OWH,25,1.3046
7PJQ_OWH,26,2.1969
7PJQ_OWH,27,1.6779
7PJQ_OWH,28,4.0746
7PJQ_OWH,29,1.9069
7PJQ_OWH,3,1.0227
7PJQ_OWH,30,1.9701
7PJQ_OWH,31,0.6972
7PJQ_OWH,32,2.3677
7PJQ_OWH,33,2.0411
7PJQ_OWH,34,1.8275
7PJQ_OWH,35,0.6066
7PJQ_OWH,36,2.0970
7PJQ_OWH,37,1.4506
7PJQ_OWH,38,1.7454
7PJQ_OWH,39,0.9338
7PJQ_OWH,4,0.6860
7PJQ_OWH,5,1.7421
7PJQ_OWH,5,1.1797
7PJQ_OWH,6,3.9677
7PJQ_OWH,7,0.7650
7PJQ_OWH,8,4.2237
7PJQ_OWH,9,1.4042
7PK0_BYC,0,13.6135
7PK0_BYC,1,12.2547
7PK0_BYC,10,12.8740
7PK0_BYC,11,12.4932
7PK0_BYC,12,13.9310
7PK0_BYC,13,4.7485
7PK0_BYC,14,11.5355
7PK0_BYC,15,3.5384
7PK0_BYC,16,12.6269
7PK0_BYC,17,13.0778
7PK0_BYC,18,11.5928
7PK0_BYC,19,11.1481
7PK0_BYC,2,11.7260
7PK0_BYC,20,11.9954
7PK0_BYC,21,6.0218
7PK0_BYC,22,11.8377
7PK0_BYC,23,4.4313
7PK0_BYC,24,11.9877
7PK0_BYC,25,7.8689
7PK0_BYC,26,11.6893
7PK0_BYC,27,11.4871
7PK0_BYC,28,12.0121
7PK0_BYC,29,9.8960
7PK0_BYC,3,2.7756
7PK0_BYC,30,11.4896
7PK0_BYC,31,3.5272
7PK0_BYC,32,10.9664
7PK0_BYC,33,12.0147
7PK0_BYC,34,11.1692
7PK0_BYC,35,6.8509
7PK0_BYC,36,12.8751
7PK0_BYC,37,13.3086
7PK0_BYC,38,5.1506
7PK0_BYC,39,11.1783
7PK0_BYC,4,12.4315
7PK0_BYC,5,9.0354
7PK0_BYC,6,10.3915
7PK0_BYC,7,3.7097
7PK0_BYC,8,8.3420
7PK0_BYC,9,11.8915
7PL1_SFG,0,1.3295
7PL1_SFG,1,1.3984
7PL1_SFG,10,1.1750
7PL1_SFG,11,1.2956
7PL1_SFG,12,1.5731
7PL1_SFG,13,1.9927
7PL1_SFG,14,1.3238
7PL1_SFG,15,0.9956
7PL1_SFG,16,2.5617
7PL1_SFG,17,2.2481
7PL1_SFG,18,2.0247
7PL1_SFG,19,1.2681
7PL1_SFG,2,2.2049
7PL1_SFG,20,0.7550
7PL1_SFG,21,0.8196
7PL1_SFG,22,1.3059
7PL1_SFG,23,2.2335
7PL1_SFG,24,1.1893
7PL1_SFG,25,1.1942
7PL1_SFG,26,1.2194
7PL1_SFG,27,1.3754
7PL1_SFG,28,1.5879
7PL1_SFG,29,1.3550
7PL1_SFG,3,1.6809
7PL1_SFG,30,1.2721
7PL1_SFG,31,1.3883
7PL1_SFG,32,1.4782
7PL1_SFG,33,1.0742
7PL1_SFG,34,1.7412
7PL1_SFG,35,0.8927
7PL1_SFG,36,1.0606
7PL1_SFG,37,2.1102
7PL1_SFG,38,1.2092
7PL1_SFG,39,1.3902
7PL1_SFG,4,1.0584
7PL1_SFG,5,1.5621
7PL1_SFG,6,1.1362
7PL1_SFG,7,0.9502
7PL1_SFG,8,1.4255
7PL1_SFG,9,1.9064
7POM_7VZ,0,1.4290
7POM_7VZ,1,0.9360
7POM_7VZ,10,1.2039
7POM_7VZ,11,1.3298
7POM_7VZ,12,0.6946
7POM_7VZ,13,1.8923
7POM_7VZ,14,2.3979
7POM_7VZ,15,1.6219
7POM_7VZ,16,1.4140
7POM_7VZ,17,1.5350
7POM_7VZ,18,5.9304
7POM_7VZ,19,1.3053
7POM_7VZ,2,1.8674
7POM_7VZ,20,1.7586
7POM_7VZ,21,1.1396
7POM_7VZ,22,0.6741
7POM_7VZ,23,1.1253
7POM_7VZ,24,1.2209
7POM_7VZ,25,1.3107
7POM_7VZ,26,1.6409
7POM_7VZ,27,1.5137
7POM_7VZ,28,1.1357
7POM_7VZ,29,1.6715
7POM_7VZ,3,1.2062
7POM_7VZ,30,0.5763
7POM_7VZ,31,1.3768
7POM_7VZ,32,1.0965
7POM_7VZ,33,2.6466
7POM_7VZ,34,1.3651
7POM_7VZ,35,1.2128
7POM_7VZ,36,0.6136
7POM_7VZ,37,4.3986
7POM_7VZ,38,3.1905
7POM_7VZ,39,0.8793
7POM_7VZ,4,0.6588
7POM_7VZ,5,1.1595
7POM_7VZ,6,3.9541
7POM_7VZ,7,1.0730
7POM_7VZ,8,0.7723
7POM_7VZ,9,1.7097
7PRI_7TI,0,3.4298
7PRI_7TI,1,3.5402
7PRI_7TI,10,4.6917
7PRI_7TI,11,3.4462
7PRI_7TI,12,3.2059
7PRI_7TI,13,2.1621
7PRI_7TI,14,5.0561
7PRI_7TI,15,5.3900
7PRI_7TI,16,1.5444
7PRI_7TI,17,4.9050
7PRI_7TI,18,5.2181
7PRI_7TI,19,5.4370
7PRI_7TI,2,2.1243
7PRI_7TI,20,2.0863
7PRI_7TI,21,2.1078
7PRI_7TI,22,2.9162
7PRI_7TI,23,3.1957
7PRI_7TI,24,3.2114
7PRI_7TI,25,1.0615
7PRI_7TI,26,1.8236
7PRI_7TI,27,1.5548
7PRI_7TI,28,3.4357
7PRI_7TI,29,1.9621
7PRI_7TI,3,1.5822
7PRI_7TI,30,4.8751
7PRI_7TI,31,3.6977
7PRI_7TI,32,3.6392
7PRI_7TI,33,5.4473
7PRI_7TI,34,3.6159
7PRI_7TI,35,3.4298
7PRI_7TI,36,1.8232
7PRI_7TI,37,3.9672
7PRI_7TI,38,3.6011
7PRI_7TI,39,4.7067
7PRI_7TI,4,1.5519
7PRI_7TI,5,5.2064
7PRI_7TI,6,5.1224
7PRI_7TI,7,4.9900
7PRI_7TI,8,1.7076
7PRI_7TI,9,1.9389
7PRM_81I,0,1.4732
7PRM_81I,1,1.5112
7PRM_81I,10,0.7626
7PRM_81I,11,0.7480
7PRM_81I,12,0.7602
7PRM_81I,13,0.8666
7PRM_81I,14,1.2184
7PRM_81I,15,1.2446
7PRM_81I,16,0.4546
7PRM_81I,17,0.4063
7PRM_81I,18,0.8014
7PRM_81I,19,1.3374
7PRM_81I,2,0.9332
7PRM_81I,20,0.6626
7PRM_81I,21,1.5030
7PRM_81I,22,0.5921
7PRM_81I,23,11.8031
7PRM_81I,24,1.4156
7PRM_81I,25,1.2941
7PRM_81I,26,0.6175
7PRM_81I,27,1.4309
7PRM_81I,28,1.9803
7PRM_81I,29,1.3834
7PRM_81I,3,0.7847
7PRM_81I,30,1.3572
7PRM_81I,31,0.6631
7PRM_81I,32,0.6429
7PRM_81I,33,0.7907
7PRM_81I,34,1.0600
7PRM_81I,35,1.2053
7PRM_81I,36,1.1169
7PRM_81I,37,0.6277
7PRM_81I,38,1.1640
7PRM_81I,39,1.3334
7PRM_81I,4,11.6443
7PRM_81I,5,1.4716
7PRM_81I,6,1.1288
7PRM_81I,7,1.4981
7PRM_81I,8,1.8637
7PRM_81I,9,0.6940
7PT3_3KK,0,1.7616
7PT3_3KK,1,2.1870
7PT3_3KK,10,2.4277
7PT3_3KK,11,2.3105
7PT3_3KK,12,2.1383
7PT3_3KK,13,1.8991
7PT3_3KK,14,2.4196
7PT3_3KK,15,2.0004
7PT3_3KK,16,2.9916
7PT3_3KK,17,14.8569
7PT3_3KK,18,1.7022
7PT3_3KK,19,3.7990
7PT3_3KK,2,3.0506
7PT3_3KK,20,3.4730
7PT3_3KK,21,2.0980
7PT3_3KK,22,6.1747
7PT3_3KK,23,2.6599
7PT3_3KK,24,2.8340
7PT3_3KK,25,1.8535
7PT3_3KK,26,1.8720
7PT3_3KK,27,2.4806
7PT3_3KK,28,11.8128
7PT3_3KK,29,2.4205
7PT3_3KK,3,1.7898
7PT3_3KK,30,2.2281
7PT3_3KK,31,3.6029
7PT3_3KK,32,2.3254
7PT3_3KK,33,3.9483
7PT3_3KK,34,2.1471
7PT3_3KK,35,2.3150
7PT3_3KK,36,4.1076
7PT3_3KK,37,1.9200
7PT3_3KK,38,2.3086
7PT3_3KK,39,14.5043
7PT3_3KK,4,1.4790
7PT3_3KK,5,3.4907
7PT3_3KK,6,1.7101
7PT3_3KK,7,3.6793
7PT3_3KK,8,2.0102
7PT3_3KK,9,3.0303
7PUV_84Z,0,1.1257
7PUV_84Z,1,3.1381
7PUV_84Z,10,1.4661
7PUV_84Z,11,1.1339
7PUV_84Z,12,0.9025
7PUV_84Z,13,0.9909
7PUV_84Z,14,1.5785
7PUV_84Z,15,1.2610
7PUV_84Z,16,1.9033
7PUV_84Z,17,3.1497
7PUV_84Z,18,2.2068
7PUV_84Z,19,1.8411
7PUV_84Z,2,2.4380
7PUV_84Z,20,2.9614
7PUV_84Z,21,2.5706
7PUV_84Z,22,0.8992
7PUV_84Z,23,3.2153
7PUV_84Z,24,3.7812
7PUV_84Z,25,2.8991
7PUV_84Z,26,0.5921
7PUV_84Z,27,3.3966
7PUV_84Z,28,1.8279
7PUV_84Z,29,1.1170
7PUV_84Z,3,1.2690
7PUV_84Z,30,1.3160
7PUV_84Z,31,0.8273
7PUV_84Z,32,1.4411
7PUV_84Z,33,1.5883
7PUV_84Z,34,3.4318
7PUV_84Z,35,2.9194
7PUV_84Z,36,1.5352
7PUV_84Z,37,1.9232
7PUV_84Z,38,2.3747
7PUV_84Z,39,1.7795
7PUV_84Z,4,1.2098
7PUV_84Z,5,3.0579
7PUV_84Z,6,1.8322
7PUV_84Z,7,1.0328
7PUV_84Z,8,1.2442
7PUV_84Z,9,1.5676
7Q25_8J9,0,1.8527
7Q25_8J9,1,4.5687
7Q25_8J9,10,1.4317
7Q25_8J9,11,1.8535
7Q25_8J9,12,6.2556
7Q25_8J9,13,3.2338
7Q25_8J9,14,3.1821
7Q25_8J9,15,1.9760
7Q25_8J9,16,1.8347
7Q25_8J9,17,4.5741
7Q25_8J9,18,1.9732
7Q25_8J9,19,2.1247
7Q25_8J9,2,1.0608
7Q25_8J9,20,2.5190
7Q25_8J9,21,2.1566
7Q25_8J9,22,1.7965
7Q25_8J9,23,2.6310
7Q25_8J9,24,2.5101
7Q25_8J9,25,1.1788
7Q25_8J9,26,2.3617
7Q25_8J9,27,3.3948
7Q25_8J9,28,2.3378
7Q25_8J9,29,2.0288
7Q25_8J9,3,1.2950
7Q25_8J9,30,1.6952
7Q25_8J9,31,5.6359
7Q25_8J9,32,4.2352
7Q25_8J9,33,1.5724
7Q25_8J9,34,9.2474
7Q25_8J9,35,1.6462
7Q25_8J9,36,1.2278
7Q25_8J9,37,2.3016
7Q25_8J9,38,2.5314
7Q25_8J9,39,2.0909
7Q25_8J9,4,2.1248
7Q25_8J9,5,4.2729
7Q25_8J9,6,1.1258
7Q25_8J9,7,1.8154
7Q25_8J9,8,6.0627
7Q25_8J9,9,7.6680
7Q27_8KC,0,1.8838
7Q27_8KC,1,2.0758
7Q27_8KC,10,1.9114
7Q27_8KC,11,2.1499
7Q27_8KC,12,1.3402
7Q27_8KC,13,2.7454
7Q27_8KC,14,1.2689
7Q27_8KC,15,1.5494
7Q27_8KC,16,3.3948
7Q27_8KC,17,1.7828
7Q27_8KC,18,1.5075
7Q27_8KC,19,3.8044
7Q27_8KC,2,3.5432
7Q27_8KC,20,2.0644
7Q27_8KC,21,1.0917
7Q27_8KC,22,2.5658
7Q27_8KC,22,2.0516
7Q27_8KC,23,2.0267
7Q27_8KC,24,1.5854
7Q27_8KC,25,2.4009
7Q27_8KC,26,1.9793
7Q27_8KC,27,1.5599
7Q27_8KC,28,1.8381
7Q27_8KC,29,5.7291
7Q27_8KC,3,1.5348
7Q27_8KC,30,4.0892
7Q27_8KC,31,2.0978
7Q27_8KC,32,1.9335
7Q27_8KC,33,3.9136
7Q27_8KC,34,1.2427
7Q27_8KC,35,1.7917
7Q27_8KC,36,1.8456
7Q27_8KC,37,3.9027
7Q27_8KC,38,1.4604
7Q27_8KC,39,3.2102
7Q27_8KC,4,1.6881
7Q27_8KC,5,1.7359
7Q27_8KC,6,4.1842
7Q27_8KC,7,1.8427
7Q27_8KC,8,1.6737
7Q27_8KC,9,3.1232
7Q2B_M6H,0,1.5364
7Q2B_M6H,1,1.7373
7Q2B_M6H,10,1.0606
7Q2B_M6H,11,1.0416
7Q2B_M6H,12,1.3740
7Q2B_M6H,13,0.9907
7Q2B_M6H,14,0.9257
7Q2B_M6H,15,1.7619
7Q2B_M6H,16,1.5430
7Q2B_M6H,17,1.8016
7Q2B_M6H,18,1.3582
7Q2B_M6H,19,1.4241
7Q2B_M6H,2,1.4447
7Q2B_M6H,20,0.7819
7Q2B_M6H,21,0.9438
7Q2B_M6H,22,1.4888
7Q2B_M6H,23,0.8945
7Q2B_M6H,24,1.7800
7Q2B_M6H,25,1.4537
7Q2B_M6H,26,0.9054
7Q2B_M6H,27,1.1612
7Q2B_M6H,28,1.3285
7Q2B_M6H,29,1.3552
7Q2B_M6H,3,1.4444
7Q2B_M6H,30,0.8540
7Q2B_M6H,31,1.2262
7Q2B_M6H,32,1.1497
7Q2B_M6H,33,1.0889
7Q2B_M6H,34,1.5422
7Q2B_M6H,35,1.6242
7Q2B_M6H,36,0.8880
7Q2B_M6H,37,0.5653
7Q2B_M6H,38,1.7300
7Q2B_M6H,39,1.0503
7Q2B_M6H,4,0.9173
7Q2B_M6H,5,1.5229
7Q2B_M6H,6,1.5077
7Q2B_M6H,7,1.4163
7Q2B_M6H,8,0.7986
7Q2B_M6H,9,0.7722
7Q5I_I0F,0,1.1987
7Q5I_I0F,1,2.1196
7Q5I_I0F,10,1.9448
7Q5I_I0F,11,1.5938
7Q5I_I0F,12,1.4260
7Q5I_I0F,13,1.5331
7Q5I_I0F,14,1.3293
7Q5I_I0F,15,1.0248
7Q5I_I0F,16,1.7170
7Q5I_I0F,17,1.4512
7Q5I_I0F,18,1.6011
7Q5I_I0F,19,1.7336
7Q5I_I0F,2,1.7761
7Q5I_I0F,20,1.8514
7Q5I_I0F,21,0.8327
7Q5I_I0F,22,2.0396
7Q5I_I0F,23,0.8127
7Q5I_I0F,24,1.0452
7Q5I_I0F,25,1.8422
7Q5I_I0F,26,1.7807
7Q5I_I0F,27,1.7741
7Q5I_I0F,28,1.9153
7Q5I_I0F,29,0.9601
7Q5I_I0F,3,1.8752
7Q5I_I0F,30,2.1564
7Q5I_I0F,31,1.1806
7Q5I_I0F,32,1.9164
7Q5I_I0F,33,1.7250
7Q5I_I0F,34,1.8921
7Q5I_I0F,35,1.9229
7Q5I_I0F,36,0.9550
7Q5I_I0F,37,0.8695
7Q5I_I0F,38,1.6585
7Q5I_I0F,39,0.6466
7Q5I_I0F,4,1.6666
7Q5I_I0F,5,0.5764
7Q5I_I0F,6,1.6060
7Q5I_I0F,7,1.0231
7Q5I_I0F,8,1.5645
7Q5I_I0F,9,0.8952
7QE4_NGA,0,1.0474
7QE4_NGA,1,1.1306
7QE4_NGA,10,1.5540
7QE4_NGA,11,2.7319
7QE4_NGA,12,1.2069
7QE4_NGA,13,1.7811
7QE4_NGA,14,1.8866
7QE4_NGA,15,2.7902
7QE4_NGA,16,1.2382
7QE4_NGA,17,1.6074
7QE4_NGA,18,2.5505
7QE4_NGA,19,2.4032
7QE4_NGA,2,1.5454
7QE4_NGA,20,2.0941
7QE4_NGA,21,2.8748
7QE4_NGA,22,2.9570
7QE4_NGA,23,1.7717
7QE4_NGA,24,2.3813
7QE4_NGA,25,2.6817
7QE4_NGA,26,2.5908
7QE4_NGA,27,1.9452
7QE4_NGA,28,2.9764
7QE4_NGA,29,1.7343
7QE4_NGA,3,1.7401
7QE4_NGA,30,1.9659
7QE4_NGA,31,2.8210
7QE4_NGA,32,1.4671
7QE4_NGA,33,3.1629
7QE4_NGA,34,2.8285
7QE4_NGA,35,1.4376
7QE4_NGA,36,2.8369
7QE4_NGA,37,3.6281
7QE4_NGA,38,2.2606
7QE4_NGA,39,2.7761
7QE4_NGA,4,2.7033
7QE4_NGA,5,1.2791
7QE4_NGA,6,2.7147
7QE4_NGA,7,2.9546
7QE4_NGA,8,1.6728
7QE4_NGA,9,1.9314
7QF4_RBF,0,1.1388
7QF4_RBF,1,1.2338
7QF4_RBF,10,1.0400
7QF4_RBF,11,1.3760
7QF4_RBF,12,1.7045
7QF4_RBF,13,3.2031
7QF4_RBF,14,1.4296
7QF4_RBF,15,1.0505
7QF4_RBF,16,1.1342
7QF4_RBF,17,1.0456
7QF4_RBF,18,1.0399
7QF4_RBF,19,1.3960
7QF4_RBF,2,1.0830
7QF4_RBF,20,1.3209
7QF4_RBF,21,6.2677
7QF4_RBF,22,1.1102
7QF4_RBF,23,1.1278
7QF4_RBF,24,1.1625
7QF4_RBF,25,0.9017
7QF4_RBF,26,1.1651
7QF4_RBF,27,1.2918
7QF4_RBF,28,1.1321
7QF4_RBF,29,0.8566
7QF4_RBF,3,1.2892
7QF4_RBF,30,5.5764
7QF4_RBF,31,1.0408
7QF4_RBF,32,1.3623
7QF4_RBF,33,1.4402
7QF4_RBF,34,1.3225
7QF4_RBF,35,4.8843
7QF4_RBF,36,1.2769
7QF4_RBF,37,1.2553
7QF4_RBF,38,5.1725
7QF4_RBF,39,0.9618
7QF4_RBF,4,1.2496
7QF4_RBF,5,4.9442
7QF4_RBF,6,1.2658
7QF4_RBF,7,1.0057
7QF4_RBF,8,1.2618
7QF4_RBF,9,1.9603
7QFM_AY3,0,1.2952
7QFM_AY3,1,3.2358
7QFM_AY3,10,1.6320
7QFM_AY3,11,1.8370
7QFM_AY3,12,2.2898
7QFM_AY3,13,0.9931
7QFM_AY3,14,1.8403
7QFM_AY3,15,3.3806
7QFM_AY3,16,3.2397
7QFM_AY3,17,0.8656
7QFM_AY3,18,3.1105
7QFM_AY3,19,1.0014
7QFM_AY3,2,2.9484
7QFM_AY3,20,2.5552
7QFM_AY3,21,2.7705
7QFM_AY3,22,3.0356
7QFM_AY3,23,0.6770
7QFM_AY3,24,0.9137
7QFM_AY3,25,2.4267
7QFM_AY3,26,1.3471
7QFM_AY3,27,3.1930
7QFM_AY3,28,3.2512
7QFM_AY3,29,0.9022
7QFM_AY3,3,1.9232
7QFM_AY3,30,1.6526
7QFM_AY3,31,3.3139
7QFM_AY3,32,2.1315
7QFM_AY3,33,3.1374
7QFM_AY3,34,1.5958
7QFM_AY3,35,3.2022
7QFM_AY3,36,2.8249
7QFM_AY3,37,1.9804
7QFM_AY3,38,0.9981
7QFM_AY3,39,3.0009
7QFM_AY3,4,1.4769
7QFM_AY3,5,6.3979
7QFM_AY3,6,1.4750
7QFM_AY3,7,3.0273
7QFM_AY3,8,1.2311
7QFM_AY3,9,3.1485
7QGP_DJ8,0,1.3928
7QGP_DJ8,1,1.2338
7QGP_DJ8,10,0.5687
7QGP_DJ8,11,1.2723
7QGP_DJ8,12,1.2833
7QGP_DJ8,13,3.0754
7QGP_DJ8,14,1.4268
7QGP_DJ8,15,1.3586
7QGP_DJ8,16,0.8583
7QGP_DJ8,17,1.7202
7QGP_DJ8,18,0.4264
7QGP_DJ8,19,1.3558
7QGP_DJ8,2,1.3170
7QGP_DJ8,20,2.9461
7QGP_DJ8,21,1.2171
7QGP_DJ8,22,1.0352
7QGP_DJ8,23,2.9589
7QGP_DJ8,24,1.2773
7QGP_DJ8,25,0.4799
7QGP_DJ8,26,1.1283
7QGP_DJ8,27,1.4016
7QGP_DJ8,28,3.6118
7QGP_DJ8,29,1.3048
7QGP_DJ8,3,1.4120
7QGP_DJ8,30,1.1593
7QGP_DJ8,31,0.9994
7QGP_DJ8,32,1.2463
7QGP_DJ8,33,1.1213
7QGP_DJ8,34,0.7746
7QGP_DJ8,35,0.9936
7QGP_DJ8,36,3.5918
7QGP_DJ8,37,1.6621
7QGP_DJ8,38,0.9705
7QGP_DJ8,39,0.6380
7QGP_DJ8,4,1.2820
7QGP_DJ8,5,0.5105
7QGP_DJ8,6,0.7818
7QGP_DJ8,7,3.5997
7QGP_DJ8,8,1.0122
7QGP_DJ8,9,1.9299
7QHG_T3B,0,6.3744
7QHG_T3B,1,6.3097
7QHG_T3B,10,1.7583
7QHG_T3B,11,6.3714
7QHG_T3B,12,6.2538
7QHG_T3B,13,3.0502
7QHG_T3B,14,6.5354
7QHG_T3B,15,6.4285
7QHG_T3B,16,1.5055
7QHG_T3B,17,1.0613
7QHG_T3B,18,4.5151
7QHG_T3B,19,1.7720
7QHG_T3B,2,6.1465
7QHG_T3B,20,6.2948
7QHG_T3B,21,5.4386
7QHG_T3B,22,5.2269
7QHG_T3B,23,6.4296
7QHG_T3B,24,1.4679
7QHG_T3B,25,6.5144
7QHG_T3B,26,1.6052
7QHG_T3B,27,1.2628
7QHG_T3B,28,1.9529
7QHG_T3B,29,6.0473
7QHG_T3B,3,4.7565
7QHG_T3B,30,5.9918
7QHG_T3B,31,1.8199
7QHG_T3B,32,1.3180
7QHG_T3B,33,6.4127
7QHG_T3B,34,5.3448
7QHG_T3B,35,1.2649
7QHG_T3B,36,5.3201
7QHG_T3B,37,6.4827
7QHG_T3B,38,5.4716
7QHG_T3B,39,6.5779
7QHG_T3B,4,5.4355
7QHG_T3B,5,9.7440
7QHG_T3B,6,6.0957
7QHG_T3B,7,6.4244
7QHG_T3B,8,1.7195
7QHG_T3B,9,1.8043
7QHL_D5P,0,1.3227
7QHL_D5P,1,2.9657
7QHL_D5P,10,1.3217
7QHL_D5P,11,1.1064
7QHL_D5P,12,1.2150
7QHL_D5P,13,1.2283
7QHL_D5P,14,3.6831
7QHL_D5P,15,3.5777
7QHL_D5P,16,0.7278
7QHL_D5P,17,1.0264
7QHL_D5P,18,0.8949
7QHL_D5P,19,1.2792
7QHL_D5P,2,3.6929
7QHL_D5P,20,1.4225
7QHL_D5P,21,1.4853
7QHL_D5P,22,1.5812
7QHL_D5P,23,0.7010
7QHL_D5P,24,1.5248
7QHL_D5P,25,2.1557
7QHL_D5P,26,1.6757
7QHL_D5P,27,1.3421
7QHL_D5P,28,1.6582
7QHL_D5P,29,1.8348
7QHL_D5P,3,1.4539
7QHL_D5P,30,2.4919
7QHL_D5P,31,2.1154
7QHL_D5P,32,1.8210
7QHL_D5P,33,1.8597
7QHL_D5P,34,1.1583
7QHL_D5P,35,1.2468
7QHL_D5P,36,0.8361
7QHL_D5P,37,1.6247
7QHL_D5P,38,1.4555
7QHL_D5P,39,0.6897
7QHL_D5P,4,1.0619
7QHL_D5P,5,1.6255
7QHL_D5P,6,3.3952
7QHL_D5P,7,2.8825
7QHL_D5P,8,1.1402
7QHL_D5P,9,3.6369
7QPP_VDX,0,2.6427
7QPP_VDX,1,1.4018
7QPP_VDX,10,1.1823
7QPP_VDX,11,2.0434
7QPP_VDX,12,1.9830
7QPP_VDX,13,1.1571
7QPP_VDX,14,0.9017
7QPP_VDX,15,1.2478
7QPP_VDX,16,1.0261
7QPP_VDX,17,2.5535
7QPP_VDX,18,1.9752
7QPP_VDX,19,0.8157
7QPP_VDX,2,1.9811
7QPP_VDX,20,1.6035
7QPP_VDX,21,1.2207
7QPP_VDX,22,2.8634
7QPP_VDX,23,1.9460
7QPP_VDX,24,2.2609
7QPP_VDX,25,1.0611
7QPP_VDX,26,0.9946
7QPP_VDX,27,2.1040
7QPP_VDX,28,2.3361
7QPP_VDX,29,0.9903
7QPP_VDX,3,1.0147
7QPP_VDX,30,1.4050
7QPP_VDX,31,0.8466
7QPP_VDX,32,2.2760
7QPP_VDX,33,1.8136
7QPP_VDX,34,2.2721
7QPP_VDX,35,1.8037
7QPP_VDX,36,1.1305
7QPP_VDX,37,2.7704
7QPP_VDX,38,2.2297
7QPP_VDX,39,1.8791
7QPP_VDX,4,0.5242
7QPP_VDX,5,1.8944
7QPP_VDX,6,1.3661
7QPP_VDX,7,2.2245
7QPP_VDX,8,2.3343
7QPP_VDX,9,1.8323
7QTA_URI,0,0.5204
7QTA_URI,1,1.4718
7QTA_URI,10,0.7158
7QTA_URI,11,5.4659
7QTA_URI,12,5.3066
7QTA_URI,13,1.2379
7QTA_URI,14,5.4608
7QTA_URI,15,5.4404
7QTA_URI,16,5.4958
7QTA_URI,17,5.3955
7QTA_URI,18,5.3531
7QTA_URI,19,5.2802
7QTA_URI,2,5.1908
7QTA_URI,20,5.1494
7QTA_URI,21,4.9617
7QTA_URI,22,5.0312
7QTA_URI,23,5.3003
7QTA_URI,24,0.9742
7QTA_URI,25,5.3644
7QTA_URI,26,1.2815
7QTA_URI,27,5.5312
7QTA_URI,28,5.3877
7QTA_URI,29,5.3756
7QTA_URI,3,5.3662
7QTA_URI,30,5.3949
7QTA_URI,31,5.5852
7QTA_URI,32,5.2899
7QTA_URI,33,5.4212
7QTA_URI,34,5.2671
7QTA_URI,35,5.2778
7QTA_URI,36,5.6218
7QTA_URI,37,4.9192
7QTA_URI,38,5.4310
7QTA_URI,39,5.2623
7QTA_URI,4,5.5512
7QTA_URI,5,5.3506
7QTA_URI,6,5.2663
7QTA_URI,7,5.5582
7QTA_URI,8,2.3524
7QTA_URI,9,1.2086
7R3D_APR,0,1.8350
7R3D_APR,1,1.7606
7R3D_APR,10,1.6989
7R3D_APR,11,2.1177
7R3D_APR,12,1.9906
7R3D_APR,13,2.0244
7R3D_APR,14,2.4237
7R3D_APR,15,2.6599
7R3D_APR,16,2.4715
7R3D_APR,17,2.1979
7R3D_APR,18,2.9312
7R3D_APR,19,1.4305
7R3D_APR,2,3.4838
7R3D_APR,20,2.5540
7R3D_APR,21,1.9659
7R3D_APR,22,2.3140
7R3D_APR,23,2.3139
7R3D_APR,24,1.7873
7R3D_APR,25,2.4954
7R3D_APR,26,2.8654
7R3D_APR,27,2.5881
7R3D_APR,28,2.7927
7R3D_APR,29,1.7146
7R3D_APR,3,2.8276
7R3D_APR,30,2.3718
7R3D_APR,31,2.7660
7R3D_APR,32,1.6086
7R3D_APR,33,2.4390
7R3D_APR,34,1.6159
7R3D_APR,35,3.3637
7R3D_APR,36,1.9783
7R3D_APR,37,2.8233
7R3D_APR,38,2.4992
7R3D_APR,39,1.3595
7R3D_APR,4,2.4626
7R3D_APR,5,2.7862
7R3D_APR,6,2.6052
7R3D_APR,7,1.1521
7R3D_APR,8,2.7774
7R3D_APR,9,2.8723
7R59_I5F,0,0.4301
7R59_I5F,1,0.6985
7R59_I5F,10,0.5755
7R59_I5F,11,0.6413
7R59_I5F,12,1.7691
7R59_I5F,13,0.4320
7R59_I5F,14,2.2704
7R59_I5F,15,0.6600
7R59_I5F,16,0.4648
7R59_I5F,17,0.5938
7R59_I5F,18,2.5174
7R59_I5F,19,0.9071
7R59_I5F,2,2.4177
7R59_I5F,20,2.2507
7R59_I5F,21,0.6505
7R59_I5F,22,0.4843
7R59_I5F,23,0.7774
7R59_I5F,24,0.6906
7R59_I5F,25,0.8096
7R59_I5F,26,0.6766
7R59_I5F,27,0.5830
7R59_I5F,28,0.7249
7R59_I5F,29,0.5870
7R59_I5F,3,2.4410
7R59_I5F,30,0.5288
7R59_I5F,31,0.4693
7R59_I5F,32,0.3446
7R59_I5F,33,0.4449
7R59_I5F,34,3.1327
7R59_I5F,35,0.4562
7R59_I5F,36,0.5322
7R59_I5F,37,0.4911
7R59_I5F,38,2.1315
7R59_I5F,39,0.6346
7R59_I5F,4,1.8060
7R59_I5F,5,0.6445
7R59_I5F,6,2.3746
7R59_I5F,7,1.1857
7R59_I5F,8,2.4535
7R59_I5F,9,0.7807
7R6J_2I7,0,3.8077
7R6J_2I7,1,2.0781
7R6J_2I7,10,3.4182
7R6J_2I7,11,3.3856
7R6J_2I7,12,4.0802
7R6J_2I7,13,3.7629
7R6J_2I7,14,4.2488
7R6J_2I7,15,2.9854
7R6J_2I7,16,4.2139
7R6J_2I7,17,4.1519
7R6J_2I7,18,3.4031
7R6J_2I7,19,2.1523
7R6J_2I7,2,2.0109
7R6J_2I7,20,3.5920
7R6J_2I7,21,2.3700
7R6J_2I7,22,2.9663
7R6J_2I7,23,3.6717
7R6J_2I7,24,3.5514
7R6J_2I7,25,2.5013
7R6J_2I7,26,1.3593
7R6J_2I7,27,2.7408
7R6J_2I7,28,3.8611
7R6J_2I7,29,3.6450
7R6J_2I7,3,4.8438
7R6J_2I7,30,3.7216
7R6J_2I7,31,3.7595
7R6J_2I7,32,3.7268
7R6J_2I7,33,1.7143
7R6J_2I7,34,3.8849
7R6J_2I7,35,3.5269
7R6J_2I7,36,3.4751
7R6J_2I7,37,2.0316
7R6J_2I7,38,3.6950
7R6J_2I7,39,3.5891
7R6J_2I7,4,3.5624
7R6J_2I7,5,3.8736
7R6J_2I7,6,3.8185
7R6J_2I7,7,3.9787
7R6J_2I7,8,4.4229
7R6J_2I7,9,1.8661
7R7R_AWJ,0,2.6078
7R7R_AWJ,1,2.6943
7R7R_AWJ,10,1.2158
7R7R_AWJ,11,1.2047
7R7R_AWJ,12,1.8118
7R7R_AWJ,13,1.0954
7R7R_AWJ,14,2.2727
7R7R_AWJ,15,2.9886
7R7R_AWJ,16,3.3265
7R7R_AWJ,17,2.8771
7R7R_AWJ,18,2.2553
7R7R_AWJ,19,1.2386
7R7R_AWJ,2,1.4462
7R7R_AWJ,20,1.6140
7R7R_AWJ,21,1.6048
7R7R_AWJ,22,3.3900
7R7R_AWJ,23,1.6368
7R7R_AWJ,24,2.1044
7R7R_AWJ,25,0.8739
7R7R_AWJ,26,3.3668
7R7R_AWJ,27,1.9815
7R7R_AWJ,28,2.5496
7R7R_AWJ,29,1.5592
7R7R_AWJ,3,2.2348
7R7R_AWJ,30,2.2103
7R7R_AWJ,31,2.4487
7R7R_AWJ,32,1.2323
7R7R_AWJ,33,1.3506
7R7R_AWJ,34,0.8464
7R7R_AWJ,35,2.2878
7R7R_AWJ,36,2.5719
7R7R_AWJ,37,1.7691
7R7R_AWJ,38,1.3360
7R7R_AWJ,39,2.0531
7R7R_AWJ,4,1.2081
7R7R_AWJ,5,0.8335
7R7R_AWJ,6,3.2770
7R7R_AWJ,7,0.6948
7R7R_AWJ,8,4.5928
7R7R_AWJ,9,5.9901
7R9N_F97,0,4.8284
7R9N_F97,1,4.4787
7R9N_F97,10,2.6661
7R9N_F97,11,5.1287
7R9N_F97,12,1.5831
7R9N_F97,13,7.3274
7R9N_F97,14,1.2949
7R9N_F97,15,4.5518
7R9N_F97,16,1.3382
7R9N_F97,17,1.1486
7R9N_F97,18,1.1291
7R9N_F97,19,5.0193
7R9N_F97,2,6.4116
7R9N_F97,20,1.3415
7R9N_F97,21,2.7038
7R9N_F97,22,7.8075
7R9N_F97,23,7.4133
7R9N_F97,24,1.4487
7R9N_F97,25,6.5336
7R9N_F97,26,1.0232
7R9N_F97,27,6.9086
7R9N_F97,28,7.7977
7R9N_F97,29,7.9534
7R9N_F97,3,4.5200
7R9N_F97,30,7.2013
7R9N_F97,31,7.7616
7R9N_F97,32,4.8891
7R9N_F97,33,1.0539
7R9N_F97,34,1.4313
7R9N_F97,35,0.9568
7R9N_F97,36,1.2343
7R9N_F97,37,7.3974
7R9N_F97,38,4.2154
7R9N_F97,39,8.2675
7R9N_F97,4,4.7046
7R9N_F97,5,2.0550
7R9N_F97,6,4.4340
7R9N_F97,7,1.3030
7R9N_F97,8,4.6063
7R9N_F97,9,1.8168
7RC3_SAH,0,0.7103
7RC3_SAH,1,1.1046
7RC3_SAH,10,1.1166
7RC3_SAH,11,1.6666
7RC3_SAH,12,0.6864
7RC3_SAH,13,1.4229
7RC3_SAH,14,1.3964
7RC3_SAH,15,0.9989
7RC3_SAH,16,0.9867
7RC3_SAH,17,0.8157
7RC3_SAH,18,1.2382
7RC3_SAH,19,0.8207
7RC3_SAH,2,1.9224
7RC3_SAH,20,0.9233
7RC3_SAH,21,1.1045
7RC3_SAH,22,1.0407
7RC3_SAH,23,2.0012
7RC3_SAH,24,1.0328
7RC3_SAH,25,0.9950
7RC3_SAH,26,1.1863
7RC3_SAH,27,1.0147
7RC3_SAH,28,1.9415
7RC3_SAH,29,2.0310
7RC3_SAH,3,0.9620
7RC3_SAH,30,1.0470
7RC3_SAH,31,0.9745
7RC3_SAH,32,1.1165
7RC3_SAH,33,1.9653
7RC3_SAH,34,0.7642
7RC3_SAH,35,1.7352
7RC3_SAH,36,0.9752
7RC3_SAH,37,2.0460
7RC3_SAH,38,1.2051
7RC3_SAH,39,1.1068
7RC3_SAH,4,0.9872
7RC3_SAH,5,0.7739
7RC3_SAH,6,1.2573
7RC3_SAH,7,1.1049
7RC3_SAH,8,2.0451
7RC3_SAH,9,1.0017
7RH3_59O,0,5.8572
7RH3_59O,1,5.7764
7RH3_59O,10,5.3726
7RH3_59O,11,6.4096
7RH3_59O,12,5.6106
7RH3_59O,13,5.7535
7RH3_59O,14,5.6364
7RH3_59O,15,5.9004
7RH3_59O,16,6.6964
7RH3_59O,17,6.9250
7RH3_59O,18,5.7401
7RH3_59O,19,5.8728
7RH3_59O,2,5.6854
7RH3_59O,20,6.2413
7RH3_59O,21,6.0911
7RH3_59O,22,2.1008
7RH3_59O,23,5.5994
7RH3_59O,24,6.2094
7RH3_59O,25,6.4661
7RH3_59O,26,5.9223
7RH3_59O,27,5.4811
7RH3_59O,28,5.8628
7RH3_59O,29,5.7249
7RH3_59O,3,4.8751
7RH3_59O,30,5.2577
7RH3_59O,31,6.3714
7RH3_59O,32,5.5003
7RH3_59O,33,5.4801
7RH3_59O,34,7.0595
7RH3_59O,35,5.7614
7RH3_59O,36,5.2085
7RH3_59O,37,5.4838
7RH3_59O,38,5.8104
7RH3_59O,39,6.6527
7RH3_59O,4,5.6439
7RH3_59O,5,6.0240
7RH3_59O,6,4.9034
7RH3_59O,7,5.6483
7RH3_59O,8,5.4842
7RH3_59O,9,0.9071
7RKW_5TV,0,6.1039
7RKW_5TV,1,6.4793
7RKW_5TV,10,6.3540
7RKW_5TV,11,2.6320
7RKW_5TV,12,4.7345
7RKW_5TV,13,6.1818
7RKW_5TV,14,6.4736
7RKW_5TV,15,1.0617
7RKW_5TV,16,6.5190
7RKW_5TV,17,2.2855
7RKW_5TV,18,1.2238
7RKW_5TV,19,1.9145
7RKW_5TV,2,6.3597
7RKW_5TV,20,3.1023
7RKW_5TV,21,6.2625
7RKW_5TV,22,4.8468
7RKW_5TV,23,2.5334
7RKW_5TV,24,6.4935
7RKW_5TV,25,6.2680
7RKW_5TV,26,6.3023
7RKW_5TV,27,6.6421
7RKW_5TV,28,6.3363
7RKW_5TV,29,2.2357
7RKW_5TV,3,1.5817
7RKW_5TV,30,6.3298
7RKW_5TV,31,6.3743
7RKW_5TV,32,6.3366
7RKW_5TV,33,1.8225
7RKW_5TV,34,2.0151
7RKW_5TV,35,6.2746
7RKW_5TV,36,4.8548
7RKW_5TV,37,6.3055
7RKW_5TV,38,6.4222
7RKW_5TV,39,6.6236
7RKW_5TV,4,6.5593
7RKW_5TV,5,1.5962
7RKW_5TV,6,1.6468
7RKW_5TV,7,1.8229
7RKW_5TV,8,1.9367
7RKW_5TV,9,4.7668
7RNI_60I,0,2.1996
7RNI_60I,1,3.4333
7RNI_60I,10,2.7077
7RNI_60I,11,3.5144
7RNI_60I,12,3.6362
7RNI_60I,13,8.9808
7RNI_60I,14,2.4781
7RNI_60I,15,2.2032
7RNI_60I,16,2.2736
7RNI_60I,17,3.6071
7RNI_60I,18,2.2687
7RNI_60I,19,3.9698
7RNI_60I,2,3.5964
7RNI_60I,20,5.6898
7RNI_60I,21,3.3015
7RNI_60I,22,3.5481
7RNI_60I,23,3.5098
7RNI_60I,24,3.4738
7RNI_60I,25,3.9300
7RNI_60I,26,3.7573
7RNI_60I,27,2.6903
7RNI_60I,28,2.4597
7RNI_60I,29,2.4442
7RNI_60I,3,2.5554
7RNI_60I,30,2.8841
7RNI_60I,31,4.1582
7RNI_60I,32,1.8258
7RNI_60I,33,1.8503
7RNI_60I,34,3.9109
7RNI_60I,35,3.4887
7RNI_60I,36,3.6728
7RNI_60I,37,3.7064
7RNI_60I,38,4.5664
7RNI_60I,39,2.5890
7RNI_60I,4,1.8471
7RNI_60I,5,3.6597
7RNI_60I,6,7.0872
7RNI_60I,7,6.2691
7RNI_60I,8,3.0331
7RNI_60I,9,4.7250
7ROR_69X,0,2.3703
7ROR_69X,1,1.8563
7ROR_69X,10,0.9742
7ROR_69X,11,1.9082
7ROR_69X,12,1.6406
7ROR_69X,13,1.8972
7ROR_69X,14,1.6897
7ROR_69X,15,0.8076
7ROR_69X,16,1.4572
7ROR_69X,17,2.2515
7ROR_69X,18,0.8934
7ROR_69X,19,0.8135
7ROR_69X,2,2.8046
7ROR_69X,20,2.1409
7ROR_69X,21,1.2364
7ROR_69X,22,1.8649
7ROR_69X,23,1.2005
7ROR_69X,24,1.7197
7ROR_69X,25,1.0124
7ROR_69X,26,3.1131
7ROR_69X,27,2.9879
7ROR_69X,28,1.9670
7ROR_69X,29,1.3788
7ROR_69X,3,1.4033
7ROR_69X,30,1.2557
7ROR_69X,31,1.8869
7ROR_69X,32,1.2467
7ROR_69X,33,1.6791
7ROR_69X,34,3.1242
7ROR_69X,35,0.9655
7ROR_69X,36,2.5083
7ROR_69X,37,0.9287
7ROR_69X,38,0.9890
7ROR_69X,39,2.0555
7ROR_69X,4,1.8826
7ROR_69X,5,2.0373
7ROR_69X,6,0.9598
7ROR_69X,7,0.8182
7ROR_69X,8,1.2434
7ROR_69X,9,1.2840
7ROU_66I,0,1.2375
7ROU_66I,1,1.0855
7ROU_66I,10,0.8690
7ROU_66I,11,1.3524
7ROU_66I,12,1.7351
7ROU_66I,13,1.3623
7ROU_66I,14,0.9531
7ROU_66I,15,1.2322
7ROU_66I,16,2.5716
7ROU_66I,17,1.3827
7ROU_66I,18,1.5531
7ROU_66I,19,1.2915
7ROU_66I,2,3.7118
7ROU_66I,20,1.5939
7ROU_66I,21,1.5561
7ROU_66I,22,1.3907
7ROU_66I,23,1.9434
7ROU_66I,24,1.0345
7ROU_66I,25,0.8640
7ROU_66I,26,2.8375
7ROU_66I,27,3.2304
7ROU_66I,28,1.7736
7ROU_66I,29,3.9479
7ROU_66I,3,1.0937
7ROU_66I,30,1.8843
7ROU_66I,31,1.5295
7ROU_66I,32,1.3640
7ROU_66I,33,1.4272
7ROU_66I,34,1.3045
7ROU_66I,35,1.3386
7ROU_66I,36,1.6115
7ROU_66I,37,3.1772
7ROU_66I,38,1.1631
7ROU_66I,39,3.3383
7ROU_66I,4,3.2994
7ROU_66I,5,0.9343
7ROU_66I,6,2.4851
7ROU_66I,7,2.9066
7ROU_66I,8,1.8940
7ROU_66I,9,1.4464
7RSV_7IQ,0,0.6576
7RSV_7IQ,1,0.8843
7RSV_7IQ,10,1.8962
7RSV_7IQ,11,1.6770
7RSV_7IQ,12,1.4433
7RSV_7IQ,13,5.9782
7RSV_7IQ,14,0.8966
7RSV_7IQ,15,0.4230
7RSV_7IQ,16,1.6806
7RSV_7IQ,17,1.6108
7RSV_7IQ,18,0.4044
7RSV_7IQ,19,1.5265
7RSV_7IQ,2,1.5021
7RSV_7IQ,20,1.6555
7RSV_7IQ,21,0.8311
7RSV_7IQ,22,2.6468
7RSV_7IQ,23,1.6119
7RSV_7IQ,24,1.6965
7RSV_7IQ,25,0.8021
7RSV_7IQ,26,1.6349
7RSV_7IQ,27,1.7097
7RSV_7IQ,28,1.5112
7RSV_7IQ,29,1.6923
7RSV_7IQ,3,0.6607
7RSV_7IQ,30,6.4145
7RSV_7IQ,31,6.0595
7RSV_7IQ,32,1.6691
7RSV_7IQ,33,2.2712
7RSV_7IQ,34,0.8747
7RSV_7IQ,35,1.2969
7RSV_7IQ,36,0.9161
7RSV_7IQ,37,0.8381
7RSV_7IQ,38,2.5852
7RSV_7IQ,39,1.2027
7RSV_7IQ,4,1.6279
7RSV_7IQ,5,1.6319
7RSV_7IQ,6,1.5028
7RSV_7IQ,7,1.5884
7RSV_7IQ,8,0.9170
7RSV_7IQ,9,1.0670
7RWS_4UR,0,8.8650
7RWS_4UR,1,9.0140
7RWS_4UR,10,8.3319
7RWS_4UR,11,9.3264
7RWS_4UR,12,5.3167
7RWS_4UR,13,9.3820
7RWS_4UR,14,9.2765
7RWS_4UR,15,1.8877
7RWS_4UR,16,9.5322
7RWS_4UR,17,3.3867
7RWS_4UR,18,3.6628
7RWS_4UR,19,8.8927
7RWS_4UR,2,2.2965
7RWS_4UR,20,3.5090
7RWS_4UR,21,9.2650
7RWS_4UR,22,8.3002
7RWS_4UR,23,9.3355
7RWS_4UR,24,3.9501
7RWS_4UR,25,8.2913
7RWS_4UR,26,4.2070
7RWS_4UR,27,4.0672
7RWS_4UR,28,3.6556
7RWS_4UR,29,9.0878
7RWS_4UR,3,9.1755
7RWS_4UR,30,3.7812
7RWS_4UR,31,1.2648
7RWS_4UR,32,4.1859
7RWS_4UR,33,2.5432
7RWS_4UR,34,8.7345
7RWS_4UR,35,2.1315
7RWS_4UR,36,8.7336
7RWS_4UR,37,5.5447
7RWS_4UR,38,2.6944
7RWS_4UR,39,9.4525
7RWS_4UR,4,8.2729
7RWS_4UR,5,1.8497
7RWS_4UR,6,8.5248
7RWS_4UR,7,9.1800
7RWS_4UR,8,2.0239
7RWS_4UR,9,8.1058
7RZL_NPO,0,2.8219
7RZL_NPO,1,3.9267
7RZL_NPO,10,4.0792
7RZL_NPO,11,2.9440
7RZL_NPO,12,2.5109
7RZL_NPO,13,3.9264
7RZL_NPO,14,3.8278
7RZL_NPO,15,2.6813
7RZL_NPO,16,4.1847
7RZL_NPO,17,2.8855
7RZL_NPO,18,3.9869
7RZL_NPO,19,4.0423
7RZL_NPO,2,2.9281
7RZL_NPO,20,4.0387
7RZL_NPO,21,3.4433
7RZL_NPO,22,4.1677
7RZL_NPO,23,3.8349
7RZL_NPO,24,1.4107
7RZL_NPO,25,4.0133
7RZL_NPO,26,4.1533
7RZL_NPO,27,4.1874
7RZL_NPO,28,2.9406
7RZL_NPO,29,3.7794
7RZL_NPO,3,2.1095
7RZL_NPO,30,4.1244
7RZL_NPO,31,4.0190
7RZL_NPO,32,2.2670
7RZL_NPO,33,4.1555
7RZL_NPO,34,4.1909
7RZL_NPO,35,3.3607
7RZL_NPO,36,4.0248
7RZL_NPO,37,2.3345
7RZL_NPO,38,4.1436
7RZL_NPO,39,2.8463
7RZL_NPO,4,4.0463
7RZL_NPO,5,2.6578
7RZL_NPO,6,3.5230
7RZL_NPO,7,2.4660
7RZL_NPO,8,1.7493
7RZL_NPO,9,3.2404
7SCW_GSP,0,1.1405
7SCW_GSP,1,0.7427
7SCW_GSP,10,2.1992
7SCW_GSP,11,0.5413
7SCW_GSP,12,0.9869
7SCW_GSP,13,2.2002
7SCW_GSP,14,1.0012
7SCW_GSP,15,0.9177
7SCW_GSP,16,1.0883
7SCW_GSP,17,1.0613
7SCW_GSP,18,0.8952
7SCW_GSP,19,1.1916
7SCW_GSP,2,0.6885
7SCW_GSP,20,0.6766
7SCW_GSP,21,1.0152
7SCW_GSP,22,1.5962
7SCW_GSP,23,1.8811
7SCW_GSP,24,1.6198
7SCW_GSP,25,2.0853
7SCW_GSP,26,1.2642
7SCW_GSP,27,2.0982
7SCW_GSP,28,0.9340
7SCW_GSP,29,0.9785
7SCW_GSP,3,2.1628
7SCW_GSP,30,1.3482
7SCW_GSP,31,0.8800
7SCW_GSP,32,0.8403
7SCW_GSP,33,1.1009
7SCW_GSP,34,1.3328
7SCW_GSP,35,0.2733
7SCW_GSP,36,0.9450
7SCW_GSP,37,1.0652
7SCW_GSP,38,0.4842
7SCW_GSP,39,1.0148
7SCW_GSP,4,0.7330
7SCW_GSP,5,0.8442
7SCW_GSP,6,1.6768
7SCW_GSP,7,1.6945
7SCW_GSP,8,2.1131
7SCW_GSP,9,1.1433
7SDD_4IP,0,2.8135
7SDD_4IP,1,4.1139
7SDD_4IP,10,4.1812
7SDD_4IP,11,5.6160
7SDD_4IP,12,5.2336
7SDD_4IP,13,3.9608
7SDD_4IP,14,5.5769
7SDD_4IP,15,5.3279
7SDD_4IP,16,5.1836
7SDD_4IP,17,4.9409
7SDD_4IP,18,5.7294
7SDD_4IP,19,4.7840
7SDD_4IP,2,5.6332
7SDD_4IP,20,5.5531
7SDD_4IP,21,2.6172
7SDD_4IP,22,3.8646
7SDD_4IP,23,4.2920
7SDD_4IP,24,6.1396
7SDD_4IP,25,5.0148
7SDD_4IP,26,5.5897
7SDD_4IP,27,5.0968
7SDD_4IP,28,2.8524
7SDD_4IP,29,5.4167
7SDD_4IP,3,5.5493
7SDD_4IP,30,5.4318
7SDD_4IP,31,4.6519
7SDD_4IP,32,3.7081
7SDD_4IP,33,6.0025
7SDD_4IP,34,5.7668
7SDD_4IP,35,5.0812
7SDD_4IP,36,6.0079
7SDD_4IP,37,5.6686
7SDD_4IP,38,1.9887
7SDD_4IP,39,4.3980
7SDD_4IP,4,4.9675
7SDD_4IP,5,5.2794
7SDD_4IP,6,3.0213
7SDD_4IP,7,2.8376
7SDD_4IP,8,2.6649
7SDD_4IP,9,3.9537
7SFO_98L,0,1.3155
7SFO_98L,1,2.5495
7SFO_98L,10,4.6903
7SFO_98L,11,4.5213
7SFO_98L,12,4.6333
7SFO_98L,13,1.3176
7SFO_98L,14,4.6805
7SFO_98L,15,0.2947
7SFO_98L,16,2.4119
7SFO_98L,17,6.4658
7SFO_98L,18,4.5092
7SFO_98L,19,1.3613
7SFO_98L,2,0.8473
7SFO_98L,20,5.0520
7SFO_98L,21,1.4340
7SFO_98L,22,2.4722
7SFO_98L,23,1.3309
7SFO_98L,24,0.5384
7SFO_98L,25,1.3084
7SFO_98L,26,1.0168
7SFO_98L,27,4.6490
7SFO_98L,28,1.3842
7SFO_98L,29,2.6556
7SFO_98L,3,0.5951
7SFO_98L,30,4.6878
7SFO_98L,31,4.6385
7SFO_98L,32,0.4109
7SFO_98L,33,4.4768
7SFO_98L,34,0.6068
7SFO_98L,35,1.2447
7SFO_98L,36,0.7693
7SFO_98L,37,1.3172
7SFO_98L,38,1.3726
7SFO_98L,39,0.8756
7SFO_98L,4,0.7241
7SFO_98L,5,5.5249
7SFO_98L,6,0.8785
7SFO_98L,7,1.8195
7SFO_98L,8,4.5425
7SFO_98L,9,0.5638
7SIU_9ID,0,0.2938
7SIU_9ID,1,10.1594
7SIU_9ID,10,1.3126
7SIU_9ID,11,1.5818
7SIU_9ID,12,1.2277
7SIU_9ID,13,10.6772
7SIU_9ID,14,11.2636
7SIU_9ID,15,0.7198
7SIU_9ID,16,10.5724
7SIU_9ID,17,0.8848
7SIU_9ID,18,1.6519
7SIU_9ID,19,1.0195
7SIU_9ID,2,0.5924
7SIU_9ID,20,0.9386
7SIU_9ID,21,1.7267
7SIU_9ID,22,0.8555
7SIU_9ID,23,0.6384
7SIU_9ID,24,10.4287
7SIU_9ID,25,9.8256
7SIU_9ID,26,0.6651
7SIU_9ID,27,1.1656
7SIU_9ID,28,2.4728
7SIU_9ID,29,10.6293
7SIU_9ID,3,10.3990
7SIU_9ID,30,0.9524
7SIU_9ID,31,0.6764
7SIU_9ID,32,1.3173
7SIU_9ID,33,9.9712
7SIU_9ID,34,1.5163
7SIU_9ID,35,1.1493
7SIU_9ID,36,10.4974
7SIU_9ID,37,10.3251
7SIU_9ID,38,1.5171
7SIU_9ID,39,1.4120
7SIU_9ID,4,10.3321
7SIU_9ID,5,1.1574
7SIU_9ID,6,10.3372
7SIU_9ID,7,1.0767
7SIU_9ID,8,1.9215
7SIU_9ID,9,10.3111
7SUC_COM,0,3.8097
7SUC_COM,1,3.6905
7SUC_COM,10,1.6090
7SUC_COM,11,2.4244
7SUC_COM,12,1.4803
7SUC_COM,13,1.7427
7SUC_COM,14,1.4765
7SUC_COM,15,1.9696
7SUC_COM,16,3.8308
7SUC_COM,17,1.9796
7SUC_COM,18,2.6923
7SUC_COM,19,2.4449
7SUC_COM,2,1.6109
7SUC_COM,20,0.9199
7SUC_COM,21,2.2006
7SUC_COM,22,1.8461
7SUC_COM,23,3.4432
7SUC_COM,24,3.9158
7SUC_COM,25,3.8756
7SUC_COM,26,2.1803
7SUC_COM,27,1.8675
7SUC_COM,28,1.3485
7SUC_COM,29,2.1957
7SUC_COM,3,1.6588
7SUC_COM,30,1.9352
7SUC_COM,31,1.7632
7SUC_COM,32,3.5678
7SUC_COM,33,1.6691
7SUC_COM,34,2.1178
7SUC_COM,35,1.4423
7SUC_COM,36,3.7037
7SUC_COM,37,2.1898
7SUC_COM,38,0.7609
7SUC_COM,39,1.0802
7SUC_COM,4,1.5036
7SUC_COM,5,1.7080
7SUC_COM,6,1.9115
7SUC_COM,7,1.9649
7SUC_COM,8,1.9509
7SUC_COM,9,1.1808
7SZA_DUI,0,0.6007
7SZA_DUI,1,2.4190
7SZA_DUI,10,2.5711
7SZA_DUI,11,0.9188
7SZA_DUI,12,2.5559
7SZA_DUI,13,2.5771
7SZA_DUI,14,2.4324
7SZA_DUI,15,1.0677
7SZA_DUI,16,1.2538
7SZA_DUI,17,2.5127
7SZA_DUI,18,2.6409
7SZA_DUI,19,2.6051
7SZA_DUI,2,2.5047
7SZA_DUI,20,2.6660
7SZA_DUI,21,2.8051
7SZA_DUI,22,2.6050
7SZA_DUI,23,1.4434
7SZA_DUI,24,1.3192
7SZA_DUI,25,0.9811
7SZA_DUI,26,2.8682
7SZA_DUI,27,2.6171
7SZA_DUI,28,2.4973
7SZA_DUI,29,2.7203
7SZA_DUI,3,1.4054
7SZA_DUI,30,2.6700
7SZA_DUI,31,2.5019
7SZA_DUI,32,2.6836
7SZA_DUI,33,2.5231
7SZA_DUI,34,1.3727
7SZA_DUI,35,2.5133
7SZA_DUI,36,2.4959
7SZA_DUI,37,1.2042
7SZA_DUI,38,2.6513
7SZA_DUI,39,1.1444
7SZA_DUI,4,1.3682
7SZA_DUI,5,2.6582
7SZA_DUI,6,2.4960
7SZA_DUI,7,2.7235
7SZA_DUI,8,1.4329
7SZA_DUI,9,2.6007
7T0D_FPP,0,2.3907
7T0D_FPP,1,1.5266
7T0D_FPP,10,1.5397
7T0D_FPP,11,1.7902
7T0D_FPP,12,2.2809
7T0D_FPP,13,2.1402
7T0D_FPP,14,1.7444
7T0D_FPP,15,2.3863
7T0D_FPP,16,1.9008
7T0D_FPP,17,2.2907
7T0D_FPP,18,1.9616
7T0D_FPP,19,1.8563
7T0D_FPP,2,1.8539
7T0D_FPP,20,1.5852
7T0D_FPP,21,1.5742
7T0D_FPP,22,1.6302
7T0D_FPP,23,1.9466
7T0D_FPP,24,1.6657
7T0D_FPP,25,2.1564
7T0D_FPP,26,1.5853
7T0D_FPP,27,2.0844
7T0D_FPP,28,1.7622
7T0D_FPP,29,2.0367
7T0D_FPP,3,1.4499
7T0D_FPP,30,1.3344
7T0D_FPP,31,1.7536
7T0D_FPP,32,2.2112
7T0D_FPP,33,2.2769
7T0D_FPP,34,1.6714
7T0D_FPP,35,1.8407
7T0D_FPP,36,2.2627
7T0D_FPP,37,1.7101
7T0D_FPP,38,2.5390
7T0D_FPP,39,1.3367
7T0D_FPP,4,1.4096
7T0D_FPP,5,1.2678
7T0D_FPP,6,1.5474
7T0D_FPP,7,1.9179
7T0D_FPP,8,1.6212
7T0D_FPP,9,1.5392
7T1D_E7K,0,1.5271
7T1D_E7K,1,12.1352
7T1D_E7K,10,11.9071
7T1D_E7K,11,1.0750
7T1D_E7K,12,1.3972
7T1D_E7K,13,11.7799
7T1D_E7K,14,1.1514
7T1D_E7K,15,12.0672
7T1D_E7K,16,12.3235
7T1D_E7K,17,12.1594
7T1D_E7K,18,12.0984
7T1D_E7K,19,12.4005
7T1D_E7K,2,0.5784
7T1D_E7K,20,12.4081
7T1D_E7K,21,1.7667
7T1D_E7K,22,12.1802
7T1D_E7K,23,1.8979
7T1D_E7K,24,2.2037
7T1D_E7K,25,1.7184
7T1D_E7K,26,12.2526
7T1D_E7K,27,12.0164
7T1D_E7K,28,1.3702
7T1D_E7K,29,1.3201
7T1D_E7K,3,12.3038
7T1D_E7K,30,12.0905
7T1D_E7K,31,12.3111
7T1D_E7K,32,1.2770
7T1D_E7K,33,12.2115
7T1D_E7K,34,0.9897
7T1D_E7K,35,1.8796
7T1D_E7K,36,2.4826
7T1D_E7K,37,1.0576
7T1D_E7K,38,12.4863
7T1D_E7K,39,12.2820
7T1D_E7K,4,1.5010
7T1D_E7K,5,1.6629
7T1D_E7K,6,12.0831
7T1D_E7K,7,12.3464
7T1D_E7K,8,12.1671
7T1D_E7K,9,1.0951
7T3E_SLB,0,1.4701
7T3E_SLB,1,1.5512
7T3E_SLB,10,0.7862
7T3E_SLB,11,1.4036
7T3E_SLB,12,1.1131
7T3E_SLB,13,1.5977
7T3E_SLB,14,1.5627
7T3E_SLB,15,3.0631
7T3E_SLB,16,1.3424
7T3E_SLB,17,2.0823
7T3E_SLB,18,1.5509
7T3E_SLB,19,0.9229
7T3E_SLB,2,1.9326
7T3E_SLB,20,1.4912
7T3E_SLB,21,2.4630
7T3E_SLB,22,1.5117
7T3E_SLB,23,2.2116
7T3E_SLB,24,2.0929
7T3E_SLB,25,1.7357
7T3E_SLB,26,1.6460
7T3E_SLB,27,1.6129
7T3E_SLB,28,1.5177
7T3E_SLB,29,1.4706
7T3E_SLB,3,1.4541
7T3E_SLB,30,1.8307
7T3E_SLB,31,1.3078
7T3E_SLB,32,1.6604
7T3E_SLB,33,1.4976
7T3E_SLB,34,1.5302
7T3E_SLB,35,1.7605
7T3E_SLB,36,1.4425
7T3E_SLB,37,1.7325
7T3E_SLB,38,1.8800
7T3E_SLB,39,1.6967
7T3E_SLB,4,1.3340
7T3E_SLB,5,1.8451
7T3E_SLB,6,2.4404
7T3E_SLB,7,1.8237
7T3E_SLB,8,1.4077
7T3E_SLB,9,1.7384
7TB0_UD1,0,2.9372
7TB0_UD1,1,2.0857
7TB0_UD1,10,4.4216
7TB0_UD1,11,3.5147
7TB0_UD1,12,1.3016
7TB0_UD1,13,3.7029
7TB0_UD1,14,2.7384
7TB0_UD1,15,2.9581
7TB0_UD1,16,4.3942
7TB0_UD1,17,4.3613
7TB0_UD1,18,9.7468
7TB0_UD1,19,3.7545
7TB0_UD1,2,2.6199
7TB0_UD1,20,2.8631
7TB0_UD1,21,3.4691
7TB0_UD1,22,3.2409
7TB0_UD1,23,1.8716
7TB0_UD1,24,3.4357
7TB0_UD1,25,3.3764
7TB0_UD1,26,1.9575
7TB0_UD1,27,3.8233
7TB0_UD1,28,3.4989
7TB0_UD1,29,4.0640
7TB0_UD1,3,2.2409
7TB0_UD1,30,3.8744
7TB0_UD1,31,3.9581
7TB0_UD1,32,3.9197
7TB0_UD1,33,4.5725
7TB0_UD1,34,2.3243
7TB0_UD1,35,4.5924
7TB0_UD1,36,3.3013
7TB0_UD1,37,3.1172
7TB0_UD1,38,1.9963
7TB0_UD1,39,2.7319
7TB0_UD1,4,3.3845
7TB0_UD1,5,2.9189
7TB0_UD1,6,3.8088
7TB0_UD1,7,3.6623
7TB0_UD1,8,2.1740
7TB0_UD1,9,2.2322
7TBU_S3P,0,1.3773
7TBU_S3P,1,2.4806
7TBU_S3P,10,1.3555
7TBU_S3P,11,5.2304
7TBU_S3P,12,4.9169
7TBU_S3P,13,3.2779
7TBU_S3P,14,4.7935
7TBU_S3P,15,1.1091
7TBU_S3P,16,1.0513
7TBU_S3P,17,1.8920
7TBU_S3P,18,3.6424
7TBU_S3P,19,5.2022
7TBU_S3P,2,4.9861
7TBU_S3P,20,1.6705
7TBU_S3P,21,5.0421
7TBU_S3P,22,4.8768
7TBU_S3P,23,1.5048
7TBU_S3P,24,5.1028
7TBU_S3P,25,4.9429
7TBU_S3P,26,2.6441
7TBU_S3P,27,1.4566
7TBU_S3P,28,3.1192
7TBU_S3P,29,1.4755
7TBU_S3P,3,4.9227
7TBU_S3P,30,1.4925
7TBU_S3P,31,5.0758
7TBU_S3P,32,1.3796
7TBU_S3P,33,5.2424
7TBU_S3P,34,1.0721
7TBU_S3P,35,4.7746
7TBU_S3P,36,5.0526
7TBU_S3P,37,1.6436
7TBU_S3P,38,1.1957
7TBU_S3P,39,4.9107
7TBU_S3P,4,1.4058
7TBU_S3P,5,2.2780
7TBU_S3P,6,3.6747
7TBU_S3P,7,4.9691
7TBU_S3P,8,1.3170
7TBU_S3P,9,1.4042
7TE8_P0T,0,1.0946
7TE8_P0T,1,2.5136
7TE8_P0T,10,3.0678
7TE8_P0T,11,2.9885
7TE8_P0T,12,2.9379
7TE8_P0T,13,7.3007
7TE8_P0T,14,0.9071
7TE8_P0T,15,0.7257
7TE8_P0T,16,6.9351
7TE8_P0T,17,2.2848
7TE8_P0T,18,7.6076
7TE8_P0T,19,7.6293
7TE8_P0T,2,1.3749
7TE8_P0T,20,2.9760
7TE8_P0T,21,7.3795
7TE8_P0T,22,1.7374
7TE8_P0T,23,3.0228
7TE8_P0T,24,2.9830
7TE8_P0T,25,1.0445
7TE8_P0T,26,0.9320
7TE8_P0T,27,0.9230
7TE8_P0T,28,1.0348
7TE8_P0T,29,3.0577
7TE8_P0T,3,3.0366
7TE8_P0T,30,0.7731
7TE8_P0T,31,2.9430
7TE8_P0T,32,2.9538
7TE8_P0T,33,0.8659
7TE8_P0T,34,0.8584
7TE8_P0T,35,3.0608
7TE8_P0T,36,0.9010
7TE8_P0T,37,1.0968
7TE8_P0T,38,7.4174
7TE8_P0T,39,7.1509
7TE8_P0T,4,1.7912
7TE8_P0T,5,0.6892
7TE8_P0T,6,0.8851
7TE8_P0T,7,2.9818
7TE8_P0T,8,2.9548
7TE8_P0T,9,2.9347
7TH4_FFO,0,3.7730
7TH4_FFO,1,3.5901
7TH4_FFO,10,3.4202
7TH4_FFO,11,2.7352
7TH4_FFO,12,4.1310
7TH4_FFO,13,3.5327
7TH4_FFO,14,3.2739
7TH4_FFO,15,2.5605
7TH4_FFO,16,4.1284
7TH4_FFO,17,2.2004
7TH4_FFO,18,3.7962
7TH4_FFO,19,3.0638
7TH4_FFO,2,2.8475
7TH4_FFO,20,3.5387
7TH4_FFO,21,4.4936
7TH4_FFO,22,4.5393
7TH4_FFO,23,3.7506
7TH4_FFO,24,3.9520
7TH4_FFO,25,2.4375
7TH4_FFO,26,3.4685
7TH4_FFO,27,3.5122
7TH4_FFO,28,3.7329
7TH4_FFO,29,3.7493
7TH4_FFO,3,3.7142
7TH4_FFO,30,3.9020
7TH4_FFO,31,2.8081
7TH4_FFO,32,3.4431
7TH4_FFO,33,3.8554
7TH4_FFO,34,3.3116
7TH4_FFO,35,3.6063
7TH4_FFO,36,3.2553
7TH4_FFO,37,3.3586
7TH4_FFO,38,4.2980
7TH4_FFO,39,2.9794
7TH4_FFO,4,4.0479
7TH4_FFO,5,4.1709
7TH4_FFO,6,4.0641
7TH4_FFO,7,3.1504
7TH4_FFO,8,2.3723
7TH4_FFO,9,3.2842
7THI_PGA,0,4.3154
7THI_PGA,1,4.1350
7THI_PGA,10,4.3642
7THI_PGA,11,4.4133
7THI_PGA,12,0.5962
7THI_PGA,13,4.4722
7THI_PGA,14,4.3081
7THI_PGA,15,1.7333
7THI_PGA,16,1.8598
7THI_PGA,17,1.8257
7THI_PGA,18,1.4247
7THI_PGA,19,1.4355
7THI_PGA,2,1.7691
7THI_PGA,20,1.7378
7THI_PGA,21,1.5073
7THI_PGA,22,4.4268
7THI_PGA,23,1.7269
7THI_PGA,24,1.4493
7THI_PGA,25,1.3912
7THI_PGA,26,4.5098
7THI_PGA,27,4.3045
7THI_PGA,28,1.1440
7THI_PGA,29,4.4795
7THI_PGA,3,4.4373
7THI_PGA,30,4.1391
7THI_PGA,31,3.8447
7THI_PGA,32,4.2946
7THI_PGA,33,4.2431
7THI_PGA,34,1.5897
7THI_PGA,35,4.2100
7THI_PGA,36,1.7947
7THI_PGA,37,1.2542
7THI_PGA,38,4.4535
7THI_PGA,39,4.3819
7THI_PGA,4,0.8587
7THI_PGA,5,1.1986
7THI_PGA,6,4.4411
7THI_PGA,7,4.2776
7THI_PGA,8,1.6258
7THI_PGA,9,4.4392
7TM6_GPJ,0,0.9709
7TM6_GPJ,1,1.2465
7TM6_GPJ,10,1.2848
7TM6_GPJ,11,1.2051
7TM6_GPJ,12,1.6257
7TM6_GPJ,13,1.2354
7TM6_GPJ,14,0.4062
7TM6_GPJ,15,1.6969
7TM6_GPJ,16,1.5951
7TM6_GPJ,17,1.3504
7TM6_GPJ,18,1.1748
7TM6_GPJ,19,0.7587
7TM6_GPJ,2,1.1933
7TM6_GPJ,20,1.4659
7TM6_GPJ,21,1.5491
7TM6_GPJ,22,1.6702
7TM6_GPJ,23,0.4355
7TM6_GPJ,24,1.3098
7TM6_GPJ,25,1.5772
7TM6_GPJ,26,1.3477
7TM6_GPJ,27,1.6748
7TM6_GPJ,28,1.5955
7TM6_GPJ,29,1.6686
7TM6_GPJ,3,1.1934
7TM6_GPJ,30,1.7109
7TM6_GPJ,31,1.2862
7TM6_GPJ,32,1.3677
7TM6_GPJ,33,1.1425
7TM6_GPJ,34,1.1007
7TM6_GPJ,35,1.6310
7TM6_GPJ,36,1.2261
7TM6_GPJ,37,1.6059
7TM6_GPJ,38,1.1265
7TM6_GPJ,39,0.3511
7TM6_GPJ,4,0.4702
7TM6_GPJ,5,1.8191
7TM6_GPJ,6,1.4637
7TM6_GPJ,7,1.6193
7TM6_GPJ,8,1.2369
7TM6_GPJ,9,1.3532
7TOM_5AD,0,5.7970
7TOM_5AD,1,5.9247
7TOM_5AD,10,5.6005
7TOM_5AD,11,0.9041
7TOM_5AD,12,5.8994
7TOM_5AD,13,5.6808
7TOM_5AD,14,5.7527
7TOM_5AD,15,5.8362
7TOM_5AD,16,5.5813
7TOM_5AD,17,2.1785
7TOM_5AD,18,5.5981
7TOM_5AD,19,6.0088
7TOM_5AD,2,2.1742
7TOM_5AD,20,5.9374
7TOM_5AD,21,5.5663
7TOM_5AD,22,5.1827
7TOM_5AD,23,2.3497
7TOM_5AD,24,5.5287
7TOM_5AD,25,5.8472
7TOM_5AD,26,2.0391
7TOM_5AD,27,0.7296
7TOM_5AD,28,5.7262
7TOM_5AD,29,5.7843
7TOM_5AD,3,5.7137
7TOM_5AD,30,5.7729
7TOM_5AD,31,5.6869
7TOM_5AD,32,5.9533
7TOM_5AD,33,5.9395
7TOM_5AD,34,5.6477
7TOM_5AD,35,5.7844
7TOM_5AD,36,2.7026
7TOM_5AD,37,1.9287
7TOM_5AD,38,2.0171
7TOM_5AD,39,6.0405
7TOM_5AD,4,5.5698
7TOM_5AD,5,5.8843
7TOM_5AD,6,5.6517
7TOM_5AD,7,5.9133
7TOM_5AD,8,5.9155
7TOM_5AD,9,1.9875
7TS6_KMI,0,6.8854
7TS6_KMI,1,2.5108
7TS6_KMI,10,3.6464
7TS6_KMI,11,3.1581
7TS6_KMI,12,6.2690
7TS6_KMI,13,1.0895
7TS6_KMI,14,3.1731
7TS6_KMI,15,1.3160
7TS6_KMI,16,2.7919
7TS6_KMI,17,4.2987
7TS6_KMI,18,6.2998
7TS6_KMI,19,6.5083
7TS6_KMI,2,2.8494
7TS6_KMI,20,4.3936
7TS6_KMI,21,4.5640
7TS6_KMI,22,1.7256
7TS6_KMI,23,6.5690
7TS6_KMI,24,4.1908
7TS6_KMI,25,2.4670
7TS6_KMI,26,2.2940
7TS6_KMI,27,3.1749
7TS6_KMI,28,2.2781
7TS6_KMI,29,1.7661
7TS6_KMI,3,6.3338
7TS6_KMI,30,6.2230
7TS6_KMI,31,2.0624
7TS6_KMI,32,3.5778
7TS6_KMI,33,2.9449
7TS6_KMI,34,1.0134
7TS6_KMI,35,6.5989
7TS6_KMI,36,2.2501
7TS6_KMI,37,0.8807
7TS6_KMI,38,1.7972
7TS6_KMI,39,6.1075
7TS6_KMI,4,2.1884
7TS6_KMI,5,2.9765
7TS6_KMI,6,1.3925
7TS6_KMI,7,2.7841
7TS6_KMI,8,6.1855
7TS6_KMI,9,1.0714
7TSF_H4B,0,5.7576
7TSF_H4B,1,5.9701
7TSF_H4B,10,5.6726
7TSF_H4B,11,5.7700
7TSF_H4B,12,1.9561
7TSF_H4B,13,5.4472
7TSF_H4B,14,5.8825
7TSF_H4B,15,4.6946
7TSF_H4B,16,5.7330
7TSF_H4B,17,5.8810
7TSF_H4B,18,6.0405
7TSF_H4B,19,5.5404
7TSF_H4B,2,5.2659
7TSF_H4B,20,6.1051
7TSF_H4B,21,6.0132
7TSF_H4B,22,5.9688
7TSF_H4B,23,5.6976
7TSF_H4B,24,5.9177
7TSF_H4B,25,5.4829
7TSF_H4B,26,5.4932
7TSF_H4B,27,5.6230
7TSF_H4B,28,5.7980
7TSF_H4B,29,5.5747
7TSF_H4B,3,5.4335
7TSF_H4B,30,5.8294
7TSF_H4B,31,5.7437
7TSF_H4B,32,6.1696
7TSF_H4B,33,5.3817
7TSF_H4B,34,5.8185
7TSF_H4B,35,5.3816
7TSF_H4B,36,5.3717
7TSF_H4B,37,5.7063
7TSF_H4B,38,5.8362
7TSF_H4B,39,5.4236
7TSF_H4B,4,5.8405
7TSF_H4B,5,6.0189
7TSF_H4B,6,5.7486
7TSF_H4B,7,5.8972
7TSF_H4B,8,5.5548
7TSF_H4B,9,5.9091
7TUO_KL9,0,12.0829
7TUO_KL9,1,2.3149
7TUO_KL9,10,11.7461
7TUO_KL9,11,12.0395
7TUO_KL9,12,1.6188
7TUO_KL9,13,12.0410
7TUO_KL9,14,12.1643
7TUO_KL9,15,12.2247
7TUO_KL9,16,12.1615
7TUO_KL9,17,12.1307
7TUO_KL9,18,11.9486
7TUO_KL9,19,12.0541
7TUO_KL9,2,1.7029
7TUO_KL9,20,1.9262
7TUO_KL9,21,11.9906
7TUO_KL9,22,12.0227
7TUO_KL9,23,12.0321
7TUO_KL9,24,1.2848
7TUO_KL9,25,12.0946
7TUO_KL9,26,12.0375
7TUO_KL9,27,11.8587
7TUO_KL9,28,2.1443
7TUO_KL9,29,12.0864
7TUO_KL9,3,12.1677
7TUO_KL9,30,12.1790
7TUO_KL9,31,11.8412
7TUO_KL9,32,11.9779
7TUO_KL9,33,12.0652
7TUO_KL9,34,12.0551
7TUO_KL9,35,2.3192
7TUO_KL9,36,12.1052
7TUO_KL9,37,12.0189
7TUO_KL9,38,12.1005
7TUO_KL9,39,11.8872
7TUO_KL9,4,12.2056
7TUO_KL9,5,11.8878
7TUO_KL9,6,1.1888
7TUO_KL9,7,12.2219
7TUO_KL9,8,12.0051
7TUO_KL9,9,12.0815
7TXK_LW8,0,1.5539
7TXK_LW8,1,1.1910
7TXK_LW8,10,0.9031
7TXK_LW8,11,4.7515
7TXK_LW8,12,1.4118
7TXK_LW8,13,0.9502
7TXK_LW8,14,1.3874
7TXK_LW8,15,1.1919
7TXK_LW8,16,1.3191
7TXK_LW8,17,5.2369
7TXK_LW8,18,1.6755
7TXK_LW8,19,1.5601
7TXK_LW8,2,1.5989
7TXK_LW8,20,1.4792
7TXK_LW8,21,1.5377
7TXK_LW8,22,3.2691
7TXK_LW8,23,1.6933
7TXK_LW8,24,0.4852
7TXK_LW8,25,1.4713
7TXK_LW8,26,1.1326
7TXK_LW8,27,1.4081
7TXK_LW8,28,1.6618
7TXK_LW8,29,1.5593
7TXK_LW8,3,1.0055
7TXK_LW8,30,0.6024
7TXK_LW8,31,1.6334
7TXK_LW8,32,0.8443
7TXK_LW8,33,0.5713
7TXK_LW8,34,0.8432
7TXK_LW8,35,1.3134
7TXK_LW8,36,1.3255
7TXK_LW8,37,1.2463
7TXK_LW8,38,1.9090
7TXK_LW8,39,1.3190
7TXK_LW8,4,1.5054
7TXK_LW8,5,1.4668
7TXK_LW8,6,4.4043
7TXK_LW8,7,0.8405
7TXK_LW8,8,1.5386
7TXK_LW8,9,1.4951
7TYP_KUR,0,4.1685
7TYP_KUR,1,3.6027
7TYP_KUR,10,1.9887
7TYP_KUR,11,3.4614
7TYP_KUR,12,4.3426
7TYP_KUR,13,8.6815
7TYP_KUR,14,1.3941
7TYP_KUR,15,4.3225
7TYP_KUR,16,3.9358
7TYP_KUR,17,8.9037
7TYP_KUR,18,4.1405
7TYP_KUR,19,2.7590
7TYP_KUR,2,4.4893
7TYP_KUR,20,4.1283
7TYP_KUR,21,1.2669
7TYP_KUR,22,2.7003
7TYP_KUR,23,1.9176
7TYP_KUR,24,4.2096
7TYP_KUR,25,3.8822
7TYP_KUR,26,0.8204
7TYP_KUR,27,4.5845
7TYP_KUR,28,4.3904
7TYP_KUR,29,4.3720
7TYP_KUR,3,4.3831
7TYP_KUR,30,2.7207
7TYP_KUR,31,8.5510
7TYP_KUR,32,3.5214
7TYP_KUR,33,3.6806
7TYP_KUR,34,4.0673
7TYP_KUR,35,9.3891
7TYP_KUR,36,2.1357
7TYP_KUR,37,3.3202
7TYP_KUR,38,4.3569
7TYP_KUR,39,1.3722
7TYP_KUR,4,3.8035
7TYP_KUR,5,3.7982
7TYP_KUR,6,3.6827
7TYP_KUR,7,4.2540
7TYP_KUR,8,1.9769
7TYP_KUR,9,1.0119
7U0U_FK5,0,2.6083
7U0U_FK5,1,7.4768
7U0U_FK5,10,5.7829
7U0U_FK5,11,5.6206
7U0U_FK5,12,4.8818
7U0U_FK5,13,6.9961
7U0U_FK5,14,5.3902
7U0U_FK5,15,4.8545
7U0U_FK5,16,7.2695
7U0U_FK5,17,7.4555
7U0U_FK5,18,5.2993
7U0U_FK5,19,7.5211
7U0U_FK5,2,8.6498
7U0U_FK5,20,9.2485
7U0U_FK5,21,5.3450
7U0U_FK5,22,7.0639
7U0U_FK5,23,4.4604
7U0U_FK5,24,6.0288
7U0U_FK5,25,6.6837
7U0U_FK5,26,6.0247
7U0U_FK5,27,5.5243
7U0U_FK5,28,6.9100
7U0U_FK5,29,5.0427
7U0U_FK5,3,5.6844
7U0U_FK5,30,5.6621
7U0U_FK5,31,3.6903
7U0U_FK5,32,5.2785
7U0U_FK5,33,4.4468
7U0U_FK5,34,5.4905
7U0U_FK5,35,6.4594
7U0U_FK5,36,8.7080
7U0U_FK5,37,7.9001
7U0U_FK5,38,8.1340
7U0U_FK5,39,8.2937
7U0U_FK5,4,9.0802
7U0U_FK5,5,4.7113
7U0U_FK5,6,4.7007
7U0U_FK5,7,6.0251
7U0U_FK5,8,6.8341
7U0U_FK5,9,6.2559
7U3J_L6U,0,3.9506
7U3J_L6U,1,2.3686
7U3J_L6U,10,4.3691
7U3J_L6U,11,3.8198
7U3J_L6U,12,2.1141
7U3J_L6U,13,4.9815
7U3J_L6U,14,8.5365
7U3J_L6U,15,9.1291
7U3J_L6U,16,4.1659
7U3J_L6U,17,8.0729
7U3J_L6U,18,6.2411
7U3J_L6U,19,3.6803
7U3J_L6U,2,4.0337
7U3J_L6U,20,5.0721
7U3J_L6U,21,3.8085
7U3J_L6U,22,8.0519
7U3J_L6U,23,8.5387
7U3J_L6U,24,4.3110
7U3J_L6U,25,8.5052
7U3J_L6U,26,4.3964
7U3J_L6U,27,9.1259
7U3J_L6U,28,9.3987
7U3J_L6U,29,8.1560
7U3J_L6U,3,4.2640
7U3J_L6U,30,9.5395
7U3J_L6U,31,8.9110
7U3J_L6U,32,5.5087
7U3J_L6U,33,5.1358
7U3J_L6U,34,4.8143
7U3J_L6U,35,3.4542
7U3J_L6U,36,3.4372
7U3J_L6U,37,8.5648
7U3J_L6U,38,8.2424
7U3J_L6U,39,3.8687
7U3J_L6U,4,3.6631
7U3J_L6U,5,5.0938
7U3J_L6U,6,3.5324
7U3J_L6U,7,4.6748
7U3J_L6U,8,4.6481
7U3J_L6U,9,8.7505
7UAS_MBU,0,2.2999
7UAS_MBU,1,6.5659
7UAS_MBU,10,1.9078
7UAS_MBU,11,5.2786
7UAS_MBU,12,7.1523
7UAS_MBU,13,2.1212
7UAS_MBU,14,7.6882
7UAS_MBU,15,8.1867
7UAS_MBU,16,7.7547
7UAS_MBU,17,8.7700
7UAS_MBU,18,6.8092
7UAS_MBU,19,9.0749
7UAS_MBU,2,5.6077
7UAS_MBU,20,7.6214
7UAS_MBU,21,8.1752
7UAS_MBU,22,6.5391
7UAS_MBU,23,2.7759
7UAS_MBU,24,6.4534
7UAS_MBU,25,6.6822
7UAS_MBU,26,5.6117
7UAS_MBU,27,5.7840
7UAS_MBU,28,6.9363
7UAS_MBU,29,7.2599
7UAS_MBU,3,7.3489
7UAS_MBU,30,2.5160
7UAS_MBU,31,8.7410
7UAS_MBU,32,7.1364
7UAS_MBU,33,7.1009
7UAS_MBU,34,6.8114
7UAS_MBU,35,7.2511
7UAS_MBU,36,5.3211
7UAS_MBU,37,8.0565
7UAS_MBU,38,8.5306
7UAS_MBU,39,7.8530
7UAS_MBU,4,8.4358
7UAS_MBU,5,6.9113
7UAS_MBU,6,8.3657
7UAS_MBU,7,6.7840
7UAS_MBU,8,6.4843
7UAS_MBU,9,0.9657
7UAW_MF6,0,5.5569
7UAW_MF6,1,3.8481
7UAW_MF6,10,4.1516
7UAW_MF6,11,4.0253
7UAW_MF6,12,4.2320
7UAW_MF6,13,4.8286
7UAW_MF6,14,5.3493
7UAW_MF6,15,6.0174
7UAW_MF6,16,4.6641
7UAW_MF6,17,4.1486
7UAW_MF6,18,5.1102
7UAW_MF6,19,1.1193
7UAW_MF6,2,4.3292
7UAW_MF6,20,5.9895
7UAW_MF6,21,5.8061
7UAW_MF6,22,3.9817
7UAW_MF6,23,4.3328
7UAW_MF6,24,5.9511
7UAW_MF6,25,3.8191
7UAW_MF6,26,4.6567
7UAW_MF6,27,3.4093
7UAW_MF6,28,3.5041
7UAW_MF6,29,5.2150
7UAW_MF6,3,5.3585
7UAW_MF6,30,4.4617
7UAW_MF6,31,3.6280
7UAW_MF6,32,3.7703
7UAW_MF6,33,5.7500
7UAW_MF6,34,2.3977
7UAW_MF6,35,3.8033
7UAW_MF6,36,5.2279
7UAW_MF6,37,3.3627
7UAW_MF6,38,4.1680
7UAW_MF6,39,4.7101
7UAW_MF6,4,4.1724
7UAW_MF6,5,5.1501
7UAW_MF6,6,4.8145
7UAW_MF6,7,4.0874
7UAW_MF6,8,5.7419
7UAW_MF6,9,4.0058
7UJ4_OQ4,0,12.2028
7UJ4_OQ4,1,12.5170
7UJ4_OQ4,10,4.0475
7UJ4_OQ4,11,5.0681
7UJ4_OQ4,12,4.8552
7UJ4_OQ4,13,11.9764
7UJ4_OQ4,14,10.7128
7UJ4_OQ4,15,12.6584
7UJ4_OQ4,16,3.1029
7UJ4_OQ4,17,11.9904
7UJ4_OQ4,18,3.9453
7UJ4_OQ4,19,12.1089
7UJ4_OQ4,2,12.3293
7UJ4_OQ4,20,3.1736
7UJ4_OQ4,21,4.0177
7UJ4_OQ4,22,3.8649
7UJ4_OQ4,23,5.1240
7UJ4_OQ4,24,12.1339
7UJ4_OQ4,25,8.9958
7UJ4_OQ4,26,12.6940
7UJ4_OQ4,27,4.4545
7UJ4_OQ4,28,3.6521
7UJ4_OQ4,29,1.8186
7UJ4_OQ4,3,3.8362
7UJ4_OQ4,30,2.9442
7UJ4_OQ4,31,4.0659
7UJ4_OQ4,32,11.7259
7UJ4_OQ4,33,11.8477
7UJ4_OQ4,34,11.9548
7UJ4_OQ4,35,12.5557
7UJ4_OQ4,36,3.5055
7UJ4_OQ4,37,3.0155
7UJ4_OQ4,38,3.0651
7UJ4_OQ4,39,11.1956
7UJ4_OQ4,4,4.1628
7UJ4_OQ4,5,11.8075
7UJ4_OQ4,6,3.2178
7UJ4_OQ4,7,12.9206
7UJ4_OQ4,8,11.8242
7UJ4_OQ4,9,2.7440
7UJ5_DGL,0,1.3390
7UJ5_DGL,1,1.2156
7UJ5_DGL,10,1.9436
7UJ5_DGL,11,1.3116
7UJ5_DGL,12,1.6311
7UJ5_DGL,13,1.3152
7UJ5_DGL,14,4.3494
7UJ5_DGL,15,1.3638
7UJ5_DGL,16,1.3053
7UJ5_DGL,17,1.6859
7UJ5_DGL,18,1.3520
7UJ5_DGL,19,1.0349
7UJ5_DGL,2,1.4779
7UJ5_DGL,20,1.4763
7UJ5_DGL,21,1.1137
7UJ5_DGL,22,1.6481
7UJ5_DGL,23,0.7295
7UJ5_DGL,24,0.7187
7UJ5_DGL,25,1.4519
7UJ5_DGL,26,1.5995
7UJ5_DGL,27,1.5090
7UJ5_DGL,28,0.5580
7UJ5_DGL,29,1.4037
7UJ5_DGL,3,1.3151
7UJ5_DGL,30,1.3207
7UJ5_DGL,31,4.0645
7UJ5_DGL,32,1.3034
7UJ5_DGL,33,1.6841
7UJ5_DGL,33,1.2149
7UJ5_DGL,34,0.7656
7UJ5_DGL,35,0.9523
7UJ5_DGL,36,1.0293
7UJ5_DGL,37,1.5938
7UJ5_DGL,38,1.4762
7UJ5_DGL,39,1.1008
7UJ5_DGL,4,1.2419
7UJ5_DGL,5,1.6874
7UJ5_DGL,6,1.8436
7UJ5_DGL,7,0.9656
7UJ5_DGL,8,1.6987
7UJ5_DGL,9,1.6222
7UJF_R3V,0,1.0331
7UJF_R3V,1,0.6812
7UJF_R3V,10,0.9891
7UJF_R3V,11,1.3376
7UJF_R3V,12,1.8256
7UJF_R3V,13,0.9780
7UJF_R3V,14,1.2676
7UJF_R3V,15,1.3931
7UJF_R3V,16,0.6773
7UJF_R3V,17,1.2822
7UJF_R3V,18,1.2124
7UJF_R3V,19,1.0753
7UJF_R3V,2,0.7286
7UJF_R3V,20,2.0906
7UJF_R3V,21,0.6278
7UJF_R3V,22,1.0808
7UJF_R3V,23,0.7460
7UJF_R3V,24,0.9078
7UJF_R3V,25,1.3336
7UJF_R3V,26,1.0218
7UJF_R3V,27,1.1121
7UJF_R3V,28,1.3101
7UJF_R3V,29,1.6396
7UJF_R3V,3,1.1809
7UJF_R3V,30,0.9667
7UJF_R3V,31,1.4214
7UJF_R3V,32,2.1123
7UJF_R3V,33,1.1382
7UJF_R3V,34,0.7278
7UJF_R3V,35,0.7423
7UJF_R3V,36,0.6984
7UJF_R3V,37,2.1878
7UJF_R3V,38,0.7835
7UJF_R3V,39,1.4543
7UJF_R3V,4,0.7339
7UJF_R3V,5,1.6490
7UJF_R3V,6,0.9288
7UJF_R3V,7,0.6488
7UJF_R3V,8,0.7827
7UJF_R3V,9,0.8370
7ULC_56B,0,2.0212
7ULC_56B,1,3.1325
7ULC_56B,10,1.7466
7ULC_56B,11,2.2727
7ULC_56B,12,1.7218
7ULC_56B,13,1.8166
7ULC_56B,14,1.9174
7ULC_56B,15,1.7004
7ULC_56B,16,1.4080
7ULC_56B,17,1.2867
7ULC_56B,18,1.3253
7ULC_56B,19,1.9105
7ULC_56B,2,4.7285
7ULC_56B,20,1.4404
7ULC_56B,21,0.9777
7ULC_56B,22,2.6363
7ULC_56B,23,1.5842
7ULC_56B,24,1.2314
7ULC_56B,25,1.2600
7ULC_56B,26,1.0360
7ULC_56B,27,1.6289
7ULC_56B,28,1.5080
7ULC_56B,29,1.5124
7ULC_56B,3,1.3903
7ULC_56B,30,1.4553
7ULC_56B,31,1.0152
7ULC_56B,32,1.2530
7ULC_56B,33,1.5910
7ULC_56B,34,1.2931
7ULC_56B,35,1.7943
7ULC_56B,36,1.8123
7ULC_56B,37,1.8780
7ULC_56B,38,2.0987
7ULC_56B,39,1.2548
7ULC_56B,4,2.5010
7ULC_56B,5,1.1595
7ULC_56B,6,1.0488
7ULC_56B,7,1.1571
7ULC_56B,8,1.3613
7ULC_56B,9,2.1440
7UMW_NAD,0,11.4676
7UMW_NAD,1,10.8300
7UMW_NAD,10,11.2052
7UMW_NAD,11,10.8625
7UMW_NAD,12,11.0187
7UMW_NAD,13,10.1471
7UMW_NAD,14,10.9409
7UMW_NAD,15,3.8860
7UMW_NAD,16,2.5514
7UMW_NAD,17,10.6456
7UMW_NAD,18,10.8092
7UMW_NAD,19,1.3136
7UMW_NAD,2,10.7577
7UMW_NAD,20,10.6730
7UMW_NAD,21,11.1604
7UMW_NAD,22,10.7535
7UMW_NAD,23,11.2345
7UMW_NAD,24,11.1236
7UMW_NAD,25,2.3376
7UMW_NAD,26,11.2966
7UMW_NAD,27,2.6774
7UMW_NAD,28,11.1525
7UMW_NAD,29,2.3381
7UMW_NAD,3,10.7956
7UMW_NAD,30,10.7700
7UMW_NAD,31,10.7784
7UMW_NAD,32,2.3361
7UMW_NAD,33,11.1214
7UMW_NAD,34,2.1406
7UMW_NAD,35,2.2127
7UMW_NAD,36,10.9435
7UMW_NAD,37,10.9724
7UMW_NAD,38,10.4501
7UMW_NAD,39,10.6920
7UMW_NAD,4,10.9133
7UMW_NAD,5,2.1044
7UMW_NAD,6,11.1928
7UMW_NAD,7,10.7848
7UMW_NAD,8,10.8354
7UMW_NAD,9,10.9274
7UQ3_O2U,0,0.5941
7UQ3_O2U,1,1.6960
7UQ3_O2U,10,0.3843
7UQ3_O2U,11,2.3426
7UQ3_O2U,12,0.9886
7UQ3_O2U,13,1.4256
7UQ3_O2U,14,0.9135
7UQ3_O2U,15,1.0631
7UQ3_O2U,16,2.3594
7UQ3_O2U,17,2.4246
7UQ3_O2U,18,0.4036
7UQ3_O2U,19,2.3805
7UQ3_O2U,2,2.1817
7UQ3_O2U,20,2.2035
7UQ3_O2U,21,2.3151
7UQ3_O2U,22,0.2609
7UQ3_O2U,23,2.0152
7UQ3_O2U,24,0.7821
7UQ3_O2U,25,0.9462
7UQ3_O2U,26,1.1591
7UQ3_O2U,27,2.3215
7UQ3_O2U,28,2.3565
7UQ3_O2U,29,1.1206
7UQ3_O2U,3,1.0388
7UQ3_O2U,30,1.0264
7UQ3_O2U,30,2.3748
7UQ3_O2U,31,0.7518
7UQ3_O2U,32,0.5568
7UQ3_O2U,33,0.9218
7UQ3_O2U,34,0.5196
7UQ3_O2U,35,2.1898
7UQ3_O2U,36,4.6801
7UQ3_O2U,37,0.9992
7UQ3_O2U,38,0.6108
7UQ3_O2U,39,1.4860
7UQ3_O2U,4,2.1270
7UQ3_O2U,5,2.3935
7UQ3_O2U,6,0.8040
7UQ3_O2U,7,1.2312
7UQ3_O2U,8,2.3619
7UQ3_O2U,9,2.3358
7USH_82V,0,6.7655
7USH_82V,1,1.5265
7USH_82V,10,1.6838
7USH_82V,11,4.5422
7USH_82V,12,4.4195
7USH_82V,13,0.9130
7USH_82V,14,5.4733
7USH_82V,15,1.9441
7USH_82V,16,1.9047
7USH_82V,17,0.6815
7USH_82V,18,2.3662
7USH_82V,19,3.9678
7USH_82V,2,2.3483
7USH_82V,20,0.8002
7USH_82V,21,6.7301
7USH_82V,22,6.4077
7USH_82V,23,6.8626
7USH_82V,24,1.8460
7USH_82V,25,0.6672
7USH_82V,26,0.9690
7USH_82V,27,2.0189
7USH_82V,28,2.2426
7USH_82V,29,1.8861
7USH_82V,3,5.8995
7USH_82V,30,0.8227
7USH_82V,31,2.3908
7USH_82V,32,2.2968
7USH_82V,33,1.9374
7USH_82V,34,5.4919
7USH_82V,35,1.8164
7USH_82V,36,1.6346
7USH_82V,37,0.6516
7USH_82V,38,1.9387
7USH_82V,39,0.8909
7USH_82V,4,1.6704
7USH_82V,5,2.2448
7USH_82V,6,1.5208
7USH_82V,7,6.1463
7USH_82V,8,2.3464
7USH_82V,9,1.3867
7UTW_NAI,0,11.4982
7UTW_NAI,1,4.6662
7UTW_NAI,10,1.3201
7UTW_NAI,11,1.9294
7UTW_NAI,12,1.0247
7UTW_NAI,13,12.0527
7UTW_NAI,14,2.1739
7UTW_NAI,15,11.8155
7UTW_NAI,16,1.3428
7UTW_NAI,17,2.3194
7UTW_NAI,18,11.8120
7UTW_NAI,19,2.0684
7UTW_NAI,2,1.9629
7UTW_NAI,20,11.7243
7UTW_NAI,21,1.8209
7UTW_NAI,22,1.8044
7UTW_NAI,23,1.8042
7UTW_NAI,24,12.2004
7UTW_NAI,25,12.1612
7UTW_NAI,26,2.1175
7UTW_NAI,27,11.8008
7UTW_NAI,28,1.1591
7UTW_NAI,29,1.4355
7UTW_NAI,3,1.4954
7UTW_NAI,30,1.5739
7UTW_NAI,31,1.5027
7UTW_NAI,32,2.9914
7UTW_NAI,33,1.7789
7UTW_NAI,34,2.0007
7UTW_NAI,35,1.8537
7UTW_NAI,36,1.8208
7UTW_NAI,37,2.7756
7UTW_NAI,38,3.2417
7UTW_NAI,39,11.8088
7UTW_NAI,4,1.9643
7UTW_NAI,5,12.4252
7UTW_NAI,6,12.1455
7UTW_NAI,7,4.1404
7UTW_NAI,8,1.9203
7UTW_NAI,9,1.8730
7UXS_OJC,0,2.2507
7UXS_OJC,1,2.4413
7UXS_OJC,10,3.6841
7UXS_OJC,11,4.5924
7UXS_OJC,12,4.4786
7UXS_OJC,13,4.2409
7UXS_OJC,14,2.3158
7UXS_OJC,15,1.6870
7UXS_OJC,16,1.6929
7UXS_OJC,17,1.6500
7UXS_OJC,18,1.5137
7UXS_OJC,19,2.2698
7UXS_OJC,2,2.2625
7UXS_OJC,20,2.7848
7UXS_OJC,21,3.8640
7UXS_OJC,22,2.4828
7UXS_OJC,23,2.5329
7UXS_OJC,24,2.4709
7UXS_OJC,25,2.8633
7UXS_OJC,26,3.0301
7UXS_OJC,27,2.6046
7UXS_OJC,28,1.3482
7UXS_OJC,29,5.3791
7UXS_OJC,3,2.4521
7UXS_OJC,30,2.0479
7UXS_OJC,31,2.2843
7UXS_OJC,32,7.2750
7UXS_OJC,33,1.3414
7UXS_OJC,34,2.2138
7UXS_OJC,35,6.9328
7UXS_OJC,36,2.3361
7UXS_OJC,37,2.5994
7UXS_OJC,38,2.4164
7UXS_OJC,39,1.9470
7UXS_OJC,4,2.3172
7UXS_OJC,5,4.3820
7UXS_OJC,6,2.6214
7UXS_OJC,7,1.7733
7UXS_OJC,8,1.4556
7UXS_OJC,9,1.8153
7UY4_SMI,0,5.8725
7UY4_SMI,1,5.9492
7UY4_SMI,10,5.6583
7UY4_SMI,11,3.8669
7UY4_SMI,12,5.8269
7UY4_SMI,13,5.8596
7UY4_SMI,14,6.3304
7UY4_SMI,15,5.8365
7UY4_SMI,16,5.7914
7UY4_SMI,17,6.2684
7UY4_SMI,18,6.1035
7UY4_SMI,19,2.7217
7UY4_SMI,2,3.3753
7UY4_SMI,20,5.6451
7UY4_SMI,21,6.1163
7UY4_SMI,22,6.1519
7UY4_SMI,23,6.0966
7UY4_SMI,24,6.2021
7UY4_SMI,25,5.7466
7UY4_SMI,26,6.1937
7UY4_SMI,27,5.8834
7UY4_SMI,28,1.8631
7UY4_SMI,29,5.7187
7UY4_SMI,3,5.9817
7UY4_SMI,30,6.2911
7UY4_SMI,31,5.6911
7UY4_SMI,32,6.1053
7UY4_SMI,33,6.2647
7UY4_SMI,34,6.3437
7UY4_SMI,35,6.0154
7UY4_SMI,36,5.8196
7UY4_SMI,37,5.7652
7UY4_SMI,38,5.4006
7UY4_SMI,39,3.6191
7UY4_SMI,4,3.7499
7UY4_SMI,5,5.6491
7UY4_SMI,6,5.9369
7UY4_SMI,7,5.8478
7UY4_SMI,8,5.6239
7UY4_SMI,9,5.9852
7UYB_OK0,0,3.1870
7UYB_OK0,1,2.6740
7UYB_OK0,10,2.5850
7UYB_OK0,11,1.2444
7UYB_OK0,12,3.4636
7UYB_OK0,13,1.4326
7UYB_OK0,14,2.3192
7UYB_OK0,15,2.4631
7UYB_OK0,16,4.1190
7UYB_OK0,17,3.0680
7UYB_OK0,18,3.1238
7UYB_OK0,19,2.3203
7UYB_OK0,2,2.5077
7UYB_OK0,20,8.1480
7UYB_OK0,21,2.1968
7UYB_OK0,22,8.3004
7UYB_OK0,23,2.4574
7UYB_OK0,24,3.0705
7UYB_OK0,25,8.0492
7UYB_OK0,26,3.4345
7UYB_OK0,27,3.2098
7UYB_OK0,28,3.3714
7UYB_OK0,29,2.5262
7UYB_OK0,3,1.8481
7UYB_OK0,30,3.2489
7UYB_OK0,31,0.7405
7UYB_OK0,32,2.4536
7UYB_OK0,33,5.4532
7UYB_OK0,34,7.8171
7UYB_OK0,35,8.2950
7UYB_OK0,36,2.2183
7UYB_OK0,37,1.5480
7UYB_OK0,38,1.1375
7UYB_OK0,39,3.1451
7UYB_OK0,4,2.2843
7UYB_OK0,5,1.5285
7UYB_OK0,6,2.1590
7UYB_OK0,7,4.4279
7UYB_OK0,8,4.1718
7UYB_OK0,9,0.8991
7V14_ORU,0,2.3216
7V14_ORU,1,0.6561
7V14_ORU,10,2.0003
7V14_ORU,11,1.7230
7V14_ORU,12,1.3204
7V14_ORU,13,0.9953
7V14_ORU,14,1.1215
7V14_ORU,15,0.9429
7V14_ORU,16,0.9412
7V14_ORU,17,1.6373
7V14_ORU,18,1.1999
7V14_ORU,19,1.5500
7V14_ORU,2,0.8505
7V14_ORU,20,1.4261
7V14_ORU,21,1.2455
7V14_ORU,22,1.3257
7V14_ORU,23,1.0774
7V14_ORU,24,0.5919
7V14_ORU,25,1.3013
7V14_ORU,26,0.8223
7V14_ORU,27,0.9293
7V14_ORU,28,0.9718
7V14_ORU,29,1.3196
7V14_ORU,3,0.8588
7V14_ORU,30,1.4093
7V14_ORU,31,3.7815
7V14_ORU,32,1.2821
7V14_ORU,33,0.8936
7V14_ORU,34,1.4659
7V14_ORU,35,1.3914
7V14_ORU,36,1.0665
7V14_ORU,37,1.0776
7V14_ORU,38,1.3322
7V14_ORU,39,1.8240
7V14_ORU,4,0.9093
7V14_ORU,5,1.4252
7V14_ORU,6,0.9069
7V14_ORU,7,1.6035
7V14_ORU,8,1.3850
7V14_ORU,9,0.8438
7V3N_AKG,0,1.4151
7V3N_AKG,1,1.3814
7V3N_AKG,10,1.8292
7V3N_AKG,11,1.3187
7V3N_AKG,12,1.9998
7V3N_AKG,13,1.5600
7V3N_AKG,14,1.1837
7V3N_AKG,15,1.8604
7V3N_AKG,16,1.6391
7V3N_AKG,17,1.1169
7V3N_AKG,18,1.6125
7V3N_AKG,19,1.9351
7V3N_AKG,2,1.0686
7V3N_AKG,20,1.0864
7V3N_AKG,21,1.6973
7V3N_AKG,22,1.4333
7V3N_AKG,23,1.0335
7V3N_AKG,24,0.8051
7V3N_AKG,25,0.9932
7V3N_AKG,26,1.0987
7V3N_AKG,27,1.0450
7V3N_AKG,28,1.1571
7V3N_AKG,29,1.1516
7V3N_AKG,3,1.5163
7V3N_AKG,30,1.1126
7V3N_AKG,31,1.4726
7V3N_AKG,32,4.7102
7V3N_AKG,33,1.6963
7V3N_AKG,34,1.3475
7V3N_AKG,35,1.5983
7V3N_AKG,36,0.9141
7V3N_AKG,37,1.9181
7V3N_AKG,38,1.2912
7V3N_AKG,39,1.4397
7V3N_AKG,4,1.0174
7V3N_AKG,5,1.1597
7V3N_AKG,6,4.7670
7V3N_AKG,7,1.0612
7V3N_AKG,8,1.1887
7V3N_AKG,9,1.4671
7V3S_5I9,0,0.3578
7V3S_5I9,1,0.7861
7V3S_5I9,10,1.3245
7V3S_5I9,11,1.1329
7V3S_5I9,12,0.3765
7V3S_5I9,13,1.5254
7V3S_5I9,14,0.7727
7V3S_5I9,15,1.2597
7V3S_5I9,16,1.0410
7V3S_5I9,17,0.7070
7V3S_5I9,18,0.8460
7V3S_5I9,19,0.6090
7V3S_5I9,2,2.5598
7V3S_5I9,20,2.0788
7V3S_5I9,21,0.8140
7V3S_5I9,22,0.6289
7V3S_5I9,23,0.5000
7V3S_5I9,24,2.3579
7V3S_5I9,25,0.7713
7V3S_5I9,26,2.5678
7V3S_5I9,27,0.9687
7V3S_5I9,28,1.4710
7V3S_5I9,29,0.9209
7V3S_5I9,3,3.1083
7V3S_5I9,30,0.3471
7V3S_5I9,31,1.2869
7V3S_5I9,32,1.8794
7V3S_5I9,33,0.4254
7V3S_5I9,34,1.1429
7V3S_5I9,35,0.7492
7V3S_5I9,36,0.7319
7V3S_5I9,37,0.5142
7V3S_5I9,38,1.5265
7V3S_5I9,39,0.9740
7V3S_5I9,4,0.8040
7V3S_5I9,5,2.1815
7V3S_5I9,6,0.7438
7V3S_5I9,7,1.3810
7V3S_5I9,8,2.2038
7V3S_5I9,9,1.4684
7V43_C4O,0,0.5806
7V43_C4O,1,3.4567
7V43_C4O,10,0.4982
7V43_C4O,11,3.4150
7V43_C4O,12,3.4841
7V43_C4O,13,0.7009
7V43_C4O,14,3.4829
7V43_C4O,15,0.4387
7V43_C4O,16,0.6644
7V43_C4O,17,3.5739
7V43_C4O,18,3.4789
7V43_C4O,19,3.4637
7V43_C4O,2,3.4581
7V43_C4O,20,1.0580
7V43_C4O,21,0.3666
7V43_C4O,22,3.4511
7V43_C4O,23,3.5242
7V43_C4O,24,0.4550
7V43_C4O,25,3.4502
7V43_C4O,26,3.5139
7V43_C4O,27,3.4464
7V43_C4O,28,0.6598
7V43_C4O,29,3.5537
7V43_C4O,3,3.5043
7V43_C4O,30,0.6868
7V43_C4O,31,1.1056
7V43_C4O,32,0.4672
7V43_C4O,33,3.4894
7V43_C4O,34,3.4884
7V43_C4O,35,3.8302
7V43_C4O,36,3.5197
7V43_C4O,37,0.9035
7V43_C4O,38,0.8544
7V43_C4O,39,0.3314
7V43_C4O,4,3.5128
7V43_C4O,5,3.4253
7V43_C4O,6,0.5344
7V43_C4O,7,0.6130
7V43_C4O,7,3.4924
7V43_C4O,8,0.4353
7V43_C4O,9,0.6880
7VB8_STL,0,0.5473
7VB8_STL,1,2.1089
7VB8_STL,10,0.4240
7VB8_STL,11,0.6056
7VB8_STL,12,0.8725
7VB8_STL,13,0.7480
7VB8_STL,14,0.7459
7VB8_STL,15,0.9987
7VB8_STL,16,0.6598
7VB8_STL,17,0.6078
7VB8_STL,18,1.9059
7VB8_STL,19,7.3175
7VB8_STL,2,1.2239
7VB8_STL,20,0.7933
7VB8_STL,21,0.8666
7VB8_STL,22,7.3435
7VB8_STL,23,0.6944
7VB8_STL,24,0.8433
7VB8_STL,25,7.2779
7VB8_STL,26,0.6386
7VB8_STL,27,0.9989
7VB8_STL,28,1.1542
7VB8_STL,29,0.3611
7VB8_STL,3,1.0411
7VB8_STL,3,0.6374
7VB8_STL,30,1.9548
7VB8_STL,31,0.6016
7VB8_STL,32,0.6570
7VB8_STL,33,7.2407
7VB8_STL,34,7.2569
7VB8_STL,35,7.3084
7VB8_STL,36,0.6916
7VB8_STL,37,0.4236
7VB8_STL,38,0.7555
7VB8_STL,39,0.6261
7VB8_STL,4,0.7063
7VB8_STL,5,0.3919
7VB8_STL,6,7.2352
7VB8_STL,7,0.5527
7VB8_STL,8,7.2566
7VB8_STL,9,0.5847
7VBU_6I4,0,0.4252
7VBU_6I4,1,2.4330
7VBU_6I4,10,0.5711
7VBU_6I4,11,3.5949
7VBU_6I4,12,1.1405
7VBU_6I4,13,5.5136
7VBU_6I4,14,0.6913
7VBU_6I4,15,3.4170
7VBU_6I4,16,0.7932
7VBU_6I4,17,0.6752
7VBU_6I4,18,5.4300
7VBU_6I4,19,0.4222
7VBU_6I4,2,6.1221
7VBU_6I4,20,0.7338
7VBU_6I4,21,0.6909
7VBU_6I4,22,2.8686
7VBU_6I4,23,5.4798
7VBU_6I4,24,0.3862
7VBU_6I4,25,0.7082
7VBU_6I4,26,5.4183
7VBU_6I4,27,5.4079
7VBU_6I4,28,5.3062
7VBU_6I4,29,0.5822
7VBU_6I4,3,3.8066
7VBU_6I4,30,0.4606
7VBU_6I4,31,5.4554
7VBU_6I4,32,0.9821
7VBU_6I4,33,0.5009
7VBU_6I4,34,0.8711
7VBU_6I4,35,0.8036
7VBU_6I4,36,0.3624
7VBU_6I4,37,5.4471
7VBU_6I4,38,0.4700
7VBU_6I4,39,0.7560
7VBU_6I4,4,0.7886
7VBU_6I4,5,5.4956
7VBU_6I4,6,0.3891
7VBU_6I4,7,0.7819
7VBU_6I4,8,5.4538
7VBU_6I4,9,6.2098
7VC5_9SF,0,2.4023
7VC5_9SF,1,1.0475
7VC5_9SF,10,0.7746
7VC5_9SF,11,2.2905
7VC5_9SF,12,1.8950
7VC5_9SF,13,2.4797
7VC5_9SF,14,1.1131
7VC5_9SF,15,2.7628
7VC5_9SF,16,2.2803
7VC5_9SF,17,1.2185
7VC5_9SF,18,1.9796
7VC5_9SF,19,1.8860
7VC5_9SF,2,2.3622
7VC5_9SF,20,1.9704
7VC5_9SF,21,2.0086
7VC5_9SF,22,1.2297
7VC5_9SF,23,1.9757
7VC5_9SF,24,1.5381
7VC5_9SF,25,1.8190
7VC5_9SF,26,1.6931
7VC5_9SF,27,2.4303
7VC5_9SF,28,1.0474
7VC5_9SF,29,2.0523
7VC5_9SF,3,2.0897
7VC5_9SF,30,2.3837
7VC5_9SF,31,2.4853
7VC5_9SF,32,1.9902
7VC5_9SF,33,2.0606
7VC5_9SF,34,2.3396
7VC5_9SF,35,1.4926
7VC5_9SF,36,1.6733
7VC5_9SF,37,0.5456
7VC5_9SF,38,1.7013
7VC5_9SF,39,1.6584
7VC5_9SF,4,2.0882
7VC5_9SF,5,1.6225
7VC5_9SF,6,1.7277
7VC5_9SF,7,1.9054
7VC5_9SF,8,1.6214
7VC5_9SF,9,1.2808
7VKZ_NOJ,0,2.0549
7VKZ_NOJ,1,2.2753
7VKZ_NOJ,10,1.3555
7VKZ_NOJ,11,1.0314
7VKZ_NOJ,12,1.7346
7VKZ_NOJ,13,1.4347
7VKZ_NOJ,14,1.6037
7VKZ_NOJ,15,0.7621
7VKZ_NOJ,16,1.9303
7VKZ_NOJ,17,2.0147
7VKZ_NOJ,18,1.4571
7VKZ_NOJ,19,2.4575
7VKZ_NOJ,2,1.5362
7VKZ_NOJ,20,1.1190
7VKZ_NOJ,21,1.6995
7VKZ_NOJ,22,1.2828
7VKZ_NOJ,23,1.5147
7VKZ_NOJ,24,1.5765
7VKZ_NOJ,25,1.3512
7VKZ_NOJ,26,1.7533
7VKZ_NOJ,27,2.5502
7VKZ_NOJ,28,1.7614
7VKZ_NOJ,29,2.4225
7VKZ_NOJ,3,1.9788
7VKZ_NOJ,30,1.0493
7VKZ_NOJ,31,0.8300
7VKZ_NOJ,32,1.2283
7VKZ_NOJ,33,0.9332
7VKZ_NOJ,34,1.4357
7VKZ_NOJ,35,1.6876
7VKZ_NOJ,36,2.4840
7VKZ_NOJ,37,1.2827
7VKZ_NOJ,38,2.7298
7VKZ_NOJ,39,1.6097
7VKZ_NOJ,4,1.6384
7VKZ_NOJ,5,2.1174
7VKZ_NOJ,6,1.5293
7VKZ_NOJ,7,1.4880
7VKZ_NOJ,8,2.7775
7VKZ_NOJ,9,1.3049
7VQ9_ISY,0,2.1634
7VQ9_ISY,1,2.0754
7VQ9_ISY,10,2.8811
7VQ9_ISY,11,3.7570
7VQ9_ISY,12,4.6449
7VQ9_ISY,13,2.5563
7VQ9_ISY,14,2.1302
7VQ9_ISY,15,3.7435
7VQ9_ISY,16,2.5640
7VQ9_ISY,17,1.9700
7VQ9_ISY,18,2.3954
7VQ9_ISY,19,1.7740
7VQ9_ISY,2,2.1159
7VQ9_ISY,20,1.6238
7VQ9_ISY,21,2.0006
7VQ9_ISY,22,1.6830
7VQ9_ISY,23,2.1938
7VQ9_ISY,24,5.2485
7VQ9_ISY,25,2.9701
7VQ9_ISY,26,2.1894
7VQ9_ISY,27,6.5197
7VQ9_ISY,28,2.1636
7VQ9_ISY,29,2.0832
7VQ9_ISY,3,2.0834
7VQ9_ISY,30,6.0507
7VQ9_ISY,31,3.2265
7VQ9_ISY,32,2.0192
7VQ9_ISY,33,3.1162
7VQ9_ISY,34,5.4085
7VQ9_ISY,35,4.9054
7VQ9_ISY,36,5.9195
7VQ9_ISY,37,2.3416
7VQ9_ISY,38,3.3815
7VQ9_ISY,39,1.7416
7VQ9_ISY,4,3.0009
7VQ9_ISY,5,1.6670
7VQ9_ISY,6,2.5968
7VQ9_ISY,7,2.5588
7VQ9_ISY,8,1.9171
7VQ9_ISY,9,1.6489
7VWF_K55,0,1.1268
7VWF_K55,1,1.9008
7VWF_K55,10,1.2857
7VWF_K55,11,5.9604
7VWF_K55,12,1.4010
7VWF_K55,13,1.2743
7VWF_K55,14,1.6602
7VWF_K55,15,1.3708
7VWF_K55,16,1.7535
7VWF_K55,17,1.3606
7VWF_K55,18,1.5099
7VWF_K55,19,2.3938
7VWF_K55,2,1.0140
7VWF_K55,20,1.7387
7VWF_K55,21,1.1112
7VWF_K55,22,1.5220
7VWF_K55,23,5.9856
7VWF_K55,24,1.5872
7VWF_K55,25,6.3643
7VWF_K55,26,1.1754
7VWF_K55,27,6.4014
7VWF_K55,28,2.0853
7VWF_K55,29,1.3562
7VWF_K55,3,1.5551
7VWF_K55,30,1.9586
7VWF_K55,31,1.3374
7VWF_K55,32,1.5292
7VWF_K55,33,1.7985
7VWF_K55,34,1.4901
7VWF_K55,35,1.8367
7VWF_K55,36,0.7496
7VWF_K55,37,1.8277
7VWF_K55,38,1.0522
7VWF_K55,39,1.4600
7VWF_K55,4,1.0430
7VWF_K55,5,1.1268
7VWF_K55,6,5.8496
7VWF_K55,7,1.3136
7VWF_K55,8,1.7689
7VWF_K55,9,1.2937
7VYJ_CA0,0,1.0356
7VYJ_CA0,1,7.7400
7VYJ_CA0,10,1.9836
7VYJ_CA0,11,1.5011
7VYJ_CA0,12,2.1300
7VYJ_CA0,13,1.0743
7VYJ_CA0,14,2.3463
7VYJ_CA0,15,1.4320
7VYJ_CA0,16,1.7749
7VYJ_CA0,17,1.4615
7VYJ_CA0,18,1.1730
7VYJ_CA0,19,1.2146
7VYJ_CA0,2,1.6697
7VYJ_CA0,20,2.1187
7VYJ_CA0,21,1.0204
7VYJ_CA0,22,1.5655
7VYJ_CA0,23,1.3653
7VYJ_CA0,24,2.0012
7VYJ_CA0,25,1.5420
7VYJ_CA0,26,0.8640
7VYJ_CA0,27,1.9788
7VYJ_CA0,28,1.0846
7VYJ_CA0,29,1.1528
7VYJ_CA0,3,0.9156
7VYJ_CA0,30,2.0974
7VYJ_CA0,31,1.0488
7VYJ_CA0,32,3.0440
7VYJ_CA0,33,1.4293
7VYJ_CA0,34,1.8963
7VYJ_CA0,35,1.3205
7VYJ_CA0,36,0.9392
7VYJ_CA0,37,1.9651
7VYJ_CA0,38,2.2955
7VYJ_CA0,39,2.6714
7VYJ_CA0,4,2.0344
7VYJ_CA0,5,1.6908
7VYJ_CA0,6,1.3888
7VYJ_CA0,7,1.2406
7VYJ_CA0,8,3.1069
7VYJ_CA0,9,1.7845
7W05_GMP,0,2.5922
7W05_GMP,1,2.1228
7W05_GMP,10,1.8130
7W05_GMP,11,2.7619
7W05_GMP,12,2.4306
7W05_GMP,13,2.9962
7W05_GMP,14,2.3998
7W05_GMP,15,3.4041
7W05_GMP,16,2.7920
7W05_GMP,17,2.6437
7W05_GMP,18,1.7367
7W05_GMP,19,2.3486
7W05_GMP,2,3.3249
7W05_GMP,20,2.7792
7W05_GMP,21,2.2967
7W05_GMP,22,1.1026
7W05_GMP,23,2.7487
7W05_GMP,24,6.0794
7W05_GMP,25,1.7916
7W05_GMP,26,2.9988
7W05_GMP,27,3.4541
7W05_GMP,28,1.1074
7W05_GMP,29,3.5826
7W05_GMP,3,3.4775
7W05_GMP,30,3.0137
7W05_GMP,31,2.3737
7W05_GMP,32,2.2592
7W05_GMP,33,2.8871
7W05_GMP,34,2.0614
7W05_GMP,35,2.8160
7W05_GMP,36,2.7117
7W05_GMP,37,3.0769
7W05_GMP,38,2.6874
7W05_GMP,39,1.4114
7W05_GMP,4,2.7528
7W05_GMP,5,1.8918
7W05_GMP,6,3.1132
7W05_GMP,7,2.7071
7W05_GMP,8,2.0779
7W05_GMP,9,2.9062
7W06_ITN,0,1.8678
7W06_ITN,1,3.4163
7W06_ITN,10,3.8965
7W06_ITN,11,2.7000
7W06_ITN,12,3.7298
7W06_ITN,13,3.5641
7W06_ITN,14,1.8279
7W06_ITN,15,3.7051
7W06_ITN,16,3.2157
7W06_ITN,17,3.5134
7W06_ITN,18,3.3860
7W06_ITN,19,3.8226
7W06_ITN,2,3.6291
7W06_ITN,20,1.7573
7W06_ITN,21,3.3471
7W06_ITN,22,1.3990
7W06_ITN,23,1.8828
7W06_ITN,24,2.0745
7W06_ITN,25,3.2389
7W06_ITN,26,1.8831
7W06_ITN,27,3.4663
7W06_ITN,28,2.9430
7W06_ITN,29,3.5669
7W06_ITN,3,3.4346
7W06_ITN,30,3.1879
7W06_ITN,31,3.5112
7W06_ITN,32,1.7389
7W06_ITN,33,3.9214
7W06_ITN,34,3.3144
7W06_ITN,35,2.1435
7W06_ITN,36,1.5763
7W06_ITN,37,2.0564
7W06_ITN,38,2.1155
7W06_ITN,39,1.8178
7W06_ITN,4,3.6761
7W06_ITN,5,3.3692
7W06_ITN,6,2.3608
7W06_ITN,7,3.5944
7W06_ITN,8,3.8727
7W06_ITN,9,3.5676
7WCF_ACP,0,2.7243
7WCF_ACP,1,1.6652
7WCF_ACP,10,1.9098
7WCF_ACP,11,1.2916
7WCF_ACP,12,2.5143
7WCF_ACP,13,1.5724
7WCF_ACP,14,3.0199
7WCF_ACP,15,1.1928
7WCF_ACP,16,2.5865
7WCF_ACP,17,2.5707
7WCF_ACP,18,2.8414
7WCF_ACP,19,1.9370
7WCF_ACP,2,2.0020
7WCF_ACP,20,2.5787
7WCF_ACP,21,1.4284
7WCF_ACP,22,1.2163
7WCF_ACP,23,1.8462
7WCF_ACP,24,1.5026
7WCF_ACP,25,1.9160
7WCF_ACP,26,1.1500
7WCF_ACP,27,2.5519
7WCF_ACP,28,1.1915
7WCF_ACP,29,2.0479
7WCF_ACP,3,2.2774
7WCF_ACP,30,1.9783
7WCF_ACP,31,3.4602
7WCF_ACP,32,1.7331
7WCF_ACP,33,1.4080
7WCF_ACP,34,1.4082
7WCF_ACP,35,2.1943
7WCF_ACP,36,1.6489
7WCF_ACP,37,1.2847
7WCF_ACP,38,1.5302
7WCF_ACP,39,2.3015
7WCF_ACP,4,1.3545
7WCF_ACP,5,2.1632
7WCF_ACP,6,1.5721
7WCF_ACP,7,2.1101
7WCF_ACP,8,3.2599
7WCF_ACP,9,1.7433
7WDT_NGS,0,1.5174
7WDT_NGS,1,1.8366
7WDT_NGS,10,1.9941
7WDT_NGS,11,1.5926
7WDT_NGS,12,1.3029
7WDT_NGS,13,2.5383
7WDT_NGS,14,1.2548
7WDT_NGS,15,1.3564
7WDT_NGS,16,1.4196
7WDT_NGS,17,1.0179
7WDT_NGS,18,1.3734
7WDT_NGS,19,1.5432
7WDT_NGS,2,2.6727
7WDT_NGS,20,1.5727
7WDT_NGS,21,2.5187
7WDT_NGS,22,2.6488
7WDT_NGS,23,1.5414
7WDT_NGS,24,1.2086
7WDT_NGS,25,1.4336
7WDT_NGS,26,1.8735
7WDT_NGS,27,1.6668
7WDT_NGS,28,1.2129
7WDT_NGS,29,2.6360
7WDT_NGS,3,1.6402
7WDT_NGS,30,1.4701
7WDT_NGS,31,3.7589
7WDT_NGS,32,3.2329
7WDT_NGS,33,1.4875
7WDT_NGS,34,1.5281
7WDT_NGS,35,5.9487
7WDT_NGS,36,1.6987
7WDT_NGS,37,2.9179
7WDT_NGS,38,2.5532
7WDT_NGS,39,0.9704
7WDT_NGS,4,1.3276
7WDT_NGS,5,1.5938
7WDT_NGS,6,2.8109
7WDT_NGS,7,1.3479
7WDT_NGS,8,1.8125
7WDT_NGS,9,1.1128
7WJB_BGC,0,3.6757
7WJB_BGC,1,2.8420
7WJB_BGC,10,2.7890
7WJB_BGC,11,3.6196
7WJB_BGC,12,0.9732
7WJB_BGC,13,1.3571
7WJB_BGC,14,0.2803
7WJB_BGC,15,0.4655
7WJB_BGC,16,4.2231
7WJB_BGC,17,2.7791
7WJB_BGC,18,3.6571
7WJB_BGC,19,1.2507
7WJB_BGC,2,4.0671
7WJB_BGC,20,0.3709
7WJB_BGC,21,4.2690
7WJB_BGC,22,3.6266
7WJB_BGC,23,3.9588
7WJB_BGC,24,0.4982
7WJB_BGC,25,3.4113
7WJB_BGC,26,0.5371
7WJB_BGC,27,3.5883
7WJB_BGC,28,0.5878
7WJB_BGC,29,4.3546
7WJB_BGC,3,0.2921
7WJB_BGC,30,0.3711
7WJB_BGC,31,3.8999
7WJB_BGC,32,0.4481
7WJB_BGC,33,0.4587
7WJB_BGC,34,3.5629
7WJB_BGC,35,3.5625
7WJB_BGC,36,1.3192
7WJB_BGC,37,2.7742
7WJB_BGC,38,3.6017
7WJB_BGC,39,4.2454
7WJB_BGC,4,0.4330
7WJB_BGC,5,0.3641
7WJB_BGC,6,0.7624
7WJB_BGC,7,0.7520
7WJB_BGC,8,3.2550
7WJB_BGC,9,0.7887
7WKL_CAQ,0,0.9167
7WKL_CAQ,1,0.5399
7WKL_CAQ,10,1.2064
7WKL_CAQ,11,0.7229
7WKL_CAQ,12,0.4513
7WKL_CAQ,13,0.8072
7WKL_CAQ,14,0.3605
7WKL_CAQ,15,0.7642
7WKL_CAQ,16,0.3512
7WKL_CAQ,17,0.7496
7WKL_CAQ,18,0.6048
7WKL_CAQ,19,0.6089
7WKL_CAQ,2,0.7473
7WKL_CAQ,20,0.4603
7WKL_CAQ,21,0.4702
7WKL_CAQ,22,2.0166
7WKL_CAQ,23,0.2769
7WKL_CAQ,24,2.3205
7WKL_CAQ,25,2.3002
7WKL_CAQ,26,0.6845
7WKL_CAQ,27,0.5802
7WKL_CAQ,28,1.5845
7WKL_CAQ,29,1.2157
7WKL_CAQ,3,0.9984
7WKL_CAQ,30,0.4597
7WKL_CAQ,31,0.9588
7WKL_CAQ,32,0.7632
7WKL_CAQ,33,0.3558
7WKL_CAQ,34,1.9685
7WKL_CAQ,35,0.9831
7WKL_CAQ,36,0.5545
7WKL_CAQ,37,0.8475
7WKL_CAQ,38,0.4849
7WKL_CAQ,39,0.9587
7WKL_CAQ,4,0.8142
7WKL_CAQ,5,0.2804
7WKL_CAQ,6,0.6836
7WKL_CAQ,7,1.1364
7WKL_CAQ,8,0.5323
7WKL_CAQ,9,0.4133
7WL4_JFU,0,5.5830
7WL4_JFU,1,2.5478
7WL4_JFU,10,5.5658
7WL4_JFU,11,1.2659
7WL4_JFU,12,1.2155
7WL4_JFU,13,5.4292
7WL4_JFU,14,1.3375
7WL4_JFU,15,5.4709
7WL4_JFU,16,1.6945
7WL4_JFU,17,5.3843
7WL4_JFU,18,1.4629
7WL4_JFU,19,0.6512
7WL4_JFU,2,5.4288
7WL4_JFU,20,2.2674
7WL4_JFU,21,1.4464
7WL4_JFU,22,5.2804
7WL4_JFU,23,2.0095
7WL4_JFU,24,4.9957
7WL4_JFU,25,0.7929
7WL4_JFU,26,5.5764
7WL4_JFU,27,1.7208
7WL4_JFU,28,5.4567
7WL4_JFU,29,4.9213
7WL4_JFU,3,1.3493
7WL4_JFU,30,6.1063
7WL4_JFU,31,1.4217
7WL4_JFU,32,1.7936
7WL4_JFU,33,5.6127
7WL4_JFU,34,1.7466
7WL4_JFU,35,1.9377
7WL4_JFU,36,5.6518
7WL4_JFU,37,1.5127
7WL4_JFU,38,0.8613
7WL4_JFU,39,1.2987
7WL4_JFU,4,5.5818
7WL4_JFU,5,1.5734
7WL4_JFU,6,1.6001
7WL4_JFU,7,1.5732
7WL4_JFU,8,5.4621
7WL4_JFU,9,5.5013
7WPW_F15,0,1.4726
7WPW_F15,1,1.4712
7WPW_F15,10,1.8994
7WPW_F15,11,1.6164
7WPW_F15,12,1.2732
7WPW_F15,13,1.5302
7WPW_F15,14,1.3832
7WPW_F15,15,2.4744
7WPW_F15,16,5.6020
7WPW_F15,17,2.6737
7WPW_F15,18,2.0806
7WPW_F15,19,1.0068
7WPW_F15,2,1.5942
7WPW_F15,20,2.3243
7WPW_F15,21,1.6093
7WPW_F15,22,1.7936
7WPW_F15,23,3.6077
7WPW_F15,24,1.2876
7WPW_F15,25,2.3376
7WPW_F15,26,1.7146
7WPW_F15,27,1.3813
7WPW_F15,28,1.8800
7WPW_F15,29,2.7950
7WPW_F15,3,1.8115
7WPW_F15,30,3.9651
7WPW_F15,31,5.8942
7WPW_F15,32,1.3308
7WPW_F15,33,1.6767
7WPW_F15,34,5.5451
7WPW_F15,35,2.0841
7WPW_F15,36,1.0670
7WPW_F15,37,1.5158
7WPW_F15,38,1.7310
7WPW_F15,39,1.3676
7WPW_F15,4,3.7701
7WPW_F15,5,1.7237
7WPW_F15,6,5.7749
7WPW_F15,7,1.6800
7WPW_F15,8,2.0228
7WPW_F15,9,1.4239
7WQQ_5Z6,0,0.6216
7WQQ_5Z6,1,1.0195
7WQQ_5Z6,10,0.8830
7WQQ_5Z6,11,0.7915
7WQQ_5Z6,12,0.6094
7WQQ_5Z6,13,0.9615
7WQQ_5Z6,14,0.6854
7WQQ_5Z6,15,0.9250
7WQQ_5Z6,16,0.4265
7WQQ_5Z6,17,0.7365
7WQQ_5Z6,18,0.5486
7WQQ_5Z6,19,1.0639
7WQQ_5Z6,2,1.0009
7WQQ_5Z6,20,1.0238
7WQQ_5Z6,21,0.9518
7WQQ_5Z6,22,0.9948
7WQQ_5Z6,23,0.8871
7WQQ_5Z6,24,0.7224
7WQQ_5Z6,25,0.7573
7WQQ_5Z6,26,0.4044
7WQQ_5Z6,27,0.5654
7WQQ_5Z6,28,0.5579
7WQQ_5Z6,29,0.7143
7WQQ_5Z6,3,0.9177
7WQQ_5Z6,30,0.6309
7WQQ_5Z6,31,0.5513
7WQQ_5Z6,32,0.7887
7WQQ_5Z6,33,1.0994
7WQQ_5Z6,34,0.9440
7WQQ_5Z6,35,0.9731
7WQQ_5Z6,36,0.8925
7WQQ_5Z6,37,0.8495
7WQQ_5Z6,38,0.7473
7WQQ_5Z6,39,0.7670
7WQQ_5Z6,4,0.5242
7WQQ_5Z6,5,0.8175
7WQQ_5Z6,6,0.9376
7WQQ_5Z6,7,0.9102
7WQQ_5Z6,8,0.6162
7WQQ_5Z6,9,0.6974
7WUX_6OI,0,6.2231
7WUX_6OI,1,5.9386
7WUX_6OI,10,6.4737
7WUX_6OI,11,6.1525
7WUX_6OI,12,6.3815
7WUX_6OI,13,5.7899
7WUX_6OI,14,1.8290
7WUX_6OI,15,5.5676
7WUX_6OI,16,6.6680
7WUX_6OI,17,5.9400
7WUX_6OI,18,6.4834
7WUX_6OI,19,6.2351
7WUX_6OI,2,6.4356
7WUX_6OI,20,6.4369
7WUX_6OI,21,5.3961
7WUX_6OI,22,6.4021
7WUX_6OI,23,6.0765
7WUX_6OI,24,2.2070
7WUX_6OI,25,2.6135
7WUX_6OI,26,6.0041
7WUX_6OI,27,6.6527
7WUX_6OI,28,6.5509
7WUX_6OI,29,5.8405
7WUX_6OI,3,6.8219
7WUX_6OI,30,3.7147
7WUX_6OI,31,5.1054
7WUX_6OI,32,6.4154
7WUX_6OI,33,6.5953
7WUX_6OI,34,7.1751
7WUX_6OI,35,5.7369
7WUX_6OI,36,6.4513
7WUX_6OI,37,6.0603
7WUX_6OI,38,3.1536
7WUX_6OI,39,5.5889
7WUX_6OI,4,6.1921
7WUX_6OI,5,6.4564
7WUX_6OI,6,5.9809
7WUX_6OI,7,5.5283
7WUX_6OI,8,6.3687
7WUX_6OI,9,5.1068
7WUY_76N,0,7.0642
7WUY_76N,1,2.0408
7WUY_76N,10,7.6361
7WUY_76N,11,2.2738
7WUY_76N,12,7.5385
7WUY_76N,13,1.7787
7WUY_76N,14,7.2258
7WUY_76N,15,7.8551
7WUY_76N,16,7.6432
7WUY_76N,17,7.1765
7WUY_76N,18,2.6726
7WUY_76N,19,7.9182
7WUY_76N,2,7.5857
7WUY_76N,20,2.9935
7WUY_76N,21,2.3657
7WUY_76N,22,7.0164
7WUY_76N,23,7.5687
7WUY_76N,24,2.3256
7WUY_76N,25,6.4156
7WUY_76N,26,7.7642
7WUY_76N,27,7.8571
7WUY_76N,28,7.1840
7WUY_76N,29,7.7150
7WUY_76N,3,7.7961
7WUY_76N,30,2.5535
7WUY_76N,31,7.8962
7WUY_76N,32,7.6887
7WUY_76N,33,6.3638
7WUY_76N,34,7.8887
7WUY_76N,35,2.5052
7WUY_76N,36,7.7683
7WUY_76N,37,2.6178
7WUY_76N,38,1.8403
7WUY_76N,39,2.8916
7WUY_76N,4,7.6878
7WUY_76N,5,2.3717
7WUY_76N,6,7.9044
7WUY_76N,7,7.7336
7WUY_76N,8,7.8745
7WUY_76N,9,2.7150
7WY1_D0L,0,1.5424
7WY1_D0L,1,3.9298
7WY1_D0L,10,3.7379
7WY1_D0L,11,1.6682
7WY1_D0L,12,4.5358
7WY1_D0L,13,1.4468
7WY1_D0L,14,8.9991
7WY1_D0L,15,3.7545
7WY1_D0L,16,2.8486
7WY1_D0L,17,3.5859
7WY1_D0L,18,3.9699
7WY1_D0L,19,9.1164
7WY1_D0L,2,2.5969
7WY1_D0L,20,3.7955
7WY1_D0L,21,1.6437
7WY1_D0L,22,3.6069
7WY1_D0L,23,9.1726
7WY1_D0L,24,2.0742
7WY1_D0L,25,1.5313
7WY1_D0L,26,1.4895
7WY1_D0L,27,4.1158
7WY1_D0L,28,4.3226
7WY1_D0L,29,3.5799
7WY1_D0L,3,3.4976
7WY1_D0L,30,3.7033
7WY1_D0L,31,2.7493
7WY1_D0L,32,3.7175
7WY1_D0L,33,3.6131
7WY1_D0L,34,3.9875
7WY1_D0L,35,0.9244
7WY1_D0L,36,1.4818
7WY1_D0L,37,2.2408
7WY1_D0L,37,4.0331
7WY1_D0L,38,1.4774
7WY1_D0L,39,1.2751
7WY1_D0L,4,1.5975
7WY1_D0L,5,1.2269
7WY1_D0L,6,1.6128
7WY1_D0L,7,0.9551
7WY1_D0L,8,3.4726
7WY1_D0L,9,7.7196
7X5N_5M5,0,0.5996
7X5N_5M5,1,2.0874
7X5N_5M5,10,0.8206
7X5N_5M5,11,1.0749
7X5N_5M5,12,0.6081
7X5N_5M5,13,1.3398
7X5N_5M5,14,0.7834
7X5N_5M5,15,1.1809
7X5N_5M5,16,0.6209
7X5N_5M5,17,0.9627
7X5N_5M5,18,1.2140
7X5N_5M5,19,0.5930
7X5N_5M5,2,1.1154
7X5N_5M5,20,1.1007
7X5N_5M5,21,1.0722
7X5N_5M5,22,1.5613
7X5N_5M5,23,1.0835
7X5N_5M5,24,0.6324
7X5N_5M5,25,1.0197
7X5N_5M5,26,1.0935
7X5N_5M5,27,1.8963
7X5N_5M5,28,0.9132
7X5N_5M5,29,1.1559
7X5N_5M5,3,0.6718
7X5N_5M5,30,0.9650
7X5N_5M5,31,0.9151
7X5N_5M5,32,1.0210
7X5N_5M5,33,1.5513
7X5N_5M5,34,1.0242
7X5N_5M5,35,0.8744
7X5N_5M5,36,3.6420
7X5N_5M5,36,0.8872
7X5N_5M5,37,3.3508
7X5N_5M5,38,1.4629
7X5N_5M5,39,1.0566
7X5N_5M5,4,0.7801
7X5N_5M5,5,0.7836
7X5N_5M5,6,0.8473
7X5N_5M5,7,3.6280
7X5N_5M5,8,0.8802
7X5N_5M5,9,0.8197
7X9K_8OG,0,3.4008
7X9K_8OG,1,1.5335
7X9K_8OG,10,3.4540
7X9K_8OG,11,0.8293
7X9K_8OG,12,2.9244
7X9K_8OG,13,2.7103
7X9K_8OG,14,2.1052
7X9K_8OG,15,0.8499
7X9K_8OG,16,2.7958
7X9K_8OG,17,3.1461
7X9K_8OG,18,3.2399
7X9K_8OG,19,3.4875
7X9K_8OG,2,1.2975
7X9K_8OG,20,1.5091
7X9K_8OG,21,0.6536
7X9K_8OG,22,0.7189
7X9K_8OG,23,1.1857
7X9K_8OG,24,1.6849
7X9K_8OG,25,1.0663
7X9K_8OG,26,2.1018
7X9K_8OG,27,3.8519
7X9K_8OG,28,1.7776
7X9K_8OG,29,3.1101
7X9K_8OG,3,2.7859
7X9K_8OG,30,1.7925
7X9K_8OG,31,0.8154
7X9K_8OG,32,4.1663
7X9K_8OG,33,3.1216
7X9K_8OG,34,1.8433
7X9K_8OG,35,1.4192
7X9K_8OG,36,3.4608
7X9K_8OG,37,3.1239
7X9K_8OG,38,2.3762
7X9K_8OG,39,3.2470
7X9K_8OG,4,1.2357
7X9K_8OG,5,3.3120
7X9K_8OG,6,1.3579
7X9K_8OG,7,1.3980
7X9K_8OG,8,2.8958
7X9K_8OG,9,2.8356
7XBV_APC,0,3.3010
7XBV_APC,1,2.8470
7XBV_APC,10,2.1612
7XBV_APC,11,2.7281
7XBV_APC,12,2.9288
7XBV_APC,13,2.8316
7XBV_APC,14,3.5143
7XBV_APC,15,1.7063
7XBV_APC,16,2.6146
7XBV_APC,16,3.1305
7XBV_APC,17,3.2915
7XBV_APC,18,2.4859
7XBV_APC,19,2.9897
7XBV_APC,2,1.9062
7XBV_APC,20,2.2848
7XBV_APC,21,2.4854
7XBV_APC,22,3.4653
7XBV_APC,23,2.8457
7XBV_APC,24,2.9698
7XBV_APC,25,3.1513
7XBV_APC,26,3.3112
7XBV_APC,27,1.6275
7XBV_APC,28,2.7084
7XBV_APC,29,2.8050
7XBV_APC,3,2.4868
7XBV_APC,30,2.8506
7XBV_APC,31,2.5849
7XBV_APC,32,2.7677
7XBV_APC,33,3.6439
7XBV_APC,34,2.9121
7XBV_APC,35,2.8925
7XBV_APC,36,3.1391
7XBV_APC,37,2.3124
7XBV_APC,38,2.2510
7XBV_APC,39,3.2846
7XBV_APC,4,2.5959
7XBV_APC,5,2.1207
7XBV_APC,6,3.5620
7XBV_APC,7,3.6611
7XBV_APC,8,2.6943
7XBV_APC,9,2.4283
7XFA_D9J,0,3.2177
7XFA_D9J,1,2.0155
7XFA_D9J,10,3.8275
7XFA_D9J,11,2.9007
7XFA_D9J,12,2.8181
7XFA_D9J,13,2.7628
7XFA_D9J,14,2.5967
7XFA_D9J,15,1.1399
7XFA_D9J,16,3.6003
7XFA_D9J,17,2.5485
7XFA_D9J,18,2.3100
7XFA_D9J,19,3.4139
7XFA_D9J,2,3.2060
7XFA_D9J,20,4.7416
7XFA_D9J,21,3.0062
7XFA_D9J,22,1.9394
7XFA_D9J,23,2.6529
7XFA_D9J,24,2.3072
7XFA_D9J,25,3.8688
7XFA_D9J,26,9.7755
7XFA_D9J,27,2.6301
7XFA_D9J,28,1.6097
7XFA_D9J,29,3.1484
7XFA_D9J,3,3.1074
7XFA_D9J,30,2.9018
7XFA_D9J,31,2.8917
7XFA_D9J,32,4.1953
7XFA_D9J,33,1.9765
7XFA_D9J,34,3.0935
7XFA_D9J,35,2.3655
7XFA_D9J,36,3.0596
7XFA_D9J,37,2.0953
7XFA_D9J,38,3.3723
7XFA_D9J,39,2.7820
7XFA_D9J,4,3.5756
7XFA_D9J,5,2.0984
7XFA_D9J,6,3.3605
7XFA_D9J,7,3.7663
7XFA_D9J,8,3.2796
7XFA_D9J,9,3.6505
7XG5_PLP,0,2.5414
7XG5_PLP,1,0.8043
7XG5_PLP,10,2.7554
7XG5_PLP,11,0.8288
7XG5_PLP,12,2.6806
7XG5_PLP,13,1.0920
7XG5_PLP,14,0.9249
7XG5_PLP,15,0.7576
7XG5_PLP,16,1.3773
7XG5_PLP,17,1.4761
7XG5_PLP,18,1.0463
7XG5_PLP,19,1.1902
7XG5_PLP,2,1.0842
7XG5_PLP,20,2.6310
7XG5_PLP,20,2.7335
7XG5_PLP,21,1.0483
7XG5_PLP,22,2.5146
7XG5_PLP,23,1.3754
7XG5_PLP,24,1.0615
7XG5_PLP,25,1.2147
7XG5_PLP,26,0.8629
7XG5_PLP,27,0.8589
7XG5_PLP,28,1.0916
7XG5_PLP,29,2.5431
7XG5_PLP,3,1.1089
7XG5_PLP,30,2.8435
7XG5_PLP,31,1.1225
7XG5_PLP,32,0.9520
7XG5_PLP,33,0.6738
7XG5_PLP,34,1.0065
7XG5_PLP,35,1.1638
7XG5_PLP,36,1.0849
7XG5_PLP,37,2.6370
7XG5_PLP,38,1.1532
7XG5_PLP,39,2.1546
7XG5_PLP,4,0.6182
7XG5_PLP,5,2.4569
7XG5_PLP,6,1.5307
7XG5_PLP,7,0.7171
7XG5_PLP,8,1.3359
7XG5_PLP,9,2.6984
7XI7_4RI,0,3.5436
7XI7_4RI,1,1.3874
7XI7_4RI,10,3.5227
7XI7_4RI,11,1.3284
7XI7_4RI,12,4.6574
7XI7_4RI,13,1.6461
7XI7_4RI,14,1.0465
7XI7_4RI,15,1.0394
7XI7_4RI,16,1.3320
7XI7_4RI,17,1.6542
7XI7_4RI,18,1.3678
7XI7_4RI,19,1.2834
7XI7_4RI,2,1.5939
7XI7_4RI,20,1.3257
7XI7_4RI,21,0.9281
7XI7_4RI,22,1.5160
7XI7_4RI,23,1.5766
7XI7_4RI,24,0.9243
7XI7_4RI,25,1.6285
7XI7_4RI,26,1.3530
7XI7_4RI,27,2.7526
7XI7_4RI,28,1.1879
7XI7_4RI,29,1.4324
7XI7_4RI,3,1.0775
7XI7_4RI,30,3.7047
7XI7_4RI,31,1.1826
7XI7_4RI,32,1.4435
7XI7_4RI,33,1.8060
7XI7_4RI,34,0.9480
7XI7_4RI,35,5.3540
7XI7_4RI,36,2.3703
7XI7_4RI,37,1.0830
7XI7_4RI,38,3.8273
7XI7_4RI,39,1.3729
7XI7_4RI,4,1.9053
7XI7_4RI,5,4.3940
7XI7_4RI,6,3.7516
7XI7_4RI,7,3.6589
7XI7_4RI,8,4.6647
7XI7_4RI,9,3.8436
7XJN_NSD,0,1.3439
7XJN_NSD,1,1.5102
7XJN_NSD,10,0.9681
7XJN_NSD,11,1.1801
7XJN_NSD,12,1.8679
7XJN_NSD,13,0.8018
7XJN_NSD,14,1.1715
7XJN_NSD,15,1.3229
7XJN_NSD,16,1.0272
7XJN_NSD,17,1.5437
7XJN_NSD,18,0.8471
7XJN_NSD,19,0.9719
7XJN_NSD,2,0.8606
7XJN_NSD,20,1.7366
7XJN_NSD,21,0.7311
7XJN_NSD,22,1.1343
7XJN_NSD,23,1.1075
7XJN_NSD,24,1.2514
7XJN_NSD,25,1.0478
7XJN_NSD,26,1.1989
7XJN_NSD,27,1.6445
7XJN_NSD,28,1.2655
7XJN_NSD,29,1.1124
7XJN_NSD,3,1.0125
7XJN_NSD,30,1.4432
7XJN_NSD,31,1.4386
7XJN_NSD,32,1.5610
7XJN_NSD,33,1.3254
7XJN_NSD,34,1.0538
7XJN_NSD,35,1.8377
7XJN_NSD,36,0.7896
7XJN_NSD,37,1.3536
7XJN_NSD,38,2.0815
7XJN_NSD,39,1.2523
7XJN_NSD,4,1.1847
7XJN_NSD,5,1.3681
7XJN_NSD,6,1.0870
7XJN_NSD,7,0.9247
7XJN_NSD,8,1.1320
7XJN_NSD,9,1.5077
7XQZ_FPF,0,2.3138
7XQZ_FPF,1,2.0377
7XQZ_FPF,10,1.6254
7XQZ_FPF,11,1.8166
7XQZ_FPF,12,2.4104
7XQZ_FPF,13,2.0085
7XQZ_FPF,14,1.6418
7XQZ_FPF,15,2.5107
7XQZ_FPF,16,2.2280
7XQZ_FPF,17,1.7382
7XQZ_FPF,18,1.2836
7XQZ_FPF,19,1.7794
7XQZ_FPF,2,1.9510
7XQZ_FPF,20,2.0117
7XQZ_FPF,21,2.1084
7XQZ_FPF,22,2.4546
7XQZ_FPF,23,2.8086
7XQZ_FPF,24,2.0947
7XQZ_FPF,25,2.1702
7XQZ_FPF,26,1.8726
7XQZ_FPF,27,1.7592
7XQZ_FPF,28,2.0577
7XQZ_FPF,29,2.3892
7XQZ_FPF,3,2.1175
7XQZ_FPF,30,2.1531
7XQZ_FPF,31,2.3661
7XQZ_FPF,32,2.1999
7XQZ_FPF,33,2.3997
7XQZ_FPF,34,1.4911
7XQZ_FPF,35,2.8717
7XQZ_FPF,36,1.3517
7XQZ_FPF,37,1.8189
7XQZ_FPF,38,2.3384
7XQZ_FPF,39,2.1985
7XQZ_FPF,4,1.9983
7XQZ_FPF,5,2.5007
7XQZ_FPF,6,2.3312
7XQZ_FPF,7,2.4143
7XQZ_FPF,8,2.5090
7XQZ_FPF,9,2.1869
7XRL_FWK,0,5.0451
7XRL_FWK,1,5.3076
7XRL_FWK,10,5.1471
7XRL_FWK,11,4.7165
7XRL_FWK,12,6.2866
7XRL_FWK,13,5.5398
7XRL_FWK,14,5.8429
7XRL_FWK,15,5.6803
7XRL_FWK,16,5.6405
7XRL_FWK,17,4.8776
7XRL_FWK,18,5.2919
7XRL_FWK,19,4.8929
7XRL_FWK,2,5.7090
7XRL_FWK,20,5.4669
7XRL_FWK,21,5.6823
7XRL_FWK,22,5.7718
7XRL_FWK,23,5.7846
7XRL_FWK,24,5.7737
7XRL_FWK,25,5.6082
7XRL_FWK,26,5.1915
7XRL_FWK,27,5.4371
7XRL_FWK,28,4.9850
7XRL_FWK,29,5.5005
7XRL_FWK,3,5.7118
7XRL_FWK,30,5.8928
7XRL_FWK,31,5.5885
7XRL_FWK,32,5.4792
7XRL_FWK,33,5.7817
7XRL_FWK,34,5.5388
7XRL_FWK,35,5.7751
7XRL_FWK,36,5.8330
7XRL_FWK,37,5.0381
7XRL_FWK,38,5.4556
7XRL_FWK,39,5.8248
7XRL_FWK,4,5.4574
7XRL_FWK,5,5.4890
7XRL_FWK,6,3.7640
7XRL_FWK,7,4.8837
7XRL_FWK,8,5.7132
7XRL_FWK,9,5.3788
7YZU_DO7,0,3.2638
7YZU_DO7,1,1.2041
7YZU_DO7,10,0.9835
7YZU_DO7,11,1.1869
7YZU_DO7,12,1.2936
7YZU_DO7,13,0.9077
7YZU_DO7,14,0.8514
7YZU_DO7,15,1.4344
7YZU_DO7,16,1.2418
7YZU_DO7,17,0.6863
7YZU_DO7,18,1.0967
7YZU_DO7,19,1.4800
7YZU_DO7,2,3.0126
7YZU_DO7,20,1.0135
7YZU_DO7,21,1.0875
7YZU_DO7,22,0.7653
7YZU_DO7,23,1.3627
7YZU_DO7,24,0.8660
7YZU_DO7,25,0.6020
7YZU_DO7,26,1.0358
7YZU_DO7,27,0.8478
7YZU_DO7,28,1.2541
7YZU_DO7,29,0.6326
7YZU_DO7,3,1.1021
7YZU_DO7,30,1.2856
7YZU_DO7,31,1.2068
7YZU_DO7,32,1.3692
7YZU_DO7,33,0.6383
7YZU_DO7,34,2.3930
7YZU_DO7,35,1.2213
7YZU_DO7,36,1.0107
7YZU_DO7,37,1.9317
7YZU_DO7,38,1.2133
7YZU_DO7,39,1.3829
7YZU_DO7,4,1.3088
7YZU_DO7,5,0.8607
7YZU_DO7,6,1.0418
7YZU_DO7,7,2.9022
7YZU_DO7,8,3.0101
7YZU_DO7,9,1.0361
7Z1Q_NIO,0,2.0655
7Z1Q_NIO,1,3.6636
7Z1Q_NIO,10,1.2695
7Z1Q_NIO,11,1.8561
7Z1Q_NIO,12,1.7445
7Z1Q_NIO,13,1.7829
7Z1Q_NIO,14,1.2953
7Z1Q_NIO,15,1.6947
7Z1Q_NIO,16,1.5326
7Z1Q_NIO,17,0.4858
7Z1Q_NIO,18,2.0248
7Z1Q_NIO,19,1.2947
7Z1Q_NIO,2,0.8827
7Z1Q_NIO,20,1.0089
7Z1Q_NIO,21,1.2995
7Z1Q_NIO,22,1.6318
7Z1Q_NIO,23,1.8144
7Z1Q_NIO,24,1.9389
7Z1Q_NIO,25,1.4527
7Z1Q_NIO,26,1.7354
7Z1Q_NIO,27,1.2164
7Z1Q_NIO,28,1.1324
7Z1Q_NIO,29,1.7414
7Z1Q_NIO,3,1.4881
7Z1Q_NIO,30,1.9250
7Z1Q_NIO,31,0.8941
7Z1Q_NIO,32,1.5652
7Z1Q_NIO,33,2.0755
7Z1Q_NIO,34,2.0442
7Z1Q_NIO,35,1.9842
7Z1Q_NIO,36,1.6263
7Z1Q_NIO,37,0.7924
7Z1Q_NIO,38,1.9208
7Z1Q_NIO,39,1.3412
7Z1Q_NIO,4,1.9684
7Z1Q_NIO,5,2.0564
7Z1Q_NIO,6,2.0217
7Z1Q_NIO,7,1.4312
7Z1Q_NIO,8,1.4536
7Z1Q_NIO,9,1.3843
7Z2O_IAJ,0,1.9805
7Z2O_IAJ,1,3.1187
7Z2O_IAJ,10,3.0032
7Z2O_IAJ,11,3.1245
7Z2O_IAJ,12,3.1217
7Z2O_IAJ,13,2.9964
7Z2O_IAJ,14,2.9997
7Z2O_IAJ,15,3.0663
7Z2O_IAJ,16,3.0633
7Z2O_IAJ,17,3.0726
7Z2O_IAJ,18,3.1227
7Z2O_IAJ,19,3.0939
7Z2O_IAJ,2,3.0526
7Z2O_IAJ,20,3.0278
7Z2O_IAJ,21,2.9966
7Z2O_IAJ,22,3.3503
7Z2O_IAJ,23,3.0039
7Z2O_IAJ,24,3.0753
7Z2O_IAJ,25,2.9969
7Z2O_IAJ,26,3.2673
7Z2O_IAJ,27,3.1238
7Z2O_IAJ,28,1.6784
7Z2O_IAJ,29,3.0386
7Z2O_IAJ,3,2.0839
7Z2O_IAJ,30,3.1129
7Z2O_IAJ,31,3.1570
7Z2O_IAJ,32,3.0758
7Z2O_IAJ,33,3.0155
7Z2O_IAJ,34,3.0512
7Z2O_IAJ,35,3.1672
7Z2O_IAJ,36,3.0405
7Z2O_IAJ,37,3.0314
7Z2O_IAJ,38,3.0991
7Z2O_IAJ,39,3.0905
7Z2O_IAJ,4,3.0572
7Z2O_IAJ,5,3.2900
7Z2O_IAJ,6,3.1646
7Z2O_IAJ,7,3.0556
7Z2O_IAJ,8,2.2875
7Z2O_IAJ,9,3.0087
7Z7F_IF3,0,4.1467
7Z7F_IF3,1,0.2520
7Z7F_IF3,10,3.7274
7Z7F_IF3,11,4.0732
7Z7F_IF3,12,3.9949
7Z7F_IF3,13,3.5475
7Z7F_IF3,14,0.5918
7Z7F_IF3,15,4.1624
7Z7F_IF3,16,4.0678
7Z7F_IF3,17,4.0582
7Z7F_IF3,18,3.7183
7Z7F_IF3,19,3.5175
7Z7F_IF3,2,3.4449
7Z7F_IF3,20,3.8445
7Z7F_IF3,21,0.7037
7Z7F_IF3,22,3.3531
7Z7F_IF3,23,4.1709
7Z7F_IF3,24,3.7167
7Z7F_IF3,25,4.0491
7Z7F_IF3,26,3.6432
7Z7F_IF3,27,4.2532
7Z7F_IF3,28,4.3613
7Z7F_IF3,29,0.2224
7Z7F_IF3,3,3.6417
7Z7F_IF3,30,0.4901
7Z7F_IF3,31,3.3260
7Z7F_IF3,32,4.0484
7Z7F_IF3,33,3.7930
7Z7F_IF3,34,3.9368
7Z7F_IF3,35,3.8163
7Z7F_IF3,36,3.6361
7Z7F_IF3,37,3.5938
7Z7F_IF3,38,3.3417
7Z7F_IF3,39,4.3439
7Z7F_IF3,4,0.7229
7Z7F_IF3,5,3.6655
7Z7F_IF3,6,3.6027
7Z7F_IF3,7,3.6402
7Z7F_IF3,8,3.6362
7Z7F_IF3,9,3.8567
7ZCC_OGA,0,1.0921
7ZCC_OGA,1,1.3841
7ZCC_OGA,1,1.1309
7ZCC_OGA,10,4.2305
7ZCC_OGA,11,1.1571
7ZCC_OGA,12,4.3983
7ZCC_OGA,13,4.6261
7ZCC_OGA,14,2.0569
7ZCC_OGA,15,1.1461
7ZCC_OGA,16,4.5844
7ZCC_OGA,17,4.4049
7ZCC_OGA,18,4.6143
7ZCC_OGA,19,4.4718
7ZCC_OGA,2,4.1824
7ZCC_OGA,20,1.1469
7ZCC_OGA,21,4.7687
7ZCC_OGA,22,1.0917
7ZCC_OGA,23,4.6489
7ZCC_OGA,24,1.9711
7ZCC_OGA,25,4.6782
7ZCC_OGA,26,1.1865
7ZCC_OGA,27,4.7063
7ZCC_OGA,28,1.2431
7ZCC_OGA,29,1.4839
7ZCC_OGA,3,1.6282
7ZCC_OGA,30,4.6239
7ZCC_OGA,31,4.6465
7ZCC_OGA,32,4.5712
7ZCC_OGA,33,4.6753
7ZCC_OGA,34,4.6703
7ZCC_OGA,35,4.7541
7ZCC_OGA,36,4.5714
7ZCC_OGA,37,1.1245
7ZCC_OGA,38,4.5488
7ZCC_OGA,39,1.2588
7ZCC_OGA,4,4.6668
7ZCC_OGA,5,1.1196
7ZCC_OGA,6,4.4991
7ZCC_OGA,7,4.6450
7ZCC_OGA,8,4.7196
7ZCC_OGA,9,1.4420
7ZDY_6MJ,0,2.8031
7ZDY_6MJ,1,3.2673
7ZDY_6MJ,10,2.7055
7ZDY_6MJ,11,3.1147
7ZDY_6MJ,12,2.6010
7ZDY_6MJ,13,0.5102
7ZDY_6MJ,14,2.7683
7ZDY_6MJ,15,2.7499
7ZDY_6MJ,16,2.4411
7ZDY_6MJ,17,1.1195
7ZDY_6MJ,18,3.0328
7ZDY_6MJ,19,1.7218
7ZDY_6MJ,2,2.5559
7ZDY_6MJ,20,3.0885
7ZDY_6MJ,21,0.3642
7ZDY_6MJ,22,2.8907
7ZDY_6MJ,23,1.6239
7ZDY_6MJ,24,1.6541
7ZDY_6MJ,25,2.7128
7ZDY_6MJ,26,1.3266
7ZDY_6MJ,27,2.4826
7ZDY_6MJ,28,0.4484
7ZDY_6MJ,29,0.7483
7ZDY_6MJ,3,1.0698
7ZDY_6MJ,30,2.8531
7ZDY_6MJ,31,0.7867
7ZDY_6MJ,32,0.5606
7ZDY_6MJ,33,1.0193
7ZDY_6MJ,34,2.5603
7ZDY_6MJ,35,1.7349
7ZDY_6MJ,36,2.8525
7ZDY_6MJ,37,2.7018
7ZDY_6MJ,38,2.7061
7ZDY_6MJ,39,0.9526
7ZDY_6MJ,4,0.9690
7ZDY_6MJ,5,2.4731
7ZDY_6MJ,6,1.2197
7ZDY_6MJ,7,3.0592
7ZDY_6MJ,8,2.8008
7ZDY_6MJ,9,0.9074
7ZF0_DHR,0,1.4659
7ZF0_DHR,1,0.4250
7ZF0_DHR,10,2.6868
7ZF0_DHR,11,0.9308
7ZF0_DHR,12,1.7127
7ZF0_DHR,13,2.3048
7ZF0_DHR,14,0.9808
7ZF0_DHR,15,1.2683
7ZF0_DHR,16,0.8244
7ZF0_DHR,17,1.2445
7ZF0_DHR,18,0.6099
7ZF0_DHR,19,0.4698
7ZF0_DHR,2,0.9958
7ZF0_DHR,20,1.9804
7ZF0_DHR,21,1.3490
7ZF0_DHR,22,0.3336
7ZF0_DHR,23,2.0958
7ZF0_DHR,24,1.2775
7ZF0_DHR,25,1.2784
7ZF0_DHR,26,1.7419
7ZF0_DHR,27,0.5742
7ZF0_DHR,28,1.7595
7ZF0_DHR,29,0.7201
7ZF0_DHR,3,1.7364
7ZF0_DHR,30,1.8184
7ZF0_DHR,31,0.7767
7ZF0_DHR,32,1.4739
7ZF0_DHR,33,1.5263
7ZF0_DHR,34,0.9297
7ZF0_DHR,35,0.6634
7ZF0_DHR,36,1.2014
7ZF0_DHR,37,1.5466
7ZF0_DHR,38,1.7073
7ZF0_DHR,39,2.9743
7ZF0_DHR,4,1.6120
7ZF0_DHR,5,2.2492
7ZF0_DHR,6,1.7759
7ZF0_DHR,7,1.4779
7ZF0_DHR,8,1.4286
7ZF0_DHR,9,1.6565
7ZHP_IQY,0,7.9184
7ZHP_IQY,1,7.7364
7ZHP_IQY,10,1.5186
7ZHP_IQY,11,8.1437
7ZHP_IQY,11,4.3491
7ZHP_IQY,12,4.0997
7ZHP_IQY,13,4.0578
7ZHP_IQY,14,1.1157
7ZHP_IQY,15,7.3529
7ZHP_IQY,16,0.7067
7ZHP_IQY,17,1.0159
7ZHP_IQY,18,4.2335
7ZHP_IQY,19,7.8504
7ZHP_IQY,2,7.5390
7ZHP_IQY,20,0.9372
7ZHP_IQY,21,8.3797
7ZHP_IQY,22,1.1155
7ZHP_IQY,23,7.3140
7ZHP_IQY,24,5.9980
7ZHP_IQY,25,6.8476
7ZHP_IQY,26,7.0230
7ZHP_IQY,27,8.4927
7ZHP_IQY,28,0.7686
7ZHP_IQY,29,4.0662
7ZHP_IQY,3,1.3554
7ZHP_IQY,30,7.3359
7ZHP_IQY,31,5.6014
7ZHP_IQY,32,0.9820
7ZHP_IQY,33,0.9570
7ZHP_IQY,34,0.9854
7ZHP_IQY,35,5.0607
7ZHP_IQY,36,4.4595
7ZHP_IQY,37,1.0400
7ZHP_IQY,38,8.1401
7ZHP_IQY,39,7.6109
7ZHP_IQY,4,7.6833
7ZHP_IQY,5,2.7320
7ZHP_IQY,6,1.1573
7ZHP_IQY,7,1.0924
7ZHP_IQY,8,1.3198
7ZHP_IQY,9,3.8972
7ZL5_IWE,0,0.5000
7ZL5_IWE,1,2.9130
7ZL5_IWE,10,1.3038
7ZL5_IWE,11,1.3008
7ZL5_IWE,12,0.6498
7ZL5_IWE,13,3.3556
7ZL5_IWE,14,1.1436
7ZL5_IWE,15,0.9645
7ZL5_IWE,16,0.6445
7ZL5_IWE,17,0.8880
7ZL5_IWE,18,0.9700
7ZL5_IWE,19,0.2676
7ZL5_IWE,2,1.5227
7ZL5_IWE,20,1.2516
7ZL5_IWE,21,0.9698
7ZL5_IWE,22,2.7919
7ZL5_IWE,23,1.8110
7ZL5_IWE,24,1.3060
7ZL5_IWE,25,0.9816
7ZL5_IWE,26,1.6679
7ZL5_IWE,27,0.5878
7ZL5_IWE,28,1.3057
7ZL5_IWE,29,0.7636
7ZL5_IWE,3,0.9071
7ZL5_IWE,30,1.5129
7ZL5_IWE,31,1.0251
7ZL5_IWE,32,1.8429
7ZL5_IWE,33,1.3664
7ZL5_IWE,34,2.6927
7ZL5_IWE,34,0.7775
7ZL5_IWE,35,1.0604
7ZL5_IWE,36,1.1482
7ZL5_IWE,37,1.4396
7ZL5_IWE,38,1.1460
7ZL5_IWE,39,2.5378
7ZL5_IWE,4,1.2201
7ZL5_IWE,5,1.0745
7ZL5_IWE,6,1.0273
7ZL5_IWE,7,0.5704
7ZL5_IWE,8,3.1144
7ZL5_IWE,9,0.7473
7ZOC_T8E,0,1.6903
7ZOC_T8E,1,1.2442
7ZOC_T8E,10,1.6470
7ZOC_T8E,11,1.0869
7ZOC_T8E,12,1.7132
7ZOC_T8E,13,1.4825
7ZOC_T8E,14,1.7265
7ZOC_T8E,15,1.4220
7ZOC_T8E,16,1.2235
7ZOC_T8E,17,1.5428
7ZOC_T8E,18,1.6384
7ZOC_T8E,19,1.6763
7ZOC_T8E,2,0.7878
7ZOC_T8E,20,1.9276
7ZOC_T8E,21,1.9101
7ZOC_T8E,22,0.7999
7ZOC_T8E,23,1.5148
7ZOC_T8E,24,0.9033
7ZOC_T8E,25,1.5348
7ZOC_T8E,26,1.0078
7ZOC_T8E,27,1.8191
7ZOC_T8E,28,0.3666
7ZOC_T8E,29,1.4829
7ZOC_T8E,3,1.7433
7ZOC_T8E,30,1.1051
7ZOC_T8E,31,1.3450
7ZOC_T8E,32,0.6687
7ZOC_T8E,33,1.2274
7ZOC_T8E,34,1.1727
7ZOC_T8E,35,1.7742
7ZOC_T8E,36,1.7173
7ZOC_T8E,37,1.1741
7ZOC_T8E,38,1.2557
7ZOC_T8E,39,1.1598
7ZOC_T8E,4,0.9988
7ZOC_T8E,5,1.1276
7ZOC_T8E,6,1.4465
7ZOC_T8E,7,1.4217
7ZOC_T8E,8,1.3441
7ZOC_T8E,9,1.2761
7ZTL_BCN,0,4.0344
7ZTL_BCN,1,4.1258
7ZTL_BCN,10,2.3927
7ZTL_BCN,11,3.0948
7ZTL_BCN,12,2.5751
7ZTL_BCN,13,2.8502
7ZTL_BCN,14,3.3914
7ZTL_BCN,15,2.0613
7ZTL_BCN,16,2.3047
7ZTL_BCN,17,2.7135
7ZTL_BCN,18,4.3282
7ZTL_BCN,19,3.7110
7ZTL_BCN,2,2.6216
7ZTL_BCN,20,2.8243
7ZTL_BCN,21,3.5081
7ZTL_BCN,22,2.5165
7ZTL_BCN,23,3.8350
7ZTL_BCN,24,3.9808
7ZTL_BCN,25,1.7170
7ZTL_BCN,26,2.6862
7ZTL_BCN,27,2.5326
7ZTL_BCN,28,2.4900
7ZTL_BCN,29,3.3063
7ZTL_BCN,3,2.8023
7ZTL_BCN,30,3.6834
7ZTL_BCN,31,1.9496
7ZTL_BCN,32,2.6044
7ZTL_BCN,33,2.5521
7ZTL_BCN,34,4.1921
7ZTL_BCN,35,3.2147
7ZTL_BCN,36,3.7571
7ZTL_BCN,37,2.1244
7ZTL_BCN,38,3.5976
7ZTL_BCN,39,2.5282
7ZTL_BCN,4,2.6167
7ZTL_BCN,5,3.1032
7ZTL_BCN,6,2.5455
7ZTL_BCN,7,1.6934
7ZTL_BCN,8,3.5696
7ZTL_BCN,9,3.6557
7ZU2_DHT,0,2.7470
7ZU2_DHT,1,0.2284
7ZU2_DHT,10,0.2444
7ZU2_DHT,11,2.7391
7ZU2_DHT,12,0.4476
7ZU2_DHT,13,0.2732
7ZU2_DHT,14,0.2294
7ZU2_DHT,15,0.1824
7ZU2_DHT,16,2.7376
7ZU2_DHT,17,2.6855
7ZU2_DHT,18,0.5318
7ZU2_DHT,19,0.4998
7ZU2_DHT,2,2.7629
7ZU2_DHT,20,0.5057
7ZU2_DHT,21,0.4606
7ZU2_DHT,22,2.7347
7ZU2_DHT,23,2.7069
7ZU2_DHT,24,0.4486
7ZU2_DHT,25,0.4662
7ZU2_DHT,26,2.7464
7ZU2_DHT,27,2.7860
7ZU2_DHT,28,2.7247
7ZU2_DHT,29,0.2614
7ZU2_DHT,3,0.2561
7ZU2_DHT,30,0.4059
7ZU2_DHT,31,0.2996
7ZU2_DHT,32,0.5085
7ZU2_DHT,33,0.4337
7ZU2_DHT,34,0.5621
7ZU2_DHT,35,0.2417
7ZU2_DHT,36,0.4338
7ZU2_DHT,37,2.6958
7ZU2_DHT,38,0.2059
7ZU2_DHT,39,0.4967
7ZU2_DHT,4,0.3660
7ZU2_DHT,5,0.3152
7ZU2_DHT,6,0.2141
7ZU2_DHT,7,2.7002
7ZU2_DHT,8,2.7034
7ZU2_DHT,9,0.6811
7ZXV_45D,0,2.1165
7ZXV_45D,1,1.6313
7ZXV_45D,10,2.4789
7ZXV_45D,12,1.3340
7ZXV_45D,13,1.9565
7ZXV_45D,14,2.8042
7ZXV_45D,15,2.7966
7ZXV_45D,16,1.9539
7ZXV_45D,17,2.1144
7ZXV_45D,19,2.2456
7ZXV_45D,2,2.1644
7ZXV_45D,20,2.3674
7ZXV_45D,21,2.6754
7ZXV_45D,22,1.8950
7ZXV_45D,23,2.6361
7ZXV_45D,24,2.7768
7ZXV_45D,25,2.1940
7ZXV_45D,27,1.1788
7ZXV_45D,28,2.2247
7ZXV_45D,29,2.3763
7ZXV_45D,30,2.7294
7ZXV_45D,31,2.2709
7ZXV_45D,32,2.2806
7ZXV_45D,33,3.4751
7ZXV_45D,34,1.6329
7ZXV_45D,35,1.3442
7ZXV_45D,36,1.6225
7ZXV_45D,37,1.4105
7ZXV_45D,38,3.6349
7ZXV_45D,39,2.3139
7ZXV_45D,4,2.8469
7ZXV_45D,5,2.1554
7ZXV_45D,6,2.2081
7ZXV_45D,8,1.5283
7ZXV_45D,9,2.1311
7ZZW_KKW,0,2.2580
7ZZW_KKW,1,2.3255
7ZZW_KKW,10,9.4994
7ZZW_KKW,11,2.2824
7ZZW_KKW,12,1.6634
7ZZW_KKW,13,1.5576
7ZZW_KKW,14,1.3568
7ZZW_KKW,15,2.0095
7ZZW_KKW,16,2.2954
7ZZW_KKW,17,2.2751
7ZZW_KKW,18,9.4900
7ZZW_KKW,19,9.5618
7ZZW_KKW,2,1.8231
7ZZW_KKW,20,2.4869
7ZZW_KKW,21,9.6366
7ZZW_KKW,22,9.6273
7ZZW_KKW,23,2.0723
7ZZW_KKW,24,2.5961
7ZZW_KKW,25,9.2489
7ZZW_KKW,26,3.0815
7ZZW_KKW,27,9.5066
7ZZW_KKW,28,3.0153
7ZZW_KKW,29,1.3849
7ZZW_KKW,3,2.1844
7ZZW_KKW,30,9.6280
7ZZW_KKW,31,9.4254
7ZZW_KKW,32,0.8991
7ZZW_KKW,33,9.9403
7ZZW_KKW,34,2.0555
7ZZW_KKW,35,1.4419
7ZZW_KKW,36,1.4003
7ZZW_KKW,37,2.5960
7ZZW_KKW,38,1.7638
7ZZW_KKW,39,1.5330
7ZZW_KKW,4,2.4245
7ZZW_KKW,5,1.5276
7ZZW_KKW,6,2.4354
7ZZW_KKW,7,9.7644
7ZZW_KKW,8,0.9891
7ZZW_KKW,9,9.6341
8A1H_DLZ,0,1.1679
8A1H_DLZ,1,4.6370
8A1H_DLZ,10,1.6922
8A1H_DLZ,11,5.3817
8A1H_DLZ,12,1.5642
8A1H_DLZ,13,5.6158
8A1H_DLZ,14,5.2340
8A1H_DLZ,15,6.1446
8A1H_DLZ,16,2.7885
8A1H_DLZ,17,0.9236
8A1H_DLZ,18,5.4725
8A1H_DLZ,19,1.3935
8A1H_DLZ,2,1.5341
8A1H_DLZ,20,4.9732
8A1H_DLZ,21,5.5512
8A1H_DLZ,22,5.4331
8A1H_DLZ,23,5.9485
8A1H_DLZ,24,1.0917
8A1H_DLZ,25,5.5060
8A1H_DLZ,26,1.5684
8A1H_DLZ,27,4.8153
8A1H_DLZ,28,5.3691
8A1H_DLZ,29,5.3496
8A1H_DLZ,3,4.7443
8A1H_DLZ,30,5.1693
8A1H_DLZ,31,5.2074
8A1H_DLZ,32,5.5325
8A1H_DLZ,33,5.2870
8A1H_DLZ,34,5.3622
8A1H_DLZ,35,5.2786
8A1H_DLZ,36,4.6713
8A1H_DLZ,37,1.3432
8A1H_DLZ,38,5.4263
8A1H_DLZ,39,6.4280
8A1H_DLZ,4,1.4211
8A1H_DLZ,5,3.9080
8A1H_DLZ,6,6.1244
8A1H_DLZ,7,2.9935
8A1H_DLZ,8,5.1343
8A1H_DLZ,9,6.6623
8A2D_KXY,0,4.1361
8A2D_KXY,1,4.1365
8A2D_KXY,10,3.5338
8A2D_KXY,11,3.3199
8A2D_KXY,12,4.3976
8A2D_KXY,13,5.8757
8A2D_KXY,14,2.1520
8A2D_KXY,15,5.4215
8A2D_KXY,16,5.0269
8A2D_KXY,17,5.1116
8A2D_KXY,18,4.2964
8A2D_KXY,19,5.5963
8A2D_KXY,2,2.0457
8A2D_KXY,20,5.2811
8A2D_KXY,21,2.1748
8A2D_KXY,22,1.5838
8A2D_KXY,23,3.2274
8A2D_KXY,24,1.9800
8A2D_KXY,25,4.8520
8A2D_KXY,26,5.5008
8A2D_KXY,27,3.0780
8A2D_KXY,28,5.0423
8A2D_KXY,29,4.7661
8A2D_KXY,3,6.8875
8A2D_KXY,30,3.9281
8A2D_KXY,31,4.5014
8A2D_KXY,32,1.7015
8A2D_KXY,33,1.6249
8A2D_KXY,34,5.5156
8A2D_KXY,35,3.2908
8A2D_KXY,36,5.7266
8A2D_KXY,37,6.7657
8A2D_KXY,38,12.9484
8A2D_KXY,39,4.0303
8A2D_KXY,4,2.4981
8A2D_KXY,5,3.2382
8A2D_KXY,6,4.8031
8A2D_KXY,7,4.3643
8A2D_KXY,8,4.0014
8A2D_KXY,9,5.3125
8AAU_LH0,0,1.1941
8AAU_LH0,1,1.2828
8AAU_LH0,10,1.2744
8AAU_LH0,11,3.7308
8AAU_LH0,12,4.1584
8AAU_LH0,13,0.5139
8AAU_LH0,14,1.3066
8AAU_LH0,15,0.7818
8AAU_LH0,16,0.7437
8AAU_LH0,17,0.5364
8AAU_LH0,18,0.7204
8AAU_LH0,19,0.9965
8AAU_LH0,2,6.4834
8AAU_LH0,20,0.5490
8AAU_LH0,21,4.1924
8AAU_LH0,22,4.1697
8AAU_LH0,23,0.6253
8AAU_LH0,24,0.7352
8AAU_LH0,25,0.8293
8AAU_LH0,26,0.8430
8AAU_LH0,27,0.7049
8AAU_LH0,28,0.6344
8AAU_LH0,29,0.7702
8AAU_LH0,3,4.1889
8AAU_LH0,30,0.4661
8AAU_LH0,31,1.2022
8AAU_LH0,32,5.5573
8AAU_LH0,33,0.8582
8AAU_LH0,34,4.1096
8AAU_LH0,35,1.2164
8AAU_LH0,36,0.7951
8AAU_LH0,37,0.7426
8AAU_LH0,38,1.0816
8AAU_LH0,39,4.2454
8AAU_LH0,4,3.9135
8AAU_LH0,5,0.7618
8AAU_LH0,6,0.7820
8AAU_LH0,7,1.1904
8AAU_LH0,8,0.8095
8AAU_LH0,9,1.5658
8AEM_LVF,0,0.6826
8AEM_LVF,1,0.4939
8AEM_LVF,10,0.3392
8AEM_LVF,11,0.3852
8AEM_LVF,12,0.8088
8AEM_LVF,13,2.5208
8AEM_LVF,14,0.7622
8AEM_LVF,15,1.1289
8AEM_LVF,16,2.1194
8AEM_LVF,17,2.8185
8AEM_LVF,18,3.2250
8AEM_LVF,19,1.0363
8AEM_LVF,2,2.3929
8AEM_LVF,20,1.4533
8AEM_LVF,21,2.0280
8AEM_LVF,22,2.2019
8AEM_LVF,23,1.1376
8AEM_LVF,24,0.3663
8AEM_LVF,25,0.6931
8AEM_LVF,26,0.7730
8AEM_LVF,27,2.9188
8AEM_LVF,28,0.8374
8AEM_LVF,29,0.7485
8AEM_LVF,3,4.1940
8AEM_LVF,30,1.4360
8AEM_LVF,31,1.4338
8AEM_LVF,32,2.7636
8AEM_LVF,33,2.7405
8AEM_LVF,34,0.7921
8AEM_LVF,35,1.0584
8AEM_LVF,36,1.2691
8AEM_LVF,37,3.2737
8AEM_LVF,38,3.1519
8AEM_LVF,39,4.7756
8AEM_LVF,4,4.7407
8AEM_LVF,5,3.1100
8AEM_LVF,6,3.1369
8AEM_LVF,7,3.4130
8AEM_LVF,8,3.6177
8AEM_LVF,9,0.8658
8AIE_M7L,0,1.4778
8AIE_M7L,1,1.3004
8AIE_M7L,10,1.5191
8AIE_M7L,11,5.4163
8AIE_M7L,12,1.1969
8AIE_M7L,13,5.0823
8AIE_M7L,14,1.7809
8AIE_M7L,15,1.3050
8AIE_M7L,16,1.2816
8AIE_M7L,17,5.1586
8AIE_M7L,18,2.2410
8AIE_M7L,19,5.1235
8AIE_M7L,2,2.9881
8AIE_M7L,20,5.5461
8AIE_M7L,21,1.5952
8AIE_M7L,22,1.0185
8AIE_M7L,23,5.1168
8AIE_M7L,24,5.2324
8AIE_M7L,25,2.2019
8AIE_M7L,26,1.9287
8AIE_M7L,27,2.4571
8AIE_M7L,28,1.1016
8AIE_M7L,29,4.9242
8AIE_M7L,3,5.4004
8AIE_M7L,30,5.1990
8AIE_M7L,31,3.7299
8AIE_M7L,32,2.4975
8AIE_M7L,33,1.2286
8AIE_M7L,34,1.7593
8AIE_M7L,35,0.5448
8AIE_M7L,36,1.9942
8AIE_M7L,37,5.1885
8AIE_M7L,38,2.3897
8AIE_M7L,39,2.2366
8AIE_M7L,4,4.7649
8AIE_M7L,5,3.0537
8AIE_M7L,6,1.6474
8AIE_M7L,7,5.4758
8AIE_M7L,8,1.3486
8AIE_M7L,9,2.3025
8AP0_PRP,0,3.0582
8AP0_PRP,1,2.9526
8AP0_PRP,10,2.5743
8AP0_PRP,11,1.6364
8AP0_PRP,12,6.4480
8AP0_PRP,13,5.5351
8AP0_PRP,14,2.9758
8AP0_PRP,15,2.5320
8AP0_PRP,16,2.8022
8AP0_PRP,17,3.8459
8AP0_PRP,18,3.3822
8AP0_PRP,19,2.8721
8AP0_PRP,2,2.5956
8AP0_PRP,20,2.3189
8AP0_PRP,21,3.2962
8AP0_PRP,22,3.3984
8AP0_PRP,23,1.9586
8AP0_PRP,24,2.6973
8AP0_PRP,25,3.0873
8AP0_PRP,26,2.8023
8AP0_PRP,27,3.2984
8AP0_PRP,28,3.0568
8AP0_PRP,29,2.2144
8AP0_PRP,3,3.5197
8AP0_PRP,30,3.7435
8AP0_PRP,31,2.7501
8AP0_PRP,32,1.4834
8AP0_PRP,33,6.5993
8AP0_PRP,34,5.6470
8AP0_PRP,35,5.4731
8AP0_PRP,36,2.7190
8AP0_PRP,37,2.1760
8AP0_PRP,38,2.5605
8AP0_PRP,39,6.5484
8AP0_PRP,4,2.4841
8AP0_PRP,5,3.1304
8AP0_PRP,6,3.0114
8AP0_PRP,7,3.7821
8AP0_PRP,8,2.8205
8AP0_PRP,9,4.5001
8AQL_PLG,0,1.1360
8AQL_PLG,1,1.2633
8AQL_PLG,10,2.2089
8AQL_PLG,11,1.1102
8AQL_PLG,12,1.6549
8AQL_PLG,13,1.5686
8AQL_PLG,14,0.9177
8AQL_PLG,15,1.5751
8AQL_PLG,16,1.2577
8AQL_PLG,17,1.0336
8AQL_PLG,18,1.5625
8AQL_PLG,19,1.1815
8AQL_PLG,2,2.0895
8AQL_PLG,20,0.9917
8AQL_PLG,21,1.3236
8AQL_PLG,22,0.6796
8AQL_PLG,23,1.4208
8AQL_PLG,24,1.1558
8AQL_PLG,25,1.2396
8AQL_PLG,26,1.4471
8AQL_PLG,27,1.5557
8AQL_PLG,28,1.1016
8AQL_PLG,29,1.5298
8AQL_PLG,3,1.2624
8AQL_PLG,30,1.2100
8AQL_PLG,31,1.0968
8AQL_PLG,32,1.3621
8AQL_PLG,33,2.1009
8AQL_PLG,34,1.1530
8AQL_PLG,35,1.4956
8AQL_PLG,36,1.7062
8AQL_PLG,37,1.2516
8AQL_PLG,38,1.3561
8AQL_PLG,39,4.7584
8AQL_PLG,4,0.8800
8AQL_PLG,5,0.8162
8AQL_PLG,6,1.3660
8AQL_PLG,7,1.2603
8AQL_PLG,8,1.3624
8AQL_PLG,9,1.4230
8AUH_L9I,0,2.7145
8AUH_L9I,1,3.8929
8AUH_L9I,10,4.0278
8AUH_L9I,11,1.9041
8AUH_L9I,12,2.7214
8AUH_L9I,13,0.8633
8AUH_L9I,14,4.3773
8AUH_L9I,15,4.4581
8AUH_L9I,16,3.9205
8AUH_L9I,17,3.4884
8AUH_L9I,18,3.0015
8AUH_L9I,19,4.9461
8AUH_L9I,2,4.1736
8AUH_L9I,20,3.0342
8AUH_L9I,21,2.4303
8AUH_L9I,22,2.7072
8AUH_L9I,23,2.5020
8AUH_L9I,24,4.3096
8AUH_L9I,25,2.2196
8AUH_L9I,26,4.2206
8AUH_L9I,27,4.3928
8AUH_L9I,28,4.4486
8AUH_L9I,29,2.5355
8AUH_L9I,3,4.1396
8AUH_L9I,30,1.4499
8AUH_L9I,31,3.6025
8AUH_L9I,32,4.0879
8AUH_L9I,33,4.2450
8AUH_L9I,34,3.8797
8AUH_L9I,35,3.4727
8AUH_L9I,36,3.7321
8AUH_L9I,37,3.9892
8AUH_L9I,38,4.1763
8AUH_L9I,39,2.8056
8AUH_L9I,4,1.7312
8AUH_L9I,5,3.7874
8AUH_L9I,6,3.7707
8AUH_L9I,7,3.5062
8AUH_L9I,8,4.1984
8AUH_L9I,9,4.1637
8AY3_OE3,0,2.5117
8AY3_OE3,1,1.2895
8AY3_OE3,10,1.1266
8AY3_OE3,11,2.7338
8AY3_OE3,12,3.7550
8AY3_OE3,13,0.7979
8AY3_OE3,14,1.2291
8AY3_OE3,15,3.0323
8AY3_OE3,16,1.0528
8AY3_OE3,17,0.5959
8AY3_OE3,18,0.9303
8AY3_OE3,19,1.1839
8AY3_OE3,2,2.7856
8AY3_OE3,20,0.8173
8AY3_OE3,21,2.3541
8AY3_OE3,22,3.0229
8AY3_OE3,23,2.7336
8AY3_OE3,24,1.1732
8AY3_OE3,25,2.8716
8AY3_OE3,26,1.5241
8AY3_OE3,27,1.4258
8AY3_OE3,28,2.7241
8AY3_OE3,29,2.6695
8AY3_OE3,3,2.8352
8AY3_OE3,30,2.7079
8AY3_OE3,31,2.7960
8AY3_OE3,32,1.0794
8AY3_OE3,33,2.7816
8AY3_OE3,34,1.0026
8AY3_OE3,35,1.1124
8AY3_OE3,36,2.5030
8AY3_OE3,37,2.6111
8AY3_OE3,38,2.6717
8AY3_OE3,39,2.8003
8AY3_OE3,4,1.1743
8AY3_OE3,5,0.8871
8AY3_OE3,6,2.7865
8AY3_OE3,7,1.2643
8AY3_OE3,8,4.1597
8AY3_OE3,9,1.0071
8B8H_OJQ,0,1.5964
8B8H_OJQ,1,1.5249
8B8H_OJQ,10,1.3375
8B8H_OJQ,11,1.9736
8B8H_OJQ,12,5.4890
8B8H_OJQ,13,5.4671
8B8H_OJQ,14,5.2836
8B8H_OJQ,15,1.9302
8B8H_OJQ,16,1.8808
8B8H_OJQ,17,5.2720
8B8H_OJQ,18,5.0023
8B8H_OJQ,19,1.6910
8B8H_OJQ,2,1.8735
8B8H_OJQ,20,4.7768
8B8H_OJQ,21,1.6404
8B8H_OJQ,22,5.8407
8B8H_OJQ,23,5.2207
8B8H_OJQ,24,5.2888
8B8H_OJQ,25,5.5728
8B8H_OJQ,26,1.5601
8B8H_OJQ,27,5.0723
8B8H_OJQ,28,5.0866
8B8H_OJQ,29,5.4260
8B8H_OJQ,3,1.8370
8B8H_OJQ,30,1.5308
8B8H_OJQ,31,2.6962
8B8H_OJQ,32,5.2743
8B8H_OJQ,33,5.3201
8B8H_OJQ,34,1.7122
8B8H_OJQ,35,5.2887
8B8H_OJQ,36,1.5955
8B8H_OJQ,37,5.0249
8B8H_OJQ,38,1.3066
8B8H_OJQ,39,1.6345
8B8H_OJQ,4,1.7486
8B8H_OJQ,5,1.5808
8B8H_OJQ,6,2.7157
8B8H_OJQ,7,1.6732
8B8H_OJQ,8,1.8255
8B8H_OJQ,9,1.8751
8BOM_QU6,0,0.4727
8BOM_QU6,1,3.7675
8BOM_QU6,10,0.3317
8BOM_QU6,11,3.8322
8BOM_QU6,12,1.4482
8BOM_QU6,13,3.8163
8BOM_QU6,14,0.6286
8BOM_QU6,15,4.1613
8BOM_QU6,16,3.9217
8BOM_QU6,17,0.8941
8BOM_QU6,18,2.0341
8BOM_QU6,19,0.9084
8BOM_QU6,2,0.6287
8BOM_QU6,20,3.8217
8BOM_QU6,21,2.5636
8BOM_QU6,22,3.7512
8BOM_QU6,23,0.4535
8BOM_QU6,24,3.9742
8BOM_QU6,25,4.1226
8BOM_QU6,26,1.1667
8BOM_QU6,27,3.7715
8BOM_QU6,28,1.3288
8BOM_QU6,29,3.7696
8BOM_QU6,3,0.6073
8BOM_QU6,30,3.9197
8BOM_QU6,31,0.9430
8BOM_QU6,32,3.8119
8BOM_QU6,33,3.7335
8BOM_QU6,34,3.8897
8BOM_QU6,35,1.0711
8BOM_QU6,36,3.8840
8BOM_QU6,37,1.0460
8BOM_QU6,38,3.9812
8BOM_QU6,39,3.1752
8BOM_QU6,4,3.8911
8BOM_QU6,5,4.0360
8BOM_QU6,6,0.5550
8BOM_QU6,7,4.1285
8BOM_QU6,8,1.2041
8BOM_QU6,9,1.1741
8BTI_RFO,0,2.3917
8BTI_RFO,1,0.8184
8BTI_RFO,10,5.2166
8BTI_RFO,11,0.7124
8BTI_RFO,12,1.2163
8BTI_RFO,13,1.1436
8BTI_RFO,14,0.8529
8BTI_RFO,15,5.3472
8BTI_RFO,16,5.4044
8BTI_RFO,17,0.7102
8BTI_RFO,18,0.6223
8BTI_RFO,19,5.2065
8BTI_RFO,2,0.9681
8BTI_RFO,20,0.8012
8BTI_RFO,21,2.4736
8BTI_RFO,22,2.3148
8BTI_RFO,23,5.1014
8BTI_RFO,24,0.7208
8BTI_RFO,25,2.8667
8BTI_RFO,26,1.7131
8BTI_RFO,27,2.3953
8BTI_RFO,28,0.8399
8BTI_RFO,29,1.9205
8BTI_RFO,3,0.8523
8BTI_RFO,30,0.6618
8BTI_RFO,31,1.1516
8BTI_RFO,32,0.6709
8BTI_RFO,33,0.6180
8BTI_RFO,34,1.0034
8BTI_RFO,35,0.5880
8BTI_RFO,36,0.9864
8BTI_RFO,37,2.4300
8BTI_RFO,38,5.9589
8BTI_RFO,39,1.7305
8BTI_RFO,4,0.4661
8BTI_RFO,5,0.6143
8BTI_RFO,6,3.7486
8BTI_RFO,7,0.9122
8BTI_RFO,8,5.4510
8BTI_RFO,9,0.4103
8C3N_ADP,0,2.3904
8C3N_ADP,1,0.7436
8C3N_ADP,10,1.0822
8C3N_ADP,11,2.1662
8C3N_ADP,12,2.2340
8C3N_ADP,13,1.4785
8C3N_ADP,14,1.9482
8C3N_ADP,15,1.5665
8C3N_ADP,16,1.1459
8C3N_ADP,17,1.1049
8C3N_ADP,17,1.3120
8C3N_ADP,18,0.8765
8C3N_ADP,19,1.2399
8C3N_ADP,2,1.2212
8C3N_ADP,20,2.2694
8C3N_ADP,21,0.9728
8C3N_ADP,22,2.0348
8C3N_ADP,23,1.6518
8C3N_ADP,24,1.2389
8C3N_ADP,25,1.5800
8C3N_ADP,26,1.6904
8C3N_ADP,27,0.7254
8C3N_ADP,28,2.0002
8C3N_ADP,29,1.4259
8C3N_ADP,3,0.9496
8C3N_ADP,30,1.4980
8C3N_ADP,31,2.8380
8C3N_ADP,32,1.8576
8C3N_ADP,33,1.3871
8C3N_ADP,34,1.3070
8C3N_ADP,35,1.0833
8C3N_ADP,36,1.1516
8C3N_ADP,37,1.5943
8C3N_ADP,38,1.2021
8C3N_ADP,39,1.3776
8C3N_ADP,4,0.6658
8C3N_ADP,5,1.0866
8C3N_ADP,6,1.2760
8C3N_ADP,7,1.0238
8C3N_ADP,8,1.0121
8C3N_ADP,9,1.9507
8C5M_MTA,0,2.4531
8C5M_MTA,1,1.0013
8C5M_MTA,10,2.6770
8C5M_MTA,11,1.0090
8C5M_MTA,12,1.4128
8C5M_MTA,13,2.6072
8C5M_MTA,14,1.6319
8C5M_MTA,15,1.3213
8C5M_MTA,16,1.5707
8C5M_MTA,17,1.1642
8C5M_MTA,18,2.4195
8C5M_MTA,19,3.0377
8C5M_MTA,2,1.1317
8C5M_MTA,20,3.4051
8C5M_MTA,21,2.1807
8C5M_MTA,22,1.0298
8C5M_MTA,23,0.9929
8C5M_MTA,24,0.7755
8C5M_MTA,25,1.2864
8C5M_MTA,25,2.3831
8C5M_MTA,26,2.5038
8C5M_MTA,27,1.1681
8C5M_MTA,28,3.5034
8C5M_MTA,29,3.4802
8C5M_MTA,3,2.5148
8C5M_MTA,30,0.9893
8C5M_MTA,31,2.6679
8C5M_MTA,32,1.0272
8C5M_MTA,33,1.1851
8C5M_MTA,34,1.0744
8C5M_MTA,35,2.2626
8C5M_MTA,36,1.2812
8C5M_MTA,37,1.7920
8C5M_MTA,38,1.2136
8C5M_MTA,39,1.1879
8C5M_MTA,4,3.2831
8C5M_MTA,5,1.8474
8C5M_MTA,6,1.9169
8C5M_MTA,7,1.8750
8C5M_MTA,8,2.1285
8C5M_MTA,9,2.0737
8CNH_V6U,0,1.9272
8CNH_V6U,1,4.2894
8CNH_V6U,10,3.6464
8CNH_V6U,11,2.7800
8CNH_V6U,12,3.7950
8CNH_V6U,13,1.8204
8CNH_V6U,14,0.9510
8CNH_V6U,15,4.3360
8CNH_V6U,16,0.5156
8CNH_V6U,17,4.3764
8CNH_V6U,18,4.4038
8CNH_V6U,19,4.2703
8CNH_V6U,2,4.0128
8CNH_V6U,20,0.7714
8CNH_V6U,21,1.7942
8CNH_V6U,22,4.0546
8CNH_V6U,23,3.8756
8CNH_V6U,24,1.5970
8CNH_V6U,25,4.5982
8CNH_V6U,26,3.0308
8CNH_V6U,27,0.8407
8CNH_V6U,28,3.5225
8CNH_V6U,29,0.7893
8CNH_V6U,3,1.7684
8CNH_V6U,30,3.3384
8CNH_V6U,31,1.8207
8CNH_V6U,32,4.3748
8CNH_V6U,33,1.9008
8CNH_V6U,34,0.4044
8CNH_V6U,35,3.7431
8CNH_V6U,36,3.7936
8CNH_V6U,37,3.9499
8CNH_V6U,38,4.3100
8CNH_V6U,39,1.8343
8CNH_V6U,4,1.7215
8CNH_V6U,5,3.1333
8CNH_V6U,6,2.8996
8CNH_V6U,6,2.5980
8CNH_V6U,7,1.8372
8CNH_V6U,8,1.3040
8CNH_V6U,9,1.3319
8CSD_C5P,0,0.9366
8CSD_C5P,1,1.8467
8CSD_C5P,10,1.0512
8CSD_C5P,11,5.5753
8CSD_C5P,12,1.7396
8CSD_C5P,13,1.8469
8CSD_C5P,14,2.7425
8CSD_C5P,15,1.9851
8CSD_C5P,16,2.0199
8CSD_C5P,17,4.6080
8CSD_C5P,18,2.7900
8CSD_C5P,19,4.6880
8CSD_C5P,2,1.9355
8CSD_C5P,20,1.8235
8CSD_C5P,21,2.0214
8CSD_C5P,22,1.9310
8CSD_C5P,23,2.2930
8CSD_C5P,24,0.8600
8CSD_C5P,25,4.9442
8CSD_C5P,26,1.4070
8CSD_C5P,26,2.3320
8CSD_C5P,27,6.1225
8CSD_C5P,28,1.7776
8CSD_C5P,29,4.7062
8CSD_C5P,3,5.5839
8CSD_C5P,30,1.7876
8CSD_C5P,31,2.1119
8CSD_C5P,32,4.5244
8CSD_C5P,33,1.0222
8CSD_C5P,34,5.4258
8CSD_C5P,35,2.0709
8CSD_C5P,36,1.9881
8CSD_C5P,37,1.9459
8CSD_C5P,38,2.5984
8CSD_C5P,39,1.8010
8CSD_C5P,4,2.5667
8CSD_C5P,5,1.0460
8CSD_C5P,6,1.1590
8CSD_C5P,7,1.9049
8CSD_C5P,8,2.0697
8CSD_C5P,9,2.4664
8D19_GSH,0,1.9633
8D19_GSH,1,2.9735
8D19_GSH,10,4.0172
8D19_GSH,11,2.1793
8D19_GSH,12,2.2589
8D19_GSH,13,2.6433
8D19_GSH,14,3.8137
8D19_GSH,15,3.8545
8D19_GSH,16,3.5077
8D19_GSH,17,2.3658
8D19_GSH,18,2.2549
8D19_GSH,19,4.0855
8D19_GSH,2,4.0160
8D19_GSH,20,1.2802
8D19_GSH,21,2.5345
8D19_GSH,22,2.2631
8D19_GSH,23,3.6431
8D19_GSH,24,1.6285
8D19_GSH,25,1.9802
8D19_GSH,26,2.0607
8D19_GSH,27,1.6814
8D19_GSH,28,3.4259
8D19_GSH,29,2.9556
8D19_GSH,3,2.3024
8D19_GSH,30,1.9510
8D19_GSH,31,4.0496
8D19_GSH,32,3.9385
8D19_GSH,33,2.1467
8D19_GSH,34,2.7345
8D19_GSH,35,2.1087
8D19_GSH,36,2.4131
8D19_GSH,37,4.4478
8D19_GSH,38,1.0270
8D19_GSH,39,2.2237
8D19_GSH,4,1.9937
8D19_GSH,5,4.2957
8D19_GSH,6,7.3029
8D19_GSH,7,2.1760
8D19_GSH,8,1.9294
8D19_GSH,9,4.3493
8D39_QDB,0,2.7149
8D39_QDB,1,1.3667
8D39_QDB,10,1.2199
8D39_QDB,11,1.3917
8D39_QDB,12,1.4861
8D39_QDB,13,0.6139
8D39_QDB,14,1.5204
8D39_QDB,15,1.0683
8D39_QDB,16,1.8031
8D39_QDB,17,1.6031
8D39_QDB,18,0.6907
8D39_QDB,19,0.9340
8D39_QDB,2,6.3615
8D39_QDB,20,1.4098
8D39_QDB,21,1.2760
8D39_QDB,22,1.2323
8D39_QDB,23,1.0401
8D39_QDB,24,1.1243
8D39_QDB,25,0.9371
8D39_QDB,26,1.1816
8D39_QDB,27,1.3822
8D39_QDB,28,1.5632
8D39_QDB,29,1.5362
8D39_QDB,3,1.1613
8D39_QDB,30,0.7938
8D39_QDB,31,0.8527
8D39_QDB,32,0.6133
8D39_QDB,33,1.2009
8D39_QDB,34,1.2600
8D39_QDB,35,1.2306
8D39_QDB,36,1.0044
8D39_QDB,37,0.8580
8D39_QDB,38,1.1322
8D39_QDB,39,0.8958
8D39_QDB,4,2.3193
8D39_QDB,5,1.1882
8D39_QDB,6,1.2815
8D39_QDB,7,0.5387
8D39_QDB,8,1.0574
8D39_QDB,9,1.0239
8D5D_5DK,0,4.4233
8D5D_5DK,1,4.5086
8D5D_5DK,10,1.5672
8D5D_5DK,11,2.3207
8D5D_5DK,12,1.5391
8D5D_5DK,13,1.7572
8D5D_5DK,14,1.5688
8D5D_5DK,15,1.9908
8D5D_5DK,16,1.4594
8D5D_5DK,17,4.6215
8D5D_5DK,18,1.8098
8D5D_5DK,19,4.1952
8D5D_5DK,2,1.9191
8D5D_5DK,20,4.1803
8D5D_5DK,21,4.4849
8D5D_5DK,22,4.4629
8D5D_5DK,23,4.0609
8D5D_5DK,24,0.9064
8D5D_5DK,25,1.5541
8D5D_5DK,26,1.2641
8D5D_5DK,27,0.8725
8D5D_5DK,28,1.1392
8D5D_5DK,29,4.3724
8D5D_5DK,3,1.0890
8D5D_5DK,30,4.7683
8D5D_5DK,31,1.2659
8D5D_5DK,32,1.9144
8D5D_5DK,33,1.3926
8D5D_5DK,34,8.1823
8D5D_5DK,35,4.4758
8D5D_5DK,36,4.3849
8D5D_5DK,37,4.4870
8D5D_5DK,38,1.2141
8D5D_5DK,39,4.5025
8D5D_5DK,4,3.9986
8D5D_5DK,5,8.2510
8D5D_5DK,6,8.2243
8D5D_5DK,7,2.8742
8D5D_5DK,8,2.4832
8D5D_5DK,9,7.4997
8DHG_T78,0,9.0181
8DHG_T78,1,2.5960
8DHG_T78,10,2.4833
8DHG_T78,11,2.1135
8DHG_T78,12,8.5322
8DHG_T78,13,7.9809
8DHG_T78,14,2.2542
8DHG_T78,15,3.5174
8DHG_T78,16,8.4606
8DHG_T78,17,3.5943
8DHG_T78,18,1.3563
8DHG_T78,19,1.3281
8DHG_T78,2,3.4083
8DHG_T78,20,2.6302
8DHG_T78,21,3.3499
8DHG_T78,22,3.4888
8DHG_T78,23,3.8509
8DHG_T78,24,1.1116
8DHG_T78,25,8.5087
8DHG_T78,26,3.4761
8DHG_T78,27,7.1360
8DHG_T78,28,3.9763
8DHG_T78,29,8.3982
8DHG_T78,3,8.7476
8DHG_T78,30,6.6164
8DHG_T78,31,2.6140
8DHG_T78,32,4.4550
8DHG_T78,33,8.5492
8DHG_T78,34,1.6991
8DHG_T78,35,1.1812
8DHG_T78,36,0.9813
8DHG_T78,37,4.5922
8DHG_T78,38,1.8721
8DHG_T78,39,1.2204
8DHG_T78,4,2.2451
8DHG_T78,5,9.1682
8DHG_T78,6,3.8813
8DHG_T78,7,1.6605
8DHG_T78,8,7.7842
8DHG_T78,9,1.7492
8DKO_TFB,0,1.5157
8DKO_TFB,1,0.8543
8DKO_TFB,10,1.5973
8DKO_TFB,11,0.9702
8DKO_TFB,12,1.3197
8DKO_TFB,13,2.1411
8DKO_TFB,14,1.6552
8DKO_TFB,15,1.9429
8DKO_TFB,16,1.3567
8DKO_TFB,17,1.4570
8DKO_TFB,18,1.8435
8DKO_TFB,19,1.5363
8DKO_TFB,2,1.2372
8DKO_TFB,20,1.1232
8DKO_TFB,21,1.3723
8DKO_TFB,22,1.7116
8DKO_TFB,23,3.1525
8DKO_TFB,24,2.3730
8DKO_TFB,25,1.3744
8DKO_TFB,26,1.0067
8DKO_TFB,27,1.7756
8DKO_TFB,28,0.7179
8DKO_TFB,29,1.9895
8DKO_TFB,3,2.1817
8DKO_TFB,30,1.9022
8DKO_TFB,31,2.1518
8DKO_TFB,32,1.3412
8DKO_TFB,33,1.3368
8DKO_TFB,34,1.1786
8DKO_TFB,35,1.8704
8DKO_TFB,36,1.9301
8DKO_TFB,37,1.2743
8DKO_TFB,38,2.0084
8DKO_TFB,39,2.9388
8DKO_TFB,4,2.5631
8DKO_TFB,5,1.3249
8DKO_TFB,6,1.1302
8DKO_TFB,7,2.6852
8DKO_TFB,8,1.9759
8DKO_TFB,9,0.9227
8DP2_UMA,0,3.0768
8DP2_UMA,1,3.2942
8DP2_UMA,10,6.0936
8DP2_UMA,11,4.7609
8DP2_UMA,12,3.0333
8DP2_UMA,13,2.3000
8DP2_UMA,14,9.7419
8DP2_UMA,15,2.8904
8DP2_UMA,16,4.4197
8DP2_UMA,17,3.7621
8DP2_UMA,18,8.7958
8DP2_UMA,19,3.5061
8DP2_UMA,2,3.3469
8DP2_UMA,20,4.6869
8DP2_UMA,21,2.9685
8DP2_UMA,22,4.1062
8DP2_UMA,23,3.2456
8DP2_UMA,24,4.0379
8DP2_UMA,25,3.1986
8DP2_UMA,26,5.0977
8DP2_UMA,27,3.6244
8DP2_UMA,28,5.9512
8DP2_UMA,29,3.7209
8DP2_UMA,3,4.0813
8DP2_UMA,30,3.3508
8DP2_UMA,31,3.0194
8DP2_UMA,32,3.8025
8DP2_UMA,33,4.3238
8DP2_UMA,34,4.3829
8DP2_UMA,35,2.0209
8DP2_UMA,36,8.8111
8DP2_UMA,37,3.9644
8DP2_UMA,38,4.0248
8DP2_UMA,39,4.6742
8DP2_UMA,4,3.2331
8DP2_UMA,5,3.5357
8DP2_UMA,6,5.0033
8DP2_UMA,7,4.2332
8DP2_UMA,8,5.5446
8DP2_UMA,9,5.6105
8DSC_NCA,0,1.4387
8DSC_NCA,1,0.9348
8DSC_NCA,10,2.0735
8DSC_NCA,11,0.7931
8DSC_NCA,12,1.6305
8DSC_NCA,13,1.1602
8DSC_NCA,14,0.8055
8DSC_NCA,15,1.9510
8DSC_NCA,16,0.9424
8DSC_NCA,17,1.9560
8DSC_NCA,18,0.4313
8DSC_NCA,19,1.3383
8DSC_NCA,2,3.8764
8DSC_NCA,20,0.9279
8DSC_NCA,21,2.0264
8DSC_NCA,22,0.8556
8DSC_NCA,23,0.9452
8DSC_NCA,24,1.6080
8DSC_NCA,25,0.2446
8DSC_NCA,26,1.6914
8DSC_NCA,27,1.9748
8DSC_NCA,28,1.3910
8DSC_NCA,29,1.6224
8DSC_NCA,3,3.5099
8DSC_NCA,30,3.5299
8DSC_NCA,31,1.7583
8DSC_NCA,32,1.6381
8DSC_NCA,33,3.6591
8DSC_NCA,34,1.6853
8DSC_NCA,35,0.3853
8DSC_NCA,36,3.5340
8DSC_NCA,37,1.7150
8DSC_NCA,38,1.2418
8DSC_NCA,39,4.1418
8DSC_NCA,4,3.6410
8DSC_NCA,5,1.6994
8DSC_NCA,6,0.2887
8DSC_NCA,7,0.6036
8DSC_NCA,8,1.2528
8DSC_NCA,9,3.4739
8EAB_VN2,0,8.5296
8EAB_VN2,1,3.9664
8EAB_VN2,10,4.2526
8EAB_VN2,11,8.7610
8EAB_VN2,12,7.2337
8EAB_VN2,13,4.3749
8EAB_VN2,14,8.1704
8EAB_VN2,15,8.0650
8EAB_VN2,16,8.1222
8EAB_VN2,17,2.0199
8EAB_VN2,18,4.5977
8EAB_VN2,19,8.9138
8EAB_VN2,2,4.2570
8EAB_VN2,20,7.7033
8EAB_VN2,21,8.2688
8EAB_VN2,22,8.2759
8EAB_VN2,23,7.4637
8EAB_VN2,24,3.1494
8EAB_VN2,25,4.1619
8EAB_VN2,26,8.0646
8EAB_VN2,27,6.0313
8EAB_VN2,28,7.5628
8EAB_VN2,29,7.9105
8EAB_VN2,3,5.2696
8EAB_VN2,30,3.4904
8EAB_VN2,31,6.6740
8EAB_VN2,32,3.2342
8EAB_VN2,33,6.4707
8EAB_VN2,34,5.2737
8EAB_VN2,35,8.2367
8EAB_VN2,36,7.5119
8EAB_VN2,37,7.7083
8EAB_VN2,38,7.2225
8EAB_VN2,39,3.5875
8EAB_VN2,4,7.5093
8EAB_VN2,5,8.3737
8EAB_VN2,6,7.5194
8EAB_VN2,7,6.8315
8EAB_VN2,8,5.1713
8EAB_VN2,8,2.2169
8EAB_VN2,9,2.5661
8EX2_Q2Q,0,0.6467
8EX2_Q2Q,1,0.6280
8EX2_Q2Q,10,0.9023
8EX2_Q2Q,11,0.6083
8EX2_Q2Q,12,0.5359
8EX2_Q2Q,13,6.1702
8EX2_Q2Q,14,2.5466
8EX2_Q2Q,15,0.3531
8EX2_Q2Q,16,6.1393
8EX2_Q2Q,17,0.5080
8EX2_Q2Q,18,0.5609
8EX2_Q2Q,19,5.6594
8EX2_Q2Q,2,0.4120
8EX2_Q2Q,20,0.8633
8EX2_Q2Q,21,0.6031
8EX2_Q2Q,22,0.7203
8EX2_Q2Q,23,0.5405
8EX2_Q2Q,24,0.3483
8EX2_Q2Q,25,0.5064
8EX2_Q2Q,26,0.7533
8EX2_Q2Q,27,0.5061
8EX2_Q2Q,28,0.4414
8EX2_Q2Q,29,0.9879
8EX2_Q2Q,3,0.4336
8EX2_Q2Q,30,0.4988
8EX2_Q2Q,31,0.6714
8EX2_Q2Q,32,0.2568
8EX2_Q2Q,33,0.5122
8EX2_Q2Q,34,3.5439
8EX2_Q2Q,35,0.6915
8EX2_Q2Q,36,2.4584
8EX2_Q2Q,37,1.4129
8EX2_Q2Q,38,0.6236
8EX2_Q2Q,39,0.4460
8EX2_Q2Q,4,0.2357
8EX2_Q2Q,5,0.4677
8EX2_Q2Q,6,0.5351
8EX2_Q2Q,7,0.6113
8EX2_Q2Q,8,0.7008
8EX2_Q2Q,9,5.6656
8EXL_799,0,10.2613
8EXL_799,1,10.2651
8EXL_799,10,10.1455
8EXL_799,11,10.1191
8EXL_799,12,10.2058
8EXL_799,13,9.9521
8EXL_799,14,9.9186
8EXL_799,15,10.2500
8EXL_799,16,3.5209
8EXL_799,17,1.4720
8EXL_799,18,9.5299
8EXL_799,19,10.0610
8EXL_799,2,2.0532
8EXL_799,20,1.5367
8EXL_799,21,9.1602
8EXL_799,22,10.3124
8EXL_799,23,0.8428
8EXL_799,24,10.3207
8EXL_799,25,9.7347
8EXL_799,26,2.2069
8EXL_799,27,3.3950
8EXL_799,28,9.7988
8EXL_799,29,10.1363
8EXL_799,3,1.4518
8EXL_799,30,1.7095
8EXL_799,31,10.6122
8EXL_799,32,9.8433
8EXL_799,33,9.6857
8EXL_799,34,10.1259
8EXL_799,35,9.7587
8EXL_799,36,10.1230
8EXL_799,37,10.1839
8EXL_799,38,9.9890
8EXL_799,39,10.0316
8EXL_799,4,9.6800
8EXL_799,5,10.1485
8EXL_799,6,10.0658
8EXL_799,7,9.9160
8EXL_799,8,9.7885
8EXL_799,9,10.4233
8EYE_X4I,0,1.6497
8EYE_X4I,1,1.5989
8EYE_X4I,10,1.3325
8EYE_X4I,11,1.4449
8EYE_X4I,12,1.6603
8EYE_X4I,13,1.2988
8EYE_X4I,14,7.3664
8EYE_X4I,15,2.6918
8EYE_X4I,16,1.8438
8EYE_X4I,17,1.8149
8EYE_X4I,18,7.3567
8EYE_X4I,19,1.4964
8EYE_X4I,2,7.3574
8EYE_X4I,20,1.4523
8EYE_X4I,21,1.6499
8EYE_X4I,22,1.0140
8EYE_X4I,23,0.8981
8EYE_X4I,24,1.3881
8EYE_X4I,25,1.0979
8EYE_X4I,26,1.3102
8EYE_X4I,27,2.3386
8EYE_X4I,28,1.5001
8EYE_X4I,29,7.4187
8EYE_X4I,3,1.7650
8EYE_X4I,30,1.2866
8EYE_X4I,31,1.3896
8EYE_X4I,32,1.6134
8EYE_X4I,33,1.1237
8EYE_X4I,34,1.6136
8EYE_X4I,35,1.2002
8EYE_X4I,36,1.3935
8EYE_X4I,37,1.3208
8EYE_X4I,38,1.3751
8EYE_X4I,39,1.0506
8EYE_X4I,4,1.0894
8EYE_X4I,5,1.8684
8EYE_X4I,6,1.3374
8EYE_X4I,7,2.5442
8EYE_X4I,8,1.9351
8EYE_X4I,9,1.1373
8F4J_PHO,0,7.2055
8F4J_PHO,1,10.8306
8F4J_PHO,10,5.1289
8F4J_PHO,11,8.7120
8F4J_PHO,12,6.3063
8F4J_PHO,13,7.8969
8F4J_PHO,14,4.4138
8F4J_PHO,15,10.6248
8F4J_PHO,16,11.3266
8F4J_PHO,17,11.2993
8F4J_PHO,18,4.6101
8F4J_PHO,19,5.3085
8F4J_PHO,2,8.1650
8F4J_PHO,20,8.1846
8F4J_PHO,21,11.9027
8F4J_PHO,22,12.2766
8F4J_PHO,23,2.5053
8F4J_PHO,24,6.9329
8F4J_PHO,25,8.8790
8F4J_PHO,26,8.6829
8F4J_PHO,27,7.1177
8F4J_PHO,28,8.3718
8F4J_PHO,29,5.6340
8F4J_PHO,3,3.8850
8F4J_PHO,30,7.5094
8F4J_PHO,31,8.3105
8F4J_PHO,32,12.8342
8F4J_PHO,33,5.3249
8F4J_PHO,34,5.1555
8F4J_PHO,35,7.9997
8F4J_PHO,36,6.5318
8F4J_PHO,37,4.8268
8F4J_PHO,38,8.1969
8F4J_PHO,39,4.5491
8F4J_PHO,4,5.4966
8F4J_PHO,5,7.1920
8F4J_PHO,6,9.1783
8F4J_PHO,7,7.8369
8F4J_PHO,8,8.6544
8F4J_PHO,9,9.7256
8F8E_XJI,0,7.8335
8F8E_XJI,1,7.4679
8F8E_XJI,10,7.3851
8F8E_XJI,11,7.6436
8F8E_XJI,12,7.2410
8F8E_XJI,13,7.2417
8F8E_XJI,14,1.9859
8F8E_XJI,15,1.6580
8F8E_XJI,16,2.0778
8F8E_XJI,17,7.4685
8F8E_XJI,18,7.7171
8F8E_XJI,19,7.4716
8F8E_XJI,2,7.3463
8F8E_XJI,20,7.3599
8F8E_XJI,21,7.3630
8F8E_XJI,22,7.5321
8F8E_XJI,23,6.6965
8F8E_XJI,24,6.6177
8F8E_XJI,25,7.3982
8F8E_XJI,26,7.4973
8F8E_XJI,27,8.0938
8F8E_XJI,28,2.9170
8F8E_XJI,29,7.2885
8F8E_XJI,29,7.5717
8F8E_XJI,3,7.6139
8F8E_XJI,30,7.6830
8F8E_XJI,31,7.6684
8F8E_XJI,32,7.2169
8F8E_XJI,33,5.8220
8F8E_XJI,34,2.0481
8F8E_XJI,35,7.9470
8F8E_XJI,36,7.3103
8F8E_XJI,37,7.3806
8F8E_XJI,38,1.7974
8F8E_XJI,39,1.6067
8F8E_XJI,4,7.6705
8F8E_XJI,5,7.4820
8F8E_XJI,6,7.3939
8F8E_XJI,7,7.6668
8F8E_XJI,8,7.5932
8F8E_XJI,9,7.4939
8FAV_4Y5,0,1.3985
8FAV_4Y5,1,0.7398
8FAV_4Y5,10,2.4455
8FAV_4Y5,11,0.4725
8FAV_4Y5,12,2.6475
8FAV_4Y5,13,3.6370
8FAV_4Y5,14,1.3953
8FAV_4Y5,15,2.6683
8FAV_4Y5,16,1.9182
8FAV_4Y5,17,0.7451
8FAV_4Y5,18,2.3464
8FAV_4Y5,19,2.6055
8FAV_4Y5,2,2.4547
8FAV_4Y5,20,2.6468
8FAV_4Y5,21,1.8542
8FAV_4Y5,22,2.6125
8FAV_4Y5,23,2.6329
8FAV_4Y5,24,1.4866
8FAV_4Y5,25,1.8169
8FAV_4Y5,26,2.3307
8FAV_4Y5,27,2.7617
8FAV_4Y5,28,2.4154
8FAV_4Y5,29,2.3663
8FAV_4Y5,3,2.1004
8FAV_4Y5,30,1.5812
8FAV_4Y5,31,1.3931
8FAV_4Y5,32,1.3828
8FAV_4Y5,33,1.5042
8FAV_4Y5,34,2.4303
8FAV_4Y5,35,0.7713
8FAV_4Y5,36,1.2373
8FAV_4Y5,37,3.0752
8FAV_4Y5,38,4.2998
8FAV_4Y5,39,2.3429
8FAV_4Y5,4,2.5181
8FAV_4Y5,5,1.2564
8FAV_4Y5,6,1.2090
8FAV_4Y5,7,1.2064
8FAV_4Y5,8,0.5259
8FAV_4Y5,9,2.4668
8FLV_ZB9,0,1.1491
8FLV_ZB9,1,2.1924
8FLV_ZB9,10,2.3459
8FLV_ZB9,11,0.8565
8FLV_ZB9,12,1.0267
8FLV_ZB9,13,1.1828
8FLV_ZB9,14,2.0741
8FLV_ZB9,14,1.4611
8FLV_ZB9,15,1.2514
8FLV_ZB9,16,2.1603
8FLV_ZB9,17,1.0771
8FLV_ZB9,18,1.1383
8FLV_ZB9,19,1.3563
8FLV_ZB9,2,1.9146
8FLV_ZB9,20,1.9612
8FLV_ZB9,21,2.0523
8FLV_ZB9,22,1.9236
8FLV_ZB9,23,1.5798
8FLV_ZB9,24,1.3490
8FLV_ZB9,25,1.7621
8FLV_ZB9,26,2.1951
8FLV_ZB9,27,1.6852
8FLV_ZB9,28,1.7320
8FLV_ZB9,29,1.6098
8FLV_ZB9,3,1.9663
8FLV_ZB9,30,1.2754
8FLV_ZB9,31,1.1635
8FLV_ZB9,32,1.5842
8FLV_ZB9,33,2.1051
8FLV_ZB9,34,1.0076
8FLV_ZB9,35,1.3908
8FLV_ZB9,36,1.2441
8FLV_ZB9,37,1.1963
8FLV_ZB9,38,2.0559
8FLV_ZB9,39,1.0588
8FLV_ZB9,4,1.0148
8FLV_ZB9,5,1.8817
8FLV_ZB9,6,1.9310
8FLV_ZB9,7,0.8047
8FLV_ZB9,8,2.0738
8FLV_ZB9,9,1.3686
8FO5_Y4U,0,1.2444
8FO5_Y4U,1,0.7187
8FO5_Y4U,10,1.1124
8FO5_Y4U,11,0.9143
8FO5_Y4U,12,0.9800
8FO5_Y4U,13,0.9610
8FO5_Y4U,14,1.5856
8FO5_Y4U,15,0.3435
8FO5_Y4U,16,1.1482
8FO5_Y4U,17,1.4071
8FO5_Y4U,18,1.4489
8FO5_Y4U,19,0.3605
8FO5_Y4U,2,0.9545
8FO5_Y4U,2,0.4232
8FO5_Y4U,20,0.7461
8FO5_Y4U,21,1.3214
8FO5_Y4U,21,0.3783
8FO5_Y4U,22,1.1195
8FO5_Y4U,23,5.3988
8FO5_Y4U,24,0.3953
8FO5_Y4U,25,0.7586
8FO5_Y4U,26,0.3698
8FO5_Y4U,27,0.9002
8FO5_Y4U,28,0.7603
8FO5_Y4U,29,1.0381
8FO5_Y4U,3,0.4200
8FO5_Y4U,30,0.8450
8FO5_Y4U,31,5.3632
8FO5_Y4U,32,1.5270
8FO5_Y4U,33,0.9790
8FO5_Y4U,34,0.8536
8FO5_Y4U,35,0.9129
8FO5_Y4U,36,0.5358
8FO5_Y4U,37,0.9019
8FO5_Y4U,38,1.3957
8FO5_Y4U,39,5.4920
8FO5_Y4U,4,0.8126
8FO5_Y4U,5,1.3664
8FO5_Y4U,6,1.4490
8FO5_Y4U,7,0.8549
8FO5_Y4U,8,0.8823
8FO5_Y4U,9,1.0779
8G0V_YHT,0,3.8805
8G0V_YHT,1,2.3192
8G0V_YHT,10,5.2198
8G0V_YHT,11,4.3591
8G0V_YHT,12,6.5748
8G0V_YHT,12,2.3022
8G0V_YHT,13,6.6231
8G0V_YHT,14,6.3665
8G0V_YHT,15,2.4530
8G0V_YHT,16,6.8349
8G0V_YHT,17,6.9143
8G0V_YHT,18,6.7514
8G0V_YHT,19,1.5393
8G0V_YHT,2,7.1851
8G0V_YHT,20,6.2868
8G0V_YHT,21,2.4000
8G0V_YHT,22,3.0247
8G0V_YHT,23,4.5252
8G0V_YHT,24,4.4970
8G0V_YHT,25,2.4744
8G0V_YHT,26,4.1320
8G0V_YHT,27,4.6408
8G0V_YHT,28,0.7020
8G0V_YHT,29,2.8599
8G0V_YHT,3,1.2290
8G0V_YHT,30,6.1618
8G0V_YHT,31,6.2581
8G0V_YHT,32,2.1460
8G0V_YHT,33,7.7236
8G0V_YHT,34,2.6979
8G0V_YHT,35,6.5390
8G0V_YHT,36,7.0242
8G0V_YHT,37,5.8418
8G0V_YHT,38,6.4648
8G0V_YHT,39,5.6757
8G0V_YHT,4,7.4620
8G0V_YHT,5,4.1889
8G0V_YHT,6,4.4171
8G0V_YHT,7,4.6007
8G0V_YHT,8,2.3271
8G0V_YHT,9,3.5454
8G6P_API,0,1.6712
8G6P_API,1,2.0619
8G6P_API,10,1.8200
8G6P_API,11,2.1482
8G6P_API,12,2.5016
8G6P_API,13,2.1439
8G6P_API,14,2.4326
8G6P_API,15,1.9848
8G6P_API,16,2.0466
8G6P_API,17,1.8328
8G6P_API,18,2.0780
8G6P_API,19,1.8354
8G6P_API,2,2.1325
8G6P_API,20,1.5421
8G6P_API,21,1.7560
8G6P_API,22,2.1466
8G6P_API,23,1.6264
8G6P_API,24,1.4041
8G6P_API,25,1.7870
8G6P_API,26,2.2105
8G6P_API,27,1.9330
8G6P_API,28,1.3662
8G6P_API,29,1.8013
8G6P_API,3,3.2055
8G6P_API,30,1.4620
8G6P_API,31,1.7314
8G6P_API,32,2.4316
8G6P_API,33,2.1093
8G6P_API,34,2.0877
8G6P_API,35,2.2722
8G6P_API,36,1.8129
8G6P_API,37,2.3858
8G6P_API,38,2.5998
8G6P_API,39,1.2078
8G6P_API,4,2.8758
8G6P_API,5,2.1203
8G6P_API,6,2.1717
8G6P_API,7,2.2368
8G6P_API,8,1.8747
8G6P_API,9,1.6891
8GFD_ZHR,0,3.7736
8GFD_ZHR,1,6.6665
8GFD_ZHR,10,6.2731
8GFD_ZHR,11,3.9104
8GFD_ZHR,12,1.8562
8GFD_ZHR,13,2.5333
8GFD_ZHR,14,7.4180
8GFD_ZHR,15,7.7739
8GFD_ZHR,16,4.5726
8GFD_ZHR,17,5.9786
8GFD_ZHR,18,4.8311
8GFD_ZHR,19,6.2346
8GFD_ZHR,2,4.3384
8GFD_ZHR,20,6.8053
8GFD_ZHR,21,7.8344
8GFD_ZHR,22,3.6051
8GFD_ZHR,23,7.2245
8GFD_ZHR,24,7.8418
8GFD_ZHR,25,3.6236
8GFD_ZHR,26,6.8218
8GFD_ZHR,27,3.1599
8GFD_ZHR,28,7.5226
8GFD_ZHR,29,7.2707
8GFD_ZHR,3,7.6391
8GFD_ZHR,30,7.2759
8GFD_ZHR,31,6.8433
8GFD_ZHR,32,3.7077
8GFD_ZHR,33,3.8695
8GFD_ZHR,34,7.2206
8GFD_ZHR,35,7.1690
8GFD_ZHR,36,4.0784
8GFD_ZHR,37,7.8925
8GFD_ZHR,38,3.4348
8GFD_ZHR,39,7.2327
8GFD_ZHR,4,3.3977
8GFD_ZHR,5,3.6694
8GFD_ZHR,6,6.9675
8GFD_ZHR,7,6.9178
8GFD_ZHR,8,7.6367
8GFD_ZHR,9,3.6860
8HFN_XGC,0,1.2655
8HFN_XGC,1,2.3145
8HFN_XGC,10,1.8151
8HFN_XGC,11,6.7387
8HFN_XGC,12,1.1108
8HFN_XGC,13,1.9667
8HFN_XGC,14,1.5362
8HFN_XGC,15,0.9490
8HFN_XGC,16,2.5492
8HFN_XGC,17,3.1902
8HFN_XGC,18,2.3882
8HFN_XGC,19,0.8102
8HFN_XGC,2,1.9381
8HFN_XGC,20,1.3870
8HFN_XGC,21,2.1153
8HFN_XGC,22,1.3953
8HFN_XGC,23,2.0374
8HFN_XGC,24,8.1356
8HFN_XGC,25,2.1970
8HFN_XGC,26,1.5387
8HFN_XGC,27,1.6638
8HFN_XGC,28,7.6154
8HFN_XGC,29,1.1595
8HFN_XGC,3,1.0328
8HFN_XGC,30,1.5487
8HFN_XGC,31,1.7380
8HFN_XGC,32,1.0961
8HFN_XGC,33,3.7013
8HFN_XGC,34,1.7673
8HFN_XGC,35,0.8796
8HFN_XGC,36,2.7501
8HFN_XGC,37,0.9262
8HFN_XGC,38,1.2460
8HFN_XGC,39,7.7151
8HFN_XGC,4,1.2255
8HFN_XGC,5,1.4653
8HFN_XGC,6,2.4209
8HFN_XGC,7,1.2231
8HFN_XGC,8,0.9954
8HFN_XGC,9,2.2220
8HO0_3ZI,0,6.6916
8HO0_3ZI,1,6.3568
8HO0_3ZI,10,6.9725
8HO0_3ZI,11,6.5519
8HO0_3ZI,12,6.5413
8HO0_3ZI,13,6.4755
8HO0_3ZI,14,7.0834
8HO0_3ZI,15,6.7740
8HO0_3ZI,16,6.7541
8HO0_3ZI,17,6.5442
8HO0_3ZI,18,6.3382
8HO0_3ZI,19,6.9238
8HO0_3ZI,2,6.6705
8HO0_3ZI,20,7.1029
8HO0_3ZI,21,7.0516
8HO0_3ZI,22,7.0160
8HO0_3ZI,23,6.9176
8HO0_3ZI,24,6.7297
8HO0_3ZI,25,6.6804
8HO0_3ZI,26,6.5940
8HO0_3ZI,27,7.1238
8HO0_3ZI,28,6.4448
8HO0_3ZI,29,7.1249
8HO0_3ZI,3,6.3903
8HO0_3ZI,30,7.0916
8HO0_3ZI,31,6.8705
8HO0_3ZI,32,6.6072
8HO0_3ZI,33,7.1678
8HO0_3ZI,34,6.6573
8HO0_3ZI,35,6.5507
8HO0_3ZI,36,7.1749
8HO0_3ZI,37,6.9688
8HO0_3ZI,38,6.6148
8HO0_3ZI,39,7.1163
8HO0_3ZI,4,6.9603
8HO0_3ZI,5,6.6760
8HO0_3ZI,6,7.0508
8HO0_3ZI,7,6.8901
8HO0_3ZI,8,6.7007
8HO0_3ZI,9,6.8616
8SLG_G5A,0,1.1922
8SLG_G5A,1,1.8965
8SLG_G5A,10,1.8298
8SLG_G5A,11,0.9097
8SLG_G5A,12,0.6851
8SLG_G5A,13,1.2233
8SLG_G5A,14,1.0452
8SLG_G5A,15,1.0257
8SLG_G5A,16,1.0938
8SLG_G5A,17,0.9323
8SLG_G5A,18,1.1706
8SLG_G5A,19,2.3272
8SLG_G5A,2,0.9414
8SLG_G5A,20,0.8943
8SLG_G5A,21,1.4579
8SLG_G5A,22,2.4351
8SLG_G5A,23,1.2177
8SLG_G5A,24,1.4775
8SLG_G5A,25,2.0647
8SLG_G5A,26,1.2773
8SLG_G5A,27,0.9405
8SLG_G5A,28,1.0958
8SLG_G5A,29,1.3699
8SLG_G5A,3,0.8781
8SLG_G5A,30,2.1578
8SLG_G5A,31,1.9414
8SLG_G5A,32,1.1722
8SLG_G5A,33,0.5422
8SLG_G5A,34,1.3222
8SLG_G5A,35,1.3278
8SLG_G5A,36,0.7266
8SLG_G5A,37,1.8648
8SLG_G5A,38,1.1055
8SLG_G5A,39,1.2243
8SLG_G5A,4,1.1559
8SLG_G5A,5,0.8431
8SLG_G5A,6,2.4884
8SLG_G5A,7,1.0588
8SLG_G5A,8,1.0744
8SLG_G5A,9,1.9934
