arm,complex,n,trifft,streuung,streuung_trimm,lage,orientierung,form,anteil_lage,eff_dim
SigmaDock,5SAK_ZRY,40,True,2.59394269289278,2.1785878650497095,0.7388198785236147,2.3974335207783337,0.6595425646299113,0.0811253137902647,1.1588684205000057
SigmaDock,5SB2_1K2,40,True,0.6254888594309573,0.5226330559504477,0.10898543576683288,0.07259643380302153,0.6116275385085576,0.030359720727204904,2.517514089223854
SigmaDock,5SD5_HWI,40,False,2.416624334055394,2.299547601841026,0.7253758860725105,1.8423456460467198,1.3855199444056698,0.09009650403402579,2.238438322132368
SigmaDock,5SIS_JSM,40,True,1.1926102563066128,1.0990574133449649,0.2955600503183913,0.38319051568931817,1.090013077347822,0.06141781809885004,7.944552686730108
SigmaDock,6M2B_EZO,41,False,1.161778271952017,1.0452181665068485,0.49210462747961975,0.43798683288550677,0.9569374707951835,0.17941898608615706,4.729836106456451
SigmaDock,6M73_FNR,40,True,2.051616225288695,1.72164209504761,0.24773465923115728,1.6605765171360345,1.179085368079773,0.01458079792834009,1.825212593498517
SigmaDock,6T88_MWQ,40,True,1.531456646916547,1.0837499485429625,0.5883323825946166,1.2727970125342676,0.6158021060854361,0.1475829177183248,3.376819097941515
SigmaDock,6TW5_9M2,40,True,3.7553924660097233,3.4716270847353328,0.3915963415739692,3.3127644330843253,1.724881645191913,0.010873430685060498,2.9761709043457607
SigmaDock,6TW7_NZB,40,False,3.4868914557149657,3.0695935033533623,0.7403137328472286,2.9910548953083462,1.6321575334960206,0.04507697402943276,2.9930810109125354
SigmaDock,6VTA_AKN,40,False,4.947196127150525,4.783424048382723,1.90668923438779,4.045016418866989,2.1159224596046355,0.148539368441187,5.844058063452778
SigmaDock,6WTN_RXT,40,True,0.6561564412391597,0.49816635658326663,0.08354574401584501,0.1065440587682886,0.6420356279659698,0.01621189823671711,3.5229435456936518
SigmaDock,6XBO_5MC,40,True,0.9757410744731285,0.691457319410489,0.34221960805924384,0.5182212645962906,0.7525975718762148,0.12301005269657209,4.249211086902759
SigmaDock,6XCT_478,40,False,4.368125228695838,4.2797550087781016,0.6556030840524917,3.6981823252256167,2.2302802736738685,0.02252640119694214,2.2322720529476867
SigmaDock,6XG5_TOP,40,True,1.5599946503400457,1.4769409291123774,0.3859563916354993,0.44125380713684015,1.4456541946580832,0.061211110253720405,2.0510304772075076
SigmaDock,6XHT_V2V,40,True,1.7495435511214534,1.0573252017801322,0.3314998494290567,1.3001522527179261,1.1227709503062862,0.035901877058551426,2.5715537632536045
SigmaDock,6XM9_V55,40,False,1.5066204706789368,1.0129161388083623,0.27070357644469467,1.4360840013176441,0.36645266751434186,0.032283473742626294,1.8345945186538097
SigmaDock,6YJA_2BA,40,False,4.915368879293931,4.744316647623935,0.7024111343639066,4.460674445503766,1.9416110086942098,0.020420696158235847,1.6067368515199756
SigmaDock,6YMS_OZH,40,False,3.5276014702600116,3.193467350276968,1.842485751232369,2.184065374188806,2.0685929591767924,0.27280306538915333,3.300143937346173
SigmaDock,6YQV_8K2,41,True,1.2234575294716576,1.0139114104132936,0.24023781995410853,0.9452228981215689,0.7387068357279845,0.038557153131408374,3.6224334426289855
SigmaDock,6YQW_82I,40,True,1.7354846669867543,1.6730030550558246,0.3898419026665603,1.6710310181769985,0.25997241500164125,0.0504586322200249,2.016827277871097
SigmaDock,6YR2_T1C,40,True,5.158752208278891,4.835469883297204,1.1471842967439665,4.740838146341825,1.6796268055483619,0.04945122466850595,1.4763244222286431
SigmaDock,6YRV_PJ8,40,True,3.598582750512817,3.515851881670128,0.6230558970641742,3.4117033629581943,0.9601454705416769,0.02997719782914844,1.379204212296592
SigmaDock,6YSP_PAL,40,True,0.9317048284566992,0.8878115269992917,0.15681997248910415,0.22955771549338944,0.8892607260278056,0.02832996606545163,5.9891964932654975
SigmaDock,6YT6_PKE,41,False,2.355254292488361,1.5977099102958612,0.2396747233166042,1.7323118318893571,1.5776167235371519,0.010355447266394108,2.5865248788937376
SigmaDock,6YYO_Q1K,41,True,2.9065097331610823,2.240542526781608,0.5183296776276679,2.71958032032523,0.8848819444141824,0.031803036524565766,1.3574946396247525
SigmaDock,6Z0R_Q4H,41,True,1.821379812754129,1.7201313389921447,0.317170923142079,1.79353022197788,0.008739031607890704,0.03032394462714025,3.172024516350489
SigmaDock,6Z14_Q4Z,40,True,1.6832591841150066,0.7868715504813789,0.24104572961682305,1.4799540024541267,0.7648493889394317,0.020506752900408712,1.6814478043824799
SigmaDock,6Z1C_7EY,40,True,1.128599603598766,0.9329177459852313,0.23460337342103427,0.241683235909556,1.077166438347876,0.04321044297318654,3.073555415238903
SigmaDock,6Z2C_Q5E,40,True,2.034139205787832,1.7702561386070796,0.570254123276592,1.5429112639287164,1.1966442140632638,0.07859149088959098,4.849697116258798
SigmaDock,6Z4N_Q7B,40,False,2.7137586070306816,2.5717662457882935,0.8108079671484542,2.381329453551414,1.0180109288658068,0.08926754419483754,4.558789475759728
SigmaDock,6ZAE_ACV,40,False,3.875888326858984,3.3192662893556255,0.4988206258440542,3.5245758700736833,1.533314462727271,0.016563278135904844,1.5190740820235238
SigmaDock,6ZC3_JOR,41,True,2.25851329573587,2.199592083159631,0.6494395047435322,1.9904117942558817,0.8469778780943797,0.08268602271834895,1.8383318753230309
SigmaDock,6ZCY_QF8,41,True,2.974164158023897,2.3827108150288163,0.6384897106875295,2.493607496314599,1.4899345564634003,0.046086946493879996,2.2608909544607974
SigmaDock,6ZK5_IMH,40,False,1.0993747945885806,0.9509110744196098,0.25567747956084835,0.5333857595789757,0.9266895903701815,0.05408706327865136,2.092492794549732
SigmaDock,6ZPB_3D1,40,False,1.5224844089853267,1.4809618531817328,0.48676971562087173,0.9926587683483991,1.0467294727764258,0.10222129855779857,3.860527579962507
SigmaDock,7A1P_QW2,40,True,2.3364758851432614,2.214568888284551,0.3604292264283106,2.1167036040091927,0.9212905010726916,0.0237967360472215,2.5077735160773105
SigmaDock,7A9E_R4W,40,False,1.5102549508132446,1.4093141474308761,0.2737704304080384,1.4283121944404682,0.40723954020056463,0.03286037697240746,5.681240345287717
SigmaDock,7A9H_TPP,40,True,1.358582811073323,1.2241677872912142,0.3125189897698972,0.35719951983676557,1.2729837542582698,0.052915218335747805,5.787279076233915
SigmaDock,7AFX_R9K,40,True,2.584756814641021,2.3755599628059834,0.7310846317355837,2.312797356199211,0.8930013668697174,0.08000109497508852,1.8292971850988855
SigmaDock,7AKL_RK5,41,True,1.511201190402669,0.9842536805041164,0.2457636331315386,1.1667437456108696,0.9284601803967409,0.026447867662194258,2.765567724396876
SigmaDock,7AN5_RDH,40,False,2.862899672804289,2.8068277937911894,0.18880148431519392,2.743460267514308,0.7962250288917114,0.004349091559588047,1.2201884212629763
SigmaDock,7B2C_TP7,41,True,1.7045586508074209,1.584179722069712,0.7379467621854995,1.0538471199214807,1.1181954292768117,0.1874244154064594,4.119320653627497
SigmaDock,7B94_ANP,40,True,0.8757351057370594,0.804417376848982,0.13988661022988377,0.11063903945025608,0.8573813122807237,0.02551565805304217,5.307828081316813
SigmaDock,7BCP_GCO,40,True,2.349127263789058,2.133095332949534,0.4036865658608944,2.058121363818686,1.0580985350210135,0.029530819784148496,1.8445430708256418
SigmaDock,7BJJ_TVW,40,True,1.678993972460467,1.6040061798797123,0.29494527980792823,1.6528793062126157,0.004247419417120232,0.03085919739541008,2.7716143109588356
SigmaDock,7BKA_4JC,40,True,1.127348808876954,1.0767800707342077,0.3695324307789356,0.7601946749891757,0.7459659346089471,0.10744556575500766,4.059535541815635
SigmaDock,7BMI_U4B,40,True,2.437870712375613,2.3974668452530854,0.3292288169322479,2.337576089763999,0.6087364133381723,0.01823787953902738,1.8506379377829407
SigmaDock,7BNH_BEZ,40,True,1.87992078558921,1.7217219681301894,0.6052842008038399,1.7000533690042388,0.5268317937301684,0.10366677225125169,3.661696561192643
SigmaDock,7BTT_F8R,40,True,3.3762507557577095,2.9162586424803494,0.936670751607559,2.4996632624706874,2.0672205114819837,0.07696699477469986,2.7715151138200547
SigmaDock,7C0U_FGO,40,False,5.344940396398412,5.13613608390405,0.5765232654257664,4.964722763631781,1.894079366275563,0.011634505854039598,1.3143847382006415
SigmaDock,7C3U_AZG,41,False,1.5141110250918166,1.320323207625642,0.3039953627793933,1.4832627415039374,0.007117259264650276,0.04031052682284628,2.9246574593666
SigmaDock,7C8Q_DSG,40,True,2.140768117561131,2.105693496955894,0.2817076855200315,1.9379255001427749,0.8648547097527721,0.017316420950084423,1.7422840220887488
SigmaDock,7CD9_FVR,40,False,3.881444761697153,2.678321078979609,1.2185286124679848,3.22753446274092,1.77871379106443,0.09855635719734698,2.6164039430237374
SigmaDock,7CIJ_G0C,40,True,2.91554903337924,2.8138108255837273,0.4604805260141231,2.671310000633083,1.0735393480064241,0.024944904019683953,1.22555814734085
SigmaDock,7CL8_TES,40,True,2.551898581730914,1.912587918325536,0.30710831723757476,2.523477239455021,0.22345799353843726,0.014482926798613073,1.7542541890756127
SigmaDock,7CNQ_G8X,40,True,1.014476884539596,0.8888233623573605,0.23421201728356225,0.7808012216864898,0.6038688039947204,0.05330083808289811,4.556804633569246
SigmaDock,7CNS_PMV,40,False,1.1032152057966989,0.9624409911566788,0.2110824724517189,0.5044199237791427,0.9581693590484753,0.03660866288039999,6.839871834885051
SigmaDock,7CTM_BDP,40,False,2.2689167417425375,2.2169645674783616,0.5254987271280516,2.1080943749960546,0.6540430986229919,0.05364215509377963,3.877348065618449
SigmaDock,7CUO_PHB,40,True,0.898209006002531,0.8535652029067599,0.12454353169555404,0.742000241228454,0.4906159080113173,0.01922593825798316,1.8020463001092486
SigmaDock,7D5C_GV6,40,True,1.026492498863924,0.8940310700142068,0.1870850156622561,0.3704784644043228,0.9388459695558006,0.033217462169058215,8.02318512206699
SigmaDock,7D6O_MTE,41,True,3.1403505129897686,2.894748804967016,0.5366496552991936,2.927688439887629,1.0012236967085326,0.029202864920337728,1.6394316371770483
SigmaDock,7DKT_GLF,40,True,1.1340156104209698,0.8518958220508689,0.12145761247071403,0.9843002527743323,0.5499022326193486,0.011471267672099873,1.9798113004720794
SigmaDock,7DQL_4CL,40,False,1.2676264595856583,1.0499687247674618,0.16722949015189575,1.2563720001434253,0.020988947587155058,0.017403762169062073,2.0014892677633007
SigmaDock,7DUA_HJ0,41,True,1.339346273407002,0.8396694529397929,0.2523293723108067,1.0346245769521565,0.8122378424605871,0.035493585025276074,2.473773938859173
SigmaDock,7E4L_MDN,40,True,2.3051039535424787,2.247757271435978,0.8040513447361458,1.9534447283157286,0.9225287882124058,0.1216708477456985,4.843012004759423
SigmaDock,7EBG_J0L,40,True,1.7202336538739278,1.3620934825821647,0.2805043569665472,1.6772768696356866,0.25935194664459493,0.026589143215209443,1.1338465246631964
SigmaDock,7ECR_SIN,40,True,2.1610986730143598,2.0941460762138795,0.19301033909891674,2.0275998648407803,0.7224494941537424,0.007976492370737737,1.4687244845831158
SigmaDock,7ED2_A3P,40,True,2.578903181448379,2.40758567327844,0.4641272153738892,2.2007633531875093,1.2617322261481319,0.0323894814115321,3.1657324111391394
SigmaDock,7ELT_TYM,40,True,4.513799501798879,3.9142724860219706,0.38749439044653,4.247889668528855,1.4763696704477804,0.007369640638580511,1.1377939091886218
SigmaDock,7EPV_FDA,40,False,4.57196351722668,3.091590200745353,1.2640581783290825,3.658109941192144,2.4337705279673196,0.07644139662323979,2.214777496560877
SigmaDock,7ES1_UDP,40,True,1.114657744589199,0.7604650829856369,0.3382485110296761,0.5570649087413924,0.9042834289136517,0.0920849616057943,4.39423086279534
SigmaDock,7F51_BA7,40,True,1.103121024213897,1.0652607534690557,0.19976182739560663,0.17191272359765028,1.0711756260499594,0.03279281363025679,8.67932596880581
SigmaDock,7F5D_EUO,40,True,3.1644208396499245,2.9259812022931753,0.9664099424885501,2.861268576400544,0.9448561833278196,0.09326835279897247,2.035684995769865
SigmaDock,7F8T_FAD,40,False,3.6414962410940195,3.3671469078314478,0.8069728157292063,2.3444674249927635,2.6669762356878532,0.04910865933122658,5.589827827190584
SigmaDock,7FB7_8NF,41,True,1.5853232808302309,1.4234299653006268,0.200371343415165,1.5723700549711594,0.027452499163490653,0.015974804250958187,2.189865189761223
SigmaDock,7FHA_ADX,40,True,1.1654919965445383,1.0731800957689368,0.2140955421484278,0.41598681265446635,1.0674688119749087,0.03374400743506191,4.043266202684432
SigmaDock,7FRX_O88,40,False,5.03882990196454,4.919755330922066,0.5861842529742015,4.769088813191115,1.5172299411731964,0.013533461731303091,1.3070158474976652
SigmaDock,7FT9_4MB,40,True,2.9429158544031253,2.8189247305294813,0.5776425670452234,2.722465919518302,0.9566933196673033,0.038526777901229485,1.4753282889288777
SigmaDock,7JG0_GAR,40,True,1.3376814558048393,1.1360788280368292,0.43049957879772716,0.9035950576266443,0.8874557801332048,0.10357144816644631,4.064924149511964
SigmaDock,7JHQ_VAJ,40,True,3.578960758820571,3.4952055192134384,0.7200117992052462,3.422354928366247,0.7602827542894853,0.04047299596642837,1.4366017844895602
SigmaDock,7JMV_4NC,40,True,2.082153419565947,1.9107839620166691,0.18466179114970793,2.0213078587828073,0.464303161223796,0.007865541637750705,1.8565197780433962
SigmaDock,7JXX_VP7,40,True,2.6972350180032376,1.7601461475157107,0.7669466185508668,2.5234830575960383,0.5647148702328175,0.08085235888758165,1.9003666981881553
SigmaDock,7JY3_VUD,40,False,2.711782222010759,2.381952416281913,0.653234308986382,1.9107341526440598,1.8100118107615435,0.05802676437956384,4.800266166145698
SigmaDock,7K0V_VQP,40,True,1.0488539206678302,1.0306128148109437,0.11352102696131305,0.15061271497403883,1.03175740047071,0.011714469086918712,2.035483727687961
SigmaDock,7KB1_WBJ,40,True,2.3867685102179483,2.185589547059768,0.24200999491661027,2.140368366836231,1.0280653374057855,0.010281252053477805,1.4404745913858317
SigmaDock,7KC5_BJZ,40,True,1.4581091821701835,1.1269523145772948,0.2794437463131651,0.9627592485618054,1.0588145300684972,0.03672896583230971,4.168274934493501
SigmaDock,7KM8_WPD,40,True,1.32618284656074,1.2672910819967373,0.2864685004294074,0.2981261599206187,1.2600863198783883,0.046660236621507714,4.583418477866567
SigmaDock,7KQU_YOF,40,True,2.817504618741259,2.6968585733008466,0.26912084384665985,2.6762171610575662,0.8389087881865172,0.009123582393492351,1.344378206141099
SigmaDock,7KRU_ATP,40,True,0.6043309541638879,0.5713713909120303,0.08858816223198071,0.09772215956706029,0.5897613239290497,0.021488282523327695,3.9453364132503257
SigmaDock,7KZ9_XN7,40,False,3.1422575671918933,3.0683576435816398,0.3910562492049756,3.0525707698694586,0.6345623085805154,0.015487984286242953,1.1197880046982622
SigmaDock,7L00_XCJ,42,True,4.90649889023741,4.792630507373186,0.7716692205726539,4.728706013401972,1.057164799233192,0.02473540046937109,1.151622720684735
SigmaDock,7L03_F9F,40,True,0.9760080283587822,0.9487616778926221,0.12488570245470695,0.13757741375079094,0.9581584879177533,0.01637263808358034,6.161282089941114
SigmaDock,7L5F_XNG,40,False,1.5715170243308256,1.2174831483868902,0.725185215375181,0.7793275811586842,1.1560366267589535,0.21294120264897404,4.450666112781876
SigmaDock,7L7C_XQ1,40,True,3.3007210547986183,2.7642169198370867,0.3366685473173779,3.145588893109812,0.9416391487094721,0.010403690962092007,1.282791224485642
SigmaDock,7LCU_XTA,41,False,5.091675026805763,4.678883799848012,0.6357607878682632,4.866581460198192,1.3554879897888588,0.01559071820248877,1.1566978846320526
SigmaDock,7LEV_0JO,40,True,2.534510120974602,2.4536396991308913,0.24219866232063036,2.3462990743937335,0.9273413690717655,0.009131779593399217,1.2911113765540643
SigmaDock,7LJN_GTP,40,False,3.21661559855202,2.0713479011689735,0.7918612493557464,2.700420694215348,1.5579793788335015,0.06060379971146033,1.862124380056124
SigmaDock,7LMO_NYO,40,True,3.6815164646239777,2.825659557774555,0.5772407451068557,3.3205562720595436,1.4813043730347721,0.024584448091491164,1.5984722472182653
SigmaDock,7LOE_Y84,40,True,2.078667160374786,2.0196093305932568,0.16438768306581386,2.072156811252448,5.3450157260357377e-05,0.006254154979078922,1.9021294810327416
SigmaDock,7LOU_IFM,41,True,1.7245737889366972,1.5432353448226077,0.22200258113465157,1.6472306567673614,0.4598921295943168,0.01657114377543942,2.040742621402743
SigmaDock,7LT0_ONJ,40,True,2.860922097110627,2.1593596280450127,0.25976632976301167,2.685492894290305,0.9515905707674924,0.008244297445303212,1.28423162058277
SigmaDock,7LZD_YHY,40,True,4.260229993545557,3.2903454339602227,0.7431367862725987,4.003208239520335,1.253647121733267,0.030427861355672076,1.362007588782278
SigmaDock,7M31_TDR,40,True,1.8891548619451397,1.8222555720912081,0.5231430647568431,1.8152761286602321,5.40749282517902e-05,0.07668418812844137,3.4504940334728054
SigmaDock,7M3H_YPV,41,True,1.3542766595754732,1.252442739726395,0.49125511442368636,0.49168414549079004,1.162316817522858,0.13158287837768715,4.190995693219028
SigmaDock,7M6K_YRJ,40,False,4.05326147131759,3.535225961114099,1.152170354537988,3.1041862683345807,2.3378322524241284,0.08080237986565934,2.22425519780671
SigmaDock,7MFP_Z7P,40,False,5.196743077908889,4.839933276839535,0.6465276431566632,4.397925024728458,2.6919130931914266,0.0154778881676293,1.5960102671836693
SigmaDock,7MGT_ZD4,41,True,1.2528776941463755,1.1415302812690766,0.19999867915306516,0.24761219208471827,1.211771945193306,0.025482198851553707,2.559036089720894
SigmaDock,7MGY_ZD1,40,True,2.456666049729056,1.9771559902304858,0.29558216604311255,2.1672363962964813,1.1184478823693433,0.014476521062105752,1.8826333287721098
SigmaDock,7MMH_ZJY,40,False,2.9118246582265397,2.394324981678941,0.9383835185875287,1.8131600801049574,2.0762007938090132,0.10385569201246739,4.548066413126165
SigmaDock,7MOI_HPS,40,True,1.6397228360162392,1.176732658888904,0.3296540378794876,1.3473994724149208,0.8743762668318947,0.04041810142590757,3.3655269741728104
SigmaDock,7MSR_DCA,41,False,4.053858926783878,1.8111110049713326,0.943982373044265,3.5953217785527087,1.6175075846226015,0.05422386959412411,1.5409492461092071
SigmaDock,7MWN_WI5,40,False,1.750448976192494,1.5676612997979342,0.3404627189021902,0.828998072249478,1.5036352454959707,0.03783033734320745,4.15796105378263
SigmaDock,7MWU_ZPM,40,True,1.0619480487338728,0.9718864674533935,0.317701383318663,0.8086699282823737,0.6106164396238185,0.08950177927900892,4.496958862999448
SigmaDock,7MY1_IPE,41,False,1.4564778694615148,1.327833891782638,0.40408366935801476,1.0220322121041985,0.9557689730320369,0.076972362807673,5.756599335660874
SigmaDock,7MYU_ZR7,40,True,4.848689341663099,4.628040563473272,0.474705284486808,4.677679986636432,1.1848008978130575,0.009585161037514962,1.1065862737042513
SigmaDock,7N03_ZRP,40,True,3.198123294009983,2.9820514191570826,0.43812080442857365,2.7757605783510075,1.5268254569821016,0.018767107751320008,1.4624805361384168
SigmaDock,7N4N_0BK,40,True,1.0604763281661218,0.9683115681074193,0.20640679266075787,0.30326625367667964,0.9950054562288143,0.03788314388334856,4.546708831738039
SigmaDock,7N4W_P4V,40,True,4.119979716123095,3.9843683341757914,0.43367445525057957,4.015142015272464,0.8153489592331777,0.011079943033305518,1.4535170333527199
SigmaDock,7N6F_0I1,40,True,1.9858592501786747,1.6925168301846858,0.4296988858887541,1.4076194415276846,1.3332679163691972,0.046820012677551426,2.8504372530378848
SigmaDock,7N7B_T3F,40,False,3.0816340525931727,2.1538062205405164,0.9121630214172919,2.3549620130290845,1.7659504448456933,0.0876158735655101,3.259924401125463
SigmaDock,7N7H_CTP,40,True,1.0782548522255897,1.0011464564708321,0.29193792878069924,0.34154565507479173,0.9801797475906115,0.07330577721122085,6.967020992828202
SigmaDock,7NF0_BYN,40,True,1.792835238555979,1.2962831709194464,0.23340229895535905,1.5005283607899598,0.9529932832478007,0.01694843098881364,1.7245408994317342
SigmaDock,7NF3_4LU,40,False,1.884808200918339,1.4318837740589425,0.2900443017311382,1.4865769855856203,1.1218133192334152,0.023680689849046727,1.7322551596978504
SigmaDock,7NFB_GEN,40,True,1.134298777529986,1.0371054238679427,0.08091777003287684,1.00269830447278,0.5241012701819556,0.005089005069645322,1.5359202326727255
SigmaDock,7NGW_UAW,40,False,0.8810679613556733,0.84598123412336,0.19021037092477125,0.22524738944772857,0.8302797003823991,0.04660683018294991,2.6264353653726915
SigmaDock,7NLV_UJE,40,True,0.7449089328539937,0.7072427377921348,0.19051806907987298,0.16420162075027514,0.7011633271519092,0.06541328775381616,3.880438209223996
SigmaDock,7NP6_UK8,40,True,1.325503816587152,0.9073823076176722,0.11606225481590485,0.7759364673295032,1.0683690932736518,0.0076669042967190395,3.7182854345841574
SigmaDock,7NPL_UKZ,40,True,1.4937777504150105,1.3373138005074572,0.21381853507750395,0.5413649637379371,1.375709845036104,0.02048890395945392,3.2596643582067224
SigmaDock,7NR8_UOE,40,True,5.4307265585967635,4.089415424299063,1.3576171566482624,5.014723388741717,1.5818394180919007,0.062494063274137944,1.1910879698870571
SigmaDock,7NSW_HC4,40,True,0.9107046361071301,0.8741782845670053,0.20574941315858575,0.7095283290641736,0.5325595398331718,0.051041345641571874,2.7674612392875226
SigmaDock,7NU0_DCL,40,True,0.8977263415900922,0.8554245683989683,0.24735569309182553,0.39890731472952434,0.7652455159849508,0.07591994478116827,4.1441294564182085
SigmaDock,7NUT_GLP,42,False,2.8604784259295832,2.6372783428154802,0.5264697164325454,2.6837313121830264,0.8383034694526752,0.033874230338042696,1.7034310172344558
SigmaDock,7NXO_UU8,40,True,4.996425049634121,4.833599175015014,0.9006749200780382,4.6550184089226425,1.5760239774651472,0.03249506314963425,1.4154212106001138
SigmaDock,7O0N_CDP,40,False,1.0882737742678488,0.9931555215369984,0.20020949370393532,0.27931450266818025,1.0325886765741865,0.03384488227667202,4.530860154818704
SigmaDock,7O1T_5X8,40,True,1.4065689163035748,1.3538246205463158,0.29045373888865766,0.7503506926431354,1.1537099201822698,0.042641444795138095,4.675416368168452
SigmaDock,7ODY_DGI,40,True,1.4613775359904464,1.4168168050556584,0.1980559758143405,0.33651415704812276,1.4082458433270553,0.01836754222464318,2.9717963873133106
SigmaDock,7OEO_V9Z,40,False,3.437138615155077,3.253918432311517,0.8023277521225054,2.5906344810424815,2.111588270378002,0.05448908749066217,4.7483818856626225
SigmaDock,7OFF_VCB,40,False,2.1328709593485815,1.9538107532280096,0.8167872730862734,1.255802432596637,1.5182085924013198,0.146652260683796,3.594922138246594
SigmaDock,7OFK_VCH,40,True,2.787661235110444,2.3961653227810267,0.7229698653471486,2.3781750783699898,1.2620035785041592,0.06726054767615496,2.533234186088521
SigmaDock,7OLI_8HG,41,True,1.7420422080591171,1.6548797276805105,0.4370111820649497,1.2978955575422377,1.0766612295062006,0.06293145205919243,2.5898421429253804
SigmaDock,7OMX_CNA,40,False,3.9288625474262973,3.118327447865595,0.639677734845128,3.2888945020027025,2.0518153588490495,0.026508722499897594,1.6502210687393468
SigmaDock,7OP9_06K,40,False,1.5927461567515526,1.4622373192369127,0.3197664208643446,1.5603171960683775,5.989795485189373e-05,0.040306267253969845,2.1397822953397054
SigmaDock,7OPG_06N,40,True,2.2829618455918435,1.9042160034596958,0.5135919346457275,2.062303874683578,0.8336910948067492,0.05061032001497759,1.9359131323586027
SigmaDock,7OSO_0V1,40,False,1.9433008857032548,1.8138710718821094,0.6776396057251626,1.7432934398338762,0.5274001135379778,0.12159548938492677,2.792878567217358
SigmaDock,7OZ9_NGK,40,False,2.682650290515484,2.5443123585555423,0.45749834340293893,2.4068709042272878,1.0928313215544718,0.029083785163470783,3.714196418641408
SigmaDock,7OZC_G6S,40,False,2.318503260784934,1.8101093965430808,0.2516940483099456,2.141037649978037,0.8532674010486083,0.011785023969311635,2.158266919148256
SigmaDock,7P1F_KFN,40,True,2.0115428604091257,1.64968750583403,0.420226397278371,1.7570321979489245,0.8846198673238918,0.04364234504499223,1.5643808745997463
SigmaDock,7P1M_4IU,40,False,3.6554136460390048,2.5761331653062087,2.622602066253557,2.235271113870165,1.2196599416347071,0.5147445303649996,1.8180314254807068
SigmaDock,7P2I_MFU,40,True,1.364217072314516,1.1225647318562526,0.25386010686169785,1.1761765784800862,0.6428467335014112,0.03462756528660201,3.178795547288904
SigmaDock,7P4C_5OV,40,True,1.6763928177786354,1.2979890180810163,0.3376668968088871,1.5115733262732016,0.6414203189786072,0.04057190410020112,2.145175995585819
SigmaDock,7P5T_5YG,40,True,5.071318410608851,4.998728245949413,0.4137761186007642,4.963035256563121,0.9567344394174397,0.006657161368803358,1.084077673442848
SigmaDock,7PGX_FMN,40,False,2.873665424077304,2.510128193891898,0.6168335316323688,2.5424024153419866,1.1889740629023675,0.04607480899317535,2.410496693408828
SigmaDock,7PIH_7QW,40,False,1.1533916375780098,1.1108997047825167,0.2301434763378677,0.2922228304804509,1.0917655734085032,0.03981472689522415,3.2158310161148718
SigmaDock,7PJQ_OWH,40,False,2.212303168305331,2.0882460889396097,0.26703908250305713,2.139405804604177,0.4959014419576584,0.01457002750949553,1.3821044363129558
SigmaDock,7PK0_BYC,40,False,5.2826037086436335,4.386288066144493,2.3767346740006245,3.589303753764258,3.06168789970376,0.20242555579178367,3.609637748011075
SigmaDock,7PL1_SFG,40,True,0.9783240931511635,0.8379555521938316,0.27872022238157357,0.2686699097952129,0.898470672001176,0.0811654987460479,8.634049172727341
SigmaDock,7POM_7VZ,40,True,0.976181442986653,0.8691007389490932,0.19424560218860917,0.3257355550216752,0.8994971950243145,0.03959508638539862,5.043991453259829
SigmaDock,7PRI_7TI,40,True,2.475441482841792,2.1652798772286026,0.5467537467261362,2.1302650842899373,1.1361520787597439,0.04878408982341975,4.064173869079252
SigmaDock,7PRM_81I,40,True,4.905265767572387,4.062940668338086,0.22291666662045292,4.80257427975594,0.9732526381608495,0.002065189914790813,1.0772506796504089
SigmaDock,7PT3_3KK,41,False,4.727645689524866,2.875547046147612,2.1912337058602867,3.614218721955712,2.1181481633374144,0.21482635365223476,2.5652438506736117
SigmaDock,7PUV_84Z,40,True,1.2552755957886936,0.9493128774595707,0.29467040675085593,0.7579098066845515,0.9562734429541222,0.05510549067980547,3.018955047748624
SigmaDock,7Q25_8J9,40,False,4.395621553494954,4.059259703612087,1.5854385781370322,3.165968042013904,2.604711061413697,0.13009429582050816,3.128351079228864
SigmaDock,7Q27_8KC,40,False,4.009900946398568,3.625626567991272,1.618944228446754,2.5140742385713217,2.671657895026814,0.16300333360370794,3.6283062850452907
SigmaDock,7Q2B_M6H,40,True,1.0394559549370528,1.0158930615627502,0.22800854869209675,0.4959728877008718,0.8845855971261813,0.048116062159449,3.9071180851947878
SigmaDock,7Q5I_I0F,40,True,0.848113101044511,0.7842351219679431,0.1961660909236148,0.1739091926064453,0.8065793759215886,0.053498343112203195,6.4431406859611
SigmaDock,7QE4_NGA,40,True,2.2085149622863303,1.8593699988150367,0.5598201428738117,1.962493118227092,0.8442514478439714,0.06425343495187638,2.708633940467978
SigmaDock,7QF4_RBF,40,True,2.60259399656378,2.197602084621693,0.30647802172646366,2.3938542751697027,0.974180908456022,0.013867105639846413,2.8433025336447963
SigmaDock,7QFM_AY3,40,True,1.2495823164742808,0.8668714667998095,0.4623017991289608,0.9601576565610864,0.6525567306483616,0.13687414706540174,3.2614920505544314
SigmaDock,7QGP_DJ8,40,True,0.7742105164139393,0.7326934086093885,0.1590511214560088,0.1332075770114865,0.7458957071308652,0.04220416757951647,3.1631929515057977
SigmaDock,7QHG_T3B,40,True,4.910701310596255,4.301451186988458,0.6018088487618979,4.480834150739117,1.9170129850926203,0.015018622444747942,2.461889718231579
SigmaDock,7QHL_D5P,40,True,1.4573896429431643,1.1010138643191703,0.3088966477190118,0.5033445254256594,1.3323707145948451,0.044923649756569,3.651606386631169
SigmaDock,7QPP_VDX,40,True,1.18999516905127,1.0777947994833152,0.12895482708066797,0.18206220776897175,1.1688937109250965,0.011743155459300868,4.186658604424335
SigmaDock,7QTA_URI,40,True,2.742930248243337,2.61692583176029,0.6729338129956773,2.556016780113034,0.7332152820529266,0.06018872924499416,1.7548941650561287
SigmaDock,7R3D_APR,40,True,1.3881972169679502,1.2954536233673346,0.42426753763519465,0.5047962027768926,1.2215847753506757,0.09340653635714379,5.05567795127022
SigmaDock,7R59_I5F,40,True,0.8956388370131414,0.645073428493541,0.21825673941599236,0.8685700001864936,0.01091223358375743,0.059384005955312784,1.7503221405234046
SigmaDock,7R6J_2I7,40,False,3.0026032659382773,2.2419519968697457,0.9075724272243882,2.148933913320545,1.8905083173966972,0.0913622278269175,4.877829338698475
SigmaDock,7R7R_AWJ,40,True,1.3603443528768888,1.1350857908090124,0.4102399970906366,0.5464903940916102,1.1762602400645499,0.090944886368034,5.099310962021116
SigmaDock,7R9N_F97,40,True,3.0326779674438322,2.452869237526673,0.7912405438152714,1.6766722416672446,2.3999675518774635,0.06807136718592119,2.406357273267738
SigmaDock,7RC3_SAH,40,True,0.5564515149049849,0.5256560316520006,0.11799704101001832,0.11251178651301852,0.5320301538903426,0.04496634365622247,4.76385870208078
SigmaDock,7RH3_59O,41,False,1.8512933769077773,1.6145968281717906,0.6483620667297059,0.6769693466651482,1.5964417626347505,0.12265484304166203,5.607373022636107
SigmaDock,7RKW_5TV,40,True,1.8278252450524863,1.2865857944657535,0.3855164285019051,1.2824091421943073,1.2440856087194234,0.044485291143567716,5.15415368889561
SigmaDock,7RNI_60I,40,False,2.816113156711229,2.2041297606310555,0.934227724695281,2.118710430942944,1.6027407711873827,0.11005386516554759,3.9597587229639055
SigmaDock,7ROR_69X,40,True,1.2723867815518273,1.017349229331016,0.24148374315173599,0.5829164622952697,1.1049262969295333,0.0360194851392724,5.082255482822366
SigmaDock,7ROU_66I,40,True,3.837539435218088,2.5713425815788744,0.6154031788062613,3.5070447308928974,1.4313018898490553,0.025716612898583492,1.2283646701240458
SigmaDock,7RSV_7IQ,40,True,1.8469114216096327,0.8410223258117432,0.26470030779853204,1.6323183635155278,0.8225279973675459,0.02054077183478535,1.651101105346466
SigmaDock,7RWS_4UR,41,False,4.891954865760125,4.609099395137048,0.5115436847239443,4.538592621835231,1.7523477053016654,0.010934541366618178,1.468087479557902
SigmaDock,7RZL_NPO,40,False,1.4718778309915224,1.0845333442484313,0.45843225325471804,1.3096019262355658,0.4911283063927457,0.09700783269254935,3.1545879996242463
SigmaDock,7SCW_GSP,40,True,0.7580388268440195,0.5918524485506014,0.0950616998550237,0.10586399136596825,0.7445662841922114,0.01572636134263689,4.169700420798414
SigmaDock,7SDD_4IP,40,True,3.6880506740899084,3.6477125756343005,0.6708649328157178,3.2665060911663475,1.5753082152221318,0.033088449969199,6.343712314297444
SigmaDock,7SFO_98L,40,False,1.845459503415118,1.4005066600937401,0.10476351083617853,1.5793777156610385,0.948847414928118,0.003222634477617376,1.7758698814234566
SigmaDock,7SIU_9ID,40,True,5.25028991501316,4.930803940122466,1.6592049228642192,4.843102313352714,1.1648790486697005,0.09986964004457734,1.193704201012991
SigmaDock,7SUC_COM,40,False,1.4599138253851647,1.0731877622994135,0.5720793432508755,1.2681457890114471,0.44258316776502715,0.15355292378360186,3.75771244118902
SigmaDock,7SZA_DUI,40,True,1.2020571316256696,1.1312502170063967,0.207081293018713,0.8793859747182629,0.7929306358330729,0.02967778725883544,1.5332685048894235
SigmaDock,7T0D_FPP,41,True,1.9043570499466564,1.7283987270011854,1.0628306367055242,0.745723554344377,1.393148661075928,0.31148086592249613,3.27107580912129
SigmaDock,7T1D_E7K,40,True,5.607919824403241,5.075749410938273,0.43914990715193875,5.479612581106846,1.108944577947378,0.006132280311869159,1.0860550860511629
SigmaDock,7T3E_SLB,40,True,2.0541170048791257,1.8206438875408255,0.5898051890995141,1.6063254387282715,1.1363296588311436,0.08244547463006786,5.415821187911134
SigmaDock,7TB0_UD1,40,False,5.01845182412296,4.826091954085489,0.5829323599445841,4.520216599395329,2.100640490260868,0.013492636197381653,1.636172633562837
SigmaDock,7TBU_S3P,40,True,2.1118801615215195,1.665870240324618,0.5873197107042794,1.8285092008379888,0.8784346740066782,0.07734114748886603,3.741900862044394
SigmaDock,7TE8_P0T,40,False,3.7505385482089793,3.63081211344939,0.6047520387505935,3.469031742319528,1.2909814654006697,0.025999644826030236,1.4460877973107291
SigmaDock,7TH4_FFO,41,False,2.3527737364159327,2.201048482217236,1.3830398247089284,1.099252929271157,1.5538301372822145,0.3455485257990891,5.694818692519328
SigmaDock,7THI_PGA,40,False,1.0700906694318293,1.0488207121236588,0.21892494432836218,0.8734070066102645,0.5782094000965234,0.041855192273536346,4.013446404121273
SigmaDock,7TM6_GPJ,40,True,1.0248861142340924,1.0038762301047406,0.12078527764428107,0.25983280553007004,0.984016959724081,0.013889185737634913,4.204407334021762
SigmaDock,7TOM_5AD,41,True,2.97860597881461,2.8443784556910243,0.41859845737140283,2.7962703795184116,0.936878259511012,0.019750092466041494,1.61274245336387
SigmaDock,7TS6_KMI,40,False,2.5855210732042324,1.9892711061879336,0.791807345096364,2.2097028776328336,1.0840542148877006,0.09378705278507932,3.6727476337637674
SigmaDock,7TSF_H4B,40,False,2.501340620969939,1.9954820899175154,0.6239520639146926,2.2993922408268697,0.7616981336960602,0.06222383573370162,2.7514259675047787
SigmaDock,7TUO_KL9,40,True,5.165259026840469,4.315906768811837,0.6538056235634913,5.017161289953389,1.0394862247990353,0.016021865912380768,1.120446000599668
SigmaDock,7TXK_LW8,40,True,2.4443278965262825,2.204927861442148,0.3793713465731107,2.1845437364578446,1.0288755564395067,0.024088520324469724,1.702428699053478
SigmaDock,7TYP_KUR,40,True,4.837552838081554,4.400756086483654,0.625821980446705,4.452494002600608,1.784814126688346,0.016735942764479594,1.449801132886814
SigmaDock,7U0U_FK5,40,False,4.87327603272922,4.579928283560344,0.7854814097706853,4.190392291175892,2.3606038829357536,0.025979440810544322,4.364058383374204
SigmaDock,7U3J_L6U,40,False,5.145936211389813,4.978895356614227,1.0642725333365783,4.515588525108555,2.2265317734957737,0.04277370907510751,1.8114902389659036
SigmaDock,7UAS_MBU,42,True,4.474058132139044,4.3722646050486675,1.001138049528495,3.8751053762362795,1.9996192384077702,0.05007081839602918,4.268386886213686
SigmaDock,7UAW_MF6,40,True,3.3283167993862257,3.2559319949855343,0.6036196310672488,2.8653977654355445,1.5820340400584925,0.032891024179439066,6.282127780983193
SigmaDock,7UJ4_OQ4,40,True,2.235317477040802,2.128741974138699,0.7157699853802959,1.2139275421075535,1.7351361542269423,0.10253415073985096,5.844580395548055
SigmaDock,7UJ5_DGL,40,True,0.9318787653203764,0.8957840522838966,0.1506672487994732,0.390139406440318,0.8327596633703046,0.026140800636907584,4.747484123192056
SigmaDock,7UJF_R3V,41,True,0.8782323547118785,0.8500045921339262,0.10614939192418288,0.0910950598652808,0.867021375471815,0.014608854234022394,5.609666861640547
SigmaDock,7ULC_56B,40,True,2.9751699240843497,2.7753673805882206,0.699048783831242,1.4264680953473396,2.5155825663166516,0.05520665308823203,2.8494870928341873
SigmaDock,7UMW_NAD,40,False,4.719338970615387,3.8386822627480415,0.5390317520853855,4.263444082554129,1.9505511130824138,0.013045668924219643,1.4568053991745573
SigmaDock,7UQ3_O2U,40,True,1.7202050068255583,1.1944915538455303,0.17474903281691803,1.6380271671832813,0.495414009296049,0.010319749292598676,1.7966361207211483
SigmaDock,7USH_82V,40,True,2.0754695068731617,0.9297396972942615,0.3416447571853536,1.8422888332730565,0.8926502050890294,0.02709672519772073,1.4734107302761885
SigmaDock,7UTW_NAI,40,True,5.867240248597083,5.416611034649535,0.5170304962646468,5.628353545318179,1.5744281404986962,0.007765413321846714,1.1138545687496693
SigmaDock,7UXS_OJC,40,False,3.4991021574520795,3.0815542009010493,1.0409493308961555,3.140394779842533,1.139324811250249,0.08850054326724911,2.183529833792308
SigmaDock,7UY4_SMI,41,False,3.2879499718540584,3.155676642044189,0.971331578536302,3.0587057381873306,0.7151567584335462,0.08727394638898338,2.9995303233061636
SigmaDock,7UYB_OK0,40,True,3.9109021290670634,3.489838194303445,1.0171215908702789,3.5829661227251237,1.1928842760011955,0.06763817034142235,1.7067416958608161
SigmaDock,7V14_ORU,40,True,1.6450839906640091,0.6750402254983554,0.5707276779336228,1.089913532921878,1.0920896230315837,0.12035987197203248,1.6158847138154493
SigmaDock,7V3N_AKG,41,True,0.795081290902805,0.7399197762411922,0.2412582013691956,0.2685686700406986,0.7083922704888456,0.0920748676228896,3.3906648717028993
SigmaDock,7V3S_5I9,40,True,0.9270123704360543,0.7531737990612396,0.2617501811627811,0.1542363227176085,0.8758138696990778,0.07972654107471687,4.5482452392038
SigmaDock,7V43_C4O,40,True,1.5790314017724174,1.260516913498719,0.48518550645062186,1.502621539647579,0.007981271875976373,0.09441350149948718,2.2739791547525146
SigmaDock,7VB8_STL,40,False,2.2409745596507986,1.169103164495434,0.22482629957154174,2.137416841523297,0.6347199048364799,0.010065152799791416,1.7684558024036956
SigmaDock,7VBU_6I4,40,True,2.169362379031005,1.5253754045982133,0.46927450002568727,2.088580657447406,0.35177466156229004,0.04679394955866692,1.6142719761825912
SigmaDock,7VC5_9SF,40,True,1.072748379993039,0.92903188876998,0.2679263528322572,0.3081572454230363,0.9919897521290133,0.06237852910388482,3.636758597541256
SigmaDock,7VKZ_NOJ,40,True,1.2338804277157087,1.115081399405314,0.14674446740947455,1.0854468825170498,0.5680950945208274,0.014144165262480314,1.885823954673148
SigmaDock,7VQ9_ISY,40,True,2.219724546053443,1.5994604570257942,0.7257336513363721,1.7274822150272489,1.190081057926178,0.10689474444102451,2.923651837158602
SigmaDock,7VWF_K55,40,True,1.6757560548665311,0.9853496798475153,0.3348092284200856,1.21453804266228,1.1049698995505104,0.03991841101796193,2.336380347855143
SigmaDock,7VYJ_CA0,40,True,1.182054175444155,1.0849402388710545,0.17280108419488582,0.440310801251564,1.0832904768746185,0.021370671234845935,3.199786820729776
SigmaDock,7W05_GMP,40,True,1.2921327762569568,1.082153120132648,0.4190659263734357,0.847741504792213,0.8805255259689632,0.10518417742711643,3.6124670074326573
SigmaDock,7W06_ITN,40,True,1.9794824217674867,1.897701257225217,0.38187644740202054,1.7630763731446748,0.8149127189246134,0.03721709305915056,1.896714733894242
SigmaDock,7WCF_ACP,40,True,1.3867258987951956,1.2226374198623968,0.4953793326238188,0.27020081483569686,1.2667278929828016,0.12761288123350822,4.279609094974118
SigmaDock,7WDT_NGS,40,True,1.0366777595311825,0.8591274423933238,0.1392831479556558,0.3615428311081453,0.9615548674290313,0.018051345749155418,5.878233905011793
SigmaDock,7WJB_BGC,40,True,1.7143064823201732,1.4817461279392985,0.20629906930624545,1.626957537731692,0.4992960842489887,0.014481635185221635,2.473509906977901
SigmaDock,7WKL_CAQ,40,True,1.1548742879874176,1.0588531791491917,0.18509827802457376,1.1397346690272108,0.021866246687915265,0.025688298096794935,1.597626523671517
SigmaDock,7WL4_JFU,40,True,3.1276967570690055,2.9785134283982035,0.8512542862174219,2.5145694180738367,1.6537211935705023,0.07407460490301727,2.939389951982004
SigmaDock,7WPW_F15,40,True,2.6641070155461306,2.261975250293706,0.424467717892518,2.441312528090543,0.9784101833778046,0.025385516281793058,2.1904962808976465
SigmaDock,7WQQ_5Z6,40,True,1.8933833916514928,1.887847337771133,0.08141257957428406,0.40508431709913917,1.847749808742811,0.0018488679958433717,1.641677486386619
SigmaDock,7WUX_6OI,41,False,2.34334854951344,1.6910976672268485,0.5919805935044544,1.8743241190568884,1.2758332564024482,0.06381770158495623,2.964939360282678
SigmaDock,7WUY_76N,41,False,3.592032391490506,3.300475556991491,0.6621944888224489,3.2133536797926614,1.4623793246121688,0.03398526301678227,1.8009786989461254
SigmaDock,7WY1_D0L,40,False,4.211160967793367,3.935347890576503,1.0458457132334924,3.622946453429437,1.8746579518302964,0.061678180952644435,1.6408304859787304
SigmaDock,7X5N_5M5,41,True,1.6696015430197464,1.4942015908455897,0.2880376764392269,1.0422908246278995,1.272098049012694,0.029762740850190175,3.5170439444366153
SigmaDock,7X9K_8OG,40,True,1.5946035627186232,1.5391187457169437,0.3540174690318463,0.6106935497596414,1.4298550773197891,0.04928830980495108,1.9962737072894698
SigmaDock,7XBV_APC,40,False,1.8709309733561723,1.819291425173717,0.5985908788238328,0.6100501639648511,1.6643047990974622,0.10236339000534064,3.7034134010499873
SigmaDock,7XFA_D9J,40,False,1.9961242173203797,1.8574363628067723,0.560845827537904,0.6984003036073464,1.7838724350769561,0.07894267877059168,7.087409706897911
SigmaDock,7XG5_PLP,40,True,1.446685709074462,1.3838074870223056,0.208996612741315,1.1401595634717216,0.8655958216898398,0.020870368254658923,2.2529389526412196
SigmaDock,7XI7_4RI,40,True,2.206845017777953,1.938626265292748,0.5484372810274912,1.8682725598370746,1.0387199446580246,0.06176042400826027,3.455434517509626
SigmaDock,7XJN_NSD,40,True,2.845722043118816,2.668033161533043,0.26795692243392755,2.7525020243943388,0.6708693167205753,0.00886635276137768,1.1437691072644138
SigmaDock,7XQZ_FPF,40,True,1.5381574182274644,1.4595415912387235,0.5236815692331306,0.5680853160700254,1.3300244099110827,0.11591323056271867,5.661483144881421
SigmaDock,7XRL_FWK,40,False,3.04277453157307,2.9722755227159046,0.6769504095010235,2.7686140520596916,1.065359668752168,0.04949646300882767,2.1547381741025875
SigmaDock,7YZU_DO7,40,True,0.7941483151244911,0.7580056971314414,0.14654311229162997,0.1812434010643069,0.7591755345278149,0.03405082071989318,4.5214097681706
SigmaDock,7Z1Q_NIO,40,True,1.0846427217168018,1.0420261639520458,0.245791651634898,0.9144187673872786,0.529031771833933,0.05135241153432486,2.802039360153946
SigmaDock,7Z2O_IAJ,40,False,1.2399952230533982,0.6038501416199933,0.15433706185225765,1.2120898258531816,0.211202458786025,0.015491748301837294,2.0229909201482137
SigmaDock,7Z7F_IF3,40,True,2.0816640491234875,1.9437100021858955,0.20679411337022643,2.0371884344605475,0.3747328256088563,0.009868588951553597,2.552901972234195
SigmaDock,7ZCC_OGA,40,True,2.308083585880002,2.1480961863085004,0.2322709861233801,2.1459702886301377,0.8173809079802662,0.010127141136807604,1.5243853147036035
SigmaDock,7ZDY_6MJ,40,True,1.6206721349189117,1.5873169117158468,0.3655513644285602,1.5104250413553069,0.4599636543400585,0.05087524202312673,2.0947258583018717
SigmaDock,7ZF0_DHR,42,True,1.2718018977667156,1.1865420843288421,0.4838462956846236,0.929419152847896,0.7208001579042462,0.1447357791916069,3.8124738613475286
SigmaDock,7ZHP_IQY,40,True,1.7958794971487928,1.500299362808563,0.24999613321766084,1.5841823903391994,0.808115867802878,0.019378144856536772,1.692414050227435
SigmaDock,7ZL5_IWE,40,True,1.2574248290370202,1.0387808968127266,0.23454774359147137,0.6342874139452536,1.060086804542709,0.03479352700750676,1.9463245435599854
SigmaDock,7ZOC_T8E,40,True,0.9623579776077086,0.902787789960464,0.26651556821302536,0.3684142523067979,0.8481587514507589,0.07669584987091574,4.0751604062835085
SigmaDock,7ZTL_BCN,41,False,2.5631031889707843,2.5137351884125594,0.6815501730613713,2.335888063875502,0.8053659242581453,0.07070717449313763,4.787714091750159
SigmaDock,7ZU2_DHT,40,True,0.7320198140768824,0.2281761878035703,0.0599555097187876,0.7026072348317569,0.1964724372974142,0.006708300766486015,1.304137552409715
SigmaDock,7ZXV_45D,35,True,9.529216905898329,9.335230256936532,1.535863990093086,9.203298143391661,1.935561915165064,0.025977125406448923,1.12442530963873
SigmaDock,7ZZW_KKW,40,False,4.441150379401964,3.9806071981917874,0.6043194981194242,4.191749888049226,1.3371041517750977,0.018515790402112223,1.2330304969759098
SigmaDock,8A1H_DLZ,40,True,2.5163290453818923,1.864415475488681,0.44078194807996685,2.1816892951598077,1.1738206669949531,0.03068405402772383,2.900924942022618
SigmaDock,8A2D_KXY,40,True,4.539808589768335,3.409154174967877,1.552856213734552,3.299067336856041,2.70456176082003,0.11700041547202382,3.7468295592857794
SigmaDock,8AAU_LH0,40,True,3.459304281689461,3.131093244312462,0.6401289452894839,3.0542569467801104,1.4928280375726632,0.03424186433327286,2.087708256475003
SigmaDock,8AEM_LVF,40,True,1.611828918723239,1.3140558999478633,0.48515255648437133,1.4581222637362519,0.4863115505166141,0.09059803151640425,3.1225765449707072
SigmaDock,8AIE_M7L,40,True,2.6792048194508196,2.6047237704267663,0.3347936444346402,2.2836351543251325,1.360537453415046,0.015615021207391293,1.945366290466491
SigmaDock,8AP0_PRP,40,False,2.797853695034625,2.4766198884058164,0.5903534945402428,2.3005769152749775,1.4787879858880704,0.044521960020602144,2.615391980192601
SigmaDock,8AQL_PLG,40,True,2.087922376318848,1.7332604884506948,0.2015448499444793,1.8341724754003672,0.9770418893156484,0.009317828504977472,1.5951519319955583
SigmaDock,8AUH_L9I,40,False,2.3176129509663137,2.2085211747985727,0.7658238032263663,2.0051137271018336,0.8742783505763375,0.10918824955168972,4.273637756722404
SigmaDock,8AY3_OE3,41,True,1.820727418982083,1.5543754243685757,0.22913912512552367,1.1122756774340938,1.423160712273352,0.0158383026036439,3.9158994538852707
SigmaDock,8B8H_OJQ,40,True,2.548317820981984,2.0691391182958654,0.39662444439054817,2.2740012736877486,1.079597598234061,0.024224329811995203,3.2297741264212223
SigmaDock,8BOM_QU6,40,True,1.6888506275118398,1.4302760821551501,0.1288457843300857,0.6342921124709413,1.5599002282084105,0.005820468564342076,1.3044399685230306
SigmaDock,8BTI_RFO,40,True,1.5431253240345677,1.2475606293926162,0.3523076213586596,1.2944895061487596,0.7625037862726539,0.052124473290917246,3.6129994671400643
SigmaDock,8C3N_ADP,40,True,1.1228653230935326,0.9869191760969398,0.1990956586173248,0.5468785638363934,0.9602662593999234,0.03143896501020757,3.249757108114877
SigmaDock,8C5M_MTA,40,True,1.1794487068506092,1.1118493738410793,0.4491462852319387,0.7753849507157654,0.7669061512058918,0.1450165293629029,1.7994176605520036
SigmaDock,8CNH_V6U,41,True,1.8734080326739526,1.5814850902902307,0.2792637617727623,1.13683868604741,1.4626233999747895,0.02222104155555782,3.2589533240820545
SigmaDock,8CSD_C5P,40,False,2.815767625489301,2.5363708897107733,0.9987202851496094,2.425226548808125,1.0243931372966977,0.12580390424843985,4.643853041962132
SigmaDock,8D19_GSH,40,True,2.0203071150378262,1.2553070181560066,0.7198452110994435,1.5496284610261248,1.0780145378924468,0.12695314173222455,4.386522743516105
SigmaDock,8D39_QDB,40,True,1.0214556821474894,0.9934579940438515,0.20824198153345738,0.3396095239988259,0.9405702307258629,0.04156210335471073,4.829498509645386
SigmaDock,8D5D_5DK,40,False,2.0895786319075094,1.4532915787938363,0.2623228444180688,1.6094477504848574,1.3065999857186994,0.015759948306104853,3.477474227655383
SigmaDock,8DHG_T78,40,True,4.413687007143924,4.280874458747799,0.8297858408034536,3.943149667305911,1.8010161455851748,0.035345080506512846,1.8182740226512182
SigmaDock,8DKO_TFB,40,True,1.01552538879639,0.9777877465309974,0.2052977162836131,0.8172980094956268,0.5667174134021984,0.040868308742867974,3.514368119876604
SigmaDock,8DP2_UMA,40,False,2.59705393208935,2.474716829896849,0.9924631617634021,1.0231015385013549,2.1709374105762484,0.14603832868056366,7.853594333807429
SigmaDock,8DSC_NCA,40,True,1.91179490104311,1.7589866457762597,0.44025105409071463,1.7203454100130633,0.7082022474360234,0.05302958287419937,1.8583325761225518
SigmaDock,8EAB_VN2,40,False,4.462648076831854,4.305613843853441,0.5792435964181717,3.270708724983764,2.980296822461593,0.016847567418745664,3.9817354690494287
SigmaDock,8EX2_Q2Q,40,True,1.9990058571576286,1.0454931308142525,0.19962781309313854,1.7448462199316213,0.9548218797139537,0.009972727791979018,1.8854708088256253
SigmaDock,8EXL_799,41,True,3.5296408913336648,1.939880799898084,0.46116522251722014,3.338583441750292,1.048595280261229,0.017070728422372658,1.212726956432424
SigmaDock,8EYE_X4I,41,True,2.679192058825139,1.2529179946112339,0.2868071992232917,2.371629828591529,1.2129236062837154,0.011459677673390727,1.5552328764454957
SigmaDock,8F4J_PHO,40,False,6.168779233024642,6.0255564599395806,1.2497286850923048,4.915255564800538,3.5117343538700205,0.04104242568430937,3.8885388282202733
SigmaDock,8F8E_XJI,40,True,3.8236995216958793,3.7065020382687264,0.2595223983718512,3.551664388169825,1.3924820396568425,0.004606617771642675,1.3498735844279208
SigmaDock,8FAV_4Y5,40,True,1.3957974987894688,1.058756544392667,0.1580602212313582,0.7401008704050384,1.1728249339594277,0.012823315848965983,4.08939842682391
SigmaDock,8FLV_ZB9,40,True,1.390616319625094,1.3188820626540732,0.3276079737019672,0.35542973453123894,1.3039004823166473,0.055500166198262375,3.7714850542746006
SigmaDock,8FO5_Y4U,40,True,2.5785035123737554,2.381291148372396,0.3126296494525218,2.380925558729512,0.939221246243689,0.014700255144758693,1.5660606848350402
SigmaDock,8G0V_YHT,40,False,3.553621340564615,3.393584384188675,0.8114262154131506,3.205164010558072,1.3025881139024091,0.052138168447307016,1.7758798894528691
SigmaDock,8G6P_API,40,True,2.9951116328913883,2.9509836335187467,0.7253159599995577,2.7181046083806497,1.0278705120544678,0.05864465556463775,2.0419349758232195
SigmaDock,8GFD_ZHR,40,False,2.7189149396110164,2.232631970579088,0.8643641650577589,2.213576968705855,1.3211548140240716,0.10106534549942786,5.200131428390225
SigmaDock,8HFN_XGC,40,True,3.9290698443021146,3.676372450155262,0.6241993610414714,3.633410949683712,1.3587824953973202,0.025238709301603,1.3956674668530296
SigmaDock,8HO0_3ZI,40,False,2.599613290947849,1.7122199368546436,0.21596590393725848,2.3531767094289084,1.0834700572745912,0.006901649270506743,1.7681175324400855
SigmaDock,8SLG_G5A,40,True,0.9115204424757964,0.7289583438605719,0.21277805395011426,0.2961361497880567,0.8354031347781617,0.054490505805864,7.269228138464262
Minimal,5SAK_ZRY,40,True,1.872833278099896,1.0475452429803038,0.4894261774720503,1.5977699989025174,0.8456343979347987,0.06829299407729252,2.6497411109357825
Minimal,5SB2_1K2,40,True,0.9810660564925339,0.8838033125039492,0.25953948549606665,0.24064796624613827,0.914996403824543,0.06998587209842666,6.486388376382682
Minimal,5SD5_HWI,40,False,2.491513324246504,2.3739430110815833,0.8074858821753081,1.673405852787886,1.6599150721770914,0.10503727539752171,4.028968030105889
Minimal,5SIS_JSM,40,True,2.291875095878379,1.6301502160350736,0.5379702115793055,1.6264748066568009,1.5224517101936497,0.0550978390830988,4.141173699384636
Minimal,6M2B_EZO,41,False,4.283997297865155,4.0339167993895915,0.6692269875477711,4.00025501653039,1.3793940299918448,0.024403297585078726,1.3790732346334802
Minimal,6M73_FNR,40,True,2.2105095848061787,1.8814880050764289,0.44930481948880724,1.6045399067734554,1.4525596343267788,0.04131400992283095,2.3411625074050866
Minimal,6T88_MWQ,40,True,1.7541526547205837,1.1224135997663118,0.5214052394851414,1.4756492472914733,0.792242015591714,0.08835192409886485,2.508515627188062
Minimal,6TW5_9M2,40,True,3.7066365295248325,3.575728387880634,0.6010653213274366,3.1579511609911965,1.8453236318596784,0.02629561550756577,3.1889097665065482
Minimal,6TW7_NZB,40,True,3.0070784892677316,2.5579721413067262,0.7219774629228494,2.347754976169762,1.7347380653915185,0.05764448372607435,4.198903379554783
Minimal,6VTA_AKN,40,False,4.694918605210564,4.574827436036436,1.2242188313684457,4.005661489477366,2.1209019294142637,0.06799265133578775,4.22031090974395
Minimal,6WTN_RXT,40,True,1.806331067844436,1.748719817180377,0.3825512079374872,1.0352793081720137,1.4299242126897727,0.04485227249944077,3.6111418436252216
Minimal,6XBO_5MC,40,True,1.3665176440935574,1.2976041721806075,0.48677712781520266,0.5762335523594175,1.1394618872916438,0.12689071384886005,5.263611557138807
Minimal,6XCT_478,40,True,3.761488823002373,3.1773570339437227,0.5581424459399281,3.1526021683361374,1.974430232703667,0.02201762908158754,2.1599022909851806
Minimal,6XG5_TOP,40,True,1.8044363315948724,1.7504540840215532,0.6210069078265251,1.082124915738595,1.3035898749027766,0.11844309206536356,3.4121079775990037
Minimal,6XHT_V2V,40,True,3.594805286418598,2.9451246523171193,0.5867740473282294,2.8504766481707837,2.1102379351339042,0.02664348623895666,2.6528258361027075
Minimal,6XM9_V55,40,True,2.2432073244035764,2.123464839189161,0.41796114410554325,2.1685880102060375,0.3930822105698209,0.034716264615062296,2.639873726861054
Minimal,6YJA_2BA,40,False,4.631477639227754,4.434559057991028,1.2497739016816278,3.9694296542851473,2.0328006633764817,0.07281548714836841,2.3921662268319013
Minimal,6YMS_OZH,40,True,4.209113329657413,4.144121893140584,0.8934018635018398,3.4205823970928724,2.284312631162716,0.04505183341655669,3.082760665554442
Minimal,6YQV_8K2,41,True,1.2560711791644623,1.2158488647409678,0.4909676732403498,0.8705940650701265,0.7607440599999662,0.1527837953209672,4.099363771393883
Minimal,6YQW_82I,40,True,1.9333689038834205,1.8063462514217778,0.44293712705059646,1.8604109415065873,0.28388932474842593,0.05248735773885587,3.0068673099115073
Minimal,6YR2_T1C,40,True,4.416603690216844,3.5332032088071217,0.9102395411910287,3.9773582733375865,1.690702013839942,0.04247511203524576,1.754938527439653
Minimal,6YRV_PJ8,40,True,3.6357036010255963,3.465468131732493,0.7379826603754729,3.4049086109936875,1.0393842495808112,0.04120172269920931,1.645622074867543
Minimal,6YSP_PAL,40,True,1.2861541898397117,1.1640078784001986,0.35068099339697,0.5828132519664961,1.0915787439505211,0.07434270902115334,10.098228384063685
Minimal,6YT6_PKE,41,False,1.892487756060524,1.6037272611143603,0.3611166788582573,0.8903065575424512,1.6304781153656402,0.036410692457001195,5.255739241197913
Minimal,6YYO_Q1K,41,True,3.691925424918451,3.5827160145232932,0.5398372643944512,3.534959472260734,0.9181234125129986,0.02138059960119283,1.3029673281921945
Minimal,6Z0R_Q4H,41,True,1.8269953252111217,1.703415575083011,0.37896828783016356,1.7872377213827586,0.008733981276090734,0.043025989509096196,3.0463743828377874
Minimal,6Z14_Q4Z,40,True,2.0985083412084156,1.2628849292991422,0.3850230331135568,1.8448080456772467,0.9231347662707929,0.033662938395013546,2.246503133766454
Minimal,6Z1C_7EY,40,True,2.039846889709158,1.3510497660563578,0.45693925955782394,1.5888943933765538,1.194820678272446,0.0501789773292954,2.271510977073102
Minimal,6Z2C_Q5E,40,True,3.1311779580599834,2.816893404540623,0.6310185932384409,2.569364659306572,1.6746510644114756,0.040613349642126706,3.082344042322641
Minimal,6Z4N_Q7B,40,False,2.8072469460897573,2.6564495047473873,0.9222160800979449,2.40613378234289,1.1138550800743103,0.10792054871982118,6.41705632082525
Minimal,6ZAE_ACV,40,True,4.040149313098746,3.661340998414067,0.46731370453527543,3.6973051256602143,1.5602433084145844,0.013378955317477046,1.4884666007788514
Minimal,6ZC3_JOR,41,True,2.2440209902516908,2.089452838662577,0.6275173648706668,1.9385739720985358,0.9400973971765149,0.07819836390040343,3.5666519034265236
Minimal,6ZCY_QF8,41,True,3.0168061302698814,2.157080172904249,0.5149889967381546,2.5299541095457565,1.560524836221809,0.029140774901189805,2.183559411424792
Minimal,6ZK5_IMH,40,False,1.2922908178955153,1.196976755428535,0.34386746014809183,0.6040173908870785,1.0894648775313165,0.0708046278856832,3.1452834629549686
Minimal,6ZPB_3D1,40,True,1.6110802750396573,1.4778191192463728,0.5561674894882158,1.048836106808759,1.0891281822230467,0.11917271583292417,5.240777546259866
Minimal,7A1P_QW2,40,True,2.4011299736529583,2.306710800175917,0.3774134281765516,2.120692452707165,1.0609654921992275,0.024706052381708705,2.641563338222693
Minimal,7A9E_R4W,40,False,1.4878020464278454,1.4050253165803586,0.46302358943638083,1.3559463690309421,0.40071627031122536,0.09685363644309106,5.78879603752967
Minimal,7A9H_TPP,40,True,1.568267330170508,1.4795296919598881,0.46023327661999197,0.48252929134405154,1.4194411692517468,0.08612234416853569,9.124096645843315
Minimal,7AFX_R9K,40,True,2.9051825834462615,2.802031754048425,0.7615901098495907,2.610972052088857,1.021220490858701,0.06872199006018462,2.1010563491590415
Minimal,7AKL_RK5,41,True,2.585109824144621,1.8048914416006934,0.4393166138702623,2.3713875849299964,0.9307602471670563,0.028880004650001685,1.962278906445737
Minimal,7AN5_RDH,40,True,2.842189487013158,2.7844974352983933,0.2535808690559244,2.6887698353099996,0.8855815014237802,0.007960253793418002,1.314132806390035
Minimal,7B2C_TP7,41,False,1.8245480360203608,1.7357318174441894,0.7554883022608397,1.0212484223793978,1.309681114119151,0.17145291959170372,5.498394506756728
Minimal,7B94_ANP,40,True,1.5613539094377338,1.4101149942201272,0.3352101507136622,0.5142820600428225,1.4356093298990258,0.04609264309056111,7.6309234628855185
Minimal,7BCP_GCO,40,False,2.0094824336144015,1.6205378590635975,0.3768733189657926,1.5776973029117438,1.1861101857928606,0.03517404837615071,2.8792532356052702
Minimal,7BJJ_TVW,40,True,1.7992248329928466,1.7150390643498277,0.28191365823622244,1.7769965285618143,0.004245755205924081,0.024550557643317105,3.6607291403535385
Minimal,7BKA_4JC,40,True,1.1393594315565396,1.1050187189587264,0.3029378389395837,0.7846128496321974,0.7686034453523474,0.07069448620452327,4.1279559580315315
Minimal,7BMI_U4B,40,True,2.2037820192822983,2.0048727826710793,0.34485723029633675,2.0865287415565748,0.6197793880750155,0.024487328144887032,2.236239025529414
Minimal,7BNH_BEZ,40,True,1.7237622324499604,1.614223272750523,0.602978198349252,1.5319842905731993,0.5106835221282284,0.12236254391904597,3.6239731893088027
Minimal,7BTT_F8R,40,True,2.2055221707167174,2.0370925387197665,0.5298392208173841,0.7143680683804607,2.0182360388430727,0.05771189716013295,6.884295857660201
Minimal,7C0U_FGO,40,True,4.755664131866488,4.2582579297764385,0.7622867368015872,4.025039421631284,2.4154332779714536,0.025692973964857795,1.8064855352440066
Minimal,7C3U_AZG,41,False,1.593518277415069,1.498813570827699,0.46572298108942023,1.5239264834895083,0.0071188665090431555,0.08541639521430257,2.7687741052457215
Minimal,7C8Q_DSG,40,True,1.923111179224846,1.7500710845395495,0.3817589572411531,1.6695806836364524,0.8747096930146376,0.039406665417827516,2.5581250530316524
Minimal,7CD9_FVR,40,False,2.7639339097069473,2.5133599485836178,1.038084136821192,1.6923885782918562,1.9228970024874974,0.14106192328515238,6.235970014446667
Minimal,7CIJ_G0C,40,True,2.184889978451174,1.5723249714855212,0.37563361081469604,1.745986650779426,1.2586398307946272,0.029557639272655152,2.253177246219466
Minimal,7CL8_TES,40,True,2.8675445272294904,2.4454141640868854,0.5453255799422754,2.806331768850692,0.22345834207692497,0.03616524396273618,1.8654080944421012
Minimal,7CNQ_G8X,40,True,1.2297236490556167,1.1958981792743488,0.3023684686320873,1.0274256691403358,0.6043095701834298,0.0604585811086161,3.674142566255729
Minimal,7CNS_PMV,40,False,1.9083897063844293,1.3888905644791498,0.4605592720847974,1.4614979348852175,1.1374797645044128,0.0582420870831027,4.267615858601811
Minimal,7CTM_BDP,40,True,2.292048288949924,2.2072478378441724,0.5424870552330907,2.131163447912697,0.6460151020399355,0.05601846869109915,3.878392953498865
Minimal,7CUO_PHB,40,True,1.2265689283388919,0.9958333885958516,0.4022358387757673,1.0433744412198036,0.5040311908801234,0.10754187609145419,3.7297443527721055
Minimal,7D5C_GV6,40,True,1.7202425536583135,1.4251485117835578,0.5362132436674035,0.7057539007272468,1.4743206002565497,0.09716183296120613,5.63828591361703
Minimal,7D6O_MTE,41,True,3.3842654023442327,3.2814555736207818,0.5669531789496641,3.167906504552395,1.0469884358471537,0.028065033260651635,1.5037605765015314
Minimal,7DKT_GLF,40,True,1.5763538122126666,1.4553776514789418,0.2934622156592081,1.446778195884987,0.5528147258979061,0.034657480022985576,2.49881705037894
Minimal,7DQL_4CL,40,False,1.7062028502748674,1.5250201281390265,0.3024475649658719,1.6790512147723482,0.020991781815703978,0.03142236422743468,2.653513377761012
Minimal,7DUA_HJ0,41,True,1.795647783759636,1.3646351527484002,0.4703888583410148,1.103905679177189,1.335843380321914,0.06862332313337025,3.7050290405224744
Minimal,7E4L_MDN,40,True,2.321612311897184,2.260666829715065,0.8266481981162279,1.9636326167132876,0.9223250131507383,0.12678329962055115,5.525359799683542
Minimal,7EBG_J0L,40,True,1.86546991259448,1.5162999573765636,0.5071841316044414,1.7682654882286637,0.30980544634229873,0.07391878446820056,3.000727387056693
Minimal,7ECR_SIN,40,True,2.114745608577591,2.0369146389593893,0.3610687040203934,1.9413811407738057,0.7568471749455349,0.029151669442070715,1.6135275133242237
Minimal,7ED2_A3P,40,True,2.5554654406281068,2.3510721741517755,0.464148113766623,2.14817257089816,1.3039650119432966,0.03298930420031577,3.0859367031238767
Minimal,7ELT_TYM,40,True,3.267533569126581,1.551329003705773,0.3904686121896998,2.855358866212036,1.5398816946142522,0.014280129362564875,1.634241275076314
Minimal,7EPV_FDA,40,False,6.404859826118248,5.9742142818485755,1.0250348953661352,5.778054354304475,2.5662464289713705,0.02561285801101397,1.4211929646331158
Minimal,7ES1_UDP,40,False,2.3686049500326285,1.3355921896655627,0.456153228091532,1.9631399853718734,1.2443050428471574,0.03708824132186431,2.09810019764937
Minimal,7F51_BA7,40,True,2.6096319281444904,1.5720800522597382,0.44459923287086484,2.0613197566069377,1.5373585084630341,0.029025446124558252,2.445984000473293
Minimal,7F5D_EUO,40,False,3.427676343533756,3.2980293094216786,1.1879349358874678,3.044615945097995,1.0334841319410872,0.12011180542000743,2.197816715104365
Minimal,7F8T_FAD,40,False,4.323035621731546,4.058966398617592,0.7573783197216698,3.1188353503074007,2.8961838900954384,0.030693619849901727,5.345806525720771
Minimal,7FB7_8NF,41,True,1.9687958668817682,1.9205394867995904,0.3936838069548594,1.9288381446415972,0.027452456498898683,0.039984689279349325,2.3010641815692408
Minimal,7FHA_ADX,40,True,1.6409974529660185,1.3694822317237199,0.4553914548632348,0.9338203082837147,1.270224742049774,0.07701120878597975,7.29517906779463
Minimal,7FRX_O88,40,True,5.082959020171985,5.057824809141269,0.5219868663283275,4.8347131671131995,1.479713047813909,0.010545955515636939,1.298183063379893
Minimal,7FT9_4MB,40,True,2.8522276689658006,2.6507832047199544,0.6981093721602969,2.567599200165107,1.0272683814016388,0.05990713629777587,1.920051610936153
Minimal,7JG0_GAR,40,True,1.834094103413943,1.7007969310798559,0.6531759395934533,1.3169982984813648,1.096712293133981,0.12682857944157594,5.139480534421239
Minimal,7JHQ_VAJ,40,True,3.640625156473482,3.6042424484299502,0.717735607945008,3.4692070991585835,0.8388141809620664,0.03886664504689183,1.3581880439102816
Minimal,7JMV_4NC,40,True,1.7935129198936195,1.402674260738355,0.31274464342781877,1.6951892678887914,0.49518958780168915,0.030406801634620537,3.004780280609428
Minimal,7JXX_VP7,40,True,3.4548111746842447,3.0595556821120624,0.9834731507390054,3.263372665363354,0.5647120163923386,0.08103569937506166,2.8607117661651174
Minimal,7JY3_VUD,40,False,3.176415735578839,2.7815502760907713,0.7863240144019188,2.614303510537246,1.6238006726197467,0.06128136084917605,4.573007400858122
Minimal,7K0V_VQP,40,True,1.2953629123662806,1.21053518647878,0.2710667489338301,0.28866765472149797,1.2333526979230582,0.04378945872231683,4.321134096794291
Minimal,7KB1_WBJ,40,True,1.2064002499972353,1.0948854241669057,0.3345558067892881,0.31421414491400584,1.1156807099134234,0.07690495234239259,9.846964163751723
Minimal,7KC5_BJZ,40,True,1.9444611383955288,1.5350982784953267,0.6403554986890863,1.3340670944132056,1.261403560179293,0.10845354457187949,5.827160834982913
Minimal,7KM8_WPD,40,True,1.6278004939668518,1.5614608904131768,0.3970626970432758,0.5457253861225233,1.4813032997049824,0.0594998436514405,8.473765513919515
Minimal,7KQU_YOF,40,True,2.5585573690365693,2.2119184568530232,0.40981720051374526,2.371382883974492,0.86879738167609,0.02565606492282947,1.717072537091771
Minimal,7KRU_ATP,40,True,1.0478961955034083,0.9665417409936967,0.18631131673611423,0.21139885370402792,1.009299288843104,0.03161126992241813,7.314296905234877
Minimal,7KZ9_XN7,40,True,2.8734530857504463,2.6831992696332247,0.45458849617073455,2.7208112444061228,0.8045297430618694,0.025028144904382325,1.315975204553126
Minimal,7L00_XCJ,42,True,4.87175352427285,4.810490314848155,0.8320509393276188,4.644963543826309,1.2107796298887354,0.029169515420179763,1.2453387977198962
Minimal,7L03_F9F,40,True,1.1107428390561092,1.0815927043978617,0.257180411833223,0.3539565339942156,1.0209420465073036,0.053610360893465055,8.703597370435201
Minimal,7L5F_XNG,40,False,2.6578658673493964,1.6996835750756076,0.9340475171083991,2.0253913262448737,1.4455435587268288,0.12350138295864907,2.780849565412183
Minimal,7L7C_XQ1,40,True,1.4798730035847234,1.435768257031125,0.45993232263483863,0.9241401771552464,1.0604014797717247,0.0965915127387683,3.7118347686782833
Minimal,7LCU_XTA,41,False,5.2470921103658945,5.041753156300527,0.7783219925828574,4.953879337643615,1.5444319339464356,0.022002966028180613,1.2389026624787594
Minimal,7LEV_0JO,40,True,2.9889656257257924,2.7927565540480237,0.2834632529330956,2.770296114478951,1.0858285012421587,0.008993975335624075,2.1258874986679537
Minimal,7LJN_GTP,40,True,1.939379424857259,1.7916046154369993,0.5235915728647884,0.9166018835906039,1.6269251382232701,0.07288862010416441,8.536880433056199
Minimal,7LMO_NYO,40,True,2.12273188897889,1.7312718253946546,0.7463613836289229,1.215066153842314,1.5724342909330913,0.12362549225272006,6.866847123322254
Minimal,7LOE_Y84,40,True,2.0827518415507273,2.012277015726725,0.2680815474115367,2.065426714967524,5.018808190302469e-05,0.01656756903914935,2.0456387473825637
Minimal,7LOU_IFM,41,True,2.003053592632543,1.925179901888502,0.44218367083294663,1.8776081324217306,0.5397082519941855,0.048732676345290306,3.8502703657084307
Minimal,7LT0_ONJ,40,True,3.73915252792921,3.6585535952231063,0.6677366198263154,3.426551896033201,1.3394519541415448,0.031890698089235135,1.4707254743613802
Minimal,7LZD_YHY,40,True,4.009311968937633,2.9195797002479975,0.7958772335605192,3.667188580912278,1.4116974907511874,0.03940510257781347,1.5725226245720325
Minimal,7M31_TDR,40,True,1.9553646682872414,1.8999896674342294,0.6372242648470464,1.8486200852817105,5.0687833045864655e-05,0.10620111653010679,3.547121639946315
Minimal,7M3H_YPV,41,True,1.6337757354464366,1.5227908098542131,0.5270593317883939,0.8979290865773234,1.2590293761412916,0.10407205513584382,5.777710428800611
Minimal,7M6K_YRJ,40,False,2.687073516902631,2.2489324625413634,1.1364983438910388,1.441935734197468,1.96202878113875,0.17888689135601046,5.0942944500050436
Minimal,7MFP_Z7P,40,True,4.765231519392245,4.052516604498463,0.6411125770381604,4.052717452637572,2.423197752157185,0.0181009172103795,1.9764834608083792
Minimal,7MGT_ZD4,41,True,2.0826729618734787,1.6211770810553727,0.4872946413417878,1.2956237854907435,1.556094343254632,0.05474457813371636,4.422161259016927
Minimal,7MGY_ZD1,40,False,3.102473226018267,3.001791542954563,0.4654742706652915,2.7608217488305704,1.336614040287218,0.022509988633295074,1.890678953057569
Minimal,7MMH_ZJY,40,True,2.7603295822365195,2.0828529768052695,0.8434767729459609,1.3549832850249013,2.252107154061244,0.09337365866214925,6.414996491072842
Minimal,7MOI_HPS,40,True,1.209428194781744,1.1447529337596036,0.36771355164826974,0.7748919597806643,0.8526697795363247,0.09243982048024352,5.7132480744965
Minimal,7MSR_DCA,41,True,3.126105033622602,2.459759079338152,0.8645254793900331,1.6066960480314705,2.5384357754266818,0.07648010284470982,3.5050347291043
Minimal,7MWN_WI5,40,False,3.6127897676356606,3.509872197118234,0.59206773243288,3.070359827493835,1.809584547639802,0.02685699418384238,3.2089082929916217
Minimal,7MWU_ZPM,40,True,1.3640601998829383,1.1463399624262065,0.5548468116588939,1.0831378421759135,0.6161312030267154,0.1654547023823182,5.869985549901171
Minimal,7MY1_IPE,41,True,1.527963812357019,1.3584315413694765,0.5344143295868138,0.997766078340461,1.0264197918580724,0.12232917641300871,7.850184117965869
Minimal,7MYU_ZR7,40,True,4.833639503768297,4.621919192253491,0.5876677885510022,4.570383918485911,1.459557556362332,0.014781389419776832,1.2065060675320687
Minimal,7N03_ZRP,40,True,2.6734254502807593,1.899298515598479,0.7420189439043857,2.1540614931470285,1.3987961284036696,0.07703601869821083,2.2512845544352547
Minimal,7N4N_0BK,40,True,1.4813340985023404,1.3810259786823136,0.3794681235434547,0.5439637799578252,1.3245595723462746,0.06562125918999362,8.679454707505062
Minimal,7N4W_P4V,40,True,3.617201798969171,3.1486073915919848,0.4086738326167102,3.435029995964959,1.057214963865509,0.012764628660474652,1.6272249003414603
Minimal,7N6F_0I1,40,True,2.2714302911200486,1.3646867454860534,0.42293782618379494,1.8584098564995752,1.2356504230023402,0.03467003110726827,2.671258264727176
Minimal,7N7B_T3F,40,True,2.164336114325786,1.9881859929235395,0.7000891851656386,0.9412295982381651,1.8188767940653314,0.10463026499538884,8.407814235138362
Minimal,7N7H_CTP,40,True,1.3314398355403625,1.2370191608538337,0.3278643570327607,0.4208859843823133,1.2198737587151274,0.060638062859995186,9.695232386851599
Minimal,7NF0_BYN,40,True,2.1571144302697305,1.8663518028639563,0.4563167481197519,1.7802254276275762,1.1294755940220813,0.04474932096287856,1.9831304728095853
Minimal,7NF3_4LU,40,True,2.5513403267786887,2.4458377285028186,0.47424432315051224,2.0688162592411636,1.4157786092839855,0.03455154680753063,1.926341493570528
Minimal,7NFB_GEN,40,True,1.645529316548275,1.2532129150955877,0.2572172396494701,1.531389851584901,0.5444732736413379,0.024433680937247668,2.5637451838900205
Minimal,7NGW_UAW,40,False,1.0496854700060005,0.9869092463074851,0.35620433480341396,0.41432638138501343,0.8962654224599855,0.1151542654226747,4.339118842956534
Minimal,7NLV_UJE,40,True,1.635117070597383,0.9369630394314165,0.4219903399147636,1.2796334262238989,0.9263208310666853,0.06660507374326749,2.4591463257280006
Minimal,7NP6_UK8,40,True,1.8113530568368081,1.3904974104828935,0.2009300771528809,1.1137679342618356,1.4142658834948647,0.012305058573022845,5.357399106896522
Minimal,7NPL_UKZ,40,True,1.7506850964921827,1.5050951064853528,0.4208717813592833,0.8239819421746145,1.4862096116313663,0.05779410557778154,4.286377355870959
Minimal,7NR8_UOE,40,True,6.215063817465492,5.763952641458712,1.0940645666793172,5.751736180693097,2.0850831846263413,0.030988083733411984,1.3396417991183822
Minimal,7NSW_HC4,40,True,0.9814488097369929,0.9405664186507824,0.2993394358941839,0.7713932104922212,0.5278164293191484,0.09302347658891712,3.462992606164077
Minimal,7NU0_DCL,40,True,2.059745166206283,1.9822823333247006,0.4490497866388529,1.8367083030416982,0.8169498444625805,0.04752936412411668,1.9291876261257577
Minimal,7NUT_GLP,42,False,2.805489187019724,2.5403124683284743,0.4859523133690168,2.615545538549491,0.8908094428045458,0.030003374957670467,1.9277418952321093
Minimal,7NXO_UU8,40,True,2.4482628514254436,1.9106909284594016,0.6199204867660156,1.6840923502436205,1.6653896047497567,0.06411444571313603,5.084946778578357
Minimal,7O0N_CDP,40,True,1.384446942865051,1.2905048751974524,0.3543029277704981,0.46773722596044187,1.2539476306578634,0.06549329627418723,7.875791850078292
Minimal,7O1T_5X8,40,True,1.628370078398676,1.5428750524169135,0.4933861828473155,0.7886137857332963,1.3365056991090103,0.0918052967944417,6.7499146751175
Minimal,7ODY_DGI,40,True,1.4599262484937983,1.3966464545517967,0.339674887051974,0.3321271729092439,1.3804699066487172,0.05413336763845464,3.6663195904281647
Minimal,7OEO_V9Z,40,True,3.5286577318340773,3.399669715470013,0.7965514987067149,2.731909505298304,2.0865285891166883,0.050957562712568606,4.2584325752430185
Minimal,7OFF_VCB,40,True,2.690371247316091,2.567039690887835,0.9078678227081555,2.0731302294226186,1.4546492761935477,0.1138730155799071,3.8473943597950413
Minimal,7OFK_VCH,40,True,2.21316246468065,1.8694365641064479,0.576026424774877,1.6096978799043506,1.4054018601324825,0.06774203231926455,2.9997790005590734
Minimal,7OLI_8HG,41,True,2.6305821748567606,2.253679431734801,0.5381422850442132,2.345401516847046,1.0627592316668404,0.04184952095623825,3.7483941694853273
Minimal,7OMX_CNA,40,False,4.913829528416515,4.300562829519387,0.757245587055188,4.294682987429912,2.2645082893872557,0.02374834397359357,1.652363692579262
Minimal,7OP9_06K,40,False,2.117283762774477,2.0000640111493984,0.5865911288935272,2.034404427999957,5.427736031861555e-05,0.07675609074815985,3.6229418461495992
Minimal,7OPG_06N,40,True,2.911160985024168,2.710083207537278,0.6571193057547089,2.556408176374965,1.2279371867056397,0.05095138675976948,2.4074394449480474
Minimal,7OSO_0V1,40,True,1.9616309150514948,1.907202092124653,0.6580058874877132,1.7342009984861597,0.638412872494656,0.11251876696252229,2.8172813607242246
Minimal,7OZ9_NGK,40,False,2.559699262864351,2.388751341961868,0.5721353479399424,2.14103251755431,1.2808985981415526,0.04995968299430965,4.548607471031354
Minimal,7OZC_G6S,40,True,2.037694355947041,1.5100720667340095,0.3608524026909829,1.7373891382527389,1.0017299107104547,0.03136036563958792,3.6994851802302517
Minimal,7P1F_KFN,40,False,2.204415559786032,2.0358994017810437,0.5530511986763206,1.8334316856901918,1.0918381683091463,0.06294246401252579,2.5673589012032614
Minimal,7P1M_4IU,40,False,2.034441835836344,1.526709382525419,0.6645807732613589,1.4260261356343138,1.2898586898185218,0.10670996793970534,4.605276296660443
Minimal,7P2I_MFU,40,True,1.7650231588034775,1.6819963147995831,0.4249231261815998,1.5799351871228993,0.6622325063296055,0.05795887133729557,3.909815611421448
Minimal,7P4C_5OV,40,True,2.061749324174814,1.9592271508157104,0.4369188369296143,1.8811121227360261,0.7220314310104081,0.04490863098586668,2.0159384556962308
Minimal,7P5T_5YG,40,True,5.1516672185010135,5.1181091718810405,0.6087394537437126,5.019243432374123,0.9880823721750162,0.013962632199775116,1.1224561062644758
Minimal,7PGX_FMN,40,True,2.0026071699492602,1.5404364810028115,0.4547416786358684,1.4562661753256734,1.297279580293297,0.051562977503989284,3.885875244625891
Minimal,7PIH_7QW,40,True,1.3882899937932907,1.3103571532729723,0.3712608107359763,0.6547758440370091,1.1665260868681262,0.07151511321808306,5.283687141495247
Minimal,7PJQ_OWH,40,True,1.5049574579374931,1.1850926000912236,0.47601898952294464,1.2274723250265624,0.7291190321951012,0.1000460874682479,4.672741112276666
Minimal,7PK0_BYC,40,False,6.617398070116657,6.154076317012333,1.5303997671976535,5.357267576316175,3.570366631971631,0.053485401590101914,2.5722414510738654
Minimal,7PL1_SFG,40,True,1.43866881250166,1.28736818306774,0.42593040068799787,0.6384543666038804,1.2168513744903837,0.08765074657245764,8.242089457037068
Minimal,7POM_7VZ,40,True,2.7392367520964642,2.3962306023271585,0.35320325797413915,2.428621977011541,1.216741852394744,0.016626095162093527,1.7489500966100395
Minimal,7PRI_7TI,40,False,2.7383555844763494,2.496654035064175,0.6357417822959369,2.3724624553076152,1.2107211039012067,0.05389913881261298,4.432745093124304
Minimal,7PRM_81I,40,True,2.0816580129508373,1.107708322127852,0.36533466813807874,1.7488333349460192,1.0683691448747727,0.03080087166609953,1.9703002609980511
Minimal,7PT3_3KK,41,False,7.172036687011944,6.792821650723678,1.3838498009166085,6.24928683905054,3.23565819758794,0.03722998886559986,1.520381941865945
Minimal,7PUV_84Z,40,True,1.7275697350330348,1.4938221305662474,0.42650609888593494,1.1124252363096736,1.2510395000305057,0.06095078696433311,4.732223725587983
Minimal,7Q25_8J9,40,True,3.7161957688708642,2.9876120508831265,0.9357933622491118,2.786135112763853,2.2741708179397095,0.0634107298124109,2.525455729670154
Minimal,7Q27_8KC,40,False,2.7965344937136036,2.185930402062666,0.7590097245436697,1.6837429211581765,2.0998855178385023,0.07366383407617545,3.2699418193020464
Minimal,7Q2B_M6H,40,True,1.2420274534263902,1.1592186928044488,0.4723721298670425,0.7105696485932275,0.9025450351577005,0.14464590444110803,5.084960348480371
Minimal,7Q5I_I0F,40,True,1.2038352381098738,1.1157394936109706,0.3057215493509554,0.3079595857511734,1.122904496527409,0.06449380503986303,7.881327718886958
Minimal,7QE4_NGA,40,True,2.0046821437703835,1.7109336079608806,0.6393676871662839,1.6704162833844556,0.9053556750600946,0.10172093033429025,5.4726626944548356
Minimal,7QF4_RBF,40,True,2.3325679784829734,1.7726818307249754,0.3956019238244805,2.034311439945393,1.0704902883341882,0.02876392655533386,2.6338184098451674
Minimal,7QFM_AY3,40,True,1.7304196507048528,1.6129219454542119,0.5834322015449593,1.406061988723518,0.8227689333055623,0.11367839010019355,3.3347113862292046
Minimal,7QGP_DJ8,40,True,1.8322986245518962,1.4642510444304768,0.2701438731707709,0.7433684250725429,1.6527988147164896,0.02173690630068156,4.245346228298615
Minimal,7QHG_T3B,40,True,3.46934098388091,3.0937604860169374,0.5676145302298885,2.7916557971386786,1.980100633253187,0.026767821995064785,2.6274900667150183
Minimal,7QHL_D5P,40,True,1.8976294457496383,1.7368775639115854,0.4484367819643072,0.6929902453044983,1.708703159085974,0.0558444005227786,3.6648397335318363
Minimal,7QPP_VDX,40,True,1.4879002911395882,1.4495982741914042,0.2749098691577907,0.30321619288183516,1.4305005349831796,0.034137601526046286,5.403275866415445
Minimal,7QTA_URI,40,False,2.9117391464325983,2.8404473517253583,1.0799026917430228,2.5501825822351956,0.8992240157482675,0.13755117885191728,2.471351002309479
Minimal,7R3D_APR,40,False,1.5998479797342415,1.5107766553671262,0.6028854520721956,0.5087740419349368,1.3918303288090204,0.1420077917334522,8.005697274407865
Minimal,7R59_I5F,40,True,1.626607276396031,1.2744153961855316,0.41292242786253525,1.5732854830538086,0.010912790878974,0.0644423727962978,3.1633283736109883
Minimal,7R6J_2I7,40,False,2.786055189161002,2.3570090754868023,0.9254738909400353,1.7703861277467645,1.9419924183479906,0.11034404796718025,7.535642772577136
Minimal,7R7R_AWJ,40,True,2.0525436925802083,1.6093396521838854,0.5600278881101715,1.224047127520034,1.5495202496578135,0.07444482054754253,6.516223874001559
Minimal,7R9N_F97,40,True,4.094324340416479,3.791520174149954,0.6750859871532289,3.6252528467828027,1.7791268958029298,0.027186525060821788,2.4375203070453435
Minimal,7RC3_SAH,40,True,1.1876368485478743,1.0802563618350904,0.35862566041868255,0.37896899070406986,1.0668886651393055,0.09118331860695347,6.924685289528391
Minimal,7RH3_59O,41,False,2.766823313482697,2.257588510465248,0.8790408464673374,1.8838780287298313,1.8258154373162598,0.1009381310206979,5.139045955597873
Minimal,7RKW_5TV,40,True,3.184960973644819,2.7494742682154705,0.6585983530673033,2.730760480148801,1.501056898666762,0.04275954255052249,3.661549551658759
Minimal,7RNI_60I,40,False,2.685118957377073,2.3469412343396114,0.7385969690869485,1.9297455493549371,1.714765420477718,0.07566377073438797,6.112842957202277
Minimal,7ROR_69X,40,True,1.95822363336137,1.33093131558516,0.3874686995234989,1.3981563002492414,1.3151679608391953,0.039151524265395324,3.861820562627706
Minimal,7ROU_66I,40,True,2.232811344478162,1.5975889631438136,0.40006147363709227,1.4553541727535415,1.6454001182662379,0.032103279553337236,4.005923739809037
Minimal,7RSV_7IQ,40,True,1.3289668345834598,1.166016330264726,0.3025624026018047,0.9559313820328477,0.8722408112438755,0.05183243772007622,3.257360075836535
Minimal,7RWS_4UR,41,False,4.933106874561716,4.837338806245784,0.9180119103957975,4.352890947664402,2.1319329177909947,0.034630246489055785,1.8745097224768716
Minimal,7RZL_NPO,40,False,1.7307071111714925,1.64312563083839,0.72662257614009,1.4926431387525567,0.4892680214749659,0.17626683977130153,3.260362236852466
Minimal,7SCW_GSP,40,True,1.2548251537077721,1.1526437183092269,0.24925969092504457,0.2280272989217832,1.2084946519551176,0.03945823661272027,4.518763042785246
Minimal,7SDD_4IP,40,False,3.5808290218606826,3.506222433460278,0.6341720037834712,3.137379924911484,1.6053066872655213,0.03136512061517543,6.512680427978779
Minimal,7SFO_98L,40,True,2.6469258594687224,2.352991258695343,0.25578740950584655,2.2612185438919195,1.3519171584907972,0.009338449476992874,2.96692921705999
Minimal,7SIU_9ID,40,True,3.3381069688414526,1.353250992847822,0.7521208987051721,3.008982569728994,1.2342188558865463,0.05076621839496433,1.4401884873753388
Minimal,7SUC_COM,40,True,1.718336334115272,1.445601067723532,0.741805578323657,1.455709217683837,0.5322733458092066,0.18636478090836572,4.288818803887313
Minimal,7SZA_DUI,40,False,1.5058927778565525,1.4742456354617874,0.4483355875094949,0.8231995875378834,1.1785799499611807,0.08863766881038193,2.8252023769556143
Minimal,7T0D_FPP,41,True,1.6859678037774901,1.5903831275913054,0.723683701052626,0.6556613000207648,1.3743644334237362,0.18424640779468016,9.243342149090335
Minimal,7T1D_E7K,40,True,5.274735859074385,4.556694206742246,0.4256947649522704,5.145097899965163,1.0814758202897985,0.006513211571485803,1.0990385707651522
Minimal,7T3E_SLB,40,True,1.6815783703780107,1.3547540726408518,0.378373880935756,1.082832101118616,1.2296396475129714,0.05063001708958602,8.470676292755202
Minimal,7TB0_UD1,40,False,2.7174099512523333,2.3114629321730695,0.5748723169143627,1.660418835778804,2.072883969787427,0.044754062938181224,7.055278035133006
Minimal,7TBU_S3P,40,True,2.7805891636624307,2.7177819645137236,0.738214141157574,2.4926020530412196,0.9867375456759601,0.07048408538622616,3.1181030089390775
Minimal,7TE8_P0T,40,True,2.9652459650877407,2.2926604032777886,0.5211857530032469,2.5268658439321543,1.4615054057733092,0.030893251759859904,2.3313596315340113
Minimal,7TH4_FFO,41,False,2.607422052735388,2.416504126278179,1.0071383820948134,1.4305269873564121,1.9333687125965535,0.1491954662076624,9.086030889391397
Minimal,7THI_PGA,40,True,2.3212916985983707,2.3039697680581526,0.43007547627055426,2.1809748904441615,0.6684151119958637,0.034326531395896594,1.7078974624680263
Minimal,7TM6_GPJ,40,True,1.1241861902207924,1.0917191554493784,0.28045127733762526,0.547410487576527,0.9410012908673734,0.062235524320992906,6.338725667169277
Minimal,7TOM_5AD,41,True,2.9955130247942208,2.9788430758762705,0.43428685352137936,2.766436178604815,1.063637193913747,0.021018946323801916,1.6864072560200727
Minimal,7TS6_KMI,40,True,2.424879648413652,2.0497303012079016,1.3634294794556088,1.6659179313895704,1.1161625373200885,0.3161440281909904,5.359074319444507
Minimal,7TSF_H4B,40,False,2.9305900170241777,2.734334583353159,0.7736156975339895,2.7105396319643624,0.8017802092601598,0.06968517824610795,2.3717757535247035
Minimal,7TUO_KL9,40,True,1.3667788017780127,1.287020179049372,0.481139111724729,0.639255702833779,1.1081252612195833,0.12392098456155302,6.881092436107715
Minimal,7TXK_LW8,40,True,1.3165564500030384,1.1177252065961907,0.4691037184589199,0.6883249995894664,1.0195446445903085,0.12695762247125136,5.791002793413783
Minimal,7TYP_KUR,40,False,2.818945498987035,2.3653476560162114,0.5978997115926018,2.041335590927005,1.8498428761252785,0.04498661634952972,5.409546225915192
Minimal,7U0U_FK5,40,False,3.88127050033366,3.6914633864413138,0.6771416593487223,2.9847080898001463,2.386892852353519,0.030437658777649142,5.209647894546478
Minimal,7U3J_L6U,40,False,4.8570832587615245,4.557427916858384,0.8424348075046642,4.128460468588055,2.4160661284310376,0.030083025306968842,2.0355271968718043
Minimal,7UAS_MBU,42,True,4.408720447160984,4.271001590299216,0.8208184583585012,3.8054297568242337,2.0692456126593517,0.034663236109924764,4.252601780731209
Minimal,7UAW_MF6,40,False,3.545074076272925,3.4461888109791134,0.5924231786710137,2.901607382604996,1.9486558395078004,0.02792630360464237,7.579770577426034
Minimal,7UJ4_OQ4,40,False,4.024217082663327,2.5807724618325536,0.8685039808186052,3.1637120586878926,2.3304398669380832,0.046577998889930736,2.383831803188428
Minimal,7UJ5_DGL,40,True,1.2559674437081136,1.0828804222817516,0.2697828034786056,0.8153630477732883,0.916435790946519,0.046139380874525904,7.954879885306373
Minimal,7UJF_R3V,41,True,1.2173569362218213,0.9810822439595882,0.24109207236631136,0.5967389668251595,1.0333126962744328,0.039222023081153336,6.707963900635752
Minimal,7ULC_56B,40,True,3.2524348635456177,2.4522015200510854,0.6232770810004605,2.669176214735448,1.7508159687977187,0.03672358740590695,2.312445620343062
Minimal,7UMW_NAD,40,False,4.017372382900367,2.5844043741534963,0.6077937607510108,3.5732139312879947,1.7326308921787437,0.022889077818656556,1.6187591938338743
Minimal,7UQ3_O2U,40,True,1.5974465345027415,1.2815507317666441,0.3042742228719811,1.4525415073464125,0.5910801953426303,0.03628086732958617,3.444328373365431
Minimal,7USH_82V,40,True,1.8200322766911066,1.1534406366555943,0.5302575558830326,1.4636266184948883,0.9429430175040185,0.08488198977752556,3.4681429499451704
Minimal,7UTW_NAI,40,False,6.078106532372074,5.90687393438585,0.6010218397976262,5.767639900512616,1.8211210132677,0.009777861730765698,1.172527833837171
Minimal,7UXS_OJC,40,False,2.847694111649656,2.324240071392713,0.6089946795152542,2.432581807186475,1.3494565517983967,0.045734119521393224,3.8364032406218604
Minimal,7UY4_SMI,41,True,3.074069756730756,2.813048890566138,0.8409403059773983,2.8577101214336746,0.7590896738099288,0.07483467907902167,3.7688068132173105
Minimal,7UYB_OK0,40,True,2.6789034795879996,2.004942682808651,0.7596441229202586,2.0179592403428415,1.5897500318529147,0.0804092908086952,4.252084398053121
Minimal,7V14_ORU,40,True,1.3037583167950326,1.05120849148317,0.3605014529125376,0.5318578570759318,1.134438923400799,0.07645745804031887,6.1767869071117945
Minimal,7V3N_AKG,41,True,1.0341010996626616,0.9435951870861715,0.42092437913000935,0.5131671855445065,0.7929988594303727,0.16568460626154183,6.013004867236067
Minimal,7V3S_5I9,40,True,2.1377567049005557,1.047379744511253,0.3516042158909464,1.7799716105736865,1.1305216805823364,0.027051515043280787,1.9307744558558877
Minimal,7V43_C4O,40,True,1.920080655193596,1.8159598511680184,0.509955763527231,1.8511053821670167,0.00798159171664771,0.07053847477362982,1.6969651540518298
Minimal,7VB8_STL,40,True,2.866439596326427,2.0847358782668235,0.34683935037640445,2.760559350286167,0.6895581904133261,0.014641013442274637,1.5351543967904433
Minimal,7VBU_6I4,40,False,2.1414498627345653,1.504136146418467,0.5962645464784141,2.0236300186586407,0.3676923344352026,0.07752863770551514,2.09632423067119
Minimal,7VC5_9SF,40,True,1.3834648657005606,1.3549223876678915,0.38411467152468803,0.4216321094616517,1.2604195008084684,0.07708777711889311,4.296717934341631
Minimal,7VKZ_NOJ,40,True,1.4796174825752701,1.4214106935068496,0.3142703246860714,1.326057671340364,0.5762578503096183,0.0451136369447883,2.6871628211966767
Minimal,7VQ9_ISY,40,False,1.6835893455300184,1.6134201756888682,0.6580515559137164,0.9349608279921939,1.235835540944621,0.15277331530380261,9.568438809535527
Minimal,7VWF_K55,40,True,3.211466661893932,2.942449693953373,0.554780061636252,2.689088687957352,1.6656948195773549,0.029842475980980863,2.0515109394244235
Minimal,7VYJ_CA0,40,True,1.463818179962774,1.2921005010376148,0.43726677959546273,0.8036625264363957,1.1426670429541632,0.0892316029765947,6.716090896771883
Minimal,7W05_GMP,40,True,1.7116912779890634,1.5973547497172662,0.5221146393163584,1.1579441029791468,1.1473660222140103,0.09304239163174358,4.406444811556059
Minimal,7W06_ITN,40,True,2.0513003778646546,2.0231445006779514,0.47580656164976975,1.8041167572047827,0.8524107475223417,0.05380248483818876,2.0854788946192357
Minimal,7WCF_ACP,40,True,1.7196593959268849,1.5964650793790771,0.48785668402748505,0.743227325393023,1.4720181509201775,0.0804821640060003,8.1885640051053
Minimal,7WDT_NGS,40,True,1.3771358884972735,1.2398257520289162,0.4031533960074017,0.6785122765717365,1.128535194496084,0.08570122948674794,7.241534461314797
Minimal,7WJB_BGC,40,True,2.2348954613715706,2.1699953043003695,0.25386236220401664,2.1541700940513486,0.5383891066972337,0.012902747743638325,2.745390709008143
Minimal,7WKL_CAQ,40,True,1.193741315199428,1.1728588332098084,0.2298964174066904,1.171190816938706,0.021864016009771052,0.03708890034061744,1.6668679726350184
Minimal,7WL4_JFU,40,True,3.102697294238012,2.9688187740413077,0.8474381544608665,2.3967355929701957,1.7788303942269617,0.07459972268471801,2.2790807647055638
Minimal,7WPW_F15,40,True,2.0806198284075563,1.4785548874313887,0.36663741708738257,1.7097165448911227,1.1275749247299456,0.031051894600087334,3.696928980277204
Minimal,7WQQ_5Z6,40,True,1.9106957409187237,1.8810708476674467,0.16442278769273602,0.27768197156808333,1.8832461559547553,0.007405270775334887,1.8375846513832343
Minimal,7WUX_6OI,41,False,2.685249572916831,2.2710690975636174,0.6842666942379405,2.2000917435502574,1.3791086541562607,0.06493539568472602,2.8532313680917976
Minimal,7WUY_76N,41,True,3.5888036211058805,3.255363376212434,0.4643267410072126,3.2033985928008106,1.5498869520355631,0.016739712804458302,1.607285926667478
Minimal,7WY1_D0L,40,True,2.9132078005239466,2.2214330393301323,0.6189126334166065,2.026524407974518,1.9992312685415914,0.04513524114425301,2.6763693634876864
Minimal,7X5N_5M5,41,True,1.9073058070298665,1.7402389433764305,0.44178021795633415,0.8731633390017011,1.6371412474113847,0.05365026459271646,4.297758114076431
Minimal,7X9K_8OG,40,True,2.0072631802095464,1.8695049200002718,0.5529219473025406,1.2211631512743226,1.4940359275418627,0.07587854965184113,4.956244419682271
Minimal,7XBV_APC,40,True,3.673985370106187,3.072621684091226,0.8334186716948284,3.0215296863180208,1.916752506747715,0.0514578464731875,3.1471247002417866
Minimal,7XFA_D9J,40,False,2.29264038543906,2.1928297155382133,0.7727597247341363,0.8886924960011566,1.9670454982857457,0.11361013647401802,8.411480292623345
Minimal,7XG5_PLP,40,False,1.6980630050385705,1.5747979912499028,0.43124162056003035,1.2521449061114156,1.0628178432246111,0.0644961421817516,4.084580141335324
Minimal,7XI7_4RI,40,True,2.4510252751766353,2.187791690984734,0.678129554959954,2.0259716714122926,1.2012926341568055,0.07654728045226608,4.74159785163504
Minimal,7XJN_NSD,40,True,2.889704665353467,2.790968296931732,0.2647941270867343,2.803236311066692,0.6497255632520343,0.00839672208180959,1.1529851996534988
Minimal,7XQZ_FPF,40,True,1.6725762550573533,1.564414129842574,0.5649053798548953,0.6835795797386478,1.4181368759597963,0.11407213435849263,8.85623568846791
Minimal,7XRL_FWK,40,False,2.1168870769669472,1.866998507854217,0.8549711457529314,1.6095103413860286,1.0768991120485778,0.16312012019337221,6.3160411994196055
Minimal,7YZU_DO7,40,True,1.4140192464291188,1.0896852813032505,0.24551115815745034,1.0067942208393579,0.9620499453649123,0.030146148110188363,5.918797698330396
Minimal,7Z1Q_NIO,40,True,1.6381591975721954,1.435702937269669,0.4010516517420755,1.4928759759636305,0.5422586556395116,0.05993609024010815,3.253158236232339
Minimal,7Z2O_IAJ,40,False,1.272516480412507,0.8652886766132566,0.3272218195262119,1.196807452839858,0.28262341476664804,0.06612378105657518,3.279075276341407
Minimal,7Z7F_IF3,40,True,2.2695356687284955,2.1457934736851216,0.35477640262382854,2.184327944543169,0.5036241519824152,0.02443629875821173,3.3987110530545026
Minimal,7ZCC_OGA,40,True,2.435584909635562,2.404291771988197,0.44368399672556447,2.225966898290364,0.8833400991745333,0.03318493563301225,1.791739194628711
Minimal,7ZDY_6MJ,40,True,1.6878581468275657,1.5279712471020472,0.3903269750089151,1.5634811825211758,0.502032437492599,0.053479242013303,3.9232149062493127
Minimal,7ZF0_DHR,42,True,1.6661267844200585,1.3389396500684576,0.5671760764159111,1.3362609460974757,0.8177386159635949,0.11588299624427574,5.127251589631732
Minimal,7ZHP_IQY,40,True,3.3143028337079774,2.5630152515814513,0.5526120247692765,3.1203362485110833,0.9709402246446017,0.02780073547632179,2.2772153627141507
Minimal,7ZL5_IWE,40,True,1.5659207950447114,1.377977559770205,0.4490912207801943,0.9040634455533922,1.1971191662427532,0.08224879565528777,3.2250315639133085
Minimal,7ZOC_T8E,40,True,1.521930197944278,1.1799436045841196,0.3998975870046701,1.0985215184529815,0.9744762289652366,0.06904116300676076,4.878541174457327
Minimal,7ZTL_BCN,41,False,2.563174963515233,2.5021370724965664,0.9314476263526669,2.1978317073830684,0.9337060559806416,0.1320566804087016,6.530140150510525
Minimal,7ZU2_DHT,40,True,2.1325444547101795,1.3704459243445795,0.17298101619616216,2.116417492962283,0.1964698827660951,0.006579618330167641,2.05908802525391
Minimal,7ZXV_45D,35,True,9.10452094175604,8.882762705548117,0.3983494130828932,8.972197937245397,1.4944174446453165,0.0019143183610663167,1.0587451827764842
Minimal,7ZZW_KKW,40,True,3.9043493053518676,2.9958765892023664,0.7477028641805672,3.5749178655267433,1.3801616498930487,0.036674209214287504,1.4029679832527893
Minimal,8A1H_DLZ,40,True,1.6304641884100757,1.3250070631028275,0.36718398654477463,1.2015781921126392,1.0391338883667183,0.05071599339690018,3.6683431912930144
Minimal,8A2D_KXY,40,False,4.683566564116072,3.3369001980899937,1.7954204517970713,3.474747510366077,2.576507500664334,0.1469531643130524,3.501932420196043
Minimal,8AAU_LH0,40,True,2.2294048933581667,1.858310128110079,0.33907935770360276,1.5969895794690032,1.518188279093231,0.02313261892687739,3.298758013280909
Minimal,8AEM_LVF,40,True,1.887728015525266,1.7045894762179499,0.6778392847689817,1.6729778492068776,0.5524455454485666,0.12893612915631647,4.49607003513375
Minimal,8AIE_M7L,40,False,2.717109870650932,2.6702064984653178,0.5296931195936099,2.26123319052292,1.4102963186229518,0.0380044334914719,2.2451427260155548
Minimal,8AP0_PRP,40,False,3.3516083737204703,3.192511355767259,0.596013799051073,2.9441389968437486,1.486637753253215,0.03162322047172589,2.0966757543569376
Minimal,8AQL_PLG,40,True,2.5327996982909218,2.3620554709923525,0.3196619523923504,2.20795747129801,1.1990889678395817,0.015928695264140515,2.0358049877282953
Minimal,8AUH_L9I,40,False,2.327131274631879,2.248462207721661,0.9121142863589081,1.9284031780057185,0.9299724087558827,0.1536231799756866,5.752699474361991
Minimal,8AY3_OE3,41,True,2.1109282448106863,2.005532939245009,0.3709239124838202,1.3546847457419355,1.5758371570506033,0.03087612015080741,6.177575447292418
Minimal,8B8H_OJQ,40,True,2.1812144627000944,1.6476346533989923,0.6631712622313114,1.6894518643929552,1.2098151954500154,0.09243887668421659,2.8655227027448937
Minimal,8BOM_QU6,40,True,2.0966942773452937,2.0521785132071595,0.2682950931766919,0.7307030320547191,1.9468481488230802,0.016374017124709893,1.733952635818708
Minimal,8BTI_RFO,40,True,1.4199517445659895,1.2325773486374778,0.4186550259798574,1.130454536531096,0.7503755506105373,0.086929152856145,3.428327732413128
Minimal,8C3N_ADP,40,False,1.5560138106388803,1.3631568351648713,0.6347026215426819,0.8603079655688157,1.130575855696831,0.16638481553988804,6.405289221315705
Minimal,8C5M_MTA,40,True,1.5127177000648597,1.4021591802631732,0.555198876659583,0.9852832327969379,1.0046322703430701,0.13470427549733685,2.9840100917794876
Minimal,8CNH_V6U,41,True,2.0262171834051697,1.7867038947324227,0.4887512568054484,1.3935348167218156,1.387349630728163,0.05818402835189611,3.5463871741312785
Minimal,8CSD_C5P,40,True,1.7022544023946728,1.2452832943629726,0.6784419981050546,1.0953000110174667,1.1125216364387722,0.15884608557064542,5.435923545390321
Minimal,8D19_GSH,40,True,3.1489586430217447,2.700287601370326,0.7829758238427068,2.7424065643658273,1.3349515461103458,0.061824810115568396,3.253331188082887
Minimal,8D39_QDB,40,True,1.6175341154699414,1.277566072490727,0.4846349284997382,1.2168619879111267,0.94910089198365,0.08976820151711874,6.074746481824903
Minimal,8D5D_5DK,40,False,3.6269351515321797,3.158476807507652,0.6619850705721589,3.0262281843468797,1.8863661723069354,0.03331323504508399,2.573466694463798
Minimal,8DHG_T78,40,True,3.0192009381659766,2.2475567372057914,0.8172137480692819,2.2832694925323724,1.7984483366112667,0.07326343768219759,3.543226566711433
Minimal,8DKO_TFB,40,False,1.3563667415909257,1.2145093887777978,0.44327535676264324,1.1447661085024068,0.5768433518774336,0.10680532639213457,6.741032033353458
Minimal,8DP2_UMA,40,False,3.1675484984925752,2.7225573328352666,0.7066450737462651,1.9018510163481686,2.4324841092324,0.04976868033660824,7.706828053479282
Minimal,8DSC_NCA,40,True,1.1847645699080223,1.0918261932472069,0.6307515705406754,0.8633398201356313,0.5103566373997585,0.28343440383878715,3.212809500418659
Minimal,8EAB_VN2,40,False,4.371039900603754,4.2239395060264,0.6764698849293468,3.242689700827443,2.8519014379184595,0.023951206386222404,3.571149676911527
Minimal,8EX2_Q2Q,40,True,3.006172195927596,2.7563339871979005,0.5643470524521782,2.75361857589342,1.0659120106516191,0.03524234633552873,1.916913089841932
Minimal,8EXL_799,41,True,5.120772263173864,4.850690930484354,0.7656860626921277,4.8020755747197,1.6050244855983555,0.02235787688208544,1.3029786541873534
Minimal,8EYE_X4I,41,True,3.150427326513718,2.4439269810321846,0.46659736677476593,2.7768521835160596,1.4130007741913373,0.021935403892530136,1.5997704068684002
Minimal,8F4J_PHO,40,False,5.603973493799068,5.433960528053898,1.136881876682957,3.989483362839189,3.767763396937458,0.04115651014605585,5.596496255749878
Minimal,8F8E_XJI,40,False,3.528451111795767,3.1388966358042656,0.5355052391720421,3.097923482956831,1.6018962141464386,0.023033463097592306,1.856701495383568
Minimal,8FAV_4Y5,40,True,1.8868672764365844,1.4830907193312974,0.273497119026465,1.1284562102248445,1.48729755811553,0.021009842971926464,4.279908412718221
Minimal,8FLV_ZB9,40,False,1.6480859632838007,1.5871015507242128,0.41992194798817084,0.5485003055764668,1.4963289460387497,0.06491983805804767,6.228434884409679
Minimal,8FO5_Y4U,40,True,2.773847921278523,2.72798441512977,0.3799443487769447,2.5472888520769374,1.0301427504468519,0.0187618078996657,1.4631916426280316
Minimal,8G0V_YHT,40,False,3.0703163356458223,2.6152444713875838,0.6553869238572875,2.5615577779381873,1.5606832257876189,0.04556478210780093,2.9654300825358058
Minimal,8G6P_API,40,True,2.904359748335141,2.826188455024909,0.7475239144067599,2.557141007907444,1.156522118602778,0.06624442937447561,2.0484644032844854
Minimal,8GFD_ZHR,40,False,4.074097741000651,4.0157079116005505,1.1741580959900446,3.539733710621452,1.6400946395674028,0.08305968241074088,3.3789357029202014
Minimal,8HFN_XGC,40,True,3.4648182578065065,2.9282998650362813,0.9094145157270414,2.9945213798953527,1.486866673096111,0.06889105656381292,1.9497135352721218
Minimal,8HO0_3ZI,40,False,3.604596411090966,3.493410120188344,0.522921064757198,3.361376200435096,1.1919810762053178,0.021045487085268343,1.5066775255744158
Minimal,8SLG_G5A,40,True,1.2568943656937783,1.1931723912550671,0.3326908752737351,0.3431294346852471,1.1624811478363615,0.07006227260750676,6.0022047097929185
Separate,5SAK_ZRY,40,True,2.189133049117286,0.9817949741968892,0.36979545413624054,2.0303281930000563,0.7302891602282233,0.028535062044290824,1.5990104948047035
Separate,5SB2_1K2,40,True,1.1944010475888842,0.9174225739970758,0.28542551652968284,0.4857663634551101,1.0531653132964385,0.057106460099674704,6.164791533697395
Separate,5SD5_HWI,41,False,2.5049059595050767,2.3439170222205106,0.8941157317926622,1.7341081260192746,1.57098056366043,0.12741032413087716,4.667015963574562
Separate,5SIS_JSM,41,True,1.7506972967485708,1.5480840971774232,0.5508675285944431,0.8203038362752311,1.4451946605821455,0.0990084414675869,7.41748201179764
Separate,6M2B_EZO,41,True,1.6763042199843514,1.6095206002070945,0.5759587251214109,0.7330476772169484,1.3931649176679337,0.11805300512010139,5.3972323531380395
Separate,6M73_FNR,40,True,2.5092714983881836,2.413645505347915,0.42255752536548263,1.9092102220778906,1.572515474738984,0.02835805063390339,1.8273851422626657
Separate,6T88_MWQ,40,True,1.3504017596602655,1.1046739495974687,0.5320098494857156,0.9700393434556747,0.7743217061995689,0.1552077328621878,5.086868073527417
Separate,6TW5_9M2,40,False,3.729394657976156,3.3905524769833106,0.5892316196352371,3.2716723601687545,1.690369953906817,0.024962920834191164,2.584447522247617
Separate,6TW7_NZB,40,True,2.3611318080310686,1.9847541228301926,0.5717634570859205,1.6467716625394044,1.5925366732023556,0.058639779192258955,5.071031050428873
Separate,6VTA_AKN,40,False,4.73900702980634,4.579836619300855,1.2002986217627456,4.137012588106987,1.9754993528201141,0.06415107065780246,3.7819710874667267
Separate,6WTN_RXT,40,False,1.760898058305821,1.6799681191683036,0.3729708096210886,0.8689071469375326,1.4854814428045466,0.04486227130524185,2.779631570957473
Separate,6XBO_5MC,40,True,1.4441508006870731,1.2226239808359738,0.36603261981412394,0.7710810099338383,1.164914474318409,0.06424132498526525,5.39281432743089
Separate,6XCT_478,40,True,3.4693140647799177,2.9304999425244147,0.5180159491311171,2.803951601558707,1.9762730005345686,0.022294566345096408,2.9879372971819707
Separate,6XG5_TOP,40,True,1.8896037002795942,1.8413924313555567,0.6931862220882331,1.0941504208467083,1.375837876415077,0.13457313895516135,3.5931755313827076
Separate,6XHT_V2V,40,True,3.839925360085602,3.3270032063332335,0.6541380662269823,3.459782468968552,1.532003730008263,0.02901972416407678,1.4099075782145747
Separate,6XM9_V55,40,True,2.260640935218119,2.1664068094293354,0.43812099666209997,2.184452728278743,0.3830322547556753,0.037559945982854906,2.841153988523599
Separate,6YJA_2BA,41,False,4.566880136714368,4.478112445362838,1.2352156706634978,3.872740290987756,2.0814704102205352,0.07315539491902259,3.576357657082473
Separate,6YMS_OZH,40,False,3.618418238969285,3.3897952700412812,1.0161221982532644,2.692309973137351,2.19360735749762,0.07885956016361806,3.4046429040219195
Separate,6YQV_8K2,40,True,1.2057946755769084,1.1572877716771446,0.4312687305859482,0.8000229693855051,0.7924085626266325,0.1279231713052118,3.8332808030337535
Separate,6YQW_82I,40,True,1.739807099518627,1.6217362154794723,0.315770856089206,1.6882581276975628,0.27749234988234944,0.032941387790598756,2.581477106387937
Separate,6YR2_T1C,40,True,3.197792337612116,2.346199669298754,0.875224764477869,2.4432020806314525,1.8683203791998741,0.0749098073117263,4.121007680651763
Separate,6YRV_PJ8,40,True,3.5329273591220027,3.391917019966864,0.6543724945088791,3.246413404625763,1.2305171146835612,0.03430683521134591,1.937384096200045
Separate,6YSP_PAL,40,True,1.1274411772116515,1.038260427387703,0.30058780285555803,0.4213586204653771,1.0016124469106686,0.07108122817618687,9.081440297189436
Separate,6YT6_PKE,40,True,1.768668812595332,1.5776485081998226,0.28903114082624476,0.6884845329953021,1.6033213701894895,0.026705224819379304,4.755822422619001
Separate,6YYO_Q1K,41,True,3.7026230434951923,3.634100954043961,0.507184114865549,3.553205720157808,0.909346351005757,0.018763432378261793,1.2716384498399276
Separate,6Z0R_Q4H,40,True,1.717440133263998,1.6131794453852564,0.2822979665706821,1.6940576445380207,0.008784440688542738,0.027017943250825276,2.93990608956957
Separate,6Z14_Q4Z,40,True,1.2154694012245322,1.021416570089323,0.3212934562817355,0.8351077768670184,0.8226368465367238,0.06987401528164072,5.0657130973575875
Separate,6Z1C_7EY,40,True,2.1747500709547807,1.6648374679486369,0.4513663130753737,1.787996407448577,1.1527684804372251,0.04307641763974383,2.64305936459939
Separate,6Z2C_Q5E,40,True,2.094846281064832,1.8991212341090031,0.6198148822197413,1.5885964756474313,1.2167874467755844,0.08754264804277465,5.800321690364512
Separate,6Z4N_Q7B,40,False,2.772688338713005,2.5901041504356677,0.8857116823367647,2.380554714857283,1.111878900320543,0.10204286279433815,5.728237576471878
Separate,6ZAE_ACV,40,False,4.370561332852117,4.226919978774003,0.6422840547984261,4.025986147584237,1.5750279669369682,0.021596324409453718,1.4520742948081322
Separate,6ZC3_JOR,40,True,2.378493862468752,2.250950764489039,0.8045946227865273,2.0557428434383866,0.8853145816241734,0.11443270957026873,4.354365277381472
Separate,6ZCY_QF8,40,True,2.4059629299580494,1.411612446980109,0.48930593536755634,1.860260115840661,1.445223035852561,0.04136024517065397,2.6025417032886144
Separate,6ZK5_IMH,40,True,1.716129697589075,1.3917656258749906,0.3325697730035713,1.2898867989367602,1.0819845336048943,0.037554789699068114,4.703464539958201
Separate,6ZPB_3D1,40,True,1.2247926017178834,1.1232352142091382,0.4009416565477261,0.7794063679720503,0.8555047742895676,0.10716112198296916,3.2243382668642764
Separate,7A1P_QW2,41,True,2.2896634422438886,2.1868389109859825,0.35604693224711786,2.0416639741680744,0.9733434529341491,0.0241808295778303,1.997076026337986
Separate,7A9E_R4W,40,False,1.5874019756242155,1.5211373203559821,0.3474636531273661,1.4969053398968741,0.3979804585143233,0.04791206947296184,5.539769321489543
Separate,7A9H_TPP,40,True,1.5756212837285446,1.473504853872759,0.45326384443707035,0.5384405591814653,1.409686518802271,0.08275580710346149,8.945197071714945
Separate,7AFX_R9K,40,True,2.616899927766687,2.3476796496590993,0.8922130102392302,2.2597540920257804,0.9724364348778199,0.11624194637225832,2.562729692024789
Separate,7AKL_RK5,40,True,2.9438299722626557,2.4438895135890255,0.4931847929564205,2.7495758618849493,0.9288359625510425,0.028066865177291303,1.590598009429974
Separate,7AN5_RDH,40,False,2.5754054737272742,2.2721142539134105,0.24777258403115943,2.4056861352449106,0.8854356664362089,0.009255827912341226,1.4152848144065695
Separate,7B2C_TP7,41,True,1.5478506262071348,1.3149596541475213,0.6231538336711628,0.8461174453634226,1.1364885082051766,0.16208112703784608,6.190568482785974
Separate,7B94_ANP,40,True,1.4298654622007156,1.3259728577703274,0.37418484205531943,0.3799318961869966,1.3267074652048412,0.06848288204706332,8.960816214504527
Separate,7BCP_GCO,40,True,2.1311772569345075,1.7770492226725612,0.37696450596179004,1.772269749710623,1.1219956309988566,0.031286845264583474,2.622092295635851
Separate,7BJJ_TVW,40,True,1.7720205102497832,1.6613397313406622,0.28069320035740825,1.7496428152923773,0.004246753440246953,0.02509148099436106,3.4711824758224257
Separate,7BKA_4JC,41,True,2.060350373010448,1.6344023207397147,0.6251402666110688,1.790081697580833,0.8061332536323367,0.0920603848344565,2.6284353783208987
Separate,7BMI_U4B,40,True,2.2738804266126014,2.100026691545346,0.38890328256998735,2.159433559300838,0.5967689119780866,0.029251488532198163,2.3863402205339534
Separate,7BNH_BEZ,41,True,1.834708517236448,1.6515033425330954,0.5447811604608067,1.6701410035611974,0.5291482388239973,0.08816780051188192,3.4482697259628217
Separate,7BTT_F8R,40,True,2.0659651541849526,1.8017562784499415,0.620768997522367,0.7008208176949532,1.8416590486588198,0.0902846781350439,5.359857087891867
Separate,7C0U_FGO,40,False,4.516827350516056,3.8618372936431737,0.5806645316627497,3.8784330479409395,2.2410522324743636,0.016526603854783762,1.92487888997549
Separate,7C3U_AZG,40,False,1.605963169710608,1.456271057831707,0.42394618672338824,1.5489789665146685,0.007175968561176904,0.069686764999282,2.847313288043683
Separate,7C8Q_DSG,40,False,1.9821639057867568,1.8882025936145928,0.42959329910748634,1.7179313108276946,0.8905814718730654,0.0469716558086086,2.870030985062604
Separate,7CD9_FVR,40,False,2.3152244033020297,1.9440315001510053,0.8868443835509989,1.2722562866542069,1.7190506153333989,0.14672653345290376,6.658761145130707
Separate,7CIJ_G0C,40,True,2.883636307247248,2.7929770677684207,0.515252742432368,2.5623879266924487,1.2182122462983385,0.03192711334022917,1.42169373167491
Separate,7CL8_TES,41,True,2.374590974506719,1.584066714047659,0.5680982233435844,2.2945923380264817,0.2253723743336737,0.057235994938592646,2.382546368397564
Separate,7CNQ_G8X,40,True,1.2130273856567635,1.1550898970588481,0.287262056414255,1.0124321582076912,0.6032388203065616,0.056080944433210135,3.8761971075133044
Separate,7CNS_PMV,40,False,2.0156913195725776,1.3972543151266201,0.4333738303413013,1.5872339262148576,1.1644256448773858,0.046225041947044736,3.2254659318771846
Separate,7CTM_BDP,40,False,2.2151663154366568,2.0949711907098494,0.4234437676362719,2.0682583630676663,0.6707939507001164,0.036540864077165745,3.461574686418043
Separate,7CUO_PHB,40,True,0.9806417678441073,0.9403783657877023,0.2727350604848336,0.5740217099574402,0.7468419780116049,0.0773501513053682,2.3213335604981267
Separate,7D5C_GV6,40,True,1.9489423302049267,1.7325744343842227,0.5351223488754737,0.8453339503874051,1.6725521787140243,0.07538903802594475,4.785238434940785
Separate,7D6O_MTE,40,True,2.6268121251679135,2.123299713597397,0.515992234939197,2.223668799222722,1.2996888188235676,0.038585870956981294,2.388238534455574
Separate,7DKT_GLF,40,True,1.3265625895082276,1.0717972674241703,0.23458469823601544,1.1712695924265857,0.5769452877813906,0.031271151165220785,3.5897655445764403
Separate,7DQL_4CL,41,False,1.6188366224040505,1.3913972621558044,0.2414178134192988,1.60059885637211,0.020802653212803786,0.022239887329828657,2.17227780822511
Separate,7DUA_HJ0,40,True,1.597591790633639,0.9916914228626191,0.3727744270450032,1.195300509628839,0.9922678306396435,0.05444532346325089,3.2256402720531065
Separate,7E4L_MDN,40,True,2.276790262252473,2.229438310792833,0.7383987600373058,1.9291719195716979,0.9575159916153396,0.10518065400281694,4.885078394575594
Separate,7EBG_J0L,41,True,2.2374735470766023,2.1711113486028246,0.6609963867608445,2.1207808860090758,0.2676940120645601,0.08727349172059438,1.315628925167267
Separate,7ECR_SIN,40,True,2.189550243074815,2.128039796497575,0.36470184422866525,2.048162616270424,0.6827537836420124,0.027743809153612443,1.5140097225427125
Separate,7ED2_A3P,40,True,2.4512952672358255,2.426486911373136,0.44429086292277903,1.990370140397282,1.3601032389164414,0.032850615437891376,2.7211839324657796
Separate,7ELT_TYM,40,True,1.4083718205458928,1.2999096067321312,0.24956299015407368,0.3227004372188864,1.3479962635971399,0.03139971507523353,6.718850662385741
Separate,7EPV_FDA,40,False,6.376101642360216,6.013986198621195,0.9365644097078235,5.718155700969937,2.660867272082973,0.021575697135497562,1.493202178767983
Separate,7ES1_UDP,40,True,1.6298119582438408,1.1208360799547168,0.39162636283718033,1.1443410556649296,1.0924281942009824,0.057738944232491436,3.7184297358065512
Separate,7F51_BA7,40,True,2.4065139800542514,1.4064526093163898,0.4331298295552249,1.855371272730399,1.470137927975738,0.03239361461824841,2.3797832503798957
Separate,7F5D_EUO,40,False,3.396689008766027,3.1516238013406794,1.1848486493694215,3.046896181454443,0.9219834921503354,0.12167859428655974,3.1020545542049716
Separate,7F8T_FAD,40,False,4.5417925857047,4.27996313082729,0.9198516519599055,3.360986912623146,2.9129915556219443,0.04101861490668629,4.576012703758051
Separate,7FB7_8NF,40,True,1.829918331119657,1.7147619514838373,0.3410834536447874,1.7976409954529124,0.027386633319135604,0.03474224576943949,1.801307487766253
Separate,7FHA_ADX,41,True,1.9722825917368738,1.5336643511242667,0.4098747095783184,1.334948216833979,1.3927722723001736,0.04318808634654321,6.272547319250664
Separate,7FRX_O88,40,True,4.960432086280927,4.67884879992554,0.5377936637815217,4.721562186912936,1.4225030660479183,0.011754180244959365,1.2749713423849336
Separate,7FT9_4MB,40,True,2.7285935661232967,2.415000802329162,0.825569390803847,2.4183506597490365,0.9566807809027075,0.09154391115580783,2.28379431144436
Separate,7JG0_GAR,40,True,1.4744558522606062,1.3730528200932894,0.4253411781818707,0.8840084227550212,1.100742499818458,0.08321685763793901,8.513961646677021
Separate,7JHQ_VAJ,40,False,3.6578557966392187,3.5747472323344196,0.6330726047806382,3.521784063063748,0.759055412492126,0.02995393481785746,1.3475728370176503
Separate,7JMV_4NC,40,True,1.2834553457617404,1.0768146356893655,0.23335217844168585,1.1682212796301146,0.4775598676608892,0.03305690522930824,3.0203869126213787
Separate,7JXX_VP7,40,True,2.778328786309945,2.0573879548783727,0.9185216801304756,2.560572537034762,0.5647097046732442,0.1092978315545052,2.721769803220701
Separate,7JY3_VUD,40,True,2.920657225715161,2.577513961213844,0.8314733159270656,2.0058182285312967,1.953351988023408,0.08104672156033782,6.644696076351325
Separate,7K0V_VQP,40,True,1.1615103308805188,1.1218753275096702,0.2196982396396338,0.24557480649917315,1.1137916980541342,0.03577725367868957,3.441720533173539
Separate,7KB1_WBJ,40,True,1.4140080008659852,1.091867465425709,0.23571016007254147,0.7985284114090769,1.142896199627986,0.02778771730176303,5.739949981075341
Separate,7KC5_BJZ,40,True,1.7534101485022802,1.4788417003588743,0.5200214983525085,1.091918496222043,1.2695427475001353,0.08795804437494113,6.5987334026807964
Separate,7KM8_WPD,40,True,1.5637944894447504,1.4786198842115679,0.3499240446395512,0.41831809357254507,1.4656112515911905,0.050071224734802786,6.501516240834488
Separate,7KQU_YOF,40,True,1.5466146397059086,1.2609739153914008,0.27634320851179334,1.2344679353909858,0.8897978373504635,0.03192518024697053,4.680658216912436
Separate,7KRU_ATP,40,True,1.3028699547767508,1.1469578822809252,0.35565129010228763,0.48325538052624245,1.1564802272849233,0.07451550323693956,7.017400736501302
Separate,7KZ9_XN7,40,False,2.9831449838549715,2.858515677598555,0.5517057499273587,2.8124982259117584,0.827422799685494,0.03420316523168579,1.3099302902888614
Separate,7L00_XCJ,40,True,3.887434752683492,2.9381376943126543,0.730374495259206,3.651475118985737,1.1159890270402835,0.035299208925560245,1.3150409274587023
Separate,7L03_F9F,40,True,1.1542507782732916,1.1081768273834216,0.24752066860414598,0.3656737157227838,1.0664478943613458,0.04598567724383794,9.12349328960709
Separate,7L5F_XNG,40,False,4.128374977552063,3.7325917899149514,0.8702072664064208,3.7185743353912057,1.5679362808932369,0.04443110729109216,1.4543739834143155
Separate,7L7C_XQ1,40,True,1.4141339970558036,1.3572870209443053,0.3439801820457853,0.8697734364076677,1.0606350764086434,0.059167840337327644,3.3903320396192256
Separate,7LCU_XTA,40,True,3.964685854641438,2.6989939238706615,0.5584717422974003,3.6286307280644916,1.4966236261650332,0.01984197254137138,1.4019257696583662
Separate,7LEV_0JO,40,True,3.1333650725713578,3.0771139303427555,0.18650811418018828,2.91998149814652,1.121115271431562,0.0035430188720004547,2.365665032510901
Separate,7LJN_GTP,40,True,2.094580445931378,1.6603589570556179,0.5988143036198983,1.293629812626029,1.5346695351584496,0.08173164529037945,6.548496696441363
Separate,7LMO_NYO,40,True,2.40940022781383,1.699857731863664,0.9456666794826191,1.6177755484885923,1.5145052868240791,0.15404878586831092,4.2786657584913765
Separate,7LOE_Y84,41,True,2.0846785585619627,2.0406799495893,0.2606794601140132,2.0683159596692464,5.079501287568597e-05,0.015636351567764436,1.9336589232040637
Separate,7LOU_IFM,40,True,1.5993475779030002,1.324494476983488,0.36549354617676405,1.4644878960562202,0.5287743800073456,0.05222443033548079,2.5839065510351507
Separate,7LT0_ONJ,41,True,3.302679156526718,2.830264398927747,0.5137540472824049,2.994309568106892,1.2953210413640714,0.02419790354448099,1.5287247551334018
Separate,7LZD_YHY,40,False,5.160510582369413,4.9719178054200865,0.7347163068848955,4.938577007038445,1.3044226940280164,0.020270012295150366,1.2518009677425521
Separate,7M31_TDR,41,True,1.9011523523741767,1.7926615991738986,0.6754138581891498,1.7771315045978258,4.969687879759258e-05,0.12621358189862958,3.554399086276795
Separate,7M3H_YPV,40,True,1.5325827895479696,1.4280510829143442,0.5161081207432536,0.737377800397394,1.2404500771907767,0.11340533781951846,5.567405468562129
Separate,7M6K_YRJ,41,False,4.057941889562267,3.1037290935137047,1.2121627422323293,3.298355267906696,2.029385717915678,0.08922986073099623,2.0268342466346
Separate,7MFP_Z7P,40,False,5.511894947835824,5.077077804892671,0.7153265135071546,4.9479855511927,2.320933622540736,0.01684250874350955,1.4367802529656082
Separate,7MGT_ZD4,41,True,1.581381292846137,1.5009431961655912,0.42026221780120543,0.47499222540757774,1.448629989836911,0.0706264703209771,5.0269847132790435
Separate,7MGY_ZD1,40,True,2.8344808088327342,2.566081247040456,0.4227177334402711,2.4307665029025753,1.3953370137149577,0.022240978630318847,2.293985231700978
Separate,7MMH_ZJY,40,True,2.08162713577171,1.768855042932685,0.5564785612080688,0.6496743081349861,1.8977424579342312,0.07146460433659216,10.165564939073745
Separate,7MOI_HPS,40,True,1.2332098935463407,1.1934558734946634,0.41632538117771484,0.7809388289171529,0.8588447845899243,0.11397032224766554,5.687239030533943
Separate,7MSR_DCA,40,False,2.4487615205443944,1.9770546787450423,0.8483466242973559,1.1174532799321668,2.0069975477590947,0.1200200180369166,8.563207513676616
Separate,7MWN_WI5,41,False,2.3403988093055648,1.9879723033386099,0.431027922038221,1.5595751640362103,1.6909780674934094,0.033918065339024785,7.609935165033526
Separate,7MWU_ZPM,41,True,1.3391044021022456,1.193990526174899,0.4123284657501418,1.1200352125462558,0.6072124494097679,0.09481078898451267,5.3651796968319685
Separate,7MY1_IPE,40,True,1.6059859382221067,1.505929549340599,0.5171806412071233,1.1305768812631904,1.0166173978842419,0.10370532189304452,5.543101540205598
Separate,7MYU_ZR7,40,True,4.725228634930392,4.365169067885256,0.649417457134735,4.274853306749554,1.9056945779707724,0.018888708454913528,1.3329604777095887
Separate,7N03_ZRP,40,True,2.9076033819146074,2.332152872806422,0.49701901902861695,2.5451565563644487,1.3150314159137624,0.029219695448445937,1.7759274069752373
Separate,7N4N_0BK,40,True,1.7619046075601328,1.2897888339051233,0.35702724314140916,1.1913973960246302,1.2479629956622116,0.041061794983892036,4.087825552645714
Separate,7N4W_P4V,40,True,3.943016740827327,3.754543209353451,0.4449864208876671,3.7880248846723186,1.0001177814504687,0.012736094557630279,1.4210491686468745
Separate,7N6F_0I1,40,True,3.126362085457232,2.545888760691019,0.45214940316236624,2.817464134909116,1.2773396788267537,0.020916324617178995,3.0425432129360424
Separate,7N7B_T3F,40,False,3.704226327098068,3.2145385748456397,0.9275306295949873,2.927194544774666,2.071837761643273,0.06269912673333485,3.517858088229451
Separate,7N7H_CTP,40,True,1.3376808553474238,1.2749192015478032,0.3100522708447849,0.42554203875011415,1.2297038803563252,0.05372356325583945,9.054333457166404
Separate,7NF0_BYN,40,True,2.4362811412033136,2.3529710599011957,0.39678272561757755,2.055270959904038,1.2465514626398457,0.026524713759700475,1.7145175967500745
Separate,7NF3_4LU,40,False,2.1206546055608175,1.8073057041365257,0.45437807996519164,1.7156410406093834,1.1607292260946152,0.04590868615523921,2.268082275872977
Separate,7NFB_GEN,40,True,1.248329442081519,1.1853141966014418,0.24261976692139964,1.0835686968713163,0.5703866441521569,0.03777408343548319,1.8806865792660996
Separate,7NGW_UAW,40,True,1.5016630605946149,1.004558202138751,0.3677475844591825,1.1477737252625635,0.8957505999304269,0.0599728464761189,3.0780359029482898
Separate,7NLV_UJE,40,True,0.9710403157552618,0.8677122174892967,0.288993338198621,0.2443450173143828,0.8942581606071762,0.0885729563302038,7.272275089316002
Separate,7NP6_UK8,40,True,1.9062268915096685,1.4625011275263575,0.25085080588555536,1.1889588135390754,1.4687245401398232,0.017317365262846645,4.0124253131205565
Separate,7NPL_UKZ,40,True,1.6921260360558434,1.4866420607654056,0.28019683026298936,0.7656534371989121,1.482752532391743,0.027419594026170415,4.41127248275725
Separate,7NR8_UOE,40,True,5.09120982811092,3.8467627961074835,0.5834398605336659,4.808888200587726,1.5667194124162211,0.01313258440677566,1.2898316833293755
Separate,7NSW_HC4,40,True,1.5449721903764113,0.9419368703950575,0.2839228615966793,1.422722585162058,0.5312130677694494,0.03377220323005023,2.354196282234795
Separate,7NU0_DCL,40,True,1.4296537712267217,1.172924617926687,0.45368949920099194,1.073533827613399,0.8280101840359605,0.1007060835328535,5.2597432392435595
Separate,7NUT_GLP,40,False,2.0623876091370983,1.5081222013687816,0.3590542627266316,1.8016923244845822,0.9372446076843624,0.03030955726472489,3.300981460354184
Separate,7NXO_UU8,40,False,4.4457459732945095,3.9302329891880614,0.9741593807541813,4.015979305533469,1.6393843287892815,0.04801431599205454,1.574803618057544
Separate,7O0N_CDP,40,True,1.388113027286118,1.3295391352816934,0.355715303342085,0.4447584244838001,1.2659045553833697,0.06566824940249773,8.12572620652425
Separate,7O1T_5X8,40,True,1.627356415468226,1.5743861831245225,0.4031971804315798,0.9197876033054949,1.2805122808716638,0.06138603916133542,5.748187860103247
Separate,7ODY_DGI,40,True,1.416681802094965,1.3205562090580987,0.34061710150261365,0.3896480135822391,1.3187652346276084,0.057808043027996595,4.757203768916035
Separate,7OEO_V9Z,40,False,3.214778307213925,3.0654965493662214,0.8021577468395387,2.269655509972328,2.1307290723531214,0.06226120272548771,4.79864610536037
Separate,7OFF_VCB,40,True,2.452916021360461,2.1823596805884367,0.7812395944684695,1.6393234533429693,1.6489634074779396,0.10143857324242234,4.444975094876753
Separate,7OFK_VCH,40,True,2.167381709741018,1.8346711864382672,0.5626156533600281,1.5889632213598832,1.3624254047395736,0.06738338347304428,2.913245806211255
Separate,7OLI_8HG,40,True,2.1949263085630184,1.6480018228124196,0.5335904875253626,1.8524504632759835,1.0494808110456901,0.05909847431939263,4.028964521495909
Separate,7OMX_CNA,40,False,4.972032000026964,4.424339756081452,0.9670298069935547,4.199884591187032,2.4792992926203725,0.0378278702825188,2.0155546201604073
Separate,7OP9_06K,41,False,2.044818832909324,1.8954232493193284,0.5916723174095367,1.9573471652475791,5.412156980988326e-05,0.0837245511698809,3.7618786284873824
Separate,7OPG_06N,41,True,2.8147165163276333,2.4991625655873273,0.6716254384128074,2.60186611604103,0.8377595430443866,0.05693573758055923,1.7003591633316533
Separate,7OSO_0V1,40,True,1.8944122014064537,1.7623123375342857,0.689554434234958,1.6382007892027544,0.6554467524673728,0.13249153957637802,3.727426626988967
Separate,7OZ9_NGK,40,False,2.193869009019792,1.8441162220205825,0.5843511492439946,1.7511157559593145,1.185406500887246,0.07094575560019363,6.522294127793745
Separate,7OZC_G6S,40,False,2.3291244754346265,1.8142887451401268,0.46073685152048177,2.0725145923974027,0.9577189775813396,0.039130959954555546,2.2965261800180796
Separate,7P1F_KFN,40,True,1.6589082259574286,1.3438682851666703,0.4999183100518567,1.2631119643387445,0.952158784535666,0.09081411724624995,5.704680508119202
Separate,7P1M_4IU,40,True,1.5439282690314196,1.478772423627963,0.6291391610847927,0.75364743056982,1.1916014292956294,0.1660501222041054,8.126156646592882
Separate,7P2I_MFU,40,True,1.7209966301746624,1.585996401863299,0.31301526628077064,1.5546708427326297,0.6684679610158868,0.03308041877406631,3.2424826083926344
Separate,7P4C_5OV,40,True,1.8679511355135239,1.6303810506290188,0.3787078111365067,1.7055988662338732,0.6608739259133963,0.04110337690589988,2.110834214271736
Separate,7P5T_5YG,40,True,3.5455825512247565,2.1231631180570756,0.8637628534655639,3.298252654758709,0.9729330839783419,0.05934905979462533,1.3587122251590167
Separate,7PGX_FMN,40,True,2.274672259901601,1.9742779971157802,0.5987321116345554,1.8803583967550124,1.1313293279219814,0.06928312044602684,2.3008547343577095
Separate,7PIH_7QW,40,False,1.4066543976241044,1.3235743149275931,0.35968116796719496,0.716864793823338,1.1555998092512865,0.06538235857204444,4.837555952621788
Separate,7PJQ_OWH,41,False,1.9420069759698457,1.6762376116238364,0.3914367464773385,1.7472096556960386,0.7519486599930281,0.04062764180237343,2.2228952786790463
Separate,7PK0_BYC,40,False,6.328396487637184,5.833156350023043,1.9034544166425251,5.063740542556857,3.283899375158851,0.09046854386478667,2.6773590239694625
Separate,7PL1_SFG,40,True,1.1984664101867044,1.093409781548727,0.30572899584398483,0.4219548436612034,1.0792616121019427,0.06507610135983322,9.674668788932488
Separate,7POM_7VZ,40,True,1.680887979269954,1.1368885865371403,0.44315625085970867,1.1833163084452984,1.1084942265729611,0.06950822789128216,5.7658099302111445
Separate,7PRI_7TI,40,False,2.896133646223553,2.70330984353715,0.5872605447973791,2.533802748108685,1.273796994418378,0.04111728678870201,4.236317503089994
Separate,7PRM_81I,40,True,2.7933595842684786,1.138860001789512,0.39112908249471257,2.549672234445258,1.071936240991197,0.019605888475843856,1.442346748602585
Separate,7PT3_3KK,40,True,4.19776313482907,2.1772218595398156,0.8635398562465402,3.3574392406223126,2.367090196492976,0.04231836846107506,1.9972316734459743
Separate,7PUV_84Z,40,True,1.7999014777633702,1.623824238236835,0.5005541861793615,1.0976472094452872,1.3357624938401493,0.07734009985851864,4.493402467265622
Separate,7Q25_8J9,40,True,2.963709660966445,2.2745055015723135,0.9603512572081644,1.9109892359631344,2.051687246467544,0.10499990516369297,4.22995379088592
Separate,7Q27_8KC,41,True,2.1858275722063727,1.8986676056411647,0.7462409528252382,0.9864889180734832,1.8021670927697837,0.11655377872017002,7.986847372771927
Separate,7Q2B_M6H,40,True,1.1479828058003276,1.0656828267907492,0.3980098752369068,0.5844449747008679,0.9043653759261223,0.1202034489068907,5.65296619174389
Separate,7Q5I_I0F,40,True,1.1612097907781167,1.1105117638139697,0.34852994388963615,0.3589218452477885,1.0479075175869135,0.09008631344105478,6.583207924696992
Separate,7QE4_NGA,40,True,1.6924640309907268,1.5962151244355929,0.5513513345972307,1.3384092652045638,0.8769873664140277,0.10612506397535038,5.157462468550481
Separate,7QF4_RBF,40,True,1.9987587219936727,1.2353346590159642,0.38342671292715796,1.7471618178934443,0.8918777756256347,0.036799675499399664,3.260510737580149
Separate,7QFM_AY3,40,True,1.9828742666336887,1.6834618963024253,0.5787801144749476,1.7333276204109094,0.7696618066963636,0.08519946143403709,3.7437696765408752
Separate,7QGP_DJ8,40,True,1.4802311102837518,1.138034298478366,0.31726494868798155,0.8690081561419907,1.1555310107238916,0.04593938034382952,4.475000496894377
Separate,7QHG_T3B,40,True,3.4904173474709546,3.1148637953475493,0.41674763089986744,2.8670839553795107,1.9465775773061047,0.014255798968686903,2.4293526878735503
Separate,7QHL_D5P,40,True,1.708858953321433,1.4628319814993997,0.44745666457888156,0.7034012532630122,1.491713153585095,0.06856295478499547,5.721985213446785
Separate,7QPP_VDX,40,True,1.4460778852953404,1.3740114249908306,0.28357843854211967,0.2747664277380779,1.3911246995587105,0.03845590573707172,6.156268803003017
Separate,7QTA_URI,40,True,2.557979675552489,2.2855549710226297,0.7998217410450479,2.2602942274578632,0.8914119184821054,0.09776698701262598,2.703947179364885
Separate,7R3D_APR,40,False,1.5682553831817563,1.487224065008778,0.44957381555580433,0.5608906197326283,1.3938113372838883,0.08218043648370969,8.751307436937381
Separate,7R59_I5F,40,True,1.0736547901395326,0.8621713456960383,0.3191348227375038,1.0250699849027425,0.010913265201448459,0.0883525438921142,1.8344903746470713
Separate,7R6J_2I7,40,False,2.3294220227588927,2.154972568631276,0.7368349926157678,1.1925467465732695,1.8604067864336986,0.10005622902589383,6.616778531059211
Separate,7R7R_AWJ,40,True,2.067070484161293,1.6708825961804485,0.441871370318778,1.242243914314296,1.5919673790415758,0.045696312528655844,5.9869604679929385
Separate,7R9N_F97,40,True,4.011687362727732,3.69219676215774,0.7841447825704057,3.504087401890837,1.7888890228705974,0.03820659664964594,2.944074240712989
Separate,7RC3_SAH,40,True,1.073206102458521,0.9720980173861925,0.2421533175226895,0.2831439112084325,1.006460448657848,0.05091134605852744,7.528703967638347
Separate,7RH3_59O,40,False,2.3346991699553237,1.9928742715660757,0.7301555184016757,1.3514268895455586,1.7582202636048974,0.09780676303807163,7.037191765603253
Separate,7RKW_5TV,40,False,3.6315424863810537,3.510250176190117,0.4830387348640016,3.297667924727186,1.4422762111458276,0.017692192559017855,1.9372110519447896
Separate,7RNI_60I,40,True,3.0231661364111044,2.4387981512018535,0.8440864064492437,2.208720799994287,1.883773886235565,0.07795604255525115,5.590825314856905
Separate,7ROR_69X,40,True,1.5122907263488699,1.3158423480202164,0.3539541993433421,0.5519645065274179,1.3627453354541155,0.05478019330400979,7.535864850224917
Separate,7ROU_66I,40,True,1.737630228082109,1.5214733012734578,0.3835421211871268,0.5016274423770183,1.618834197771425,0.04872046285446411,6.6262788316239085
Separate,7RSV_7IQ,40,True,1.9680645409184705,1.0964187368786458,0.327117495738368,1.7241869781433046,0.8907589155341351,0.027626691135998596,2.2682377955961037
Separate,7RWS_4UR,40,True,4.92570787180384,4.842790793150302,0.8830170534105882,4.361112190677843,2.112718481496649,0.03213667041680641,2.040754973248422
Separate,7RZL_NPO,40,False,1.8435993596630016,1.7495784171925848,0.6236713787474996,1.6375095211015387,0.5731100928991145,0.11444017965001216,2.8393524067032114
Separate,7SCW_GSP,40,True,1.1715834060789336,1.052722785370205,0.23393937297798775,0.2791849174424586,1.1135240585828532,0.039871283783738345,6.6313680875607055
Separate,7SDD_4IP,40,False,3.5578472892537802,3.4980969734710325,0.6259922604910886,3.0716215208266813,1.6827216811612415,0.030957317482135944,6.855041266068583
Separate,7SFO_98L,40,True,2.5444448324163513,2.2219715258013957,0.2534107107471982,2.222056470543222,1.213444501658759,0.009918907854124654,2.65025330275376
Separate,7SIU_9ID,40,True,5.018154390344394,4.645499390522089,1.2028464401580226,4.7341230146629245,1.1502665816108497,0.057455596361547324,1.1650105090012266
Separate,7SUC_COM,40,False,1.818241456914468,1.616908449491134,0.6235984516415515,1.6070587932629083,0.578350241418703,0.11762697947620906,3.7860054342436245
Separate,7SZA_DUI,40,False,1.2913525891711173,1.1732934507825679,0.35107304866530664,0.9737146506969214,0.7721521890650623,0.07391035801792434,2.040955133353544
Separate,7T0D_FPP,40,True,1.516224973649131,1.4480388780399769,0.4536321339771229,0.5366982808869903,1.3435441983923038,0.08951180836343713,10.835061353010119
Separate,7T1D_E7K,40,True,6.157253477279381,6.060066371836889,0.5382642790805823,6.022807502432195,1.1609615574950647,0.007642176326866328,1.0934299151431628
Separate,7T3E_SLB,40,True,1.3328190132318363,1.1897713249908812,0.4507922676764543,0.6424484327037298,1.077243178094866,0.11439592575037091,10.13880905329666
Separate,7TB0_UD1,40,False,2.851585206056084,2.422681069439595,0.5459355555284555,1.9194313201804503,2.0369771632784914,0.036653044469749645,5.853000158503615
Separate,7TBU_S3P,40,True,2.7643352256318603,2.6765272930619153,0.6360089330540312,2.5194622888562064,0.9430544267305394,0.052935255697186455,2.4733367405069235
Separate,7TE8_P0T,40,True,3.152177084578814,2.598337084405792,0.557485449753343,2.666496805957184,1.5859461307614582,0.03127849574929678,2.0966198251852672
Separate,7TH4_FFO,40,False,2.328402561740183,2.275406328932262,0.9690719402200965,1.0696540942907493,1.8270736664851097,0.17321914889463463,7.682856441878463
Separate,7THI_PGA,40,True,2.3103481020303436,2.2901908294730524,0.40547533820364895,2.1736704912240725,0.6696676028042179,0.030801654761197048,1.7058042934577715
Separate,7TM6_GPJ,40,True,1.1168755807557935,1.0828047303822614,0.26041577165352603,0.3495482608576064,1.028304771015924,0.05436569880089179,5.752742218905767
Separate,7TOM_5AD,40,True,2.7455747580072485,2.4776770226910614,0.50227931345819,2.478565044203466,1.0689301028276823,0.033467558955464084,1.9651397989837276
Separate,7TS6_KMI,40,True,3.1980255431997855,2.939735452332794,1.133538127065948,2.7733451574773724,1.1184879645945758,0.12563435324111627,3.0430469347195643
Separate,7TSF_H4B,40,False,2.0443039267048273,1.7170905407771702,0.7848038461460939,1.6331512819727585,0.9466141547672994,0.14737754569035905,5.476694723938263
Separate,7TUO_KL9,40,False,4.889405232506154,3.8873932116006844,0.48737426446508275,4.739332744384402,1.0988516696995476,0.009936035159461907,1.1560753804138892
Separate,7TXK_LW8,40,True,1.6886036223380216,1.115532070200732,0.37901728704717974,1.2599888007327684,1.0583743721011405,0.05038051518118879,3.5082712918229757
Separate,7TYP_KUR,40,True,3.576261403512313,2.4434991972805347,0.5187171395217544,2.8346694018793066,2.1178355784780467,0.02103791447366976,3.0745209153696336
Separate,7U0U_FK5,40,False,4.885510112572813,4.720034270945459,0.6925974247065407,3.859944410697591,2.913648402547143,0.02009749418162264,6.130456916753616
Separate,7U3J_L6U,40,False,4.8716649954529645,4.616730811218604,0.7893259147245475,4.2615513870164765,2.2246941821481756,0.026251727719452618,2.0114488619699062
Separate,7UAS_MBU,40,False,4.370049181937646,4.214483380208622,1.0754201961160699,3.6998743463064776,2.0619726176365134,0.060559701651676894,4.725159734516956
Separate,7UAW_MF6,40,False,3.1569264090092455,3.012562732530332,0.43130586917086544,2.3382791159804417,2.076682540709701,0.018665594194609784,6.53073193728164
Separate,7UJ4_OQ4,40,False,6.162125139023762,5.982109573902185,1.0779139452180346,5.530055630778562,2.495670746750747,0.030598994376737677,1.5150887796190444
Separate,7UJ5_DGL,41,True,1.3960495991166344,1.0537416794439445,0.23080281827235408,1.0370300370724381,0.9056783338916702,0.027332573121548142,5.041821585101902
Separate,7UJF_R3V,40,True,1.1478115568631724,1.0484671230573173,0.26187559039930963,0.31154079390285805,1.0732357052185926,0.05205337011870933,8.638233036936933
Separate,7ULC_56B,40,True,1.4508525674040924,1.1857722845875847,0.4798474982443871,0.5585942699342313,1.2500767945883537,0.10938553735347688,6.947352230109841
Separate,7UMW_NAD,40,False,4.879635335474693,4.244042159629621,0.5424401762649566,4.576249099249273,1.6045385143420772,0.012357452839957234,1.2998101979862686
Separate,7UQ3_O2U,41,True,1.3877108593827057,1.1788331083993058,0.22808874491386275,1.2448826077390578,0.5691961407468515,0.027015296428803567,2.835174086529912
Separate,7USH_82V,40,True,2.740632631725886,2.2630820972563175,0.6068477907004481,2.4844621449489432,0.9850131122571092,0.04902954935557033,2.056605852045821
Separate,7UTW_NAI,40,False,5.5373119088173635,4.917644394747663,0.8042278466014545,5.180934181749729,1.7812809297409105,0.02109406298335749,1.2606475892809181
Separate,7UXS_OJC,40,False,2.672035740183456,2.0751910760344927,0.6011946231734401,2.1676923966746933,1.4420297137312454,0.05062274022553216,5.6709140639534406
Separate,7UY4_SMI,40,False,2.914894459412108,2.5345821412492096,0.9249435206399391,2.652045714792186,0.7795785526744557,0.10068963335059462,4.013726575864691
Separate,7UYB_OK0,40,True,3.365763596422005,2.544529737098958,0.9659862585215838,2.855940556740994,1.496274931858782,0.08237106463923186,3.0979471566584738
Separate,7V14_ORU,40,True,1.1496948263299993,0.9160738558857864,0.26739236905606617,0.39541041714258424,1.0459207028621622,0.05409197816333662,6.443940805717687
Separate,7V3N_AKG,40,True,1.438635909047206,1.0087581200487248,0.47951130626131494,1.0740531578384136,0.8283429242197824,0.11109535750770193,3.5013512703133114
Separate,7V3S_5I9,40,True,1.2441473943895454,1.0369397691451998,0.3201383445814729,0.25019042187628066,1.175933217532483,0.06621123995155456,5.53037239492686
Separate,7V43_C4O,41,False,1.9894978239796093,1.9677258962518047,0.49581035370421295,1.9267097090219243,0.00796127753283612,0.06210752835672098,1.6916238219067052
Separate,7VB8_STL,41,True,3.146056955149639,2.596603747119154,0.5234086162016185,3.0348853966104254,0.6427973358470827,0.027678883888279555,1.4324890333959768
Separate,7VBU_6I4,40,True,2.7636688719642577,2.5318143646881834,0.5854116843407601,2.673944415070725,0.38102501074547046,0.04486945130891252,1.650050179024172
Separate,7VC5_9SF,40,True,1.3894325008104598,1.347245613928508,0.3808614034278975,0.47650535868933996,1.248362891481353,0.07513789428711705,4.833453831216896
Separate,7VKZ_NOJ,40,True,1.19604562103139,1.0020048245930149,0.3285686591984106,0.9891376134572624,0.5866639118140755,0.07546694687526401,3.397965027816733
Separate,7VQ9_ISY,40,False,2.7163429650092277,2.268693360498699,1.2092285081069356,2.0932972702597343,1.2387057992355337,0.19817439845266388,4.689174950636479
Separate,7VWF_K55,40,True,2.355707365757726,1.5616479578187394,0.46698853510038973,1.851042238743819,1.3801889477735534,0.039297937459665616,1.973304160674199
Separate,7VYJ_CA0,40,True,1.7437487275611472,1.1789328123261131,0.5055650064898107,1.1781223057914851,1.1819862442857074,0.08405938425215087,3.6320373268406803
Separate,7W05_GMP,40,False,2.2003480247521585,1.9654692081071474,0.8200605657670382,1.679768931463069,1.160779236287413,0.138902192672926,5.219105352143068
Separate,7W06_ITN,40,False,1.9926643641552864,1.927364998841923,0.48257000512116033,1.7228417183541553,0.8772991917414812,0.05864788298991701,2.4507853233258836
Separate,7WCF_ACP,40,True,1.7126104693579862,1.5529414960066794,0.48944112545180835,0.7098792441465133,1.4797139802005737,0.081673981503695,8.546358643252582
Separate,7WDT_NGS,40,True,1.762732006260828,1.3777998147234136,0.4879088544259085,1.2305385824674377,1.164020563705019,0.07661341460475816,6.002570976840056
Separate,7WJB_BGC,40,True,2.1148359509514076,2.0158425380873974,0.2846143107443917,2.0281047826832626,0.527557375091388,0.01811173675029567,2.4380180127299886
Separate,7WKL_CAQ,40,False,1.2271252897575897,1.1605162894982455,0.18563041286004944,1.212806546259212,0.021865679382490014,0.022883394518821862,1.9915096163628332
Separate,7WL4_JFU,40,True,3.024965408836433,2.819998548253752,0.8744728748823845,2.363645277968839,1.6729895145181022,0.08357028051135128,2.3787723334167747
Separate,7WPW_F15,40,True,2.3117192456035722,1.7608104637586042,0.42928234791390574,1.8969672975920149,1.249510947583062,0.03448386086054354,2.9376628210245075
Separate,7WQQ_5Z6,40,True,1.932330943615196,1.9165591159381035,0.18343284300136734,0.8346827208458064,1.7330781930665078,0.009011377374319545,1.80964251482184
Separate,7WUX_6OI,40,False,2.418853884464305,1.9936474928893353,0.700464857423043,1.8146242460464925,1.4378254217962525,0.08385972490377182,3.9349586584559777
Separate,7WUY_76N,40,False,3.9147770538986153,3.6935160721082805,0.6730172364800998,3.4874612299822343,1.6462506949133267,0.029555499656295024,1.7442323709963268
Separate,7WY1_D0L,41,True,3.0726417867713334,2.1157023264287997,0.8053969536286432,2.322863517432962,1.8430323861175093,0.06870622703610481,2.358223484792445
Separate,7X5N_5M5,41,True,1.272124841506676,0.8815757589390415,0.35742655995211314,0.6647801440436569,1.0240191534851673,0.07894309984122455,4.297589994107003
Separate,7X9K_8OG,40,True,1.8927584466470384,1.7700467373191864,0.5404872491851503,1.0250584947083419,1.4965504178771416,0.08154184237048953,4.091376335669982
Separate,7XBV_APC,41,False,1.984597920540119,1.9236576564725358,0.545201479385147,0.7050327871699584,1.7732210866397262,0.0754690680949725,8.875421692782917
Separate,7XFA_D9J,40,False,2.6947729936537104,2.149787853831368,0.7418713266923531,1.674427425900577,1.97679569438753,0.07579015569743726,6.365241310876005
Separate,7XG5_PLP,41,True,1.4171119421321694,1.2837332902018999,0.32618872096152257,0.9955206418450339,0.9543300406628447,0.05298214829096832,3.6275251510385305
Separate,7XI7_4RI,40,True,2.167881415227299,1.7983167291711408,0.4863341283469802,1.8422064217121528,1.0341491410311219,0.050326699504012085,4.9773591767167975
Separate,7XJN_NSD,40,True,2.9175291862914468,2.8612441718317756,0.3313436917196349,2.8236018495026634,0.6553323632365289,0.012898137272884804,1.1805812703878913
Separate,7XQZ_FPF,40,True,1.6222488235776413,1.570183087712133,0.5599321961849245,0.5840564807332659,1.4060743965338536,0.11913406059649924,11.296637640765802
Separate,7XRL_FWK,40,False,2.7765163551787246,2.603485935055026,1.3260154751815691,2.199472135538767,1.0550110687298413,0.22808499373059868,3.699000409850431
Separate,7YZU_DO7,40,True,1.3177077475732404,1.0130679354453276,0.18964216468758002,0.9172333450391483,0.9268616661268531,0.020712456489360636,5.006766209262279
Separate,7Z1Q_NIO,40,True,1.2724912610953154,1.0890297034446943,0.5380049693367904,1.0282792186767928,0.52194493097482,0.17875695873571015,3.8028073271955325
Separate,7Z2O_IAJ,40,False,1.0590799444333656,0.6083934077677793,0.2372177233319819,0.9933794808750107,0.2803128384763465,0.050169154167662405,1.8809271498583096
Separate,7Z7F_IF3,40,True,2.2844458417134104,2.1291444402215665,0.30309937647370455,2.2279774544726645,0.4036583135084062,0.017603878111628314,3.203797942246684
Separate,7ZCC_OGA,41,False,2.3455654365554897,2.284784878850516,0.4255093780627504,2.1250712596325476,0.897045778000283,0.03290964258217403,1.631704190669162
Separate,7ZDY_6MJ,40,True,1.545529700577126,1.4608796898264131,0.26377678938828825,1.44865622982438,0.4695519018564834,0.02912852174450091,2.628191944958651
Separate,7ZF0_DHR,40,True,1.456186671088793,1.3321392603931026,0.6555910654739453,1.0820000384551374,0.7210796715415565,0.20268982585887266,4.589068086907424
Separate,7ZHP_IQY,41,True,4.170122814460486,3.984762535765615,1.0584198109941538,3.8561251286502545,1.183203610360874,0.06441963045798323,2.4459673739028247
Separate,7ZL5_IWE,41,True,1.2815236223217263,1.016259879614473,0.3522645415041089,0.5670964253021042,1.0938985930044307,0.0755587262053562,4.022680259591648
Separate,7ZOC_T8E,40,True,1.1917583237620168,1.1515853620978134,0.48208403417340007,0.491809587655763,0.9726285085997738,0.16363232809047865,6.804047064624658
Separate,7ZTL_BCN,40,False,2.5020943563648963,2.441709935787002,0.7046705059271383,2.2170950112470504,0.921089223329041,0.07931673383721258,6.247946763141097
Separate,7ZU2_DHT,40,True,1.2985152407048197,1.200900754740738,0.21655894773685486,1.2651651300183289,0.19647199872629964,0.02781366134268919,1.136170502994896
Separate,7ZXV_45D,35,True,9.301340585299306,9.243397401976878,0.5891871699247049,9.155015345006442,1.5341085995550356,0.004012503904070271,1.0653275305584247
Separate,7ZZW_KKW,40,True,4.573206527616909,4.157412526717421,0.8532808836999087,4.266522365485082,1.4081607090690311,0.034813076368858116,1.3080660922893628
Separate,8A1H_DLZ,40,True,2.875257013305385,2.6813420482008627,0.5066328351913744,2.530124939324805,1.2684217966727023,0.03104797811637149,2.60625996423988
Separate,8A2D_KXY,40,False,3.8851857673753396,3.246635627803168,1.062214577894804,2.328917770418737,2.922757372097706,0.07474823401737533,6.378902602427014
Separate,8AAU_LH0,40,True,2.279417526657381,1.841921271417686,0.2784219640257904,1.6757698152793536,1.5198753228404867,0.014919670053112401,3.0024517219030145
Separate,8AEM_LVF,40,True,1.974611978990514,1.6017051142197811,0.5873467246443207,1.8081506664397349,0.5335798535139482,0.0884760178988926,4.382534354017683
Separate,8AIE_M7L,40,False,2.6289238872464336,2.480266170154723,0.4061603788133317,2.205601223863428,1.3717134514574314,0.023869267179924727,1.9120943965789527
Separate,8AP0_PRP,40,True,2.8794507963425997,2.420642358386726,0.6741260980742505,2.318249950664535,1.5692380503598231,0.0548103982811,3.4877712377190924
Separate,8AQL_PLG,40,True,1.2628260520350523,0.9513191819212262,0.2357521993786952,0.7245302954117747,1.0070781445434467,0.03485173799874036,5.653712168635078
Separate,8AUH_L9I,40,False,2.380981175051355,2.307571970285781,0.9356249229499919,1.9600523727766663,0.9756393060328761,0.15441576608955004,5.098786330826922
Separate,8AY3_OE3,40,True,1.869230740794448,1.6755565812435935,0.3328120183519134,1.0280752295625968,1.525228194445441,0.03170094236158519,5.099096415453309
Separate,8B8H_OJQ,40,True,2.884026644760931,2.6975563367662736,0.5188276204404847,2.604341983528607,1.1250912944242975,0.03236291552972136,1.9703013737609307
Separate,8BOM_QU6,40,True,2.1070720212432876,2.0404392654461905,0.29623002549635646,0.6753750979054493,1.973795519254694,0.019765117076251924,1.7482212809203026
Separate,8BTI_RFO,40,True,2.2565416869801616,1.8183726669744278,0.4532186770366792,2.064279478483961,0.7907739566869795,0.04033934808876525,2.042424374601788
Separate,8C3N_ADP,41,True,1.2906826060233352,1.1694838632818745,0.39627413791888044,0.6969434335760909,1.0114831919033578,0.09426545000735342,6.7229761423843675
Separate,8C5M_MTA,41,True,1.530605563628936,1.3694001674689642,0.5281233961974724,0.9477355818967064,1.07964639424564,0.11905406801825846,3.8025367693951733
Separate,8CNH_V6U,41,True,2.254907985435569,2.1778646786213463,0.3798347404993204,1.5867566775165138,1.5564507184770306,0.028374728729200206,3.061173016932672
Separate,8CSD_C5P,41,True,2.505662399863414,2.017525761564715,0.7884064510808322,2.053841897630958,1.199371831217941,0.09900456648421144,2.643605815391916
Separate,8D19_GSH,40,True,2.437451461001462,2.086597950811537,0.7048707585988649,1.865214779566916,1.4018918162595728,0.08362710000047102,4.580218436211068
Separate,8D39_QDB,40,True,1.567025083797265,1.165547482631469,0.42087123901767326,1.1496995887054853,0.9780725275499726,0.07213509368526204,4.986306919105624
Separate,8D5D_5DK,40,True,3.3183511947750506,2.5238641811552323,0.6688877865825947,2.712505899785136,1.7906299239252288,0.04063140476754223,3.2525173536611725
Separate,8DHG_T78,40,False,4.181092048947195,3.8015619401172613,0.7477717153822933,3.7266106353015855,1.7420509051978892,0.03198590256341007,2.1058949516117393
Separate,8DKO_TFB,40,True,1.3710339055988425,1.1907768880474636,0.38980566222876883,1.1737259454605427,0.5917372059865439,0.08083508448869917,6.220256638317641
Separate,8DP2_UMA,40,False,3.7183955674779776,3.0624385155193106,0.8992383485102038,2.5643443305329217,2.5381044390001324,0.0584841875751144,5.842874431458061
Separate,8DSC_NCA,40,True,1.7489854197225698,1.504499592263277,0.5080474957277726,1.5877794378100678,0.5289557612451324,0.08437936483109827,2.229698796615733
Separate,8EAB_VN2,41,False,4.394811193505728,4.2818094617986935,0.794012430731417,3.1157912113204342,2.9959564105416434,0.03264180449278138,4.1950027697603165
Separate,8EX2_Q2Q,40,True,2.0888933905459317,1.2127461201852872,0.45047246855492135,1.8254194390963008,0.9101615370415631,0.046505461165496,2.638009298435353
Separate,8EXL_799,40,True,4.55129550534946,3.812164423920953,0.8518071717151365,4.264410411157418,1.342951661245136,0.03502777215961851,1.326067760172894
Separate,8EYE_X4I,40,True,2.7161178726768735,1.5080957873711338,0.4453596102213119,2.3187992342439068,1.3424310884094344,0.026885890765003414,1.9191270532050624
Separate,8F4J_PHO,40,False,5.777524496518982,5.338389444214163,1.1593699794752963,4.454087755642956,3.4923849764308432,0.04026804174558889,5.867759215173469
Separate,8F8E_XJI,41,True,3.3727801793212873,2.8467141334728154,0.6508633251380171,2.819468521088265,1.7328070661805286,0.03723947306991003,2.244710725848389
Separate,8FAV_4Y5,40,True,1.7070219542435492,1.4791112884147692,0.29980620252902124,0.7154646034003285,1.5205757444059813,0.03084629542403393,5.00629804219162
Separate,8FLV_ZB9,41,False,1.5327175841921543,1.4399499786993069,0.3871138824547291,0.51346906681809,1.3912999505223953,0.06379008961030369,5.513796872242794
Separate,8FO5_Y4U,42,True,1.6900087467910898,0.9829546737475399,0.23028505688336798,1.4155150152055411,0.8941004409652588,0.01856750761167439,2.16405414948452
Separate,8G0V_YHT,41,False,3.7056847499331647,3.56662480792625,0.8403390023116809,3.2675699518968084,1.5326175114953247,0.05142473957171895,2.9323922405817395
Separate,8G6P_API,40,True,2.962398672585798,2.876121343098598,0.7724967375282498,2.622125138443568,1.1417155706166948,0.06799959076223383,1.9148009155851786
Separate,8GFD_ZHR,40,False,4.045492207528935,3.887251395300646,0.9295650170476392,3.6156148153532692,1.5586037300277784,0.05279791889964565,2.2862993965462044
Separate,8HFN_XGC,40,True,2.6883063919814223,1.571485523660508,0.750652210633355,2.1751397303921682,1.3900646276734465,0.07796864853957725,2.36262734631109
Separate,8HO0_3ZI,40,False,1.5376278405755834,1.480982510893671,0.44389455930813787,0.9161763741401838,1.1523358224914786,0.08334070624647386,4.366425854936762
Separate,8SLG_G5A,40,False,1.210462527785753,1.0774504437600418,0.2809858540183727,0.4392018518746611,1.0924139390931027,0.053884792332246495,7.1435771991724835
