complex,seed,step,n_frag,n_atoms,rmsd,rot_mean_deg,rot_max_deg,trans_mean_A,com_offset_A,step_rot_deg,step_trans_A
5S8I_2LY,0,0,2,13,8.7137,153.899,153.899,8.9181,7.2203,0.239,0.3566
5S8I_2LY,0,1,2,13,8.3690,153.975,153.975,8.5679,6.8668,0.237,0.3356
5S8I_2LY,0,2,2,13,8.0416,153.991,153.991,8.2379,6.5287,0.278,0.3311
5S8I_2LY,0,3,2,13,7.7179,154.027,154.027,7.9128,6.1904,0.299,0.3370
5S8I_2LY,0,4,2,13,7.3919,154.166,154.166,7.5823,5.8458,0.195,0.3319
5S8I_2LY,0,5,2,13,7.0742,154.331,154.331,7.2579,5.5058,0.241,0.3291
5S8I_2LY,0,6,2,13,6.7627,154.210,154.210,6.9398,5.1683,0.261,0.3054
5S8I_2LY,0,7,2,13,6.4764,154.284,154.284,6.6470,4.8498,0.277,0.3027
5S8I_2LY,0,8,2,13,6.1940,154.276,154.276,6.3577,4.5295,0.451,0.3032
5S8I_2LY,0,9,2,13,5.9236,154.474,154.474,6.0674,4.2168,0.601,0.3036
5S8I_2LY,0,10,2,13,5.6568,154.810,154.810,5.7760,3.8973,0.972,0.2966
5S8I_2LY,0,11,2,13,5.4088,155.464,155.464,5.4908,3.5905,1.730,0.2934
5S8I_2LY,0,12,2,13,5.1814,156.726,156.726,5.2137,3.2879,2.325,0.2963
5S8I_2LY,0,13,2,13,4.9684,158.316,158.316,4.9401,2.9792,2.968,0.2943
5S8I_2LY,0,14,2,13,4.7771,160.324,160.324,4.6788,2.6725,3.699,0.2887
5S8I_2LY,0,15,2,13,4.6104,162.753,162.753,4.4276,2.3748,4.185,0.3020
5S8I_2LY,0,16,2,13,4.4638,165.255,165.255,4.1849,2.0735,4.710,0.3029
5S8I_2LY,0,17,2,13,4.3482,167.674,167.674,3.9626,1.7855,5.347,0.3166
5S8I_2LY,0,18,2,13,4.2557,170.230,170.230,3.7457,1.5021,5.568,0.3131
5S8I_2LY,0,19,2,13,4.1882,172.356,172.356,3.5386,1.2558,6.042,0.3226
5S8I_2LY,0,20,2,13,4.1462,174.382,174.382,3.3467,1.0546,6.423,0.3106
5S8I_2LY,0,21,2,13,4.1333,176.310,176.310,3.1865,0.9316,7.075,0.2995
5S8I_2LY,0,22,2,13,4.1445,178.260,178.260,3.0584,0.8938,7.259,0.2771
5S8I_2LY,0,23,2,13,4.1758,179.705,179.705,2.9907,0.9498,7.345,0.2483
5S8I_2LY,0,24,2,13,4.2136,177.010,177.010,2.9946,1.0569,0.000,0.0000
5SAK_ZRY,0,0,2,18,7.2825,140.007,142.959,6.1034,4.6156,0.654,0.2653
5SAK_ZRY,0,1,2,18,7.0975,140.172,142.812,5.9088,4.4084,0.470,0.2528
5SAK_ZRY,0,2,2,18,6.9237,140.267,142.670,5.7274,4.2102,0.674,0.2478
5SAK_ZRY,0,3,2,18,6.7600,140.257,142.438,5.5587,4.0164,0.800,0.2384
5SAK_ZRY,0,4,2,18,6.6093,140.193,142.242,5.4044,3.8298,1.000,0.2340
5SAK_ZRY,0,5,2,18,6.4706,140.172,142.026,5.2648,3.6472,1.220,0.2362
5SAK_ZRY,0,6,2,18,6.3432,140.218,141.753,5.1387,3.4658,1.412,0.2416
5SAK_ZRY,0,7,2,18,6.2300,140.414,141.536,5.0307,3.2840,1.603,0.2463
5SAK_ZRY,0,8,2,18,6.1277,140.731,141.257,4.9382,3.1043,1.609,0.2381
5SAK_ZRY,0,9,2,18,6.0369,141.039,141.080,4.8591,2.9316,1.767,0.2425
5SAK_ZRY,0,10,2,18,5.9611,141.503,142.134,4.8007,2.7639,1.779,0.2406
5SAK_ZRY,0,11,2,18,5.8956,142.114,143.313,4.7575,2.5965,1.897,0.2415
5SAK_ZRY,0,12,2,18,5.8472,142.933,144.822,4.7339,2.4361,1.992,0.2409
5SAK_ZRY,0,13,2,18,5.8135,143.923,146.519,4.7257,2.2809,1.940,0.2428
5SAK_ZRY,0,14,2,18,5.7914,144.896,148.040,4.7316,2.1215,1.934,0.2335
5SAK_ZRY,0,15,2,18,5.7789,145.796,149.292,4.7481,1.9614,2.029,0.2351
5SAK_ZRY,0,16,2,18,5.7727,146.537,150.229,4.7732,1.7940,1.993,0.2312
5SAK_ZRY,0,17,2,18,5.7785,147.283,151.031,4.8100,1.6262,2.258,0.2403
5SAK_ZRY,0,18,2,18,5.7991,148.092,151.625,4.8645,1.4499,2.366,0.2335
5SAK_ZRY,0,19,2,18,5.8324,148.848,152.018,4.9309,1.2830,2.138,0.2312
5SAK_ZRY,0,20,2,18,5.8738,149.332,152.152,5.0039,1.1208,2.004,0.2168
5SAK_ZRY,0,21,2,18,5.9348,149.616,152.081,5.0958,0.9903,1.746,0.2146
5SAK_ZRY,0,22,2,18,6.0199,149.869,151.852,5.2092,0.8954,1.478,0.2081
5SAK_ZRY,0,23,2,18,6.1358,150.003,151.543,5.3525,0.8566,0.977,0.2088
5SAK_ZRY,0,24,2,18,6.2808,150.188,151.649,5.5223,0.8665,0.000,0.0000
5SD5_HWI,0,0,7,29,5.9469,145.125,170.227,5.8188,2.5371,0.318,0.2287
5SD5_HWI,0,1,7,29,5.7891,145.098,170.401,5.6253,2.4250,0.324,0.2184
5SD5_HWI,0,2,7,29,5.6433,145.062,170.503,5.4438,2.3184,0.366,0.2207
5SD5_HWI,0,3,7,29,5.5007,144.974,170.498,5.2628,2.2108,0.486,0.2222
5SD5_HWI,0,4,7,29,5.3658,144.824,170.346,5.0872,2.1035,0.594,0.2175
5SD5_HWI,0,5,7,29,5.2396,144.693,170.099,4.9203,1.9946,0.791,0.2100
5SD5_HWI,0,6,7,29,5.1280,144.534,169.824,4.7676,1.8851,0.919,0.2046
5SD5_HWI,0,7,7,29,5.0370,144.404,169.487,4.6328,1.7854,1.214,0.2005
5SD5_HWI,0,8,7,29,4.9581,144.170,169.146,4.5077,1.6878,1.284,0.2008
5SD5_HWI,0,9,7,29,4.8934,143.958,168.779,4.3949,1.5951,1.806,0.1972
5SD5_HWI,0,10,7,29,4.8375,143.511,168.411,4.2907,1.5046,1.943,0.1941
5SD5_HWI,0,11,7,29,4.7990,143.080,167.804,4.2048,1.4171,2.072,0.1938
5SD5_HWI,0,12,7,29,4.7741,142.702,167.155,4.1365,1.3269,2.449,0.1924
5SD5_HWI,0,13,7,29,4.7644,142.203,166.592,4.0853,1.2406,2.737,0.1958
5SD5_HWI,0,14,7,29,4.7736,141.790,166.037,4.0563,1.1535,2.957,0.1977
5SD5_HWI,0,15,7,29,4.7906,141.184,165.485,4.0388,1.0804,3.226,0.1990
5SD5_HWI,0,16,7,29,4.8218,140.556,164.950,4.0434,1.0100,3.330,0.1940
5SD5_HWI,0,17,7,29,4.8653,139.809,164.554,4.0662,0.9622,3.605,0.2014
5SD5_HWI,0,18,7,29,4.9241,138.885,164.087,4.1073,0.9324,3.780,0.2041
5SD5_HWI,0,19,7,29,4.9929,137.860,163.990,4.1625,0.9169,3.955,0.2057
5SD5_HWI,0,20,7,29,5.0789,136.867,164.099,4.2359,0.9168,4.325,0.2135
5SD5_HWI,0,21,7,29,5.1851,136.144,164.368,4.3241,0.9226,4.500,0.2239
5SD5_HWI,0,22,7,29,5.3114,135.565,164.512,4.4319,0.9385,4.848,0.2405
5SD5_HWI,0,23,7,29,5.4626,134.916,164.481,4.5589,0.9618,5.046,0.2525
5SD5_HWI,0,24,7,29,5.6163,134.106,164.535,4.6793,0.9793,0.000,0.0000
5SIS_JSM,0,0,7,32,7.2959,103.932,173.290,6.8833,1.4424,0.506,0.1817
5SIS_JSM,0,1,7,32,7.1735,103.857,173.461,6.7421,1.3898,0.506,0.1749
5SIS_JSM,0,2,7,32,7.0571,103.834,173.613,6.6080,1.3391,0.669,0.1722
5SIS_JSM,0,3,7,32,6.9449,103.884,173.791,6.4784,1.2888,1.022,0.1761
5SIS_JSM,0,4,7,32,6.8301,103.976,174.156,6.3469,1.2349,1.391,0.1822
5SIS_JSM,0,5,7,32,6.7142,104.192,174.713,6.2165,1.1791,1.795,0.1928
5SIS_JSM,0,6,7,32,6.6006,104.587,175.333,6.0903,1.1207,2.152,0.1992
5SIS_JSM,0,7,7,32,6.4880,105.171,176.038,5.9681,1.0640,2.551,0.2096
5SIS_JSM,0,8,7,32,6.3752,105.975,176.868,5.8483,1.0047,2.776,0.2091
5SIS_JSM,0,9,7,32,6.2715,106.968,177.822,5.7404,0.9445,3.111,0.2110
5SIS_JSM,0,10,7,32,6.1720,108.277,178.875,5.6382,0.8856,3.183,0.2092
5SIS_JSM,0,11,7,32,6.0750,109.792,179.946,5.5398,0.8308,3.161,0.2123
5SIS_JSM,0,12,7,32,5.9788,111.030,178.981,5.4429,0.7750,3.189,0.2129
5SIS_JSM,0,13,7,32,5.8898,112.247,177.814,5.3534,0.7156,3.341,0.2212
5SIS_JSM,0,14,7,32,5.8001,113.615,176.639,5.2644,0.6529,3.340,0.2211
5SIS_JSM,0,15,7,32,5.7061,115.046,175.381,5.1714,0.5925,3.302,0.2218
5SIS_JSM,0,16,7,32,5.6241,116.397,173.965,5.0927,0.5373,3.334,0.2204
5SIS_JSM,0,17,7,32,5.5517,117.573,172.133,5.0261,0.4845,3.359,0.2203
5SIS_JSM,0,18,7,32,5.4819,118.537,170.007,4.9631,0.4399,3.532,0.2146
5SIS_JSM,0,19,7,32,5.4198,119.603,167.956,4.9070,0.3975,3.706,0.2174
5SIS_JSM,0,20,7,32,5.3627,120.688,165.692,4.8561,0.3593,3.696,0.2221
5SIS_JSM,0,21,7,32,5.3098,121.668,163.437,4.8078,0.3334,3.891,0.2286
5SIS_JSM,0,22,7,32,5.2540,122.581,160.996,4.7601,0.3056,3.743,0.2407
5SIS_JSM,0,23,7,32,5.1924,123.239,158.005,4.7041,0.2811,3.439,0.2669
5SIS_JSM,0,24,7,32,5.1406,123.376,154.603,4.6475,0.2655,0.000,0.0000
6T88_MWQ,0,0,2,10,8.8852,164.029,168.249,7.5111,7.1906,0.293,0.2740
6T88_MWQ,0,1,2,10,8.6168,164.149,168.573,7.2494,6.9231,0.323,0.2711
6T88_MWQ,0,2,2,10,8.3514,164.301,168.936,6.9931,6.6554,0.454,0.2670
6T88_MWQ,0,3,2,10,8.0949,164.541,169.450,6.7423,6.3933,0.598,0.2555
6T88_MWQ,0,4,2,10,7.8566,164.846,170.038,6.5042,6.1454,0.865,0.2526
6T88_MWQ,0,5,2,10,7.6277,165.293,170.799,6.2738,5.9004,1.147,0.2564
6T88_MWQ,0,6,2,10,7.4022,165.832,171.720,6.0447,5.6532,1.391,0.2570
6T88_MWQ,0,7,2,10,7.1859,166.442,172.718,5.8219,5.4071,1.961,0.2585
6T88_MWQ,0,8,2,10,6.9876,167.326,173.859,5.6130,5.1639,2.012,0.2515
6T88_MWQ,0,9,2,10,6.8005,168.258,175.065,5.4141,4.9308,2.608,0.2584
6T88_MWQ,0,10,2,10,6.6234,169.525,176.705,5.2243,4.6937,2.873,0.2633
6T88_MWQ,0,11,2,10,6.4492,170.824,178.237,5.0429,4.4533,3.191,0.2611
6T88_MWQ,0,12,2,10,6.2892,172.227,179.789,4.8810,4.2179,3.539,0.2576
6T88_MWQ,0,13,2,10,6.1472,172.364,178.547,4.7399,3.9922,3.665,0.2520
6T88_MWQ,0,14,2,10,6.0202,172.564,176.995,4.6206,3.7782,3.559,0.2442
6T88_MWQ,0,15,2,10,5.9055,172.733,175.425,4.5249,3.5721,3.387,0.2343
6T88_MWQ,0,16,2,10,5.8075,172.922,173.910,4.4481,3.3834,3.628,0.2341
6T88_MWQ,0,17,2,10,5.7196,173.332,174.133,4.3921,3.1969,3.595,0.2122
6T88_MWQ,0,18,2,10,5.6548,173.571,176.024,4.3541,3.0442,3.542,0.2011
6T88_MWQ,0,19,2,10,5.6062,174.033,178.121,4.3298,2.9156,3.335,0.1942
6T88_MWQ,0,20,2,10,5.5758,174.508,179.846,4.3284,2.8033,3.184,0.1752
6T88_MWQ,0,21,2,10,5.5617,173.563,178.294,4.3417,2.7182,3.052,0.1657
6T88_MWQ,0,22,2,10,5.5629,172.925,176.803,4.3738,2.6470,2.709,0.1345
6T88_MWQ,0,23,2,10,5.5847,172.694,175.888,4.4204,2.6080,2.300,0.1081
6T88_MWQ,0,24,2,10,5.6252,172.950,175.437,4.4856,2.5871,0.000,0.0000
6TW5_9M2,0,0,5,31,7.1420,136.253,178.074,6.8425,0.8521,0.291,0.1826
6TW5_9M2,0,1,5,31,6.9961,136.144,177.773,6.6993,0.8051,0.233,0.1763
6TW5_9M2,0,2,5,31,6.8582,136.053,177.532,6.5632,0.7627,0.256,0.1784
6TW5_9M2,0,3,5,31,6.7250,135.986,177.317,6.4299,0.7197,0.417,0.1778
6TW5_9M2,0,4,5,31,6.6029,135.908,176.934,6.3068,0.6751,0.718,0.1770
6TW5_9M2,0,5,5,31,6.4972,135.836,176.152,6.1997,0.6330,1.063,0.1811
6TW5_9M2,0,6,5,31,6.4045,135.816,175.069,6.1041,0.5910,1.200,0.1799
6TW5_9M2,0,7,5,31,6.3276,135.946,174.156,6.0212,0.5525,1.694,0.1915
6TW5_9M2,0,8,5,31,6.2778,136.032,172.627,5.9637,0.5160,1.968,0.1969
6TW5_9M2,0,9,5,31,6.2373,136.183,170.745,5.9125,0.4867,2.396,0.2083
6TW5_9M2,0,10,5,31,6.2158,136.306,168.267,5.8764,0.4569,2.688,0.2121
6TW5_9M2,0,11,5,31,6.2128,136.620,166.114,5.8573,0.4334,2.847,0.2103
6TW5_9M2,0,12,5,31,6.2253,137.150,167.320,5.8497,0.4171,3.198,0.2140
6TW5_9M2,0,13,5,31,6.2488,137.889,168.907,5.8503,0.4075,3.410,0.2224
6TW5_9M2,0,14,5,31,6.2858,138.936,170.800,5.8582,0.4087,3.597,0.2239
6TW5_9M2,0,15,5,31,6.3309,140.259,173.006,5.8702,0.4086,3.835,0.2240
6TW5_9M2,0,16,5,31,6.3898,141.822,175.496,5.8917,0.4197,4.075,0.2249
6TW5_9M2,0,17,5,31,6.4564,143.740,178.556,5.9167,0.4394,4.353,0.2195
6TW5_9M2,0,18,5,31,6.5299,144.894,177.639,5.9467,0.4565,4.570,0.2220
6TW5_9M2,0,19,5,31,6.6071,145.164,173.184,5.9784,0.4886,4.687,0.2262
6TW5_9M2,0,20,5,31,6.6944,145.408,168.469,6.0156,0.5284,4.534,0.2149
6TW5_9M2,0,21,5,31,6.7824,145.475,163.687,6.0569,0.5712,4.564,0.2143
6TW5_9M2,0,22,5,31,6.8694,145.501,163.400,6.0997,0.6098,4.413,0.2016
6TW5_9M2,0,23,5,31,6.9494,145.498,164.785,6.1403,0.6357,4.288,0.1928
6TW5_9M2,0,24,5,31,7.0240,145.614,165.630,6.1833,0.6439,0.000,0.0000
6VTA_AKN,0,0,8,40,7.4568,145.949,175.012,7.4603,4.8855,0.660,0.2385
6VTA_AKN,0,1,8,40,7.2411,146.014,175.151,7.2689,4.6563,0.631,0.2320
6VTA_AKN,0,2,8,40,7.0388,146.115,175.337,7.0862,4.4301,0.815,0.2378
6VTA_AKN,0,3,8,40,6.8404,146.171,175.655,6.9070,4.1873,1.147,0.2410
6VTA_AKN,0,4,8,40,6.6530,146.158,176.209,6.7393,3.9313,1.501,0.2376
6VTA_AKN,0,5,8,40,6.4878,146.154,176.924,6.5919,3.6771,1.741,0.2351
6VTA_AKN,0,6,8,40,6.3442,146.215,177.812,6.4648,3.4205,1.897,0.2298
6VTA_AKN,0,7,8,40,6.2277,146.399,178.859,6.3616,3.1689,2.184,0.2320
6VTA_AKN,0,8,8,40,6.1389,146.565,179.933,6.2769,2.9247,2.393,0.2306
6VTA_AKN,0,9,8,40,6.0704,146.235,178.642,6.2059,2.6840,2.583,0.2310
6VTA_AKN,0,10,8,40,6.0281,145.922,177.321,6.1548,2.4515,2.720,0.2407
6VTA_AKN,0,11,8,40,6.0083,145.846,176.115,6.1220,2.2172,2.893,0.2456
6VTA_AKN,0,12,8,40,6.0116,145.928,174.718,6.1054,1.9855,2.921,0.2455
6VTA_AKN,0,13,8,40,6.0414,146.210,173.391,6.1077,1.7639,3.061,0.2497
6VTA_AKN,0,14,8,40,6.0908,146.644,172.122,6.1228,1.5527,3.163,0.2462
6VTA_AKN,0,15,8,40,6.1551,147.197,170.774,6.1484,1.3554,3.063,0.2548
6VTA_AKN,0,16,8,40,6.2334,147.912,169.627,6.1814,1.1502,2.993,0.2593
6VTA_AKN,0,17,8,40,6.3258,148.652,168.572,6.2252,0.9537,2.977,0.2667
6VTA_AKN,0,18,8,40,6.4333,149.435,167.559,6.2808,0.7600,2.847,0.2592
6VTA_AKN,0,19,8,40,6.5449,150.227,166.693,6.3366,0.5825,2.938,0.2634
6VTA_AKN,0,20,8,40,6.6685,150.918,165.564,6.4060,0.4331,3.136,0.2633
6VTA_AKN,0,21,8,40,6.8000,151.356,163.748,6.4885,0.3547,3.392,0.2693
6VTA_AKN,0,22,8,40,6.9447,151.695,161.666,6.5895,0.3782,3.917,0.2668
6VTA_AKN,0,23,8,40,7.0974,151.941,158.988,6.7129,0.4798,4.875,0.2590
6VTA_AKN,0,24,8,40,7.2656,152.191,161.952,6.8677,0.6120,0.000,0.0000
6XAF_GDP,0,0,4,28,6.5973,117.156,144.442,6.1004,3.3845,0.455,0.2275
6XAF_GDP,0,1,4,28,6.4194,117.122,144.166,5.9062,3.2173,0.423,0.2237
6XAF_GDP,0,2,4,28,6.2503,117.152,144.343,5.7198,3.0474,0.549,0.2196
6XAF_GDP,0,3,4,28,6.0806,117.129,144.560,5.5300,2.8892,0.864,0.2208
6XAF_GDP,0,4,4,28,5.9034,116.996,144.655,5.3271,2.7464,1.139,0.2392
6XAF_GDP,0,5,4,28,5.7124,116.758,144.631,5.1003,2.6016,1.347,0.2508
6XAF_GDP,0,6,4,28,5.5152,116.374,144.328,4.8596,2.4618,1.532,0.2623
6XAF_GDP,0,7,4,28,5.3143,115.901,143.853,4.6080,2.3262,2.064,0.2833
6XAF_GDP,0,8,4,28,5.1044,115.221,143.103,4.3385,2.2063,2.324,0.2919
6XAF_GDP,0,9,4,28,4.8943,114.455,142.328,4.0627,2.0880,2.595,0.2928
6XAF_GDP,0,10,4,28,4.6902,113.644,141.814,3.7900,1.9820,2.848,0.2928
6XAF_GDP,0,11,4,28,4.4905,112.711,141.823,3.5174,1.8746,3.030,0.2857
6XAF_GDP,0,12,4,28,4.3007,111.719,141.931,3.2524,1.7690,3.150,0.2782
6XAF_GDP,0,13,4,28,4.1161,110.539,142.075,2.9943,1.6570,3.191,0.2789
6XAF_GDP,0,14,4,28,3.9319,109.127,142.203,2.7363,1.5332,3.187,0.2642
6XAF_GDP,0,15,4,28,3.7612,107.571,142.169,2.4945,1.4082,3.200,0.2669
6XAF_GDP,0,16,4,28,3.5966,105.780,141.786,2.2577,1.2800,3.408,0.2610
6XAF_GDP,0,17,4,28,3.4440,103.822,141.299,2.0444,1.1577,3.645,0.2700
6XAF_GDP,0,18,4,28,3.3081,101.734,140.456,1.8849,1.0307,4.033,0.2565
6XAF_GDP,0,19,4,28,3.2008,99.383,139.487,1.7875,0.9323,4.362,0.2571
6XAF_GDP,0,20,4,28,3.1234,97.006,138.249,1.7297,0.8561,4.570,0.2453
6XAF_GDP,0,21,4,28,3.0799,94.806,137.169,1.7101,0.8053,4.844,0.2427
6XAF_GDP,0,22,4,28,3.0730,92.762,136.113,1.7302,0.7879,4.907,0.2292
6XAF_GDP,0,23,4,28,3.1071,91.059,135.058,1.7902,0.8146,4.919,0.2463
6XAF_GDP,0,24,4,28,3.1880,89.798,134.136,1.8786,0.8826,0.000,0.0000
6XG5_TOP,0,0,5,21,6.2827,159.651,174.929,4.7834,2.6457,0.313,0.1795
6XG5_TOP,0,1,5,21,6.1255,159.506,174.865,4.6605,2.5165,0.335,0.1698
6XG5_TOP,0,2,5,21,5.9805,159.386,174.873,4.5486,2.3938,0.454,0.1687
6XG5_TOP,0,3,5,21,5.8331,159.204,174.804,4.4322,2.2755,0.539,0.1709
6XG5_TOP,0,4,5,21,5.6811,159.042,174.824,4.3104,2.1589,0.611,0.1697
6XG5_TOP,0,5,5,21,5.5255,158.979,175.043,4.1877,2.0411,0.733,0.1730
6XG5_TOP,0,6,5,21,5.3591,158.831,175.306,4.0558,1.9223,0.643,0.1792
6XG5_TOP,0,7,5,21,5.1917,158.786,175.733,3.9330,1.7887,0.979,0.1853
6XG5_TOP,0,8,5,21,5.0058,158.571,176.281,3.7900,1.6604,1.118,0.1928
6XG5_TOP,0,9,5,21,4.8148,158.226,176.758,3.6312,1.5515,1.137,0.1975
6XG5_TOP,0,10,5,21,4.6198,157.871,177.233,3.4722,1.4340,1.589,0.2128
6XG5_TOP,0,11,5,21,4.4151,157.122,177.566,3.2926,1.3327,1.850,0.2297
6XG5_TOP,0,12,5,21,4.2059,156.251,177.997,3.0977,1.2482,2.255,0.2366
6XG5_TOP,0,13,5,21,4.0014,155.140,178.557,2.8998,1.1785,2.503,0.2435
6XG5_TOP,0,14,5,21,3.7993,153.767,179.132,2.7011,1.1144,2.488,0.2535
6XG5_TOP,0,15,5,21,3.6062,152.127,179.518,2.5060,1.0689,2.547,0.2590
6XG5_TOP,0,16,5,21,3.4233,150.167,179.608,2.3237,1.0311,2.668,0.2606
6XG5_TOP,0,17,5,21,3.2560,147.886,179.529,2.1677,1.0026,2.945,0.2693
6XG5_TOP,0,18,5,21,3.1109,145.356,179.402,2.0491,0.9894,2.981,0.2676
6XG5_TOP,0,19,5,21,2.9893,142.865,179.424,1.9802,0.9794,3.269,0.2871
6XG5_TOP,0,20,5,21,2.8999,140.372,179.567,1.9689,0.9906,3.438,0.2929
6XG5_TOP,0,21,5,21,2.8485,138.152,179.768,2.0155,1.0105,3.783,0.3148
6XG5_TOP,0,22,5,21,2.8344,135.996,179.993,2.1212,1.0407,3.877,0.3424
6XG5_TOP,0,23,5,21,2.8749,133.944,179.428,2.2885,1.0879,3.741,0.3614
6XG5_TOP,0,24,5,21,2.9699,132.384,178.568,2.5023,1.1300,0.000,0.0000
6XUM_30L,0,0,5,25,4.9303,121.371,152.227,4.7975,1.5696,0.385,0.2106
6XUM_30L,0,1,5,25,4.8159,121.403,152.117,4.6518,1.5652,0.312,0.2046
6XUM_30L,0,2,5,25,4.7125,121.424,152.009,4.5165,1.5664,0.372,0.1964
6XUM_30L,0,3,5,25,4.6147,121.468,151.830,4.3858,1.5706,0.586,0.1824
6XUM_30L,0,4,5,25,4.5234,121.526,151.489,4.2620,1.5779,0.865,0.1735
6XUM_30L,0,5,5,25,4.4405,121.673,151.117,4.1455,1.5830,1.212,0.1705
6XUM_30L,0,6,5,25,4.3708,121.946,151.080,4.0399,1.5954,1.358,0.1693
6XUM_30L,0,7,5,25,4.3058,122.354,151.469,3.9370,1.6025,1.773,0.1652
6XUM_30L,0,8,5,25,4.2554,122.992,151.976,3.8473,1.6148,2.050,0.1593
6XUM_30L,0,9,5,25,4.2130,123.699,152.607,3.7647,1.6258,2.364,0.1518
6XUM_30L,0,10,5,25,4.1831,124.598,153.341,3.6963,1.6358,2.628,0.1515
6XUM_30L,0,11,5,25,4.1617,125.560,154.042,3.6355,1.6451,2.807,0.1534
6XUM_30L,0,12,5,25,4.1446,126.539,154.759,3.5773,1.6508,3.108,0.1562
6XUM_30L,0,13,5,25,4.1322,127.588,155.640,3.5229,1.6537,3.150,0.1642
6XUM_30L,0,14,5,25,4.1191,128.550,156.517,3.4675,1.6567,3.300,0.1642
6XUM_30L,0,15,5,25,4.1024,129.273,157.190,3.4112,1.6490,3.296,0.1686
6XUM_30L,0,16,5,25,4.0940,129.870,157.670,3.3650,1.6336,3.582,0.1706
6XUM_30L,0,17,5,25,4.0934,130.172,157.761,3.3279,1.6202,3.678,0.1672
6XUM_30L,0,18,5,25,4.0978,130.192,157.714,3.2964,1.6059,3.723,0.1683
6XUM_30L,0,19,5,25,4.1094,130.033,157.382,3.2731,1.6044,3.995,0.1626
6XUM_30L,0,20,5,25,4.1204,129.592,156.884,3.2526,1.5983,4.147,0.1465
6XUM_30L,0,21,5,25,4.1352,128.800,156.167,3.2409,1.5967,4.689,0.1395
6XUM_30L,0,22,5,25,4.1550,127.532,154.620,3.2393,1.5944,5.138,0.1322
6XUM_30L,0,23,5,25,4.1805,125.828,152.388,3.2488,1.5946,5.216,0.1447
6XUM_30L,0,24,5,25,4.2259,123.946,149.403,3.2822,1.6026,0.000,0.0000
6Y7L_QMG,0,0,5,25,6.5030,114.342,139.665,6.6036,3.1678,0.800,0.2153
6Y7L_QMG,0,1,5,25,6.3584,114.024,139.472,6.4356,3.0883,0.748,0.2065
6Y7L_QMG,0,2,5,25,6.2212,113.703,139.308,6.2773,3.0060,0.884,0.2110
6Y7L_QMG,0,3,5,25,6.0844,113.352,139.247,6.1193,2.9273,1.063,0.2195
6Y7L_QMG,0,4,5,25,5.9476,112.968,139.283,5.9603,2.8531,1.157,0.2196
6Y7L_QMG,0,5,5,25,5.8172,112.606,139.371,5.8086,2.7850,1.400,0.2258
6Y7L_QMG,0,6,5,25,5.6917,112.161,139.486,5.6625,2.7259,1.534,0.2232
6Y7L_QMG,0,7,5,25,5.5791,111.682,139.595,5.5311,2.6812,1.658,0.2246
6Y7L_QMG,0,8,5,25,5.4774,111.213,139.681,5.4120,2.6483,1.729,0.2355
6Y7L_QMG,0,9,5,25,5.3796,110.726,139.718,5.2978,2.6141,1.936,0.2448
6Y7L_QMG,0,10,5,25,5.2828,110.180,139.903,5.1859,2.5823,1.973,0.2506
6Y7L_QMG,0,11,5,25,5.1950,109.763,140.133,5.0829,2.5510,2.014,0.2539
6Y7L_QMG,0,12,5,25,5.1159,109.360,140.339,4.9889,2.5290,2.095,0.2554
6Y7L_QMG,0,13,5,25,5.0433,109.056,140.578,4.9013,2.5085,2.164,0.2514
6Y7L_QMG,0,14,5,25,4.9843,108.897,140.816,4.8278,2.4970,2.108,0.2551
6Y7L_QMG,0,15,5,25,4.9333,108.759,140.993,4.7636,2.4922,2.159,0.2521
6Y7L_QMG,0,16,5,25,4.8935,108.852,141.433,4.7088,2.4877,2.316,0.2492
6Y7L_QMG,0,17,5,25,4.8670,109.050,141.731,4.6701,2.4911,2.405,0.2561
6Y7L_QMG,0,18,5,25,4.8463,109.336,141.943,4.6385,2.4876,2.424,0.2619
6Y7L_QMG,0,19,5,25,4.8383,109.783,141.897,4.6228,2.4868,2.763,0.2744
6Y7L_QMG,0,20,5,25,4.8427,110.220,141.405,4.6274,2.4959,2.967,0.2705
6Y7L_QMG,0,21,5,25,4.8597,110.460,140.436,4.6557,2.5148,3.480,0.2792
6Y7L_QMG,0,22,5,25,4.8856,110.861,138.767,4.6934,2.5299,4.050,0.2875
6Y7L_QMG,0,23,5,25,4.9277,111.224,137.132,4.7567,2.5667,4.820,0.3011
6Y7L_QMG,0,24,5,25,4.9915,111.908,135.305,4.8391,2.6177,0.000,0.0000
6YDY_K73,0,0,6,28,6.2510,100.706,147.931,5.6412,2.4171,0.537,0.2014
6YDY_K73,0,1,6,28,6.1090,100.532,148.296,5.4876,2.3217,0.471,0.2009
6YDY_K73,0,2,6,28,5.9711,100.410,148.700,5.3372,2.2203,0.649,0.2077
6YDY_K73,0,3,6,28,5.8200,100.165,149.133,5.1740,2.1138,0.975,0.2223
6YDY_K73,0,4,6,28,5.6475,99.639,149.405,4.9912,2.0035,1.310,0.2359
6YDY_K73,0,5,6,28,5.4604,98.889,149.621,4.7966,1.8873,1.573,0.2515
6YDY_K73,0,6,6,28,5.2602,97.937,149.784,4.5944,1.7741,1.594,0.2542
6YDY_K73,0,7,6,28,5.0604,96.969,149.760,4.3953,1.6754,1.712,0.2584
6YDY_K73,0,8,6,28,4.8605,95.922,149.643,4.1990,1.5821,1.632,0.2627
6YDY_K73,0,9,6,28,4.6744,94.964,149.570,4.0210,1.5061,1.814,0.2655
6YDY_K73,0,10,6,28,4.4907,93.913,149.470,3.8494,1.4441,1.873,0.2657
6YDY_K73,0,11,6,28,4.3299,92.901,149.598,3.7060,1.3964,2.051,0.2682
6YDY_K73,0,12,6,28,4.1934,91.919,149.897,3.5914,1.3693,2.435,0.2718
6YDY_K73,0,13,6,28,4.0738,90.893,150.509,3.4940,1.3443,2.675,0.2813
6YDY_K73,0,14,6,28,3.9707,89.947,151.428,3.4149,1.3327,3.042,0.2831
6YDY_K73,0,15,6,28,3.8883,88.997,152.688,3.3563,1.3310,3.307,0.2951
6YDY_K73,0,16,6,28,3.8227,88.124,154.340,3.3159,1.3423,3.501,0.2925
6YDY_K73,0,17,6,28,3.7726,87.124,155.997,3.2909,1.3706,3.487,0.2960
6YDY_K73,0,18,6,28,3.7503,86.112,157.631,3.2905,1.4253,3.437,0.2824
6YDY_K73,0,19,6,28,3.7439,84.830,158.664,3.3043,1.4857,3.408,0.2844
6YDY_K73,0,20,6,28,3.7577,83.360,159.465,3.3410,1.5683,3.274,0.2587
6YDY_K73,0,21,6,28,3.7827,81.729,160.193,3.3880,1.6545,3.362,0.2457
6YDY_K73,0,22,6,28,3.8224,80.020,160.714,3.4523,1.7560,3.522,0.2283
6YDY_K73,0,23,6,28,3.8751,78.335,161.031,3.5317,1.8685,4.011,0.2201
6YDY_K73,0,24,6,28,3.9475,76.893,162.367,3.6297,1.9818,0.000,0.0000
6YRV_PJ8,0,0,8,17,5.6606,128.632,128.632,5.1036,2.5610,0.343,0.1586
6YRV_PJ8,0,1,8,17,5.5650,128.517,128.517,5.0276,2.5146,0.351,0.1489
6YRV_PJ8,0,2,8,17,5.4791,128.403,128.403,4.9611,2.4748,0.538,0.1480
6YRV_PJ8,0,3,8,17,5.3881,128.298,128.298,4.8891,2.4346,0.869,0.1512
6YRV_PJ8,0,4,8,17,5.2823,128.088,128.088,4.8025,2.3887,0.851,0.1555
6YRV_PJ8,0,5,8,17,5.1585,127.625,127.625,4.6953,2.3340,1.109,0.1643
6YRV_PJ8,0,6,8,17,5.0255,127.243,127.243,4.5783,2.2741,1.332,0.1739
6YRV_PJ8,0,7,8,17,4.8828,126.967,126.967,4.4519,2.2156,1.284,0.1840
6YRV_PJ8,0,8,8,17,4.7300,126.876,126.876,4.3132,2.1530,1.605,0.1986
6YRV_PJ8,0,9,8,17,4.5677,126.607,126.607,4.1675,2.0954,1.364,0.2050
6YRV_PJ8,0,10,8,17,4.3999,126.390,126.390,4.0170,2.0252,1.652,0.2115
6YRV_PJ8,0,11,8,17,4.2265,126.204,126.204,3.8589,1.9606,1.619,0.2166
6YRV_PJ8,0,12,8,17,4.0578,126.187,126.187,3.7052,1.8982,1.793,0.2115
6YRV_PJ8,0,13,8,17,3.8992,126.475,126.475,3.5589,1.8370,1.917,0.2137
6YRV_PJ8,0,14,8,17,3.7434,127.041,127.041,3.4139,1.7711,2.365,0.2120
6YRV_PJ8,0,15,8,17,3.5992,128.163,128.163,3.2791,1.7069,2.519,0.2150
6YRV_PJ8,0,16,8,17,3.4639,129.550,129.550,3.1509,1.6459,2.679,0.2147
6YRV_PJ8,0,17,8,17,3.3452,131.264,131.264,3.0360,1.5934,2.890,0.2148
6YRV_PJ8,0,18,8,17,3.2491,133.232,133.232,2.9404,1.5597,2.864,0.2142
6YRV_PJ8,0,19,8,17,3.1758,135.240,135.240,2.8667,1.5380,2.899,0.2190
6YRV_PJ8,0,20,8,17,3.1157,137.283,137.283,2.8031,1.5237,2.732,0.2213
6YRV_PJ8,0,21,8,17,3.0800,139.246,139.246,2.7623,1.5220,2.719,0.2325
6YRV_PJ8,0,22,8,17,3.0722,141.108,141.108,2.7477,1.5369,2.344,0.2493
6YRV_PJ8,0,23,8,17,3.1038,142.718,142.718,2.7736,1.5750,2.242,0.2767
6YRV_PJ8,0,24,8,17,3.1864,144.292,144.292,2.8531,1.6410,0.000,0.0000
6YSP_PAL,0,0,4,16,5.7520,118.152,165.322,5.2760,2.6789,0.310,0.2215
6YSP_PAL,0,1,4,16,5.5381,118.083,165.399,5.0783,2.5419,0.267,0.2118
6YSP_PAL,0,2,4,16,5.3377,117.992,165.406,4.8911,2.4087,0.356,0.2059
6YSP_PAL,0,3,4,16,5.1461,117.868,165.262,4.7085,2.2849,0.494,0.1972
6YSP_PAL,0,4,4,16,4.9662,117.731,164.998,4.5330,2.1726,0.622,0.1904
6YSP_PAL,0,5,4,16,4.7953,117.604,164.887,4.3635,2.0641,0.802,0.1910
6YSP_PAL,0,6,4,16,4.6261,117.454,165.809,4.1941,1.9543,0.926,0.1874
6YSP_PAL,0,7,4,16,4.4654,117.321,166.889,4.0300,1.8498,1.316,0.1785
6YSP_PAL,0,8,4,16,4.3194,117.202,168.518,3.8782,1.7588,1.306,0.1709
6YSP_PAL,0,9,4,16,4.1854,117.198,170.344,3.7366,1.6751,1.485,0.1699
6YSP_PAL,0,10,4,16,4.0588,117.149,172.253,3.6009,1.6026,1.690,0.1738
6YSP_PAL,0,11,4,16,3.9318,117.051,174.355,3.4652,1.5200,1.857,0.1658
6YSP_PAL,0,12,4,16,3.8176,116.828,176.376,3.3410,1.4459,1.897,0.1574
6YSP_PAL,0,13,4,16,3.7128,116.570,178.145,3.2254,1.3718,2.268,0.1498
6YSP_PAL,0,14,4,16,3.6216,116.286,179.906,3.1242,1.3015,2.392,0.1503
6YSP_PAL,0,15,4,16,3.5357,115.033,177.908,3.0284,1.2283,2.343,0.1459
6YSP_PAL,0,16,4,16,3.4549,113.896,175.912,2.9367,1.1549,2.562,0.1362
6YSP_PAL,0,17,4,16,3.3861,112.874,174.228,2.8583,1.0862,2.647,0.1386
6YSP_PAL,0,18,4,16,3.3283,112.120,172.930,2.7915,1.0154,2.686,0.1298
6YSP_PAL,0,19,4,16,3.2773,111.600,171.887,2.7305,0.9467,2.776,0.1269
6YSP_PAL,0,20,4,16,3.2372,111.345,171.083,2.6810,0.8792,2.601,0.1219
6YSP_PAL,0,21,4,16,3.2154,111.241,170.731,2.6510,0.8134,2.669,0.1243
6YSP_PAL,0,22,4,16,3.2106,111.229,170.775,2.6400,0.7521,2.857,0.1265
6YSP_PAL,0,23,4,16,3.2217,111.238,171.100,2.6437,0.7051,2.644,0.1128
6YSP_PAL,0,24,4,16,3.2598,111.261,171.107,2.6784,0.6731,0.000,0.0000
6YT6_PKE,0,0,4,31,7.3722,156.961,177.906,5.5805,3.3912,0.374,0.1736
6YT6_PKE,0,1,4,31,7.2214,157.084,178.287,5.4590,3.2543,0.343,0.1692
6YT6_PKE,0,2,4,31,7.0784,157.199,178.674,5.3458,3.1208,0.382,0.1624
6YT6_PKE,0,3,4,31,6.9423,157.315,179.105,5.2376,2.9975,0.517,0.1618
6YT6_PKE,0,4,4,31,6.8212,157.487,179.753,5.1444,2.8786,0.800,0.1671
6YT6_PKE,0,5,4,31,6.7185,157.343,179.224,5.0668,2.7569,1.156,0.1836
6YT6_PKE,0,6,4,31,6.6333,156.987,177.689,5.0040,2.6312,1.288,0.1911
6YT6_PKE,0,7,4,31,6.5580,156.654,176.729,4.9526,2.5038,1.727,0.2100
6YT6_PKE,0,8,4,31,6.4946,155.970,175.932,4.9191,2.3667,1.956,0.2197
6YT6_PKE,0,9,4,31,6.4466,155.202,174.812,4.9104,2.2294,2.598,0.2392
6YT6_PKE,0,10,4,31,6.4212,154.185,173.551,4.9423,2.0756,2.761,0.2463
6YT6_PKE,0,11,4,31,6.4064,153.090,172.270,4.9930,1.9239,3.077,0.2625
6YT6_PKE,0,12,4,31,6.4157,152.154,171.026,5.0798,1.7605,3.331,0.2639
6YT6_PKE,0,13,4,31,6.4487,151.463,169.833,5.1923,1.6048,3.502,0.2587
6YT6_PKE,0,14,4,31,6.5023,151.107,168.896,5.3214,1.4560,3.393,0.2454
6YT6_PKE,0,15,4,31,6.5686,150.951,168.102,5.4535,1.3159,3.295,0.2437
6YT6_PKE,0,16,4,31,6.6448,150.981,167.350,5.5935,1.1795,3.335,0.2413
6YT6_PKE,0,17,4,31,6.7264,151.181,166.682,5.7358,1.0481,3.436,0.2333
6YT6_PKE,0,18,4,31,6.8180,151.426,166.150,5.8844,0.9297,3.563,0.2327
6YT6_PKE,0,19,4,31,6.9155,152.021,165.823,6.0353,0.8100,3.634,0.2271
6YT6_PKE,0,20,4,31,7.0178,152.755,165.511,6.1882,0.7032,3.826,0.2074
6YT6_PKE,0,21,4,31,7.1226,153.747,165.000,6.3346,0.6204,4.176,0.1925
6YT6_PKE,0,22,4,31,7.2230,154.812,164.205,6.4699,0.5607,4.568,0.1785
6YT6_PKE,0,23,4,31,7.3360,156.153,163.093,6.6052,0.5382,5.027,0.1811
6YT6_PKE,0,24,4,31,7.4509,157.789,163.516,6.7322,0.5446,0.000,0.0000
6Z0R_Q4H,0,0,1,9,4.0910,156.174,156.174,2.3067,2.3067,0.398,0.1258
6Z0R_Q4H,0,1,1,9,4.0213,156.107,156.107,2.1811,2.1811,0.352,0.1173
6Z0R_Q4H,0,2,1,9,3.9588,156.035,156.035,2.0638,2.0638,0.354,0.1194
6Z0R_Q4H,0,3,1,9,3.8978,156.040,156.040,1.9445,1.9445,0.397,0.1202
6Z0R_Q4H,0,4,1,9,3.8395,156.125,156.125,1.8247,1.8247,0.480,0.1185
6Z0R_Q4H,0,5,1,9,3.7845,156.231,156.231,1.7065,1.7065,0.591,0.1205
6Z0R_Q4H,0,6,1,9,3.7317,156.456,156.456,1.5868,1.5868,0.662,0.1203
6Z0R_Q4H,0,7,1,9,3.6822,156.721,156.721,1.4679,1.4679,0.821,0.1152
6Z0R_Q4H,0,8,1,9,3.6381,157.129,157.129,1.3554,1.3554,1.046,0.1154
6Z0R_Q4H,0,9,1,9,3.5973,157.687,157.687,1.2438,1.2438,1.481,0.1206
6Z0R_Q4H,0,10,1,9,3.5572,158.433,158.433,1.1285,1.1285,1.598,0.1118
6Z0R_Q4H,0,11,1,9,3.5223,159.153,159.153,1.0230,1.0230,1.913,0.1106
6Z0R_Q4H,0,12,1,9,3.4903,160.039,160.039,0.9199,0.9199,2.306,0.1067
6Z0R_Q4H,0,13,1,9,3.4615,161.068,161.068,0.8243,0.8243,2.822,0.1079
6Z0R_Q4H,0,14,1,9,3.4344,162.340,162.340,0.7313,0.7313,3.245,0.1083
6Z0R_Q4H,0,15,1,9,3.4075,163.734,163.734,0.6365,0.6365,3.516,0.1122
6Z0R_Q4H,0,16,1,9,3.3813,165.132,165.132,0.5393,0.5393,3.717,0.0991
6Z0R_Q4H,0,17,1,9,3.3595,166.557,166.557,0.4607,0.4607,3.756,0.1016
6Z0R_Q4H,0,18,1,9,3.3385,167.799,167.799,0.3781,0.3781,4.139,0.0875
6Z0R_Q4H,0,19,1,9,3.3219,169.253,169.253,0.3250,0.3250,4.034,0.0926
6Z0R_Q4H,0,20,1,9,3.3074,170.619,170.619,0.2766,0.2766,3.949,0.0938
6Z0R_Q4H,0,21,1,9,3.2961,171.944,171.944,0.2498,0.2498,3.817,0.0884
6Z0R_Q4H,0,22,1,9,3.2886,173.236,173.236,0.2539,0.2539,2.803,0.0861
6Z0R_Q4H,0,23,1,9,3.2855,174.328,174.328,0.2771,0.2771,1.763,0.0913
6Z0R_Q4H,0,24,1,9,3.2863,175.139,175.139,0.3160,0.3160,0.000,0.0000
6Z14_Q4Z,0,0,2,18,3.9401,79.194,105.935,2.7400,2.1405,0.246,0.1851
6Z14_Q4Z,0,1,2,18,3.8631,78.975,105.750,2.6090,2.0003,0.247,0.1708
6Z14_Q4Z,0,2,2,18,3.7970,78.749,105.565,2.4952,1.8723,0.337,0.1609
6Z14_Q4Z,0,3,2,18,3.7331,78.427,105.304,2.3898,1.7508,0.619,0.1501
6Z14_Q4Z,0,4,2,18,3.6644,77.896,104.867,2.2843,1.6354,0.883,0.1518
6Z14_Q4Z,0,5,2,18,3.5863,77.152,104.236,2.1700,1.5186,1.278,0.1576
6Z14_Q4Z,0,6,2,18,3.4911,76.118,103.297,2.0415,1.3936,1.410,0.1549
6Z14_Q4Z,0,7,2,18,3.3948,75.007,102.300,1.9131,1.2711,1.807,0.1580
6Z14_Q4Z,0,8,2,18,3.2890,73.566,101.010,1.7818,1.1400,1.850,0.1509
6Z14_Q4Z,0,9,2,18,3.1889,72.111,99.696,1.6579,1.0171,2.007,0.1496
6Z14_Q4Z,0,10,2,18,3.0872,70.568,98.304,1.5351,0.8945,2.151,0.1524
6Z14_Q4Z,0,11,2,18,2.9809,68.907,96.635,1.4149,0.7649,2.171,0.1479
6Z14_Q4Z,0,12,2,18,2.8780,67.275,94.931,1.2983,0.6446,2.326,0.1508
6Z14_Q4Z,0,13,2,18,2.7760,65.617,93.192,1.1844,0.5260,2.358,0.1545
6Z14_Q4Z,0,14,2,18,2.6772,64.013,91.445,1.0725,0.4153,2.315,0.1470
6Z14_Q4Z,0,15,2,18,2.5895,62.495,89.750,0.9778,0.3366,2.199,0.1391
6Z14_Q4Z,0,16,2,18,2.5111,61.091,88.145,0.8962,0.2946,2.392,0.1416
6Z14_Q4Z,0,17,2,18,2.4351,59.654,86.421,0.8332,0.2986,2.208,0.1422
6Z14_Q4Z,0,18,2,18,2.3747,58.381,84.856,0.7987,0.3603,2.212,0.1390
6Z14_Q4Z,0,19,2,18,2.3198,57.176,83.306,0.7884,0.4407,2.098,0.1376
6Z14_Q4Z,0,20,2,18,2.2752,56.037,81.745,0.8072,0.5376,2.027,0.1253
6Z14_Q4Z,0,21,2,18,2.2362,55.034,80.245,0.8402,0.6304,2.166,0.1249
6Z14_Q4Z,0,22,2,18,2.1998,53.931,78.644,0.8929,0.7250,1.998,0.1123
6Z14_Q4Z,0,23,2,18,2.1745,53.068,77.409,0.9458,0.8107,1.523,0.1038
6Z14_Q4Z,0,24,2,18,2.1708,52.500,76.760,1.0003,0.8875,0.000,0.0000
6Z5Z_BDF,0,0,2,12,9.0215,107.795,107.795,8.3835,8.6535,0.867,0.3181
6Z5Z_BDF,0,1,2,12,8.6834,107.456,107.456,8.0885,8.3116,0.870,0.3191
6Z5Z_BDF,0,2,2,12,8.3449,107.117,107.117,7.7897,7.9675,0.963,0.3139
6Z5Z_BDF,0,3,2,12,8.0129,106.728,106.728,7.4961,7.6288,1.008,0.3150
6Z5Z_BDF,0,4,2,12,7.6856,106.325,106.325,7.2044,7.2936,1.018,0.3177
6Z5Z_BDF,0,5,2,12,7.3629,105.786,105.786,6.9110,6.9620,1.093,0.3235
6Z5Z_BDF,0,6,2,12,7.0382,105.220,105.220,6.6104,6.6263,1.229,0.3145
6Z5Z_BDF,0,7,2,12,6.7297,104.687,104.687,6.3216,6.3055,1.309,0.3018
6Z5Z_BDF,0,8,2,12,6.4415,104.058,104.058,6.0457,6.0058,1.595,0.2837
6Z5Z_BDF,0,9,2,12,6.1804,103.426,103.426,5.7911,5.7345,1.761,0.2761
6Z5Z_BDF,0,10,2,12,5.9315,102.813,102.813,5.5444,5.4755,2.039,0.2618
6Z5Z_BDF,0,11,2,12,5.7060,102.164,102.164,5.3165,5.2412,2.192,0.2529
6Z5Z_BDF,0,12,2,12,5.4966,101.597,101.597,5.1011,5.0233,2.062,0.2513
6Z5Z_BDF,0,13,2,12,5.2974,101.461,101.461,4.8928,4.8122,2.462,0.2449
6Z5Z_BDF,0,14,2,12,5.1145,101.254,101.254,4.6947,4.6188,2.476,0.2427
6Z5Z_BDF,0,15,2,12,4.9449,101.225,101.225,4.5070,4.4369,2.429,0.2449
6Z5Z_BDF,0,16,2,12,4.7809,101.455,101.455,4.3213,4.2567,2.644,0.2306
6Z5Z_BDF,0,17,2,12,4.6415,101.940,101.940,4.1582,4.1004,2.967,0.2236
6Z5Z_BDF,0,18,2,12,4.5233,102.454,102.454,4.0141,3.9646,3.434,0.1985
6Z5Z_BDF,0,19,2,12,4.4400,103.224,103.224,3.9063,3.8658,3.892,0.1917
6Z5Z_BDF,0,20,2,12,4.3682,104.031,104.031,3.8075,3.7779,4.202,0.1753
6Z5Z_BDF,0,21,2,12,4.3232,104.746,104.746,3.7391,3.7196,4.525,0.1644
6Z5Z_BDF,0,22,2,12,4.2953,105.614,105.614,3.6897,3.6791,4.385,0.1407
6Z5Z_BDF,0,23,2,12,4.2798,106.082,106.082,3.6616,3.6539,4.005,0.1253
6Z5Z_BDF,0,24,2,12,4.2733,106.085,106.085,3.6487,3.6408,0.000,0.0000
6ZCY_QF8,0,0,6,33,6.5518,115.597,151.734,5.8762,3.4628,0.854,0.2120
6ZCY_QF8,0,1,6,33,6.3711,116.090,152.775,5.7041,3.2858,0.787,0.2099
6ZCY_QF8,0,2,6,33,6.1995,116.507,153.654,5.5386,3.1102,0.953,0.2081
6ZCY_QF8,0,3,6,33,6.0321,117.005,154.946,5.3757,2.9357,1.170,0.2073
6ZCY_QF8,0,4,6,33,5.8673,117.535,156.649,5.2135,2.7633,1.310,0.2049
6ZCY_QF8,0,5,6,33,5.7069,118.103,158.297,5.0507,2.5936,1.433,0.2066
6ZCY_QF8,0,6,6,33,5.5534,118.651,159.805,4.8894,2.4203,1.454,0.2069
6ZCY_QF8,0,7,6,33,5.4115,119.063,161.102,4.7370,2.2491,1.696,0.2010
6ZCY_QF8,0,8,6,33,5.2752,119.422,162.017,4.5843,2.0816,1.881,0.2034
6ZCY_QF8,0,9,6,33,5.1419,119.624,162.615,4.4324,1.9143,2.465,0.2120
6ZCY_QF8,0,10,6,33,5.0142,119.874,163.044,4.2802,1.7436,2.986,0.2257
6ZCY_QF8,0,11,6,33,4.8916,120.130,163.344,4.1285,1.5772,3.349,0.2303
6ZCY_QF8,0,12,6,33,4.7755,120.282,163.584,3.9803,1.4108,3.767,0.2310
6ZCY_QF8,0,13,6,33,4.6717,120.384,163.681,3.8423,1.2505,4.083,0.2358
6ZCY_QF8,0,14,6,33,4.5793,120.513,163.653,3.7157,1.0911,4.334,0.2323
6ZCY_QF8,0,15,6,33,4.5034,120.755,163.464,3.6086,0.9356,4.400,0.2315
6ZCY_QF8,0,16,6,33,4.4419,121.011,163.193,3.5235,0.7864,4.575,0.2233
6ZCY_QF8,0,17,6,33,4.3946,121.341,162.821,3.4640,0.6507,4.794,0.2198
6ZCY_QF8,0,18,6,33,4.3620,121.798,162.052,3.4262,0.5128,4.880,0.2174
6ZCY_QF8,0,19,6,33,4.3505,122.636,161.215,3.4200,0.4031,4.904,0.2098
6ZCY_QF8,0,20,6,33,4.3599,123.647,160.231,3.4409,0.3181,4.914,0.2013
6ZCY_QF8,0,21,6,33,4.3859,124.791,159.209,3.4819,0.2835,5.083,0.2053
6ZCY_QF8,0,22,6,33,4.4382,126.058,158.239,3.5512,0.3205,5.283,0.2225
6ZCY_QF8,0,23,6,33,4.5215,127.272,157.617,3.6502,0.4171,5.381,0.2479
6ZCY_QF8,0,24,6,33,4.6366,128.907,157.333,3.7782,0.5464,0.000,0.0000
6ZPB_3D1,0,0,3,18,4.4412,102.924,134.789,4.1429,1.3013,0.246,0.1435
6ZPB_3D1,0,1,3,18,4.3592,102.747,134.595,4.0450,1.2380,0.270,0.1393
6ZPB_3D1,0,2,3,18,4.2801,102.561,134.409,3.9522,1.1775,0.398,0.1337
6ZPB_3D1,0,3,3,18,4.1981,102.252,134.094,3.8585,1.1282,0.677,0.1328
6ZPB_3D1,0,4,3,18,4.1050,101.668,133.474,3.7572,1.0868,0.962,0.1386
6ZPB_3D1,0,5,3,18,3.9984,100.795,132.543,3.6445,1.0521,1.167,0.1476
6ZPB_3D1,0,6,3,18,3.8787,99.722,131.499,3.5226,1.0120,1.396,0.1518
6ZPB_3D1,0,7,3,18,3.7467,98.397,130.338,3.3964,0.9703,1.877,0.1677
6ZPB_3D1,0,8,3,18,3.5951,96.594,128.816,3.2544,0.9331,2.216,0.1715
6ZPB_3D1,0,9,3,18,3.4387,94.433,127.003,3.1129,0.8981,2.648,0.1755
6ZPB_3D1,0,10,3,18,3.2758,91.815,124.891,2.9684,0.8619,3.191,0.1771
6ZPB_3D1,0,11,3,18,3.1135,88.661,122.119,2.8267,0.8310,3.774,0.1794
6ZPB_3D1,0,12,3,18,2.9491,84.940,118.685,2.6878,0.8017,4.411,0.1793
6ZPB_3D1,0,13,3,18,2.7845,80.620,114.817,2.5517,0.7764,4.893,0.1803
6ZPB_3D1,0,14,3,18,2.6188,75.871,110.406,2.4174,0.7518,5.005,0.1724
6ZPB_3D1,0,15,3,18,2.4666,71.076,105.655,2.2972,0.7376,5.198,0.1739
6ZPB_3D1,0,16,3,18,2.3227,66.190,100.481,2.1871,0.7286,5.150,0.1604
6ZPB_3D1,0,17,3,18,2.1972,61.494,95.241,2.0943,0.7235,5.069,0.1538
6ZPB_3D1,0,18,3,18,2.0888,57.011,90.005,2.0197,0.7302,5.086,0.1431
6ZPB_3D1,0,19,3,18,1.9918,52.715,84.647,1.9559,0.7354,5.046,0.1463
6ZPB_3D1,0,20,3,18,1.9021,48.623,78.917,1.8988,0.7459,5.245,0.1440
6ZPB_3D1,0,21,3,18,1.8288,44.760,72.893,1.8617,0.7711,5.349,0.1522
6ZPB_3D1,0,22,3,18,1.7694,41.100,66.550,1.8399,0.8033,5.581,0.1600
6ZPB_3D1,0,23,3,18,1.7276,37.738,60.447,1.8355,0.8384,6.024,0.1598
6ZPB_3D1,0,24,3,18,1.7143,35.509,55.534,1.8493,0.8849,0.000,0.0000
7A1P_QW2,0,0,4,13,5.1420,143.506,173.624,4.8201,1.9341,0.224,0.1651
7A1P_QW2,0,1,4,13,4.9949,143.603,173.581,4.6747,1.8489,0.187,0.1588
7A1P_QW2,0,2,4,13,4.8560,143.690,173.522,4.5364,1.7648,0.188,0.1610
7A1P_QW2,0,3,4,13,4.7192,143.797,173.472,4.3990,1.6802,0.281,0.1620
7A1P_QW2,0,4,4,13,4.5857,143.866,173.449,4.2634,1.5991,0.431,0.1590
7A1P_QW2,0,5,4,13,4.4586,143.993,173.507,4.1331,1.5157,0.582,0.1598
7A1P_QW2,0,6,4,13,4.3367,144.292,173.753,4.0072,1.4315,0.756,0.1589
7A1P_QW2,0,7,4,13,4.2192,144.727,173.950,3.8840,1.3505,0.972,0.1608
7A1P_QW2,0,8,4,13,4.1085,145.260,174.335,3.7658,1.2660,1.115,0.1614
7A1P_QW2,0,9,4,13,4.0052,145.834,174.698,3.6542,1.1798,1.251,0.1645
7A1P_QW2,0,10,4,13,3.9065,146.533,175.376,3.5464,1.0921,1.487,0.1657
7A1P_QW2,0,11,4,13,3.8154,147.335,175.971,3.4442,1.0077,1.675,0.1670
7A1P_QW2,0,12,4,13,3.7309,148.067,176.401,3.3480,0.9303,1.893,0.1704
7A1P_QW2,0,13,4,13,3.6528,149.038,177.265,3.2572,0.8612,2.351,0.1746
7A1P_QW2,0,14,4,13,3.5868,149.740,178.628,3.1801,0.7997,2.697,0.1768
7A1P_QW2,0,15,4,13,3.5194,150.254,179.958,3.1011,0.7488,3.193,0.1784
7A1P_QW2,0,16,4,13,3.4639,149.855,178.416,3.0350,0.7077,3.692,0.1830
7A1P_QW2,0,17,4,13,3.4228,149.208,177.255,2.9842,0.6855,3.793,0.1898
7A1P_QW2,0,18,4,13,3.3913,148.467,176.366,2.9436,0.6880,4.057,0.1813
7A1P_QW2,0,19,4,13,3.3694,147.638,175.590,2.9120,0.6999,4.182,0.1810
7A1P_QW2,0,20,4,13,3.3554,146.753,175.052,2.8882,0.7201,3.969,0.1739
7A1P_QW2,0,21,4,13,3.3463,146.123,175.183,2.8685,0.7398,4.367,0.1735
7A1P_QW2,0,22,4,13,3.3451,145.539,175.968,2.8580,0.7698,4.571,0.1618
7A1P_QW2,0,23,4,13,3.3426,145.230,177.347,2.8468,0.8120,4.416,0.1467
7A1P_QW2,0,24,4,13,3.3380,145.214,179.296,2.8306,0.8508,0.000,0.0000
7AMC_73B,0,0,5,31,7.7826,114.504,154.007,6.9140,4.9781,0.276,0.2151
7AMC_73B,0,1,5,31,7.5759,114.630,154.079,6.7936,4.8103,0.259,0.2090
7AMC_73B,0,2,5,31,7.3806,114.747,154.115,6.6764,4.6468,0.375,0.2139
7AMC_73B,0,3,5,31,7.1832,114.728,153.972,6.5502,4.4785,0.466,0.2243
7AMC_73B,0,4,5,31,6.9825,114.639,153.792,6.4123,4.3015,0.583,0.2240
7AMC_73B,0,5,5,31,6.7928,114.523,153.476,6.2777,4.1261,0.877,0.2263
7AMC_73B,0,6,5,31,6.6135,114.270,152.836,6.1442,3.9505,0.954,0.2102
7AMC_73B,0,7,5,31,6.4509,113.995,152.078,6.0190,3.7870,1.229,0.2125
7AMC_73B,0,8,5,31,6.3009,113.565,151.015,5.8987,3.6231,1.550,0.2171
7AMC_73B,0,9,5,31,6.1595,112.939,149.523,5.7778,3.4666,2.036,0.2240
7AMC_73B,0,10,5,31,6.0189,111.935,147.601,5.6528,3.3129,2.639,0.2382
7AMC_73B,0,11,5,31,5.8889,110.767,145.235,5.5388,3.1548,2.751,0.2389
7AMC_73B,0,12,5,31,5.7737,109.576,142.600,5.4407,3.0029,2.796,0.2421
7AMC_73B,0,13,5,31,5.6699,108.383,139.298,5.3506,2.8651,3.100,0.2521
7AMC_73B,0,14,5,31,5.5738,107.079,135.492,5.2701,2.7392,3.481,0.2559
7AMC_73B,0,15,5,31,5.4928,105.828,131.714,5.2051,2.6329,3.578,0.2567
7AMC_73B,0,16,5,31,5.4396,104.849,128.329,5.1644,2.5491,3.802,0.2620
7AMC_73B,0,17,5,31,5.4064,104.071,124.935,5.1426,2.4803,3.861,0.2694
7AMC_73B,0,18,5,31,5.3893,103.430,121.675,5.1334,2.4270,3.825,0.2671
7AMC_73B,0,19,5,31,5.4075,103.205,118.608,5.1548,2.3962,3.989,0.2786
7AMC_73B,0,20,5,31,5.4518,103.083,116.169,5.2000,2.3801,3.980,0.2790
7AMC_73B,0,21,5,31,5.5282,102.996,114.796,5.2762,2.3842,4.304,0.2840
7AMC_73B,0,22,5,31,5.6389,102.981,112.833,5.3835,2.4058,4.561,0.2869
7AMC_73B,0,23,5,31,5.7626,102.784,116.003,5.5001,2.4503,5.115,0.2891
7AMC_73B,0,24,5,31,5.8956,102.544,120.157,5.6177,2.5090,0.000,0.0000
7AVI_S2Q,0,0,6,27,6.9160,123.296,164.497,6.3301,3.9171,0.423,0.2168
7AVI_S2Q,0,1,6,27,6.7924,123.292,164.647,6.2070,3.7587,0.389,0.2083
7AVI_S2Q,0,2,6,27,6.6754,123.306,164.773,6.0937,3.6032,0.523,0.2131
7AVI_S2Q,0,3,6,27,6.5745,123.307,164.963,5.9986,3.4480,0.724,0.2207
7AVI_S2Q,0,4,6,27,6.4904,123.243,165.254,5.9222,3.2906,1.058,0.2256
7AVI_S2Q,0,5,6,27,6.4269,123.147,165.765,5.8669,3.1308,1.441,0.2284
7AVI_S2Q,0,6,6,27,6.3774,123.020,166.481,5.8254,2.9720,1.675,0.2213
7AVI_S2Q,0,7,6,27,6.3387,122.794,167.215,5.7940,2.8189,1.995,0.2264
7AVI_S2Q,0,8,6,27,6.3190,122.305,167.924,5.7774,2.6713,2.118,0.2306
7AVI_S2Q,0,9,6,27,6.3065,121.683,168.556,5.7675,2.5290,2.457,0.2297
7AVI_S2Q,0,10,6,27,6.3140,121.045,169.610,5.7697,2.3917,2.562,0.2362
7AVI_S2Q,0,11,6,27,6.3315,120.400,170.878,5.7821,2.2605,2.631,0.2408
7AVI_S2Q,0,12,6,27,6.3562,119.755,172.190,5.7987,2.1419,2.649,0.2378
7AVI_S2Q,0,13,6,27,6.3910,119.114,173.607,5.8208,2.0409,2.616,0.2439
7AVI_S2Q,0,14,6,27,6.4373,118.514,175.102,5.8539,1.9567,2.764,0.2438
7AVI_S2Q,0,15,6,27,6.4904,118.091,176.898,5.8900,1.8930,2.836,0.2420
7AVI_S2Q,0,16,6,27,6.5574,117.804,178.684,5.9364,1.8504,3.038,0.2401
7AVI_S2Q,0,17,6,27,6.6312,117.317,179.289,5.9886,1.8332,3.282,0.2445
7AVI_S2Q,0,18,6,27,6.7030,116.341,177.298,6.0393,1.8323,3.392,0.2377
7AVI_S2Q,0,19,6,27,6.7845,115.520,175.142,6.0991,1.8637,3.533,0.2399
7AVI_S2Q,0,20,6,27,6.8725,114.939,173.256,6.1661,1.9238,3.801,0.2395
7AVI_S2Q,0,21,6,27,6.9601,114.588,171.554,6.2323,2.0113,4.246,0.2388
7AVI_S2Q,0,22,6,27,7.0503,114.437,169.977,6.3038,2.1193,4.838,0.2424
7AVI_S2Q,0,23,6,27,7.1390,114.669,168.779,6.3700,2.2461,5.688,0.2362
7AVI_S2Q,0,24,6,27,7.2171,115.259,173.284,6.4235,2.3806,0.000,0.0000
7BJ6_TVK,0,0,6,37,8.9508,139.917,176.593,7.0706,4.5460,0.735,0.2376
7BJ6_TVK,0,1,6,37,8.7192,139.859,175.720,6.8768,4.3566,0.652,0.2289
7BJ6_TVK,0,2,6,37,8.5003,139.864,175.175,6.6922,4.1706,0.850,0.2267
7BJ6_TVK,0,3,6,37,8.2920,139.918,174.630,6.5127,3.9803,1.210,0.2272
7BJ6_TVK,0,4,6,37,8.1007,140.015,173.958,6.3442,3.7846,1.583,0.2298
7BJ6_TVK,0,5,6,37,7.9264,140.126,173.132,6.1844,3.5872,1.956,0.2361
7BJ6_TVK,0,6,6,37,7.7698,140.286,172.280,6.0345,3.3822,2.058,0.2348
7BJ6_TVK,0,7,6,37,7.6326,140.600,171.332,5.9010,3.1793,2.163,0.2482
7BJ6_TVK,0,8,6,37,7.5070,141.075,170.601,5.7716,2.9685,2.222,0.2501
7BJ6_TVK,0,9,6,37,7.3891,141.618,169.782,5.6458,2.7537,2.297,0.2566
7BJ6_TVK,0,10,6,37,7.2780,142.311,169.072,5.5237,2.5412,2.505,0.2647
7BJ6_TVK,0,11,6,37,7.1777,143.033,167.799,5.4047,2.3209,2.637,0.2567
7BJ6_TVK,0,12,6,37,7.0858,143.650,166.143,5.2944,2.1094,2.822,0.2546
7BJ6_TVK,0,13,6,37,7.0039,144.245,164.379,5.1954,1.9031,2.908,0.2566
7BJ6_TVK,0,14,6,37,6.9329,144.954,162.888,5.1054,1.7023,3.013,0.2600
7BJ6_TVK,0,15,6,37,6.8706,145.506,160.790,5.0262,1.5095,3.033,0.2660
7BJ6_TVK,0,16,6,37,6.8172,145.878,158.341,4.9591,1.3225,3.081,0.2631
7BJ6_TVK,0,17,6,37,6.7759,146.273,155.952,4.9179,1.1585,2.970,0.2592
7BJ6_TVK,0,18,6,37,6.7388,146.404,153.591,4.9400,1.0134,3.152,0.2368
7BJ6_TVK,0,19,6,37,6.7149,146.554,153.852,4.9792,0.9121,3.437,0.2295
7BJ6_TVK,0,20,6,37,6.7015,146.659,153.694,5.0251,0.8593,3.765,0.2208
7BJ6_TVK,0,21,6,37,6.6992,146.866,154.718,5.0775,0.8541,4.193,0.2158
7BJ6_TVK,0,22,6,37,6.7048,147.299,157.429,5.1364,0.8858,4.544,0.2047
7BJ6_TVK,0,23,6,37,6.7200,148.287,160.695,5.1989,0.9608,4.876,0.1881
7BJ6_TVK,0,24,6,37,6.7466,150.028,164.716,5.2659,1.0670,0.000,0.0000
7BLG_GAL,0,0,2,12,7.3171,175.741,175.741,6.1858,6.1607,0.471,0.3274
7BLG_GAL,0,1,2,12,6.9995,176.128,176.128,5.8891,5.8132,0.428,0.3094
7BLG_GAL,0,2,2,12,6.7047,176.506,176.506,5.6102,5.4876,0.429,0.3034
7BLG_GAL,0,3,2,12,6.4196,176.903,176.903,5.3383,5.1696,0.447,0.3048
7BLG_GAL,0,4,2,12,6.1392,177.312,177.312,5.0678,4.8524,0.482,0.2956
7BLG_GAL,0,5,2,12,5.8733,177.749,177.749,4.8053,4.5493,0.520,0.2875
7BLG_GAL,0,6,2,12,5.6189,178.180,178.180,4.5527,4.2549,0.569,0.2720
7BLG_GAL,0,7,2,12,5.3839,178.628,178.628,4.3145,3.9808,0.602,0.2653
7BLG_GAL,0,8,2,12,5.1615,179.143,179.143,4.0844,3.7174,0.618,0.2574
7BLG_GAL,0,9,2,12,4.9493,179.670,179.670,3.8622,3.4631,0.718,0.2496
7BLG_GAL,0,10,2,12,4.7463,179.718,179.718,3.6440,3.2200,0.718,0.2452
7BLG_GAL,0,11,2,12,4.5539,179.080,179.080,3.4341,2.9844,0.809,0.2376
7BLG_GAL,0,12,2,12,4.3730,178.370,178.370,3.2317,2.7607,0.899,0.2280
7BLG_GAL,0,13,2,12,4.2075,177.708,177.708,3.0427,2.5517,1.019,0.2273
7BLG_GAL,0,14,2,12,4.0489,176.961,176.961,2.8584,2.3479,1.147,0.2263
7BLG_GAL,0,15,2,12,3.9028,176.188,176.188,2.6758,2.1634,1.239,0.2229
7BLG_GAL,0,16,2,12,3.7724,175.502,175.502,2.5056,1.9983,1.135,0.2147
7BLG_GAL,0,17,2,12,3.6604,174.977,174.977,2.3518,1.8573,1.141,0.2145
7BLG_GAL,0,18,2,12,3.5599,174.620,174.620,2.2093,1.7327,1.250,0.2279
7BLG_GAL,0,19,2,12,3.4789,174.547,174.547,2.0808,1.6395,1.167,0.2376
7BLG_GAL,0,20,2,12,3.4188,174.664,174.664,1.9779,1.5745,1.520,0.2779
7BLG_GAL,0,21,2,12,3.3818,175.080,175.080,1.8965,1.5434,2.374,0.3001
7BLG_GAL,0,22,2,12,3.3820,175.739,175.739,1.8656,1.5606,3.189,0.2968
7BLG_GAL,0,23,2,12,3.4281,176.730,176.730,1.8979,1.6388,3.716,0.2798
7BLG_GAL,0,24,2,12,3.5002,177.867,177.867,1.9731,1.7401,0.000,0.0000
7BNH_BEZ,0,0,2,9,6.2682,159.250,166.096,5.9359,4.0519,0.370,0.2159
7BNH_BEZ,0,1,2,9,6.0863,159.317,166.013,5.7259,3.8861,0.289,0.2063
7BNH_BEZ,0,2,2,9,5.9135,159.368,165.939,5.5262,3.7271,0.389,0.1963
7BNH_BEZ,0,3,2,9,5.7498,159.416,165.908,5.3365,3.5775,0.548,0.1857
7BNH_BEZ,0,4,2,9,5.5956,159.464,165.939,5.1572,3.4389,0.751,0.1845
7BNH_BEZ,0,5,2,9,5.4448,159.579,166.090,4.9809,3.3004,0.928,0.1831
7BNH_BEZ,0,6,2,9,5.2963,159.710,166.273,4.8067,3.1614,1.176,0.1774
7BNH_BEZ,0,7,2,9,5.1569,159.878,166.460,4.6399,3.0260,1.333,0.1828
7BNH_BEZ,0,8,2,9,5.0160,160.047,166.815,4.4729,2.8839,1.433,0.1740
7BNH_BEZ,0,9,2,9,4.8827,160.217,167.307,4.3181,2.7526,1.770,0.1702
7BNH_BEZ,0,10,2,9,4.7613,160.655,168.057,4.1745,2.6242,1.835,0.1655
7BNH_BEZ,0,11,2,9,4.6443,161.075,169.085,4.0423,2.5031,2.172,0.1614
7BNH_BEZ,0,12,2,9,4.5398,161.786,170.460,3.9246,2.3899,2.479,0.1634
7BNH_BEZ,0,13,2,9,4.4464,162.820,172.272,3.8216,2.2801,2.606,0.1669
7BNH_BEZ,0,14,2,9,4.3563,164.048,174.402,3.7235,2.1700,2.406,0.1576
7BNH_BEZ,0,15,2,9,4.2762,165.074,176.319,3.6375,2.0668,2.370,0.1545
7BNH_BEZ,0,16,2,9,4.2026,166.111,178.355,3.5601,1.9627,2.538,0.1533
7BNH_BEZ,0,17,2,9,4.1328,166.684,179.574,3.4900,1.8601,2.803,0.1392
7BNH_BEZ,0,18,2,9,4.0795,165.573,177.579,3.4374,1.7724,2.799,0.1348
7BNH_BEZ,0,19,2,9,4.0278,164.318,175.541,3.3911,1.6894,3.011,0.1281
7BNH_BEZ,0,20,2,9,3.9841,163.047,173.598,3.3536,1.6120,3.261,0.1114
7BNH_BEZ,0,21,2,9,3.9476,161.758,172.151,3.3243,1.5480,3.505,0.1045
7BNH_BEZ,0,22,2,9,3.9179,160.529,170.704,3.3013,1.4892,3.901,0.0910
7BNH_BEZ,0,23,2,9,3.8973,159.146,169.390,3.2902,1.4497,4.097,0.0900
7BNH_BEZ,0,24,2,9,3.8780,157.548,167.867,3.2833,1.4179,0.000,0.0000
7C8Q_DSG,0,0,3,9,4.6854,141.860,163.105,4.0530,1.2756,0.191,0.1639
7C8Q_DSG,0,1,3,9,4.5423,141.801,163.117,3.9028,1.2162,0.199,0.1567
7C8Q_DSG,0,2,3,9,4.4085,141.783,163.152,3.7616,1.1619,0.249,0.1555
7C8Q_DSG,0,3,3,9,4.2791,141.810,163.235,3.6240,1.1091,0.338,0.1560
7C8Q_DSG,0,4,3,9,4.1522,141.852,163.362,3.4885,1.0546,0.545,0.1548
7C8Q_DSG,0,5,3,9,4.0358,142.028,163.571,3.3614,1.0013,0.850,0.1550
7C8Q_DSG,0,6,3,9,3.9310,142.395,163.919,3.2442,0.9477,0.997,0.1532
7C8Q_DSG,0,7,3,9,3.8374,142.820,164.351,3.1374,0.8943,1.526,0.1630
7C8Q_DSG,0,8,3,9,3.7613,143.534,164.841,3.0436,0.8425,1.716,0.1651
7C8Q_DSG,0,9,3,9,3.6945,144.376,165.480,2.9587,0.7920,1.909,0.1645
7C8Q_DSG,0,10,3,9,3.6379,145.395,166.249,2.8843,0.7441,2.246,0.1668
7C8Q_DSG,0,11,3,9,3.5949,146.646,167.167,2.8241,0.7012,2.333,0.1661
7C8Q_DSG,0,12,3,9,3.5626,148.045,168.280,2.7782,0.6644,2.498,0.1662
7C8Q_DSG,0,13,3,9,3.5413,149.612,169.454,2.7482,0.6373,2.549,0.1693
7C8Q_DSG,0,14,3,9,3.5284,151.205,170.703,2.7311,0.6169,2.610,0.1723
7C8Q_DSG,0,15,3,9,3.5189,152.831,172.156,2.7248,0.6023,2.349,0.1664
7C8Q_DSG,0,16,3,9,3.5219,154.295,173.559,2.7365,0.6020,2.418,0.1673
7C8Q_DSG,0,17,3,9,3.5323,155.712,174.909,2.7609,0.6149,2.415,0.1642
7C8Q_DSG,0,18,3,9,3.5542,157.000,176.265,2.8012,0.6423,2.438,0.1598
7C8Q_DSG,0,19,3,9,3.5854,158.122,177.396,2.8526,0.6857,2.624,0.1584
7C8Q_DSG,0,20,3,9,3.6296,159.290,178.523,2.9172,0.7378,2.350,0.1390
7C8Q_DSG,0,21,3,9,3.6743,160.111,179.410,2.9815,0.7859,2.289,0.1279
7C8Q_DSG,0,22,3,9,3.7239,160.778,179.823,3.0498,0.8362,2.320,0.1077
7C8Q_DSG,0,23,3,9,3.7715,160.780,179.197,3.1149,0.8639,2.630,0.0978
7C8Q_DSG,0,24,3,9,3.8305,160.939,178.809,3.1917,0.8893,0.000,0.0000
7CIJ_G0C,0,0,5,21,7.4507,159.789,169.315,7.1735,3.2281,0.382,0.1987
7CIJ_G0C,0,1,5,21,7.2975,159.845,169.594,6.9914,3.1228,0.364,0.1890
7CIJ_G0C,0,2,5,21,7.1540,159.888,169.877,6.8187,3.0256,0.491,0.1873
7CIJ_G0C,0,3,5,21,7.0148,159.944,170.201,6.6504,2.9271,0.714,0.1892
7CIJ_G0C,0,4,5,21,6.8789,160.032,170.695,6.4841,2.8289,1.058,0.1873
7CIJ_G0C,0,5,5,21,6.7526,160.141,171.360,6.3263,2.7324,1.498,0.1876
7CIJ_G0C,0,6,5,21,6.6347,160.316,172.294,6.1767,2.6371,1.732,0.1871
7CIJ_G0C,0,7,5,21,6.5209,160.530,173.365,6.0319,2.5413,2.032,0.1875
7CIJ_G0C,0,8,5,21,6.4148,160.811,174.606,5.8945,2.4504,2.041,0.1884
7CIJ_G0C,0,9,5,21,6.3132,161.098,175.920,5.7605,2.3618,2.344,0.1926
7CIJ_G0C,0,10,5,21,6.2187,161.495,177.419,5.6311,2.2750,2.493,0.1912
7CIJ_G0C,0,11,5,21,6.1307,161.952,178.938,5.5081,2.1903,2.680,0.1963
7CIJ_G0C,0,12,5,21,6.0508,162.122,179.589,5.3915,2.1060,2.753,0.1978
7CIJ_G0C,0,13,5,21,5.9775,161.619,177.919,5.2799,2.0255,2.747,0.2040
7CIJ_G0C,0,14,5,21,5.9090,161.177,176.356,5.1717,1.9469,2.612,0.2030
7CIJ_G0C,0,15,5,21,5.8514,160.742,174.875,5.0755,1.8646,2.593,0.2093
7CIJ_G0C,0,16,5,21,5.8046,160.302,173.447,4.9867,1.7798,2.549,0.2170
7CIJ_G0C,0,17,5,21,5.7634,159.940,172.252,4.8981,1.7022,2.525,0.2216
7CIJ_G0C,0,18,5,21,5.7396,159.791,171.117,4.8270,1.6282,2.564,0.2156
7CIJ_G0C,0,19,5,21,5.7345,159.732,170.090,4.7704,1.5715,2.675,0.2194
7CIJ_G0C,0,20,5,21,5.7416,159.769,169.071,4.7301,1.5167,2.753,0.2192
7CIJ_G0C,0,21,5,21,5.7628,159.972,168.346,4.7056,1.4726,3.106,0.2172
7CIJ_G0C,0,22,5,21,5.7988,160.352,167.756,4.7008,1.4391,3.448,0.2094
7CIJ_G0C,0,23,5,21,5.8466,160.987,167.900,4.7195,1.4152,4.418,0.2154
7CIJ_G0C,0,24,5,21,5.9547,161.873,169.344,4.7780,1.4295,0.000,0.0000
7CNQ_G8X,0,0,2,9,4.4226,154.247,176.042,3.1773,3.1218,0.487,0.1773
7CNQ_G8X,0,1,2,9,4.2492,154.370,175.947,3.0248,2.9766,0.444,0.1708
7CNQ_G8X,0,2,2,9,4.0860,154.482,175.878,2.8821,2.8368,0.523,0.1708
7CNQ_G8X,0,3,2,9,3.9258,154.562,175.777,2.7450,2.6989,0.602,0.1728
7CNQ_G8X,0,4,2,9,3.7648,154.557,175.615,2.6124,2.5597,0.749,0.1735
7CNQ_G8X,0,5,2,9,3.6070,154.412,175.306,2.4862,2.4238,0.963,0.1732
7CNQ_G8X,0,6,2,9,3.4529,154.171,174.674,2.3630,2.2909,1.033,0.1700
7CNQ_G8X,0,7,2,9,3.3070,153.862,173.877,2.2490,2.1643,1.376,0.1701
7CNQ_G8X,0,8,2,9,3.1667,153.366,172.669,2.1423,2.0430,1.607,0.1676
7CNQ_G8X,0,9,2,9,3.0349,152.734,171.162,2.0446,1.9280,1.920,0.1682
7CNQ_G8X,0,10,2,9,2.9057,151.979,169.338,1.9513,1.8122,2.021,0.1695
7CNQ_G8X,0,11,2,9,2.7823,151.241,167.496,1.8595,1.6972,2.219,0.1680
7CNQ_G8X,0,12,2,9,2.6661,150.433,165.435,1.7725,1.5830,2.820,0.1607
7CNQ_G8X,0,13,2,9,2.5599,149.539,162.861,1.6886,1.4696,3.266,0.1575
7CNQ_G8X,0,14,2,9,2.4624,148.592,159.899,1.6037,1.3530,3.525,0.1576
7CNQ_G8X,0,15,2,9,2.3782,147.653,156.635,1.5235,1.2418,3.733,0.1561
7CNQ_G8X,0,16,2,9,2.3095,146.736,153.313,1.4493,1.1378,4.204,0.1564
7CNQ_G8X,0,17,2,9,2.2536,145.836,149.726,1.3744,1.0327,4.576,0.1588
7CNQ_G8X,0,18,2,9,2.2117,144.557,145.427,1.3017,0.9362,5.130,0.1638
7CNQ_G8X,0,19,2,9,2.1869,143.147,145.619,1.2374,0.8458,5.140,0.1645
7CNQ_G8X,0,20,2,9,2.1756,141.922,147.786,1.1779,0.7567,5.647,0.1759
7CNQ_G8X,0,21,2,9,2.1838,140.425,150.236,1.1461,0.6813,6.470,0.1901
7CNQ_G8X,0,22,2,9,2.2130,138.690,153.264,1.1753,0.6191,7.222,0.2057
7CNQ_G8X,0,23,2,9,2.2634,136.668,156.621,1.2751,0.5743,8.100,0.2136
7CNQ_G8X,0,24,2,9,2.3317,133.890,159.909,1.4096,0.5678,0.000,0.0000
7CUO_PHB,0,0,2,10,4.5453,135.434,147.040,4.1298,2.1488,0.282,0.0973
7CUO_PHB,0,1,2,10,4.4736,135.510,147.180,4.0424,2.0845,0.262,0.0900
7CUO_PHB,0,2,2,10,4.4077,135.576,147.323,3.9625,2.0271,0.408,0.0881
7CUO_PHB,0,3,2,10,4.3457,135.730,147.575,3.8865,1.9695,0.714,0.0838
7CUO_PHB,0,4,2,10,4.2907,136.058,148.056,3.8182,1.9136,1.041,0.0773
7CUO_PHB,0,5,2,10,4.2454,136.565,148.733,3.7603,1.8617,1.438,0.0768
7CUO_PHB,0,6,2,10,4.2070,137.288,149.633,3.7096,1.8077,1.654,0.0721
7CUO_PHB,0,7,2,10,4.1750,138.071,150.618,3.6662,1.7557,2.251,0.0719
7CUO_PHB,0,8,2,10,4.1526,139.228,152.054,3.6318,1.7017,2.563,0.0695
7CUO_PHB,0,9,2,10,4.1360,140.518,153.646,3.6027,1.6494,2.968,0.0770
7CUO_PHB,0,10,2,10,4.1228,142.103,155.573,3.5752,1.5870,3.500,0.0691
7CUO_PHB,0,11,2,10,4.1215,143.875,157.685,3.5610,1.5341,3.816,0.0705
7CUO_PHB,0,12,2,10,4.1237,145.754,159.876,3.5499,1.4778,4.182,0.0727
7CUO_PHB,0,13,2,10,4.1309,147.797,162.242,3.5436,1.4173,4.554,0.0768
7CUO_PHB,0,14,2,10,4.1389,149.998,164.802,3.5378,1.3506,4.831,0.0715
7CUO_PHB,0,15,2,10,4.1499,152.082,167.318,3.5373,1.2915,4.789,0.0697
7CUO_PHB,0,16,2,10,4.1604,154.063,169.690,3.5373,1.2302,4.940,0.0667
7CUO_PHB,0,17,2,10,4.1706,155.954,171.916,3.5372,1.1708,4.921,0.0656
7CUO_PHB,0,18,2,10,4.1832,157.596,173.812,3.5420,1.1168,4.569,0.0623
7CUO_PHB,0,19,2,10,4.1906,159.023,175.331,3.5427,1.0619,4.475,0.0618
7CUO_PHB,0,20,2,10,4.1992,160.200,176.549,3.5470,1.0080,4.067,0.0583
7CUO_PHB,0,21,2,10,4.2079,160.982,177.225,3.5545,0.9607,3.812,0.0537
7CUO_PHB,0,22,2,10,4.2149,161.442,177.653,3.5627,0.9188,3.549,0.0435
7CUO_PHB,0,23,2,10,4.2274,161.463,177.674,3.5825,0.9019,3.265,0.0487
7CUO_PHB,0,24,2,10,4.2411,160.930,176.916,3.6082,0.9065,0.000,0.0000
7D8Q_GZF,0,0,4,28,7.1661,110.396,148.619,6.3696,3.1102,0.547,0.2234
7D8Q_GZF,0,1,4,28,7.0285,110.650,148.570,6.2086,3.0109,0.497,0.2162
7D8Q_GZF,0,2,4,28,6.9007,110.935,148.627,6.0555,2.9177,0.626,0.2134
7D8Q_GZF,0,3,4,28,6.7833,111.271,148.706,5.9120,2.8237,0.894,0.2153
7D8Q_GZF,0,4,4,28,6.6778,111.666,148.808,5.7803,2.7267,1.201,0.2196
7D8Q_GZF,0,5,4,28,6.5885,112.143,148.995,5.6620,2.6351,1.662,0.2286
7D8Q_GZF,0,6,4,28,6.5235,112.761,149.243,5.5687,2.5425,1.875,0.2358
7D8Q_GZF,0,7,4,28,6.4766,113.379,149.662,5.4930,2.4488,2.299,0.2543
7D8Q_GZF,0,8,4,28,6.4542,114.298,150.378,5.4394,2.3592,2.601,0.2626
7D8Q_GZF,0,9,4,28,6.4466,115.399,151.100,5.4052,2.2617,2.897,0.2652
7D8Q_GZF,0,10,4,28,6.4511,116.643,152.015,5.3844,2.1721,3.053,0.2693
7D8Q_GZF,0,11,4,28,6.4751,118.017,153.257,5.3871,2.0912,3.238,0.2659
7D8Q_GZF,0,12,4,28,6.5077,119.477,154.718,5.4073,2.0084,3.400,0.2624
7D8Q_GZF,0,13,4,28,6.5532,121.001,156.146,5.4487,1.9325,3.602,0.2624
7D8Q_GZF,0,14,4,28,6.6053,122.491,157.890,5.5052,1.8641,3.655,0.2493
7D8Q_GZF,0,15,4,28,6.6553,124.102,159.617,5.5659,1.8045,3.840,0.2383
7D8Q_GZF,0,16,4,28,6.7179,125.737,161.498,5.6407,1.7689,3.927,0.2369
7D8Q_GZF,0,17,4,28,6.7876,127.473,163.721,5.7280,1.7424,4.022,0.2251
7D8Q_GZF,0,18,4,28,6.8619,129.303,165.891,5.8187,1.7337,4.098,0.2217
7D8Q_GZF,0,19,4,28,6.9419,131.109,168.568,5.9174,1.7369,4.083,0.2106
7D8Q_GZF,0,20,4,28,7.0252,132.917,171.576,6.0193,1.7506,3.931,0.2024
7D8Q_GZF,0,21,4,28,7.1095,134.785,174.775,6.1235,1.7712,3.990,0.1974
7D8Q_GZF,0,22,4,28,7.1951,136.848,178.076,6.2312,1.7959,3.951,0.1995
7D8Q_GZF,0,23,4,28,7.2864,138.358,178.359,6.3433,1.8217,3.931,0.2057
7D8Q_GZF,0,24,4,28,7.3905,138.978,174.750,6.4686,1.8422,0.000,0.0000
7E4L_MDN,0,0,2,9,6.1654,125.717,144.479,5.1176,3.4341,0.366,0.2362
7E4L_MDN,0,1,2,9,5.9272,125.812,144.531,4.9262,3.2030,0.324,0.2316
7E4L_MDN,0,2,2,9,5.6966,125.913,144.567,4.7422,2.9750,0.383,0.2280
7E4L_MDN,0,3,2,9,5.4709,126.039,144.614,4.5615,2.7502,0.406,0.2182
7E4L_MDN,0,4,2,9,5.2542,126.206,144.657,4.3867,2.5351,0.463,0.2197
7E4L_MDN,0,5,2,9,5.0382,126.393,144.682,4.2106,2.3197,0.570,0.2227
7E4L_MDN,0,6,2,9,4.8224,126.570,144.788,4.0350,2.1001,0.437,0.2162
7E4L_MDN,0,7,2,9,4.6186,126.695,144.887,3.8671,1.8890,0.528,0.2135
7E4L_MDN,0,8,2,9,4.4193,126.827,145.025,3.7004,1.6813,0.501,0.2060
7E4L_MDN,0,9,2,9,4.2273,127.005,145.129,3.5341,1.4843,0.626,0.2006
7E4L_MDN,0,10,2,9,4.0426,127.266,145.359,3.3693,1.2947,0.504,0.1927
7E4L_MDN,0,11,2,9,3.8697,127.530,145.566,3.2077,1.1222,0.503,0.1934
7E4L_MDN,0,12,2,9,3.7022,127.819,145.760,3.0451,0.9556,0.391,0.1926
7E4L_MDN,0,13,2,9,3.5419,128.080,145.811,2.8811,0.7988,0.578,0.1966
7E4L_MDN,0,14,2,9,3.3895,128.264,145.534,2.7158,0.6529,0.665,0.1975
7E4L_MDN,0,15,2,9,3.2451,128.483,145.224,2.5494,0.5166,1.061,0.2114
7E4L_MDN,0,16,2,9,3.1103,128.528,144.524,2.3842,0.3893,1.670,0.2253
7E4L_MDN,0,17,2,9,2.9873,128.491,143.487,2.2247,0.2788,1.984,0.2356
7E4L_MDN,0,18,2,9,2.8819,128.460,142.267,2.0779,0.2037,2.474,0.2436
7E4L_MDN,0,19,2,9,2.7937,127.971,140.332,1.9450,0.2026,2.765,0.2460
7E4L_MDN,0,20,2,9,2.7276,127.198,137.880,1.8348,0.2670,2.836,0.2410
7E4L_MDN,0,21,2,9,2.6819,126.250,135.252,1.7500,0.3485,3.163,0.2541
7E4L_MDN,0,22,2,9,2.6603,125.284,132.358,1.6940,0.4467,2.985,0.2399
7E4L_MDN,0,23,2,9,2.6564,124.521,129.840,1.6671,0.5295,2.969,0.2351
7E4L_MDN,0,24,2,9,2.6707,124.029,127.615,1.6735,0.6009,0.000,0.0000
7ECR_SIN,0,0,2,8,3.1670,151.002,178.195,2.4733,1.5997,0.176,0.0926
7ECR_SIN,0,1,2,8,3.1190,151.052,178.190,2.4189,1.5447,0.196,0.0881
7ECR_SIN,0,2,2,8,3.0746,151.101,178.161,2.3682,1.4905,0.230,0.0886
7ECR_SIN,0,3,2,8,3.0339,151.166,178.147,2.3212,1.4369,0.337,0.0935
7ECR_SIN,0,4,2,8,2.9971,151.266,178.144,2.2787,1.3827,0.476,0.0990
7ECR_SIN,0,5,2,8,2.9664,151.458,178.201,2.2433,1.3281,0.643,0.1026
7ECR_SIN,0,6,2,8,2.9407,151.712,178.291,2.2132,1.2737,0.724,0.1053
7ECR_SIN,0,7,2,8,2.9201,151.979,178.335,2.1890,1.2194,1.223,0.1155
7ECR_SIN,0,8,2,8,2.9108,152.435,178.403,2.1776,1.1655,1.337,0.1139
7ECR_SIN,0,9,2,8,2.9095,152.904,178.450,2.1758,1.1153,1.858,0.1277
7ECR_SIN,0,10,2,8,2.9203,153.609,178.564,2.1876,1.0607,2.284,0.1395
7ECR_SIN,0,11,2,8,2.9478,154.487,178.763,2.2197,1.0065,2.429,0.1469
7ECR_SIN,0,12,2,8,2.9878,155.328,178.939,2.2670,0.9529,2.937,0.1568
7ECR_SIN,0,13,2,8,3.0404,156.362,179.153,2.3281,0.8970,2.683,0.1593
7ECR_SIN,0,14,2,8,3.1010,157.277,179.290,2.3990,0.8415,2.413,0.1521
7ECR_SIN,0,15,2,8,3.1651,158.111,179.354,2.4740,0.7879,2.161,0.1484
7ECR_SIN,0,16,2,8,3.2325,158.855,179.240,2.5527,0.7374,2.090,0.1495
7ECR_SIN,0,17,2,8,3.3067,159.683,179.201,2.6391,0.6859,1.906,0.1511
7ECR_SIN,0,18,2,8,3.3927,160.334,179.022,2.7401,0.6348,1.993,0.1605
7ECR_SIN,0,19,2,8,3.4923,161.069,178.871,2.8566,0.5871,2.081,0.1618
7ECR_SIN,0,20,2,8,3.5962,161.962,178.744,2.9770,0.5413,2.120,0.1664
7ECR_SIN,0,21,2,8,3.7107,162.938,178.801,3.1096,0.5065,2.280,0.1601
7ECR_SIN,0,22,2,8,3.8309,163.661,178.351,3.2474,0.4867,2.812,0.1220
7ECR_SIN,0,23,2,8,3.9330,163.729,176.124,3.3630,0.4781,2.366,0.1747
7ECR_SIN,0,24,2,8,4.0715,163.308,173.414,3.5205,0.4836,0.000,0.0000
7ED2_A3P,0,0,4,27,6.3378,117.427,167.075,6.2257,2.6111,0.339,0.2123
7ED2_A3P,0,1,4,27,6.1554,117.472,166.944,6.0513,2.4587,0.328,0.2010
7ED2_A3P,0,2,4,27,5.9873,117.534,166.893,5.8879,2.3131,0.391,0.1983
7ED2_A3P,0,3,4,27,5.8249,117.589,166.846,5.7266,2.1689,0.536,0.1961
7ED2_A3P,0,4,4,27,5.6690,117.680,166.762,5.5675,2.0249,0.711,0.1976
7ED2_A3P,0,5,4,27,5.5198,117.825,166.772,5.4098,1.8798,0.903,0.2064
7ED2_A3P,0,6,4,27,5.3692,117.975,166.844,5.2435,1.7323,1.037,0.2077
7ED2_A3P,0,7,4,27,5.2239,118.153,167.038,5.0760,1.5893,1.297,0.2156
7ED2_A3P,0,8,4,27,5.0800,118.421,167.328,4.9021,1.4426,1.452,0.2188
7ED2_A3P,0,9,4,27,4.9446,118.711,167.696,4.7290,1.3063,1.749,0.2280
7ED2_A3P,0,10,4,27,4.8173,119.050,168.128,4.5542,1.1773,1.746,0.2338
7ED2_A3P,0,11,4,27,4.7020,119.372,168.516,4.3796,1.0621,1.802,0.2392
7ED2_A3P,0,12,4,27,4.5963,119.644,168.729,4.2033,0.9658,2.105,0.2470
7ED2_A3P,0,13,4,27,4.5005,119.931,168.989,4.0256,0.8833,2.196,0.2582
7ED2_A3P,0,14,4,27,4.4073,120.224,169.168,3.8369,0.8157,2.348,0.2531
7ED2_A3P,0,15,4,27,4.3322,120.687,169.230,3.6548,0.7722,2.608,0.2531
7ED2_A3P,0,16,4,27,4.2663,121.360,169.272,3.4752,0.7392,2.942,0.2597
7ED2_A3P,0,17,4,27,4.2202,122.244,169.306,3.3031,0.7275,3.041,0.2669
7ED2_A3P,0,18,4,27,4.1877,123.330,169.625,3.2058,0.7406,3.418,0.2678
7ED2_A3P,0,19,4,27,4.1736,124.758,170.066,3.2076,0.7735,3.564,0.2751
7ED2_A3P,0,20,4,27,4.1735,126.380,170.598,3.2127,0.8249,3.321,0.2702
7ED2_A3P,0,21,4,27,4.1879,127.850,171.417,3.2241,0.8912,3.363,0.2741
7ED2_A3P,0,22,4,27,4.2237,129.619,172.915,3.2576,0.9698,2.914,0.2627
7ED2_A3P,0,23,4,27,4.2758,131.434,175.309,3.3416,1.0589,2.881,0.2623
7ED2_A3P,0,24,4,27,4.3299,133.347,178.590,3.4621,1.1409,0.000,0.0000
7EN7_J79,0,0,5,24,6.9523,137.056,153.764,6.6716,5.3878,0.489,0.2327
7EN7_J79,0,1,5,24,6.7452,137.044,153.881,6.4719,5.1934,0.375,0.2285
7EN7_J79,0,2,5,24,6.5471,137.060,153.988,6.2794,5.0045,0.489,0.2214
7EN7_J79,0,3,5,24,6.3567,136.936,153.965,6.0926,4.8219,0.742,0.2211
7EN7_J79,0,4,5,24,6.1634,136.615,153.723,5.9000,4.6330,1.012,0.2242
7EN7_J79,0,5,5,24,5.9665,136.087,153.181,5.7029,4.4380,1.522,0.2269
7EN7_J79,0,6,5,24,5.7654,135.240,152.267,5.4994,4.2402,1.777,0.2205
7EN7_J79,0,7,5,24,5.5727,134.278,151.230,5.3047,4.0474,2.114,0.2154
7EN7_J79,0,8,5,24,5.3875,133.142,149.722,5.1160,3.8654,2.332,0.2215
7EN7_J79,0,9,5,24,5.1991,131.917,148.306,4.9214,3.6795,2.705,0.2187
7EN7_J79,0,10,5,24,5.0179,130.483,146.930,4.7344,3.5014,2.828,0.2245
7EN7_J79,0,11,5,24,4.8345,129.108,145.296,4.5432,3.3181,2.927,0.2339
7EN7_J79,0,12,5,24,4.6512,127.697,143.654,4.3513,3.1279,3.079,0.2371
7EN7_J79,0,13,5,24,4.4688,126.275,141.948,4.1593,2.9369,3.146,0.2449
7EN7_J79,0,14,5,24,4.2884,124.984,140.354,3.9654,2.7441,3.072,0.2459
7EN7_J79,0,15,5,24,4.1178,123.783,138.723,3.7818,2.5507,3.031,0.2590
7EN7_J79,0,16,5,24,3.9549,122.746,138.123,3.6035,2.3492,2.953,0.2608
7EN7_J79,0,17,5,24,3.8050,121.849,137.764,3.4372,2.1522,2.785,0.2737
7EN7_J79,0,18,5,24,3.6621,121.050,137.283,3.2767,1.9434,2.741,0.2672
7EN7_J79,0,19,5,24,3.5419,120.291,136.735,3.1417,1.7535,2.674,0.2722
7EN7_J79,0,20,5,24,3.4419,119.753,136.124,3.0276,1.5701,2.584,0.2600
7EN7_J79,0,21,5,24,3.3707,119.268,136.079,2.9490,1.4110,2.545,0.2574
7EN7_J79,0,22,5,24,3.3247,118.742,137.262,2.9002,1.2715,2.353,0.2419
7EN7_J79,0,23,5,24,3.3088,118.242,137.514,2.8893,1.1674,2.607,0.2223
7EN7_J79,0,24,5,24,3.3186,118.018,136.864,2.9133,1.0927,0.000,0.0000
7EPV_FDA,0,0,9,53,9.5817,121.787,163.897,8.1051,3.5143,0.432,0.2567
7EPV_FDA,0,1,9,53,9.4634,121.767,163.645,7.9251,3.4021,0.415,0.2481
7EPV_FDA,0,2,9,53,9.3506,121.746,163.467,7.7541,3.2925,0.652,0.2408
7EPV_FDA,0,3,9,53,9.2530,121.815,163.271,7.5923,3.1916,0.838,0.2353
7EPV_FDA,0,4,9,53,9.1764,121.963,163.031,7.4441,3.0999,1.035,0.2361
7EPV_FDA,0,5,9,53,9.1299,122.137,162.781,7.3182,3.0102,1.334,0.2402
7EPV_FDA,0,6,9,53,9.1219,122.448,162.401,7.2177,2.9263,1.496,0.2490
7EPV_FDA,0,7,9,53,9.1590,122.835,162.103,7.1425,2.8570,1.868,0.2628
7EPV_FDA,0,8,9,53,9.2429,123.384,161.920,7.0943,2.7928,2.152,0.2646
7EPV_FDA,0,9,9,53,9.3474,124.059,161.658,7.0654,2.7302,2.497,0.2792
7EPV_FDA,0,10,9,53,9.4894,124.781,161.521,7.0612,2.6663,2.790,0.2847
7EPV_FDA,0,11,9,53,9.6460,125.613,161.272,7.0670,2.6092,3.153,0.2868
7EPV_FDA,0,12,9,53,9.8215,126.487,163.034,7.0945,2.5527,3.520,0.2824
7EPV_FDA,0,13,9,53,10.0063,127.335,168.282,7.1344,2.4985,3.752,0.2838
7EPV_FDA,0,14,9,53,10.1934,128.036,173.411,7.1778,2.4469,4.080,0.2883
7EPV_FDA,0,15,9,53,10.3789,128.674,178.558,7.2253,2.3915,4.330,0.2868
7EPV_FDA,0,16,9,53,10.5692,128.119,176.272,7.2872,2.3340,4.631,0.2808
7EPV_FDA,0,17,9,53,10.7680,127.173,171.500,7.3626,2.2731,4.808,0.2859
7EPV_FDA,0,18,9,53,10.9681,126.209,167.023,7.4454,2.2049,5.087,0.2789
7EPV_FDA,0,19,9,53,11.1703,125.052,162.505,7.5366,2.1448,5.071,0.2808
7EPV_FDA,0,20,9,53,11.3789,123.676,158.413,7.6391,2.0787,5.054,0.2714
7EPV_FDA,0,21,9,53,11.5853,122.310,154.739,7.7387,2.0118,5.195,0.2626
7EPV_FDA,0,22,9,53,11.7912,120.908,151.460,7.8421,1.9393,5.261,0.2518
7EPV_FDA,0,23,9,53,11.9905,119.330,149.344,7.9571,1.8658,5.026,0.2383
7EPV_FDA,0,24,9,53,12.1785,117.548,148.228,8.0788,1.8011,0.000,0.0000
7F5D_EUO,0,0,4,21,7.6613,118.151,121.668,5.9837,3.4741,0.633,0.2209
7F5D_EUO,0,1,4,21,7.4773,118.609,121.898,5.8350,3.3109,0.616,0.2156
7F5D_EUO,0,2,4,21,7.3030,119.014,122.092,5.6956,3.1533,0.875,0.2231
7F5D_EUO,0,3,4,21,7.1373,119.595,122.384,5.5645,2.9949,1.357,0.2361
7F5D_EUO,0,4,4,21,6.9859,120.405,122.815,5.4451,2.8374,1.592,0.2428
7F5D_EUO,0,5,4,21,6.8485,121.345,123.329,5.3395,2.6826,2.017,0.2482
7F5D_EUO,0,6,4,21,6.7255,122.558,124.070,5.2498,2.5275,2.304,0.2496
7F5D_EUO,0,7,4,21,6.6151,123.986,125.442,5.1741,2.3708,2.708,0.2517
7F5D_EUO,0,8,4,21,6.5210,125.795,129.386,5.1139,2.2183,2.935,0.2549
7F5D_EUO,0,9,4,21,6.4372,127.873,133.602,5.0642,2.0643,2.952,0.2565
7F5D_EUO,0,10,4,21,6.3637,129.911,137.778,5.0284,1.9099,3.225,0.2545
7F5D_EUO,0,11,4,21,6.3031,132.164,142.320,5.0046,1.7632,3.379,0.2646
7F5D_EUO,0,12,4,21,6.2499,134.518,146.717,4.9896,1.6132,3.406,0.2662
7F5D_EUO,0,13,4,21,6.2052,136.873,150.659,4.9890,1.4638,3.637,0.2764
7F5D_EUO,0,14,4,21,6.1651,139.313,154.534,5.0021,1.3103,3.940,0.2809
7F5D_EUO,0,15,4,21,6.1370,141.986,158.259,5.0266,1.1660,3.886,0.2793
7F5D_EUO,0,16,4,21,6.1218,144.630,161.717,5.0687,1.0343,4.308,0.2869
7F5D_EUO,0,17,4,21,6.1147,147.456,165.061,5.1200,0.9104,4.634,0.2976
7F5D_EUO,0,18,4,21,6.1177,150.618,168.457,5.1789,0.8152,4.499,0.3010
7F5D_EUO,0,19,4,21,6.1270,153.708,171.474,5.2429,0.7425,4.548,0.3095
7F5D_EUO,0,20,4,21,6.1495,156.839,174.264,5.3207,0.6979,4.511,0.3025
7F5D_EUO,0,21,4,21,6.1940,159.881,177.133,5.4140,0.7018,4.359,0.3093
7F5D_EUO,0,22,4,21,6.2514,162.619,179.553,5.5241,0.7511,4.203,0.3072
7F5D_EUO,0,23,4,21,6.3512,163.532,179.738,5.6711,0.8266,3.931,0.3147
7F5D_EUO,0,24,4,21,6.5023,162.105,176.953,5.8630,0.9167,0.000,0.0000
7F8T_FAD,0,0,9,53,6.5081,114.911,155.985,5.2476,3.3471,0.497,0.1664
7F8T_FAD,0,1,9,53,6.3772,114.674,155.880,5.1076,3.2215,0.457,0.1591
7F8T_FAD,0,2,9,53,6.2550,114.435,155.753,4.9746,3.0997,0.578,0.1619
7F8T_FAD,0,3,9,53,6.1327,114.144,155.639,4.8374,2.9772,0.769,0.1718
7F8T_FAD,0,4,9,53,6.0062,113.794,155.607,4.6918,2.8504,0.998,0.1799
7F8T_FAD,0,5,9,53,5.8785,113.382,155.627,4.5429,2.7187,1.206,0.1901
7F8T_FAD,0,6,9,53,5.7494,112.991,155.655,4.3906,2.5820,1.274,0.2015
7F8T_FAD,0,7,9,53,5.6205,112.609,155.675,4.2356,2.4416,1.487,0.2199
7F8T_FAD,0,8,9,53,5.4903,112.212,155.565,4.0758,2.2949,1.625,0.2166
7F8T_FAD,0,9,9,53,5.3704,111.783,155.509,3.9233,2.1542,1.870,0.2206
7F8T_FAD,0,10,9,53,5.2548,111.351,155.433,3.7735,2.0116,2.070,0.2230
7F8T_FAD,0,11,9,53,5.1444,110.936,155.844,3.6330,1.8586,2.235,0.2240
7F8T_FAD,0,12,9,53,5.0465,110.555,157.327,3.5066,1.7074,2.417,0.2190
7F8T_FAD,0,13,9,53,4.9590,110.198,159.090,3.3927,1.5601,2.603,0.2209
7F8T_FAD,0,14,9,53,4.8817,109.807,160.904,3.2918,1.4137,2.795,0.2167
7F8T_FAD,0,15,9,53,4.8163,109.442,162.649,3.2053,1.2729,2.893,0.2107
7F8T_FAD,0,16,9,53,4.7653,109.216,164.449,3.1344,1.1416,3.056,0.2101
7F8T_FAD,0,17,9,53,4.7258,109.124,166.313,3.0798,1.0142,3.161,0.2101
7F8T_FAD,0,18,9,53,4.6933,109.078,167.986,3.0357,0.8903,3.228,0.2064
7F8T_FAD,0,19,9,53,4.6757,109.140,169.671,3.0096,0.7855,3.261,0.2077
7F8T_FAD,0,20,9,53,4.6674,109.313,171.237,2.9973,0.6940,3.329,0.2036
7F8T_FAD,0,21,9,53,4.6740,109.692,172.669,3.0123,0.6324,3.421,0.2001
7F8T_FAD,0,22,9,53,4.6936,110.136,173.993,3.0513,0.6084,3.626,0.1972
7F8T_FAD,0,23,9,53,4.7224,110.602,175.256,3.1104,0.6115,3.619,0.1945
7F8T_FAD,0,24,9,53,4.7585,111.026,176.448,3.1871,0.6327,0.000,0.0000
7FB7_8NF,0,0,1,9,7.0126,136.016,136.016,6.1400,6.1400,0.376,0.2377
7FB7_8NF,0,1,1,9,6.8082,136.260,136.260,5.9027,5.9027,0.419,0.2387
7FB7_8NF,0,2,1,9,6.6050,136.467,136.467,5.6642,5.6642,0.425,0.2375
7FB7_8NF,0,3,1,9,6.4057,136.803,136.803,5.4271,5.4271,0.466,0.2429
7FB7_8NF,0,4,1,9,6.2046,137.226,137.226,5.1846,5.1846,0.510,0.2665
7FB7_8NF,0,5,1,9,5.9871,137.686,137.686,4.9186,4.9186,0.702,0.2676
7FB7_8NF,0,6,1,9,5.7733,138.303,138.303,4.6519,4.6519,0.737,0.2573
7FB7_8NF,0,7,1,9,5.5721,138.956,138.956,4.3954,4.3954,0.812,0.2642
7FB7_8NF,0,8,1,9,5.3714,139.696,139.696,4.1327,4.1327,0.972,0.2747
7FB7_8NF,0,9,1,9,5.1686,140.562,140.562,3.8596,3.8596,1.193,0.2919
7FB7_8NF,0,10,1,9,4.9624,141.687,141.687,3.5694,3.5694,1.102,0.2854
7FB7_8NF,0,11,1,9,4.7696,142.736,142.736,3.2861,3.2861,1.223,0.2884
7FB7_8NF,0,12,1,9,4.5848,143.889,143.889,2.9994,2.9994,1.495,0.2907
7FB7_8NF,0,13,1,9,4.4132,145.275,145.275,2.7113,2.7113,1.642,0.2785
7FB7_8NF,0,14,1,9,4.2615,146.748,146.748,2.4354,2.4354,1.753,0.2773
7FB7_8NF,0,15,1,9,4.1253,148.243,148.243,2.1613,2.1613,2.044,0.2615
7FB7_8NF,0,16,1,9,4.0139,149.841,149.841,1.9047,1.9047,2.205,0.2412
7FB7_8NF,0,17,1,9,3.9254,151.505,151.505,1.6693,1.6693,2.249,0.2301
7FB7_8NF,0,18,1,9,3.8536,152.968,152.968,1.4462,1.4462,2.778,0.2018
7FB7_8NF,0,19,1,9,3.8057,154.670,154.670,1.2551,1.2551,2.830,0.1930
7FB7_8NF,0,20,1,9,3.7693,156.343,156.343,1.0755,1.0755,2.843,0.1741
7FB7_8NF,0,21,1,9,3.7449,157.775,157.775,0.9173,0.9173,3.179,0.1683
7FB7_8NF,0,22,1,9,3.7311,159.344,159.344,0.7786,0.7786,2.688,0.1380
7FB7_8NF,0,23,1,9,3.7246,160.488,160.488,0.6791,0.6791,2.201,0.1254
7FB7_8NF,0,24,1,9,3.7207,161.402,161.402,0.6034,0.6034,0.000,0.0000
7FRX_O88,0,0,5,30,7.0854,101.158,134.887,6.3566,3.8595,0.603,0.2116
7FRX_O88,0,1,5,30,6.9035,100.798,134.727,6.1861,3.6993,0.609,0.2012
7FRX_O88,0,2,5,30,6.7315,100.429,134.525,6.0246,3.5468,0.782,0.2115
7FRX_O88,0,3,5,30,6.5461,100.018,134.112,5.8461,3.3936,1.115,0.2316
7FRX_O88,0,4,5,30,6.3370,99.483,133.364,5.6393,3.2427,1.383,0.2522
7FRX_O88,0,5,5,30,6.1071,98.870,132.444,5.4086,3.0929,1.747,0.2751
7FRX_O88,0,6,5,30,5.8552,98.202,131.271,5.1545,2.9404,1.916,0.2811
7FRX_O88,0,7,5,30,5.6016,97.480,129.816,4.8971,2.7931,2.231,0.2945
7FRX_O88,0,8,5,30,5.3402,96.716,128.015,4.6305,2.6485,2.422,0.2903
7FRX_O88,0,9,5,30,5.0824,95.973,125.853,4.3709,2.5031,2.594,0.2890
7FRX_O88,0,10,5,30,4.8225,95.048,122.933,4.1114,2.3533,2.797,0.2970
7FRX_O88,0,11,5,30,4.5604,93.968,119.907,3.8477,2.2056,3.066,0.2948
7FRX_O88,0,12,5,30,4.3028,92.827,120.571,3.5892,2.0586,3.294,0.2928
7FRX_O88,0,13,5,30,4.0551,91.770,121.667,3.3388,1.9133,3.534,0.2909
7FRX_O88,0,14,5,30,3.8214,90.862,123.125,3.1003,1.7762,3.885,0.2857
7FRX_O88,0,15,5,30,3.6068,90.016,124.820,2.8798,1.6466,4.157,0.2914
7FRX_O88,0,16,5,30,3.4030,89.228,126.531,2.6712,1.5253,4.449,0.2974
7FRX_O88,0,17,5,30,3.2122,88.455,128.330,2.4765,1.4159,4.674,0.3017
7FRX_O88,0,18,5,30,3.0405,87.792,130.529,2.3012,1.3238,4.855,0.2960
7FRX_O88,0,19,5,30,2.8908,87.306,133.105,2.1542,1.2511,4.885,0.2924
7FRX_O88,0,20,5,30,2.7637,86.871,135.866,2.0335,1.2015,4.782,0.2777
7FRX_O88,0,21,5,30,2.6729,86.641,138.825,1.9525,1.1811,4.708,0.2665
7FRX_O88,0,22,5,30,2.6117,86.450,142.161,1.9027,1.1810,4.500,0.2510
7FRX_O88,0,23,5,30,2.5881,86.189,145.048,1.8903,1.1969,4.729,0.2338
7FRX_O88,0,24,5,30,2.6070,85.783,146.941,1.9111,1.2258,0.000,0.0000
7FT9_4MB,0,0,3,14,5.3624,139.270,165.764,4.4986,2.2323,0.279,0.2095
7FT9_4MB,0,1,3,14,5.2001,139.134,165.877,4.3682,2.0552,0.277,0.1965
7FT9_4MB,0,2,3,14,5.0518,138.995,165.998,4.2518,1.8887,0.351,0.1945
7FT9_4MB,0,3,3,14,4.9123,138.873,166.198,4.1449,1.7236,0.560,0.1897
7FT9_4MB,0,4,3,14,4.7880,138.751,166.377,4.0528,1.5631,0.927,0.1805
7FT9_4MB,0,5,3,14,4.6882,138.645,166.501,3.9847,1.4110,1.364,0.1868
7FT9_4MB,0,6,3,14,4.6100,138.591,166.703,3.9380,1.2545,1.737,0.1812
7FT9_4MB,0,7,3,14,4.5551,138.567,166.825,3.9148,1.1079,2.260,0.1810
7FT9_4MB,0,8,3,14,4.5253,138.579,166.860,3.9181,0.9664,2.604,0.1787
7FT9_4MB,0,9,3,14,4.5158,138.763,166.834,3.9373,0.8327,2.817,0.1801
7FT9_4MB,0,10,3,14,4.5238,139.033,166.547,3.9716,0.7004,3.008,0.1782
7FT9_4MB,0,11,3,14,4.5518,139.440,166.174,4.0225,0.5764,2.971,0.1789
7FT9_4MB,0,12,3,14,4.5880,139.937,165.766,4.0787,0.4531,2.882,0.1731
7FT9_4MB,0,13,3,14,4.6341,140.446,165.293,4.1443,0.3377,2.841,0.1722
7FT9_4MB,0,14,3,14,4.6872,140.970,164.652,4.2158,0.2291,2.849,0.1677
7FT9_4MB,0,15,3,14,4.7436,141.639,163.996,4.2885,0.1358,2.747,0.1605
7FT9_4MB,0,16,3,14,4.8059,142.337,163.154,4.3645,0.0996,2.768,0.1577
7FT9_4MB,0,17,3,14,4.8722,143.041,162.178,4.4462,0.1571,2.841,0.1564
7FT9_4MB,0,18,3,14,4.9427,143.684,164.680,4.5303,0.2387,3.024,0.1576
7FT9_4MB,0,19,3,14,5.0181,144.643,167.550,4.6160,0.3236,3.098,0.1614
7FT9_4MB,0,20,3,14,5.1008,145.801,170.422,4.7070,0.4097,3.508,0.1701
7FT9_4MB,0,21,3,14,5.1866,147.312,173.672,4.7955,0.4815,3.888,0.1838
7FT9_4MB,0,22,3,14,5.2787,149.256,177.160,4.8866,0.5574,4.428,0.2142
7FT9_4MB,0,23,3,14,5.3819,151.341,179.251,4.9795,0.6210,4.853,0.2665
7FT9_4MB,0,24,3,14,5.5006,152.410,176.099,5.0764,0.6849,0.000,0.0000
7JG0_GAR,0,0,4,18,6.5017,82.126,96.932,6.3304,3.6073,0.310,0.2556
7JG0_GAR,0,1,4,18,6.3155,82.299,97.076,6.1292,3.4186,0.279,0.2456
7JG0_GAR,0,2,4,18,6.1407,82.429,97.218,5.9400,3.2368,0.278,0.2364
7JG0_GAR,0,3,4,18,5.9737,82.604,97.357,5.7602,3.0656,0.357,0.2218
7JG0_GAR,0,4,4,18,5.8150,82.893,97.499,5.5905,2.9111,0.448,0.2134
7JG0_GAR,0,5,4,18,5.6601,83.184,97.544,5.4287,2.7638,0.492,0.2156
7JG0_GAR,0,6,4,18,5.5020,83.364,97.435,5.2668,2.6127,0.665,0.2122
7JG0_GAR,0,7,4,18,5.3454,83.517,97.124,5.1117,2.4588,1.019,0.2109
7JG0_GAR,0,8,4,18,5.1788,83.496,96.376,4.9452,2.3029,1.382,0.2060
7JG0_GAR,0,9,4,18,5.0199,83.520,95.528,4.7824,2.1479,1.950,0.2098
7JG0_GAR,0,10,4,18,4.8512,83.364,94.094,4.6067,1.9886,2.020,0.2136
7JG0_GAR,0,11,4,18,4.6704,82.690,92.017,4.4177,1.8424,2.529,0.2364
7JG0_GAR,0,12,4,18,4.4638,81.330,88.771,4.2004,1.6962,2.850,0.2517
7JG0_GAR,0,13,4,18,4.2401,79.430,84.666,3.9653,1.5454,3.121,0.2653
7JG0_GAR,0,14,4,18,4.0043,77.322,80.137,3.7171,1.3921,3.343,0.2610
7JG0_GAR,0,15,4,18,3.7620,74.778,75.176,3.4695,1.2431,3.740,0.2639
7JG0_GAR,0,16,4,18,3.5204,72.093,74.200,3.2240,1.0964,4.149,0.2607
7JG0_GAR,0,17,4,18,3.2696,68.890,73.338,2.9791,0.9571,4.524,0.2579
7JG0_GAR,0,18,4,18,3.0228,65.549,72.182,2.7412,0.8218,4.533,0.2557
7JG0_GAR,0,19,4,18,2.7766,62.208,71.026,2.5076,0.6885,4.485,0.2531
7JG0_GAR,0,20,4,18,2.5359,59.019,69.954,2.2771,0.5682,4.047,0.2331
7JG0_GAR,0,21,4,18,2.3214,56.309,69.024,2.0683,0.4676,3.724,0.2182
7JG0_GAR,0,22,4,18,2.1342,53.951,67.753,1.8768,0.3846,3.219,0.1924
7JG0_GAR,0,23,4,18,1.9957,52.358,66.074,1.7184,0.3399,2.803,0.1745
7JG0_GAR,0,24,4,18,1.9175,51.760,64.075,1.5961,0.3292,0.000,0.0000
7JGW_V9S,0,0,8,45,8.5408,109.502,166.997,7.7205,2.1285,0.786,0.2044
7JGW_V9S,0,1,8,45,8.3930,109.490,167.554,7.5762,2.0238,0.753,0.2006
7JGW_V9S,0,2,8,45,8.2526,109.538,168.225,7.4396,1.9079,1.009,0.1927
7JGW_V9S,0,3,8,45,8.1087,109.541,169.030,7.2990,1.8028,1.348,0.1946
7JGW_V9S,0,4,8,45,7.9502,109.349,169.879,7.1448,1.7117,1.693,0.2031
7JGW_V9S,0,5,8,45,7.7846,108.956,170.781,6.9866,1.6303,2.050,0.2125
7JGW_V9S,0,6,8,45,7.6208,108.461,171.584,6.8293,1.5442,2.259,0.2121
7JGW_V9S,0,7,8,45,7.4605,107.910,172.185,6.6770,1.4587,2.717,0.2203
7JGW_V9S,0,8,8,45,7.3020,107.329,172.793,6.5258,1.3762,2.724,0.2307
7JGW_V9S,0,9,8,45,7.1495,106.886,173.326,6.3786,1.2881,3.146,0.2326
7JGW_V9S,0,10,8,45,7.0233,106.645,173.827,6.2509,1.2014,3.469,0.2344
7JGW_V9S,0,11,8,45,6.9187,106.401,174.482,6.1463,1.1154,3.676,0.2378
7JGW_V9S,0,12,8,45,6.8390,106.214,175.344,6.0636,1.0272,3.941,0.2353
7JGW_V9S,0,13,8,45,6.7833,106.114,176.236,6.0028,0.9400,4.140,0.2403
7JGW_V9S,0,14,8,45,6.7372,106.137,177.426,5.9518,0.8578,4.409,0.2472
7JGW_V9S,0,15,8,45,6.7124,106.151,178.787,5.9259,0.7808,4.492,0.2603
7JGW_V9S,0,16,8,45,6.7091,106.237,179.908,5.9220,0.7075,4.474,0.2654
7JGW_V9S,0,17,8,45,6.7165,106.071,178.586,5.9339,0.6374,4.531,0.2721
7JGW_V9S,0,18,8,45,6.7307,105.927,177.400,5.9549,0.5724,4.548,0.2695
7JGW_V9S,0,19,8,45,6.7506,105.730,176.419,5.9849,0.5277,4.365,0.2811
7JGW_V9S,0,20,8,45,6.7743,105.585,175.565,6.0233,0.5039,3.982,0.2813
7JGW_V9S,0,21,8,45,6.8017,105.360,174.982,6.0707,0.5110,3.664,0.2794
7JGW_V9S,0,22,8,45,6.8255,105.072,174.741,6.1191,0.5433,3.276,0.2778
7JGW_V9S,0,23,8,45,6.8405,104.500,174.997,6.1623,0.6064,3.521,0.2685
7JGW_V9S,0,24,8,45,6.8412,103.595,175.922,6.2038,0.6753,0.000,0.0000
7JHQ_VAJ,0,0,4,18,6.1018,107.520,127.529,5.9703,3.1182,0.297,0.2566
7JHQ_VAJ,0,1,4,18,5.9078,107.494,127.442,5.7650,2.9816,0.266,0.2451
7JHQ_VAJ,0,2,4,18,5.7263,107.438,127.385,5.5719,2.8515,0.284,0.2384
7JHQ_VAJ,0,3,4,18,5.5481,107.298,127.315,5.3827,2.7216,0.539,0.2257
7JHQ_VAJ,0,4,4,18,5.3743,106.939,127.240,5.2003,2.6005,0.633,0.2160
7JHQ_VAJ,0,5,4,18,5.1991,106.507,127.171,5.0173,2.4854,0.981,0.2180
7JHQ_VAJ,0,6,4,18,5.0119,105.902,126.995,4.8223,2.3691,1.203,0.2095
7JHQ_VAJ,0,7,4,18,4.8282,105.211,126.784,4.6308,2.2642,1.596,0.2139
7JHQ_VAJ,0,8,4,18,4.6357,104.361,126.612,4.4289,2.1564,2.027,0.2145
7JHQ_VAJ,0,9,4,18,4.4393,103.240,126.527,4.2245,2.0536,2.186,0.2151
7JHQ_VAJ,0,10,4,18,4.2404,101.976,126.458,4.0179,1.9540,2.360,0.2186
7JHQ_VAJ,0,11,4,18,4.0384,100.461,126.415,3.8065,1.8520,2.629,0.2176
7JHQ_VAJ,0,12,4,18,3.8383,98.716,126.419,3.5952,1.7517,2.911,0.2158
7JHQ_VAJ,0,13,4,18,3.6381,96.704,126.536,3.3850,1.6496,3.101,0.2215
7JHQ_VAJ,0,14,4,18,3.4350,94.405,126.656,3.1699,1.5364,3.280,0.2151
7JHQ_VAJ,0,15,4,18,3.2391,91.908,126.848,2.9624,1.4254,3.672,0.2144
7JHQ_VAJ,0,16,4,18,3.0467,89.096,126.925,2.7568,1.3109,4.069,0.2125
7JHQ_VAJ,0,17,4,18,2.8597,85.965,126.934,2.5553,1.1952,4.367,0.2076
7JHQ_VAJ,0,18,4,18,2.6832,82.663,126.944,2.3632,1.0860,4.565,0.2061
7JHQ_VAJ,0,19,4,18,2.5139,79.214,126.758,2.1756,0.9813,4.841,0.2051
7JHQ_VAJ,0,20,4,18,2.3550,75.758,126.661,1.9989,0.8924,5.118,0.1972
7JHQ_VAJ,0,21,4,18,2.2138,72.555,126.614,1.8486,0.8260,5.553,0.2002
7JHQ_VAJ,0,22,4,18,2.0801,69.705,126.602,1.7114,0.7749,5.902,0.2138
7JHQ_VAJ,0,23,4,18,1.9561,67.081,126.452,1.5885,0.7611,5.662,0.2518
7JHQ_VAJ,0,24,4,18,1.8305,64.745,126.175,1.4544,0.7730,0.000,0.0000
7JMV_4NC,0,0,2,11,2.7009,125.073,135.314,2.0552,1.6920,0.221,0.0668
7JMV_4NC,0,1,2,11,2.6631,124.978,135.206,2.0063,1.6230,0.219,0.0633
7JMV_4NC,0,2,2,11,2.6291,124.887,135.094,1.9605,1.5589,0.267,0.0651
7JMV_4NC,0,3,2,11,2.5954,124.802,135.011,1.9129,1.4928,0.405,0.0628
7JMV_4NC,0,4,2,11,2.5643,124.723,134.987,1.8675,1.4295,0.600,0.0599
7JMV_4NC,0,5,2,11,2.5358,124.655,135.143,1.8238,1.3695,0.920,0.0653
7JMV_4NC,0,6,2,11,2.5076,124.652,135.609,1.7775,1.3075,1.136,0.0674
7JMV_4NC,0,7,2,11,2.4806,124.677,136.258,1.7312,1.2464,1.622,0.0732
7JMV_4NC,0,8,2,11,2.4572,124.773,137.331,1.6885,1.1898,1.842,0.0719
7JMV_4NC,0,9,2,11,2.4376,124.975,138.660,1.6505,1.1365,2.044,0.0749
7JMV_4NC,0,10,2,11,2.4206,125.320,140.299,1.6144,1.0840,2.374,0.0783
7JMV_4NC,0,11,2,11,2.4067,125.723,142.225,1.5832,1.0329,2.647,0.0775
7JMV_4NC,0,12,2,11,2.3969,126.238,144.499,1.5577,0.9862,2.873,0.0799
7JMV_4NC,0,13,2,11,2.3895,126.892,147.096,1.5347,0.9392,3.043,0.0756
7JMV_4NC,0,14,2,11,2.3855,127.750,150.026,1.5162,0.8961,3.101,0.0751
7JMV_4NC,0,15,2,11,2.3808,128.653,153.016,1.4964,0.8536,3.034,0.0796
7JMV_4NC,0,16,2,11,2.3742,129.509,155.915,1.4746,0.8041,3.168,0.0723
7JMV_4NC,0,17,2,11,2.3707,130.536,159.030,1.4586,0.7634,3.135,0.0788
7JMV_4NC,0,18,2,11,2.3664,131.504,162.017,1.4430,0.7206,3.146,0.0725
7JMV_4NC,0,19,2,11,2.3620,132.346,164.833,1.4294,0.6831,3.088,0.0671
7JMV_4NC,0,20,2,11,2.3595,133.141,167.455,1.4218,0.6513,2.981,0.0657
7JMV_4NC,0,21,2,11,2.3586,133.892,169.753,1.4193,0.6236,2.869,0.0604
7JMV_4NC,0,22,2,11,2.3610,134.568,171.752,1.4247,0.6033,2.833,0.0689
7JMV_4NC,0,23,2,11,2.3705,134.935,173.024,1.4458,0.5957,2.780,0.0808
7JMV_4NC,0,24,2,11,2.3917,135.013,173.773,1.4886,0.6055,0.000,0.0000
7K0V_VQP,0,0,5,32,6.6984,133.816,170.582,6.3325,3.7271,0.410,0.2197
7K0V_VQP,0,1,5,32,6.5620,133.731,170.651,6.1396,3.6013,0.389,0.2080
7K0V_VQP,0,2,5,32,6.4367,133.702,170.794,5.9576,3.4869,0.449,0.2193
7K0V_VQP,0,3,5,32,6.2901,133.565,170.822,5.7552,3.3646,0.635,0.2346
7K0V_VQP,0,4,5,32,6.1157,133.290,170.706,5.5292,3.2340,0.758,0.2418
7K0V_VQP,0,5,5,32,5.9260,132.979,170.465,5.2923,3.1041,0.939,0.2568
7K0V_VQP,0,6,5,32,5.7178,132.607,170.264,5.0393,2.9673,1.087,0.2652
7K0V_VQP,0,7,5,32,5.5020,132.188,170.164,4.7785,2.8283,1.224,0.2714
7K0V_VQP,0,8,5,32,5.2813,131.721,170.179,4.5124,2.6880,1.353,0.2698
7K0V_VQP,0,9,5,32,5.0618,131.204,170.157,4.2492,2.5484,1.512,0.2759
7K0V_VQP,0,10,5,32,4.8403,130.667,170.091,3.9823,2.4048,1.554,0.2708
7K0V_VQP,0,11,5,32,4.6282,130.144,170.082,3.7233,2.2627,1.704,0.2681
7K0V_VQP,0,12,5,32,4.4266,129.645,170.100,3.4717,2.1270,1.796,0.2682
7K0V_VQP,0,13,5,32,4.2321,129.231,170.125,3.2228,1.9906,1.958,0.2693
7K0V_VQP,0,14,5,32,4.0425,128.840,170.079,2.9748,1.8547,2.057,0.2589
7K0V_VQP,0,15,5,32,3.8701,128.473,169.999,2.7397,1.7305,2.185,0.2544
7K0V_VQP,0,16,5,32,3.7073,128.134,169.951,2.5106,1.6113,2.542,0.2482
7K0V_VQP,0,17,5,32,3.5623,127.814,169.910,2.2948,1.5150,2.811,0.2391
7K0V_VQP,0,18,5,32,3.4313,127.531,170.338,2.0946,1.4338,3.112,0.2319
7K0V_VQP,0,19,5,32,3.3082,127.193,171.055,1.9060,1.3598,3.522,0.2230
7K0V_VQP,0,20,5,32,3.2028,126.766,172.018,1.7485,1.3113,3.958,0.2109
7K0V_VQP,0,21,5,32,3.1149,126.264,173.431,1.6430,1.2874,4.740,0.2146
7K0V_VQP,0,22,5,32,3.0316,125.415,175.498,1.5896,1.2789,5.460,0.2113
7K0V_VQP,0,23,5,32,2.9586,124.411,178.011,1.5918,1.2783,6.471,0.2156
7K0V_VQP,0,24,5,32,2.8951,123.001,179.516,1.6325,1.2819,0.000,0.0000
7K41_VUA,0,0,4,22,8.3013,146.909,169.010,7.8988,3.2579,0.674,0.2640
7K41_VUA,0,1,4,22,8.0419,146.850,169.150,7.6511,3.0802,0.680,0.2567
7K41_VUA,0,2,4,22,7.7905,146.774,169.231,7.4116,2.9089,0.583,0.2543
7K41_VUA,0,3,4,22,7.5456,146.767,169.240,7.1761,2.7449,0.473,0.2530
7K41_VUA,0,4,4,22,7.3093,146.849,169.140,6.9468,2.5833,0.533,0.2493
7K41_VUA,0,5,4,22,7.0842,146.785,169.019,6.7256,2.4263,0.754,0.2486
7K41_VUA,0,6,4,22,6.8684,146.805,169.039,6.5121,2.2660,1.056,0.2365
7K41_VUA,0,7,4,22,6.6762,146.869,169.074,6.3194,2.1038,1.622,0.2276
7K41_VUA,0,8,4,22,6.5112,147.000,168.965,6.1479,1.9537,1.815,0.2265
7K41_VUA,0,9,4,22,6.3637,147.030,168.654,5.9920,1.8044,2.073,0.2252
7K41_VUA,0,10,4,22,6.2320,147.085,168.203,5.8515,1.6570,2.380,0.2202
7K41_VUA,0,11,4,22,6.1274,147.026,167.770,5.7348,1.5175,2.813,0.2149
7K41_VUA,0,12,4,22,6.0465,147.220,167.523,5.6418,1.3783,2.827,0.2156
7K41_VUA,0,13,4,22,5.9786,147.448,167.397,5.5613,1.2403,2.975,0.2145
7K41_VUA,0,14,4,22,5.9238,147.710,167.066,5.4949,1.1026,3.042,0.2110
7K41_VUA,0,15,4,22,5.8861,148.207,166.934,5.4415,0.9844,3.054,0.2066
7K41_VUA,0,16,4,22,5.8636,148.776,166.881,5.4009,0.8883,3.177,0.1987
7K41_VUA,0,17,4,22,5.8550,149.549,166.790,5.3735,0.8232,3.128,0.2000
7K41_VUA,0,18,4,22,5.8602,150.355,166.503,5.3597,0.7973,3.137,0.1932
7K41_VUA,0,19,4,22,5.8713,151.123,166.188,5.3498,0.8195,3.139,0.1899
7K41_VUA,0,20,4,22,5.8979,152.018,165.720,5.3573,0.8788,3.060,0.1737
7K41_VUA,0,21,4,22,5.9311,152.997,165.123,5.3699,0.9661,3.284,0.1694
7K41_VUA,0,22,4,22,5.9734,153.909,164.226,5.3931,1.0775,3.684,0.1641
7K41_VUA,0,23,4,22,6.0171,154.616,162.513,5.4219,1.1933,4.421,0.1710
7K41_VUA,0,24,4,22,6.0591,155.190,159.505,5.4585,1.2968,0.000,0.0000
7KFO_IAC,0,0,2,13,5.8241,137.389,158.051,4.7666,3.6537,0.436,0.1686
7KFO_IAC,0,1,2,13,5.6288,137.456,158.334,4.6046,3.4761,0.433,0.1620
7KFO_IAC,0,2,2,13,5.4456,137.521,158.589,4.4499,3.3077,0.451,0.1639
7KFO_IAC,0,3,2,13,5.2659,137.586,158.887,4.2934,3.1439,0.521,0.1685
7KFO_IAC,0,4,2,13,5.0871,137.692,159.236,4.1317,2.9855,0.813,0.1785
7KFO_IAC,0,5,2,13,4.9059,137.899,159.777,3.9602,2.8281,1.059,0.1761
7KFO_IAC,0,6,2,13,4.7322,138.166,160.391,3.7926,2.6820,1.304,0.1787
7KFO_IAC,0,7,2,13,4.5615,138.497,161.048,3.6232,2.5391,1.860,0.1841
7KFO_IAC,0,8,2,13,4.3945,138.902,161.867,3.4513,2.4056,1.957,0.1800
7KFO_IAC,0,9,2,13,4.2369,139.266,162.534,3.2850,2.2825,2.493,0.1951
7KFO_IAC,0,10,2,13,4.0754,139.700,163.300,3.1089,2.1630,2.692,0.1902
7KFO_IAC,0,11,2,13,3.9269,140.267,164.157,2.9405,2.0518,2.809,0.1824
7KFO_IAC,0,12,2,13,3.7917,140.921,165.038,2.7833,1.9473,3.057,0.1807
7KFO_IAC,0,13,2,13,3.6646,141.568,165.721,2.6322,1.8519,3.306,0.1774
7KFO_IAC,0,14,2,13,3.5405,142.015,165.830,2.4868,1.7508,3.419,0.1720
7KFO_IAC,0,15,2,13,3.4267,142.412,165.853,2.3508,1.6627,3.464,0.1707
7KFO_IAC,0,16,2,13,3.3203,142.818,165.794,2.2206,1.5809,3.602,0.1634
7KFO_IAC,0,17,2,13,3.2215,142.947,165.253,2.0993,1.5067,3.694,0.1738
7KFO_IAC,0,18,2,13,3.1291,143.106,164.636,1.9780,1.4487,3.537,0.1748
7KFO_IAC,0,19,2,13,3.0423,143.084,163.969,1.8633,1.3961,3.523,0.1773
7KFO_IAC,0,20,2,13,2.9580,143.164,163.586,1.7483,1.3462,3.511,0.1656
7KFO_IAC,0,21,2,13,2.8869,143.196,163.220,1.6483,1.3186,3.764,0.1693
7KFO_IAC,0,22,2,13,2.8253,143.568,163.647,1.5586,1.3076,3.713,0.1625
7KFO_IAC,0,23,2,13,2.7764,143.958,164.060,1.4792,1.3093,3.327,0.1775
7KFO_IAC,0,24,2,13,2.7597,144.629,165.028,1.4275,1.3373,0.000,0.0000
7KQU_YOF,0,0,3,14,4.8428,122.461,132.425,4.7885,3.1831,0.291,0.1812
7KQU_YOF,0,1,3,14,4.7134,122.435,132.584,4.6243,3.0223,0.252,0.1629
7KQU_YOF,0,2,3,14,4.6010,122.417,132.716,4.4800,2.8804,0.238,0.1652
7KQU_YOF,0,3,3,14,4.4906,122.395,132.828,4.3360,2.7341,0.343,0.1676
7KQU_YOF,0,4,3,14,4.3820,122.408,132.991,4.1917,2.5802,0.470,0.1673
7KQU_YOF,0,5,3,14,4.2789,122.467,133.266,4.0533,2.4234,0.588,0.1723
7KQU_YOF,0,6,3,14,4.1814,122.628,133.663,3.9208,2.2551,0.795,0.1609
7KQU_YOF,0,7,3,14,4.1010,122.924,134.260,3.8121,2.0929,1.118,0.1676
7KQU_YOF,0,8,3,14,4.0327,123.391,135.084,3.7242,1.9167,1.382,0.1591
7KQU_YOF,0,9,3,14,3.9841,123.988,136.079,3.6668,1.7465,1.666,0.1623
7KQU_YOF,0,10,3,14,3.9501,124.775,137.134,3.6317,1.5731,1.993,0.1670
7KQU_YOF,0,11,3,14,3.9418,125.776,138.590,3.6279,1.4039,2.314,0.1703
7KQU_YOF,0,12,3,14,3.9583,127.099,140.525,3.6489,1.2417,2.552,0.1689
7KQU_YOF,0,13,3,14,4.0006,128.600,142.680,3.6943,1.0926,2.792,0.1779
7KQU_YOF,0,14,3,14,4.0657,130.336,145.101,3.7577,0.9493,2.725,0.1736
7KQU_YOF,0,15,3,14,4.1427,132.111,147.699,3.8275,0.8211,2.912,0.1765
7KQU_YOF,0,16,3,14,4.2401,133.979,150.472,3.9149,0.7145,3.002,0.1728
7KQU_YOF,0,17,3,14,4.3486,135.888,153.421,4.0104,0.6281,3.079,0.1719
7KQU_YOF,0,18,3,14,4.4694,137.862,156.747,4.1175,0.5746,3.182,0.1672
7KQU_YOF,0,19,3,14,4.5938,139.952,160.083,4.2256,0.5514,3.295,0.1623
7KQU_YOF,0,20,3,14,4.7249,142.216,163.711,4.3406,0.5613,3.409,0.1641
7KQU_YOF,0,21,3,14,4.8632,144.676,167.804,4.4626,0.6162,3.674,0.1591
7KQU_YOF,0,22,3,14,5.0016,147.426,172.393,4.5859,0.6927,4.086,0.1732
7KQU_YOF,0,23,3,14,5.1528,150.456,178.205,4.7285,0.7759,3.892,0.2282
7KQU_YOF,0,24,3,14,5.3431,150.327,175.020,4.9151,0.8852,0.000,0.0000
7KRU_ATP,0,0,5,31,6.7536,125.085,150.704,6.0035,3.8892,0.363,0.1782
7KRU_ATP,0,1,5,31,6.6330,125.095,150.639,5.8669,3.7402,0.352,0.1708
7KRU_ATP,0,2,5,31,6.5180,125.108,150.604,5.7361,3.5982,0.442,0.1729
7KRU_ATP,0,3,5,31,6.3997,125.139,150.637,5.6009,3.4579,0.554,0.1811
7KRU_ATP,0,4,5,31,6.2768,125.169,150.752,5.4592,3.3159,0.792,0.1800
7KRU_ATP,0,5,5,31,6.1534,125.194,150.966,5.3215,3.1769,1.233,0.1893
7KRU_ATP,0,6,5,31,6.0154,125.181,151.260,5.1726,3.0397,1.642,0.2000
7KRU_ATP,0,7,5,31,5.8678,125.166,151.566,5.0147,2.8999,2.266,0.2099
7KRU_ATP,0,8,5,31,5.7054,125.060,151.760,4.8445,2.7709,2.591,0.2160
7KRU_ATP,0,9,5,31,5.5417,124.908,151.976,4.6706,2.6447,3.128,0.2241
7KRU_ATP,0,10,5,31,5.3703,124.724,152.224,4.4920,2.5184,3.491,0.2250
7KRU_ATP,0,11,5,31,5.1966,124.429,152.444,4.3122,2.3915,3.792,0.2323
7KRU_ATP,0,12,5,31,5.0181,124.065,152.581,4.1252,2.2646,4.036,0.2396
7KRU_ATP,0,13,5,31,4.8336,123.694,152.897,3.9319,2.1330,4.311,0.2430
7KRU_ATP,0,14,5,31,4.6510,123.251,153.200,3.7412,2.0023,4.428,0.2411
7KRU_ATP,0,15,5,31,4.4766,122.734,153.779,3.5598,1.8718,4.508,0.2433
7KRU_ATP,0,16,5,31,4.3080,122.278,154.375,3.3846,1.7492,4.519,0.2385
7KRU_ATP,0,17,5,31,4.1451,121.823,155.152,3.2146,1.6295,4.266,0.2402
7KRU_ATP,0,18,5,31,3.9875,121.473,156.150,3.0485,1.5059,4.180,0.2344
7KRU_ATP,0,19,5,31,3.8371,121.181,157.179,2.8881,1.3898,4.228,0.2372
7KRU_ATP,0,20,5,31,3.6951,120.971,158.294,2.7303,1.2836,4.029,0.2256
7KRU_ATP,0,21,5,31,3.5708,120.788,159.695,2.5858,1.1905,4.025,0.2150
7KRU_ATP,0,22,5,31,3.4609,120.634,161.416,2.4502,1.1137,3.888,0.1872
7KRU_ATP,0,23,5,31,3.3854,120.550,163.633,2.3451,1.0593,4.191,0.1644
7KRU_ATP,0,24,5,31,3.3378,120.348,165.750,2.2609,1.0300,0.000,0.0000
7L00_XCJ,0,0,5,27,6.1650,91.004,177.363,5.2064,1.6150,0.379,0.1693
7L00_XCJ,0,1,5,27,6.0659,90.723,177.206,5.1065,1.5487,0.344,0.1624
7L00_XCJ,0,2,5,27,5.9763,90.464,177.047,5.0195,1.4913,0.571,0.1608
7L00_XCJ,0,3,5,27,5.8678,90.074,176.951,4.9166,1.4286,1.044,0.1695
7L00_XCJ,0,4,5,27,5.7229,89.490,177.057,4.7827,1.3599,1.405,0.1816
7L00_XCJ,0,5,5,27,5.5537,88.813,177.371,4.6294,1.2905,1.854,0.1956
7L00_XCJ,0,6,5,27,5.3639,88.147,177.939,4.4603,1.2163,2.035,0.2044
7L00_XCJ,0,7,5,27,5.1572,87.535,178.588,4.2790,1.1435,2.174,0.2251
7L00_XCJ,0,8,5,27,4.9225,86.985,179.493,4.0783,1.0715,2.169,0.2313
7L00_XCJ,0,9,5,27,4.6819,86.262,179.444,3.8746,0.9954,2.247,0.2435
7L00_XCJ,0,10,5,27,4.4309,85.342,178.267,3.6608,0.9075,2.415,0.2545
7L00_XCJ,0,11,5,27,4.1737,84.378,176.931,3.4439,0.8208,2.602,0.2528
7L00_XCJ,0,12,5,27,3.9256,83.445,175.508,3.2329,0.7394,2.767,0.2470
7L00_XCJ,0,13,5,27,3.6848,82.560,174.059,3.0268,0.6650,2.991,0.2524
7L00_XCJ,0,14,5,27,3.4413,81.538,172.400,2.8164,0.5983,3.261,0.2544
7L00_XCJ,0,15,5,27,3.2015,80.241,170.186,2.6078,0.5405,3.392,0.2612
7L00_XCJ,0,16,5,27,2.9595,78.587,167.899,2.3955,0.4974,3.552,0.2651
7L00_XCJ,0,17,5,27,2.7266,76.783,165.414,2.1897,0.4789,3.653,0.2748
7L00_XCJ,0,18,5,27,2.4991,74.859,162.742,1.9831,0.4877,3.651,0.2678
7L00_XCJ,0,19,5,27,2.2898,72.806,160.058,1.7863,0.5206,3.783,0.2754
7L00_XCJ,0,20,5,27,2.0970,70.860,157.254,1.5956,0.5744,3.530,0.2823
7L00_XCJ,0,21,5,27,1.9377,69.426,154.915,1.4368,0.6476,3.547,0.2848
7L00_XCJ,0,22,5,27,1.8285,68.470,153.022,1.3416,0.7358,3.158,0.2914
7L00_XCJ,0,23,5,27,1.7841,68.298,151.159,1.3209,0.8333,3.294,0.3030
7L00_XCJ,0,24,5,27,1.8123,68.866,149.477,1.3663,0.9291,0.000,0.0000
7L5F_XNG,0,0,8,18,5.9777,154.807,176.971,5.7471,2.5601,0.543,0.2163
7L5F_XNG,0,1,8,18,5.8246,154.442,176.621,5.5788,2.4449,0.535,0.2076
7L5F_XNG,0,2,8,18,5.6806,154.115,176.311,5.4182,2.3372,0.562,0.2084
7L5F_XNG,0,3,8,18,5.5298,153.755,175.918,5.2493,2.2310,0.747,0.2136
7L5F_XNG,0,4,8,18,5.3606,153.195,175.400,5.0620,2.1252,0.832,0.2234
7L5F_XNG,0,5,8,18,5.1758,152.638,174.750,4.8586,2.0223,1.005,0.2307
7L5F_XNG,0,6,8,18,4.9818,151.973,173.883,4.6466,1.9218,1.135,0.2385
7L5F_XNG,0,7,8,18,4.7796,151.191,173.056,4.4278,1.8281,1.306,0.2504
7L5F_XNG,0,8,8,18,4.5631,150.303,172.135,4.1968,1.7345,1.414,0.2514
7L5F_XNG,0,9,8,18,4.3493,149.383,171.291,3.9690,1.6489,1.794,0.2500
7L5F_XNG,0,10,8,18,4.1406,148.429,170.469,3.7461,1.5680,1.900,0.2552
7L5F_XNG,0,11,8,18,3.9266,147.530,169.819,3.5199,1.4947,1.945,0.2537
7L5F_XNG,0,12,8,18,3.7201,146.587,169.271,3.3005,1.4302,1.924,0.2442
7L5F_XNG,0,13,8,18,3.5280,145.524,168.575,3.0949,1.3759,1.911,0.2457
7L5F_XNG,0,14,8,18,3.3408,144.478,168.043,2.8946,1.3275,1.908,0.2448
7L5F_XNG,0,15,8,18,3.1671,143.560,167.589,2.7059,1.2888,1.800,0.2443
7L5F_XNG,0,16,8,18,3.0094,142.787,167.244,2.5349,1.2627,1.935,0.2407
7L5F_XNG,0,17,8,18,2.8726,142.112,167.198,2.3887,1.2518,2.064,0.2367
7L5F_XNG,0,18,8,18,2.7598,141.524,167.719,2.2744,1.2635,2.174,0.2313
7L5F_XNG,0,19,8,18,2.6799,140.866,168.417,2.2002,1.2918,2.438,0.2334
7L5F_XNG,0,20,8,18,2.6202,140.254,169.646,2.1484,1.3326,2.823,0.2294
7L5F_XNG,0,21,8,18,2.5933,139.813,171.543,2.1286,1.3945,3.502,0.2319
7L5F_XNG,0,22,8,18,2.5913,139.282,174.166,2.1338,1.4732,4.133,0.2398
7L5F_XNG,0,23,8,18,2.6172,138.834,177.776,2.1685,1.5640,5.241,0.2529
7L5F_XNG,0,24,8,18,2.6705,136.441,177.629,2.2233,1.6626,0.000,0.0000
7L6D_BMF,0,0,5,28,8.5218,153.686,173.762,8.3320,2.2162,0.537,0.2191
7L6D_BMF,0,1,5,28,8.3578,153.708,173.855,8.1823,2.1989,0.465,0.2140
7L6D_BMF,0,2,5,28,8.1995,153.776,173.999,8.0406,2.1816,0.620,0.2141
7L6D_BMF,0,3,5,28,8.0472,154.023,174.284,7.9110,2.1617,1.071,0.2192
7L6D_BMF,0,4,5,28,7.9084,154.569,174.831,7.8054,2.1394,1.547,0.2257
7L6D_BMF,0,5,5,28,7.7810,155.367,175.620,7.7214,2.1095,1.881,0.2350
7L6D_BMF,0,6,5,28,7.6705,156.346,176.548,7.6583,2.0944,2.197,0.2315
7L6D_BMF,0,7,5,28,7.5760,157.486,177.669,7.6114,2.0972,2.580,0.2275
7L6D_BMF,0,8,5,28,7.5065,158.777,178.736,7.5865,2.1139,2.716,0.2419
7L6D_BMF,0,9,5,28,7.4479,160.121,179.731,7.5724,2.1357,2.935,0.2364
7L6D_BMF,0,10,5,28,7.4021,161.027,178.899,7.5684,2.1460,3.191,0.2379
7L6D_BMF,0,11,5,28,7.3786,161.844,177.687,7.5823,2.1679,3.392,0.2385
7L6D_BMF,0,12,5,28,7.3654,162.705,179.118,7.6067,2.1791,3.785,0.2397
7L6D_BMF,0,13,5,28,7.3558,162.924,178.839,7.6296,2.1802,3.926,0.2332
7L6D_BMF,0,14,5,28,7.3783,162.599,176.541,7.6813,2.1810,4.106,0.2308
7L6D_BMF,0,15,5,28,7.4140,162.340,174.123,7.7431,2.1839,4.520,0.2410
7L6D_BMF,0,16,5,28,7.4667,162.263,174.420,7.8171,2.1922,4.658,0.2288
7L6D_BMF,0,17,5,28,7.5324,162.417,175.361,7.9038,2.2003,4.808,0.2385
7L6D_BMF,0,18,5,28,7.6106,162.593,176.902,7.9971,2.2185,5.086,0.2314
7L6D_BMF,0,19,5,28,7.7025,162.658,178.754,8.1012,2.2433,5.222,0.2312
7L6D_BMF,0,20,5,28,7.8065,162.228,179.023,8.2162,2.2809,5.063,0.2201
7L6D_BMF,0,21,5,28,7.9141,161.268,176.355,8.3345,2.3242,5.099,0.2224
7L6D_BMF,0,22,5,28,8.0283,160.307,173.570,8.4606,2.3735,5.124,0.2307
7L6D_BMF,0,23,5,28,8.1445,159.357,170.571,8.5961,2.4283,5.256,0.2460
7L6D_BMF,0,24,5,28,8.2685,158.038,167.127,8.7453,2.4839,0.000,0.0000
7LB3_XXS,0,0,5,29,7.4214,102.676,167.226,6.6812,4.4840,0.611,0.3218
7LB3_XXS,0,1,5,29,7.1933,102.763,167.521,6.4606,4.2641,0.591,0.3053
7LB3_XXS,0,2,5,29,6.9811,102.895,167.885,6.2583,4.0509,0.702,0.2993
7LB3_XXS,0,3,5,29,6.7795,102.923,168.310,6.0606,3.8426,0.991,0.2981
7LB3_XXS,0,4,5,29,6.5902,102.859,168.564,5.8686,3.6350,1.270,0.2878
7LB3_XXS,0,5,5,29,6.4118,102.730,168.885,5.6788,3.4353,1.562,0.2792
7LB3_XXS,0,6,5,29,6.2435,102.538,169.410,5.4911,3.2452,1.935,0.2688
7LB3_XXS,0,7,5,29,6.0878,102.293,169.749,5.3124,3.0671,2.264,0.2622
7LB3_XXS,0,8,5,29,5.9453,102.238,170.418,5.1434,2.8921,2.463,0.2563
7LB3_XXS,0,9,5,29,5.8122,102.228,171.115,4.9803,2.7260,2.754,0.2575
7LB3_XXS,0,10,5,29,5.6911,102.361,172.019,4.8271,2.5607,3.097,0.2458
7LB3_XXS,0,11,5,29,5.5805,102.604,173.236,4.6892,2.3978,3.436,0.2415
7LB3_XXS,0,12,5,29,5.4830,102.857,174.324,4.5628,2.2399,3.600,0.2371
7LB3_XXS,0,13,5,29,5.3973,103.107,174.998,4.4480,2.0809,3.966,0.2370
7LB3_XXS,0,14,5,29,5.3148,103.317,175.376,4.3348,1.9219,4.081,0.2343
7LB3_XXS,0,15,5,29,5.2319,103.586,175.406,4.2219,1.7610,4.226,0.2290
7LB3_XXS,0,16,5,29,5.1579,103.835,174.919,4.1144,1.6045,4.378,0.2230
7LB3_XXS,0,17,5,29,5.0784,104.141,173.961,4.0046,1.4506,4.418,0.2221
7LB3_XXS,0,18,5,29,4.9947,104.442,172.638,3.8920,1.3034,4.550,0.2097
7LB3_XXS,0,19,5,29,4.9138,104.997,170.913,3.7790,1.1717,4.448,0.2037
7LB3_XXS,0,20,5,29,4.8332,105.659,168.862,3.6680,1.0509,4.293,0.1999
7LB3_XXS,0,21,5,29,4.7453,106.561,166.393,3.5510,0.9518,4.266,0.2076
7LB3_XXS,0,22,5,29,4.6461,107.605,163.618,3.4298,0.8697,4.215,0.2146
7LB3_XXS,0,23,5,29,4.5529,109.017,160.754,3.3167,0.8137,4.487,0.2277
7LB3_XXS,0,24,5,29,4.4685,110.750,157.697,3.2121,0.7849,0.000,0.0000
7LEV_0JO,0,0,5,21,7.2639,157.342,175.045,7.3938,1.9879,0.621,0.2394
7LEV_0JO,0,1,5,21,7.0891,156.923,174.530,7.1802,1.9039,0.619,0.2257
7LEV_0JO,0,2,5,21,6.9279,156.543,174.007,6.9802,1.8262,0.829,0.2222
7LEV_0JO,0,3,5,21,6.7773,155.970,173.272,6.7890,1.7496,1.164,0.2231
7LEV_0JO,0,4,5,21,6.6402,155.160,172.306,6.6086,1.6731,1.514,0.2206
7LEV_0JO,0,5,5,21,6.5155,154.153,171.060,6.4395,1.6006,1.754,0.2249
7LEV_0JO,0,6,5,21,6.4035,153.041,169.725,6.2797,1.5336,1.882,0.2243
7LEV_0JO,0,7,5,21,6.3091,151.914,168.465,6.1341,1.4798,2.197,0.2215
7LEV_0JO,0,8,5,21,6.2281,150.643,167.204,6.0016,1.4406,2.314,0.2234
7LEV_0JO,0,9,5,21,6.1552,149.358,166.041,5.8755,1.4066,2.487,0.2248
7LEV_0JO,0,10,5,21,6.0842,148.057,164.874,5.7526,1.3693,2.745,0.2214
7LEV_0JO,0,11,5,21,6.0211,146.703,163.580,5.6394,1.3323,2.832,0.2208
7LEV_0JO,0,12,5,21,5.9622,145.377,162.303,5.5314,1.2985,2.922,0.2185
7LEV_0JO,0,13,5,21,5.9073,144.128,160.990,5.4331,1.2615,2.979,0.2146
7LEV_0JO,0,14,5,21,5.8549,142.900,159.655,5.3405,1.2274,3.059,0.2147
7LEV_0JO,0,15,5,21,5.8057,141.628,158.184,5.2534,1.1932,2.996,0.2108
7LEV_0JO,0,16,5,21,5.7616,140.514,156.686,5.1752,1.1519,2.960,0.2053
7LEV_0JO,0,17,5,21,5.7237,139.420,155.136,5.1080,1.1114,2.798,0.2018
7LEV_0JO,0,18,5,21,5.6961,138.322,153.576,5.0542,1.0725,2.639,0.1980
7LEV_0JO,0,19,5,21,5.6736,137.394,152.170,5.0087,1.0478,2.247,0.1889
7LEV_0JO,0,20,5,21,5.6584,136.623,150.953,4.9753,1.0213,2.094,0.1830
7LEV_0JO,0,21,5,21,5.6491,135.874,150.038,4.9495,1.0034,2.199,0.1781
7LEV_0JO,0,22,5,21,5.6412,135.320,149.456,4.9317,0.9906,2.358,0.1719
7LEV_0JO,0,23,5,21,5.6441,134.993,149.306,4.9297,0.9812,2.717,0.2013
7LEV_0JO,0,24,5,21,5.6703,135.324,149.670,4.9551,0.9773,0.000,0.0000
7LJN_GTP,0,0,5,32,5.9095,157.130,179.269,4.4865,3.9875,0.508,0.1796
7LJN_GTP,0,1,5,32,5.8094,157.038,179.441,4.4267,3.8312,0.509,0.1708
7LJN_GTP,0,2,5,32,5.7148,156.920,179.602,4.3702,3.6793,0.692,0.1685
7LJN_GTP,0,3,5,32,5.6282,156.751,179.767,4.3193,3.5297,0.908,0.1660
7LJN_GTP,0,4,5,32,5.5484,156.487,179.933,4.2720,3.3833,1.091,0.1677
7LJN_GTP,0,5,5,32,5.4702,156.108,179.949,4.2222,3.2368,1.280,0.1763
7LJN_GTP,0,6,5,32,5.4068,155.634,179.661,4.1836,3.0930,1.455,0.1713
7LJN_GTP,0,7,5,32,5.3532,155.151,179.435,4.1494,2.9563,1.781,0.1840
7LJN_GTP,0,8,5,32,5.3108,154.561,179.117,4.1223,2.8208,1.935,0.1897
7LJN_GTP,0,9,5,32,5.2832,153.957,178.691,4.1091,2.6870,2.145,0.1974
7LJN_GTP,0,10,5,32,5.2669,153.332,178.125,4.1007,2.5541,2.120,0.2008
7LJN_GTP,0,11,5,32,5.2784,152.783,177.492,4.1167,2.4299,2.162,0.2063
7LJN_GTP,0,12,5,32,5.3068,152.298,176.860,4.1462,2.3092,2.189,0.2144
7LJN_GTP,0,13,5,32,5.3473,151.852,176.214,4.1858,2.1854,2.262,0.2211
7LJN_GTP,0,14,5,32,5.3925,151.270,175.581,4.2318,2.0573,2.251,0.2137
7LJN_GTP,0,15,5,32,5.4312,150.685,174.912,4.2749,1.9274,2.484,0.2166
7LJN_GTP,0,16,5,32,5.4723,149.970,174.097,4.3159,1.7937,2.720,0.2225
7LJN_GTP,0,17,5,32,5.5282,149.278,174.865,4.3760,1.6714,2.840,0.2331
7LJN_GTP,0,18,5,32,5.5940,148.642,177.196,4.4449,1.5465,3.030,0.2301
7LJN_GTP,0,19,5,32,5.6794,148.031,179.655,4.5306,1.4383,3.024,0.2380
7LJN_GTP,0,20,5,32,5.7738,146.607,177.836,4.6276,1.3370,3.234,0.2488
7LJN_GTP,0,21,5,32,5.8793,145.020,175.226,4.7415,1.2454,3.813,0.2681
7LJN_GTP,0,22,5,32,5.9958,143.260,172.386,4.8734,1.1635,4.307,0.2742
7LJN_GTP,0,23,5,32,6.1391,141.361,169.144,5.0361,1.1168,4.719,0.2558
7LJN_GTP,0,24,5,32,6.2905,139.593,165.482,5.2082,1.0939,0.000,0.0000
7LOE_Y84,0,0,1,11,6.9421,100.377,100.377,6.3824,6.3824,0.485,0.2472
7LOE_Y84,0,1,1,11,6.7173,100.097,100.097,6.1388,6.1388,0.455,0.2325
7LOE_Y84,0,2,1,11,6.5072,99.804,99.804,5.9099,5.9099,0.499,0.2396
7LOE_Y84,0,3,1,11,6.2915,99.455,99.455,5.6738,5.6738,0.514,0.2493
7LOE_Y84,0,4,1,11,6.0688,99.098,99.098,5.4285,5.4285,0.465,0.2508
7LOE_Y84,0,5,1,11,5.8475,98.760,98.760,5.1826,5.1826,0.506,0.2598
7LOE_Y84,0,6,1,11,5.6214,98.392,98.392,4.9289,4.9289,0.513,0.2650
7LOE_Y84,0,7,1,11,5.3940,98.053,98.053,4.6703,4.6703,0.579,0.2640
7LOE_Y84,0,8,1,11,5.1704,97.597,97.597,4.4137,4.4137,0.606,0.2584
7LOE_Y84,0,9,1,11,4.9557,97.143,97.143,4.1635,4.1635,0.908,0.2743
7LOE_Y84,0,10,1,11,4.7300,96.418,96.418,3.8983,3.8983,1.048,0.2658
7LOE_Y84,0,11,1,11,4.5175,95.600,95.600,3.6438,3.6438,1.238,0.2679
7LOE_Y84,0,12,1,11,4.3070,94.603,94.603,3.3889,3.3889,1.970,0.2816
7LOE_Y84,0,13,1,11,4.0887,92.953,92.953,3.1252,3.1252,2.508,0.2914
7LOE_Y84,0,14,1,11,3.8643,90.856,90.856,2.8527,2.8527,3.270,0.2797
7LOE_Y84,0,15,1,11,3.6491,88.127,88.127,2.5951,2.5951,3.445,0.2688
7LOE_Y84,0,16,1,11,3.4417,85.170,85.170,2.3493,2.3493,4.078,0.2628
7LOE_Y84,0,17,1,11,3.2413,81.802,81.802,2.1125,2.1125,4.565,0.2660
7LOE_Y84,0,18,1,11,3.0421,77.992,77.992,1.8834,1.8834,5.060,0.2527
7LOE_Y84,0,19,1,11,2.8566,73.928,73.928,1.6745,1.6745,5.304,0.2496
7LOE_Y84,0,20,1,11,2.6858,69.870,69.870,1.4842,1.4842,5.369,0.2355
7LOE_Y84,0,21,1,11,2.5363,65.992,65.992,1.3243,1.3243,5.669,0.2125
7LOE_Y84,0,22,1,11,2.4153,62.272,62.272,1.2132,1.2132,5.066,0.1808
7LOE_Y84,0,23,1,11,2.3349,59.453,59.453,1.1510,1.1510,3.386,0.1288
7LOE_Y84,0,24,1,11,2.3019,57.877,57.877,1.1414,1.1414,0.000,0.0000
7LOU_IFM,0,0,2,10,4.8043,95.895,95.895,5.2258,2.2629,0.348,0.1744
7LOU_IFM,0,1,2,10,4.6836,95.942,95.942,5.0577,2.1668,0.344,0.1671
7LOU_IFM,0,2,2,10,4.5698,96.006,96.006,4.8974,2.0731,0.355,0.1701
7LOU_IFM,0,3,2,10,4.4558,96.067,96.067,4.7356,1.9750,0.441,0.1755
7LOU_IFM,0,4,2,10,4.3413,96.122,96.122,4.5704,1.8722,0.586,0.1749
7LOU_IFM,0,5,2,10,4.2299,96.164,96.164,4.4068,1.7749,0.772,0.1673
7LOU_IFM,0,6,2,10,4.1275,96.255,96.255,4.2525,1.6858,1.080,0.1625
7LOU_IFM,0,7,2,10,4.0322,96.348,96.348,4.1060,1.6015,1.477,0.1569
7LOU_IFM,0,8,2,10,3.9456,96.383,96.383,3.9694,1.5278,1.683,0.1476
7LOU_IFM,0,9,2,10,3.8687,96.412,96.412,3.8445,1.4641,1.823,0.1495
7LOU_IFM,0,10,2,10,3.7966,96.566,96.566,3.7243,1.3984,2.241,0.1440
7LOU_IFM,0,11,2,10,3.7360,96.828,96.828,3.6163,1.3393,2.585,0.1408
7LOU_IFM,0,12,2,10,3.6823,97.157,97.157,3.5156,1.2845,2.702,0.1400
7LOU_IFM,0,13,2,10,3.6393,97.754,97.754,3.4261,1.2373,3.203,0.1366
7LOU_IFM,0,14,2,10,3.6051,98.529,98.529,3.3444,1.1948,3.360,0.1373
7LOU_IFM,0,15,2,10,3.5728,99.277,99.277,3.2660,1.1558,3.608,0.1418
7LOU_IFM,0,16,2,10,3.5465,100.190,100.190,3.1949,1.1217,4.008,0.1373
7LOU_IFM,0,17,2,10,3.5305,101.489,101.489,3.1334,1.0844,4.400,0.1356
7LOU_IFM,0,18,2,10,3.5240,103.131,103.131,3.0832,1.0489,4.418,0.1316
7LOU_IFM,0,19,2,10,3.5198,104.869,104.869,3.0362,1.0189,4.640,0.1329
7LOU_IFM,0,20,2,10,3.5239,106.812,106.812,3.0017,0.9978,4.764,0.1359
7LOU_IFM,0,21,2,10,3.5355,109.016,109.016,2.9767,1.0035,5.026,0.1469
7LOU_IFM,0,22,2,10,3.5548,111.425,111.425,2.9639,1.0261,5.181,0.1520
7LOU_IFM,0,23,2,10,3.5854,113.851,113.851,2.9703,1.0855,4.933,0.1578
7LOU_IFM,0,24,2,10,3.6216,115.928,115.928,2.9897,1.1935,0.000,0.0000
7LZQ_YJV,0,0,3,22,5.0317,140.272,173.033,4.2420,2.6070,0.477,0.1912
7LZQ_YJV,0,1,3,22,4.9507,140.320,173.311,4.0993,2.5561,0.399,0.1845
7LZQ_YJV,0,2,3,22,4.8766,140.282,173.356,3.9661,2.5106,0.369,0.1749
7LZQ_YJV,0,3,3,22,4.8111,140.306,173.520,3.8433,2.4699,0.450,0.1691
7LZQ_YJV,0,4,3,22,4.7523,140.477,173.986,3.7286,2.4284,0.545,0.1662
7LZQ_YJV,0,5,3,22,4.7000,140.773,174.624,3.6201,2.3866,0.782,0.1602
7LZQ_YJV,0,6,3,22,4.6602,141.256,175.598,3.5264,2.3453,0.939,0.1476
7LZQ_YJV,0,7,3,22,4.6265,141.853,176.740,3.4464,2.3105,1.021,0.1424
7LZQ_YJV,0,8,3,22,4.6016,142.542,177.888,3.3784,2.2767,1.142,0.1388
7LZQ_YJV,0,9,3,22,4.5801,143.284,179.074,3.3171,2.2441,1.537,0.1307
7LZQ_YJV,0,10,3,22,4.5713,143.992,179.695,3.2701,2.2172,1.762,0.1435
7LZQ_YJV,0,11,3,22,4.5950,143.820,178.478,3.2581,2.1924,1.959,0.1533
7LZQ_YJV,0,12,3,22,4.6335,143.661,177.254,3.2642,2.1673,1.973,0.1566
7LZQ_YJV,0,13,3,22,4.6919,143.574,176.395,3.2966,2.1518,1.944,0.1612
7LZQ_YJV,0,14,3,22,4.7584,143.586,175.886,3.3395,2.1335,1.855,0.1548
7LZQ_YJV,0,15,3,22,4.8177,143.682,175.634,3.3848,2.1068,1.785,0.1598
7LZQ_YJV,0,16,3,22,4.8850,143.821,175.784,3.4442,2.0832,1.872,0.1479
7LZQ_YJV,0,17,3,22,4.9534,144.068,176.193,3.5105,2.0562,2.122,0.1487
7LZQ_YJV,0,18,3,22,5.0258,144.414,176.545,3.5873,2.0332,2.004,0.1405
7LZQ_YJV,0,19,3,22,5.0939,144.712,177.147,3.6670,2.0193,2.242,0.1414
7LZQ_YJV,0,20,3,22,5.1623,144.976,177.781,3.7520,2.0105,2.455,0.1506
7LZQ_YJV,0,21,3,22,5.2330,144.980,178.213,3.8504,2.0002,2.616,0.1538
7LZQ_YJV,0,22,3,22,5.3070,144.987,178.864,3.9577,1.9941,2.424,0.1643
7LZQ_YJV,0,23,3,22,5.3865,144.666,178.721,4.0845,1.9838,2.456,0.1676
7LZQ_YJV,0,24,3,22,5.4730,143.946,177.477,4.2279,1.9845,0.000,0.0000
7M3H_YPV,0,0,5,24,7.8183,132.644,165.897,7.3596,3.5688,0.482,0.2386
7M3H_YPV,0,1,5,24,7.6408,132.593,166.013,7.1898,3.3956,0.414,0.2288
7M3H_YPV,0,2,5,24,7.4731,132.522,166.090,7.0305,3.2274,0.583,0.2182
7M3H_YPV,0,3,5,24,7.3261,132.451,166.193,6.8938,3.0685,0.914,0.2030
7M3H_YPV,0,4,5,24,7.2136,132.373,166.311,6.7931,2.9260,1.272,0.1926
7M3H_YPV,0,5,5,24,7.1396,132.293,166.425,6.7301,2.7991,1.661,0.1910
7M3H_YPV,0,6,5,24,7.0982,132.179,166.627,6.6985,2.6867,1.938,0.1907
7M3H_YPV,0,7,5,24,7.0727,132.149,166.921,6.6828,2.5818,2.370,0.1933
7M3H_YPV,0,8,5,24,7.0723,132.111,167.310,6.6916,2.4893,2.585,0.1937
7M3H_YPV,0,9,5,24,7.0845,132.132,167.923,6.7128,2.4079,2.919,0.1977
7M3H_YPV,0,10,5,24,7.1095,132.207,168.804,6.7461,2.3352,3.123,0.1962
7M3H_YPV,0,11,5,24,7.1446,132.405,169.999,6.7893,2.2743,3.390,0.2016
7M3H_YPV,0,12,5,24,7.1949,132.759,171.462,6.8471,2.2273,3.561,0.2029
7M3H_YPV,0,13,5,24,7.2555,133.257,173.141,6.9139,2.1972,3.738,0.2046
7M3H_YPV,0,14,5,24,7.3223,133.780,174.944,6.9862,2.1789,3.872,0.2013
7M3H_YPV,0,15,5,24,7.3964,134.487,176.990,7.0638,2.1853,3.899,0.2086
7M3H_YPV,0,16,5,24,7.4821,135.245,179.221,7.1536,2.2047,4.178,0.2107
7M3H_YPV,0,17,5,24,7.5770,135.625,178.545,7.2517,2.2395,4.354,0.2165
7M3H_YPV,0,18,5,24,7.6847,135.805,176.241,7.3629,2.2892,4.442,0.2153
7M3H_YPV,0,19,5,24,7.7944,136.057,173.924,7.4744,2.3501,4.580,0.2264
7M3H_YPV,0,20,5,24,7.9191,136.325,171.498,7.6009,2.4250,4.451,0.2163
7M3H_YPV,0,21,5,24,8.0425,136.453,168.702,7.7251,2.5029,4.602,0.2269
7M3H_YPV,0,22,5,24,8.1795,136.435,165.419,7.8603,2.5970,4.351,0.2282
7M3H_YPV,0,23,5,24,8.3224,136.173,161.859,8.0004,2.6934,4.527,0.2203
7M3H_YPV,0,24,5,24,8.4811,135.477,158.205,8.1583,2.7763,0.000,0.0000
7M6K_YRJ,0,0,6,33,7.1066,110.397,165.771,6.9073,1.5696,0.435,0.1791
7M6K_YRJ,0,1,6,33,6.9961,110.138,165.399,6.7943,1.4926,0.421,0.1746
7M6K_YRJ,0,2,6,33,6.8853,109.907,165.096,6.6794,1.4203,0.661,0.1759
7M6K_YRJ,0,3,6,33,6.8023,109.595,164.435,6.6001,1.3488,1.084,0.1927
7M6K_YRJ,0,4,6,33,6.7550,109.166,163.270,6.5678,1.2782,1.463,0.2001
7M6K_YRJ,0,5,6,33,6.7357,108.671,164.057,6.5684,1.2136,1.771,0.2073
7M6K_YRJ,0,6,6,33,6.7365,108.189,164.896,6.5904,1.1496,1.868,0.1992
7M6K_YRJ,0,7,6,33,6.7536,107.712,165.615,6.6269,1.0899,1.974,0.1953
7M6K_YRJ,0,8,6,33,6.7901,107.357,166.677,6.6809,1.0343,2.149,0.1824
7M6K_YRJ,0,9,6,33,6.8270,106.928,167.990,6.7312,0.9779,2.433,0.1773
7M6K_YRJ,0,10,6,33,6.8636,106.604,169.699,6.7782,0.9237,2.592,0.1737
7M6K_YRJ,0,11,6,33,6.8912,106.296,171.445,6.8135,0.8706,2.740,0.1682
7M6K_YRJ,0,12,6,33,6.9208,105.926,173.069,6.8489,0.8204,2.879,0.1723
7M6K_YRJ,0,13,6,33,6.9472,105.502,174.758,6.8779,0.7674,2.948,0.1788
7M6K_YRJ,0,14,6,33,6.9686,104.923,176.241,6.9012,0.7177,2.849,0.1785
7M6K_YRJ,0,15,6,33,6.9918,104.448,177.712,6.9231,0.6743,2.774,0.1813
7M6K_YRJ,0,16,6,33,7.0235,104.009,179.200,6.9503,0.6320,2.707,0.1798
7M6K_YRJ,0,17,6,33,7.0527,103.505,179.799,6.9741,0.6039,2.657,0.1805
7M6K_YRJ,0,18,6,33,7.0944,102.894,178.713,7.0073,0.5865,2.586,0.1754
7M6K_YRJ,0,19,6,33,7.1404,102.333,177.810,7.0449,0.5894,2.450,0.1779
7M6K_YRJ,0,20,6,33,7.1956,101.901,176.695,7.0905,0.6017,2.318,0.1731
7M6K_YRJ,0,21,6,33,7.2613,101.624,175.346,7.1440,0.6246,2.349,0.1731
7M6K_YRJ,0,22,6,33,7.3365,101.473,173.477,7.2086,0.6608,2.644,0.1603
7M6K_YRJ,0,23,6,33,7.4167,101.460,171.165,7.2810,0.7068,2.970,0.1901
7M6K_YRJ,0,24,6,33,7.5082,101.556,168.711,7.3789,0.7498,0.000,0.0000
7MFP_Z7P,0,0,9,50,7.5784,125.538,177.827,7.4924,2.0527,0.407,0.2355
7MFP_Z7P,0,1,9,50,7.4257,125.538,177.819,7.3179,1.9699,0.399,0.2271
7MFP_Z7P,0,2,9,50,7.2825,125.539,177.813,7.1543,1.8882,0.500,0.2233
7MFP_Z7P,0,3,9,50,7.1496,125.469,177.425,6.9998,1.8056,0.780,0.2184
7MFP_Z7P,0,4,9,50,7.0297,125.240,176.589,6.8569,1.7245,0.945,0.2081
7MFP_Z7P,0,5,9,50,6.9215,124.917,175.541,6.7250,1.6545,1.157,0.2016
7MFP_Z7P,0,6,9,50,6.8236,124.496,174.019,6.6050,1.5770,1.142,0.1933
7MFP_Z7P,0,7,9,50,6.7421,124.098,172.121,6.5006,1.5052,1.258,0.1959
7MFP_Z7P,0,8,9,50,6.6716,123.710,170.367,6.4073,1.4424,1.419,0.2028
7MFP_Z7P,0,9,9,50,6.6083,123.306,168.649,6.3201,1.3844,1.655,0.2101
7MFP_Z7P,0,10,9,50,6.5518,122.900,166.727,6.2352,1.3339,1.833,0.2156
7MFP_Z7P,0,11,9,50,6.4928,122.510,165.161,6.1480,1.2758,2.143,0.2249
7MFP_Z7P,0,12,9,50,6.4428,122.156,163.532,6.0718,1.2223,2.365,0.2320
7MFP_Z7P,0,13,9,50,6.4042,121.905,161.753,6.0073,1.1729,2.709,0.2379
7MFP_Z7P,0,14,9,50,6.3735,121.755,159.781,5.9515,1.1262,2.888,0.2474
7MFP_Z7P,0,15,9,50,6.3498,121.620,158.203,5.9056,1.0757,3.096,0.2531
7MFP_Z7P,0,16,9,50,6.3313,121.460,156.323,5.8685,1.0235,3.126,0.2523
7MFP_Z7P,0,17,9,50,6.3252,121.277,157.187,5.8478,0.9746,3.468,0.2506
7MFP_Z7P,0,18,9,50,6.3344,121.102,158.857,5.8441,0.9254,3.678,0.2493
7MFP_Z7P,0,19,9,50,6.3581,120.903,160.182,5.8581,0.8819,3.898,0.2506
7MFP_Z7P,0,20,9,50,6.3994,120.532,160.896,5.8906,0.8430,4.070,0.2427
7MFP_Z7P,0,21,9,50,6.4441,120.095,161.730,5.9289,0.8013,4.412,0.2356
7MFP_Z7P,0,22,9,50,6.5036,119.598,162.557,5.9872,0.7623,4.762,0.2232
7MFP_Z7P,0,23,9,50,6.5712,119.104,163.092,6.0580,0.7319,5.014,0.2021
7MFP_Z7P,0,24,9,50,6.6452,118.603,162.895,6.1380,0.7170,0.000,0.0000
7MMH_ZJY,0,0,9,57,9.4411,116.975,162.697,9.4755,5.1007,0.484,0.3199
7MMH_ZJY,0,1,9,57,9.2481,117.003,162.648,9.2810,4.8449,0.518,0.3125
7MMH_ZJY,0,2,9,57,9.0653,117.072,162.593,9.1006,4.5925,0.743,0.3095
7MMH_ZJY,0,3,9,57,8.9062,117.221,162.458,8.9499,4.3438,1.139,0.3099
7MMH_ZJY,0,4,9,57,8.7743,117.509,162.211,8.8340,4.0953,1.414,0.3104
7MMH_ZJY,0,5,9,57,8.6704,117.977,161.868,8.7542,3.8525,1.784,0.3134
7MMH_ZJY,0,6,9,57,8.6001,118.700,161.366,8.7130,3.6159,2.081,0.3152
7MMH_ZJY,0,7,9,57,8.5571,119.656,160.745,8.7036,3.3821,2.512,0.3222
7MMH_ZJY,0,8,9,57,8.5428,120.814,159.753,8.7290,3.1568,2.685,0.3261
7MMH_ZJY,0,9,9,57,8.5526,122.168,158.562,8.7772,2.9394,3.084,0.3285
7MMH_ZJY,0,10,9,57,8.5937,123.722,157.136,8.8588,2.7408,3.334,0.3358
7MMH_ZJY,0,11,9,57,8.6566,125.496,155.427,8.9643,2.5525,3.650,0.3464
7MMH_ZJY,0,12,9,57,8.7376,127.571,158.380,9.0910,2.3679,3.975,0.3474
7MMH_ZJY,0,13,9,57,8.8331,129.893,163.444,9.2302,2.1972,4.141,0.3522
7MMH_ZJY,0,14,9,57,8.9398,132.376,169.194,9.3827,2.0332,4.457,0.3504
7MMH_ZJY,0,15,9,57,9.0534,135.159,175.481,9.5424,1.8859,4.599,0.3538
7MMH_ZJY,0,16,9,57,9.1801,137.526,178.381,9.7160,1.7541,4.869,0.3528
7MMH_ZJY,0,17,9,57,9.3151,138.770,172.305,9.8976,1.6462,5.005,0.3526
7MMH_ZJY,0,18,9,57,9.4475,140.252,178.099,10.0791,1.5581,5.134,0.3468
7MMH_ZJY,0,19,9,57,9.5823,140.680,175.951,10.2631,1.5049,5.126,0.3489
7MMH_ZJY,0,20,9,57,9.7229,140.892,170.310,10.4547,1.4882,5.242,0.3333
7MMH_ZJY,0,21,9,57,9.8615,141.335,164.370,10.6447,1.5043,5.248,0.3231
7MMH_ZJY,0,22,9,57,9.9964,141.998,166.836,10.8306,1.5551,5.366,0.3096
7MMH_ZJY,0,23,9,57,10.1243,143.009,172.191,11.0093,1.6270,5.248,0.2882
7MMH_ZJY,0,24,9,57,10.2471,144.178,177.718,11.1785,1.7229,0.000,0.0000
7MRH_ZMJ,0,0,4,24,7.7430,168.561,175.884,6.3281,4.2118,0.633,0.2264
7MRH_ZMJ,0,1,4,24,7.5690,168.853,176.285,6.1163,4.0924,0.594,0.2155
7MRH_ZMJ,0,2,4,24,7.4011,169.069,176.648,5.9181,3.9660,0.640,0.2202
7MRH_ZMJ,0,3,4,24,7.2324,169.222,176.788,5.7154,3.8448,0.754,0.2247
7MRH_ZMJ,0,4,4,24,7.0653,169.271,176.617,5.5095,3.7285,0.900,0.2069
7MRH_ZMJ,0,5,4,24,6.9159,169.437,176.670,5.3234,3.6089,1.236,0.1867
7MRH_ZMJ,0,6,4,24,6.8004,169.893,177.452,5.1630,3.5066,1.545,0.1668
7MRH_ZMJ,0,7,4,24,6.7154,170.595,178.784,5.0330,3.4167,1.892,0.1611
7MRH_ZMJ,0,8,4,24,6.6735,171.041,179.165,4.9425,3.3478,1.972,0.1678
7MRH_ZMJ,0,9,4,24,6.6496,170.571,176.896,4.8574,3.3024,2.089,0.1830
7MRH_ZMJ,0,10,4,24,6.6581,169.795,174.101,4.8024,3.2727,2.005,0.1737
7MRH_ZMJ,0,11,4,24,6.6626,169.124,173.240,4.7490,3.2322,1.993,0.1745
7MRH_ZMJ,0,12,4,24,6.6769,168.485,173.347,4.7049,3.1941,2.012,0.1789
7MRH_ZMJ,0,13,4,24,6.7053,167.890,173.472,4.6681,3.1624,2.100,0.1789
7MRH_ZMJ,0,14,4,24,6.7374,167.495,173.662,4.6292,3.1351,2.104,0.1817
7MRH_ZMJ,0,15,4,24,6.7759,167.321,173.874,4.5943,3.1139,2.216,0.1894
7MRH_ZMJ,0,16,4,24,6.8313,167.020,173.923,4.5644,3.1132,2.467,0.1889
7MRH_ZMJ,0,17,4,24,6.8857,166.783,173.698,4.5329,3.1199,2.817,0.2038
7MRH_ZMJ,0,18,4,24,6.9501,166.673,173.373,4.4998,3.1421,3.027,0.2043
7MRH_ZMJ,0,19,4,24,7.0211,166.426,172.631,4.4657,3.1813,3.197,0.2096
7MRH_ZMJ,0,20,4,24,7.1012,166.223,171.727,4.4282,3.2431,2.638,0.2124
7MRH_ZMJ,0,21,4,24,7.1887,166.279,170.622,4.3906,3.3186,2.523,0.2100
7MRH_ZMJ,0,22,4,24,7.2787,166.441,170.007,4.3472,3.4069,2.787,0.2033
7MRH_ZMJ,0,23,4,24,7.3816,166.632,171.762,4.3044,3.5167,3.607,0.1918
7MRH_ZMJ,0,24,4,24,7.4941,167.116,173.930,4.2771,3.6376,0.000,0.0000
7MS7_ZQ1,0,0,6,29,9.5316,133.751,179.132,8.3828,6.8123,0.376,0.2843
7MS7_ZQ1,0,1,6,29,9.2760,133.649,179.109,8.1312,6.5886,0.416,0.2834
7MS7_ZQ1,0,2,6,29,9.0245,133.545,179.268,7.8842,6.3609,0.509,0.2809
7MS7_ZQ1,0,3,6,29,8.7771,133.405,179.281,7.6393,6.1353,0.706,0.2880
7MS7_ZQ1,0,4,6,29,8.5232,133.245,179.162,7.3875,5.9012,0.901,0.2922
7MS7_ZQ1,0,5,6,29,8.2648,132.941,178.938,7.1329,5.6636,1.176,0.2929
7MS7_ZQ1,0,6,6,29,8.0030,132.377,178.582,6.8765,5.4290,1.419,0.2938
7MS7_ZQ1,0,7,6,29,7.7409,131.680,178.426,6.6192,5.2017,1.799,0.3015
7MS7_ZQ1,0,8,6,29,7.4675,130.693,178.368,6.3561,4.9787,2.072,0.3074
7MS7_ZQ1,0,9,6,29,7.1874,129.556,178.454,6.0894,4.7527,2.435,0.3118
7MS7_ZQ1,0,10,6,29,6.9069,128.258,178.845,5.8252,4.5364,2.704,0.3193
7MS7_ZQ1,0,11,6,29,6.6225,126.888,179.875,5.5595,4.3194,3.147,0.3183
7MS7_ZQ1,0,12,6,29,6.3380,124.927,179.125,5.2975,4.1103,3.412,0.3202
7MS7_ZQ1,0,13,6,29,6.0575,122.673,177.540,5.0431,3.9039,3.672,0.3220
7MS7_ZQ1,0,14,6,29,5.7765,120.261,175.588,4.7911,3.6968,3.775,0.3132
7MS7_ZQ1,0,15,6,29,5.5141,117.847,173.788,4.5602,3.5038,3.853,0.3103
7MS7_ZQ1,0,16,6,29,5.2674,115.423,172.002,4.3466,3.3161,4.057,0.3103
7MS7_ZQ1,0,17,6,29,5.0269,112.952,170.290,4.1424,3.1286,4.200,0.3052
7MS7_ZQ1,0,18,6,29,4.7991,110.483,168.745,3.9539,2.9458,4.357,0.3056
7MS7_ZQ1,0,19,6,29,4.5876,108.326,167.242,3.7829,2.7703,4.450,0.3111
7MS7_ZQ1,0,20,6,29,4.3887,106.238,165.931,3.6264,2.5933,4.574,0.2993
7MS7_ZQ1,0,21,6,29,4.2196,104.146,164.539,3.4956,2.4290,4.726,0.2986
7MS7_ZQ1,0,22,6,29,4.0773,101.992,163.184,3.3875,2.2726,4.754,0.2962
7MS7_ZQ1,0,23,6,29,3.9678,99.632,161.877,3.3031,2.1282,4.446,0.2879
7MS7_ZQ1,0,24,6,29,3.8971,97.329,160.344,3.2401,2.0002,0.000,0.0000
7MYU_ZR7,0,0,6,35,7.9967,119.060,170.849,7.5012,5.0808,0.350,0.2138
7MYU_ZR7,0,1,6,35,7.8406,119.090,170.662,7.3476,4.8947,0.366,0.2053
7MYU_ZR7,0,2,6,35,7.6958,119.116,170.399,7.2047,4.7168,0.431,0.2044
7MYU_ZR7,0,3,6,35,7.5489,119.126,170.207,7.0629,4.5383,0.620,0.2032
7MYU_ZR7,0,4,6,35,7.4022,119.105,170.219,6.9240,4.3599,1.030,0.2088
7MYU_ZR7,0,5,6,35,7.2615,118.958,170.205,6.7955,4.1786,1.481,0.2177
7MYU_ZR7,0,6,6,35,7.1247,118.725,170.238,6.6763,3.9945,1.777,0.2232
7MYU_ZR7,0,7,6,35,6.9995,118.503,170.307,6.5703,3.8120,2.148,0.2374
7MYU_ZR7,0,8,6,35,6.8961,118.403,170.313,6.4912,3.6316,2.145,0.2451
7MYU_ZR7,0,9,6,35,6.8054,118.433,170.459,6.4298,3.4445,2.297,0.2577
7MYU_ZR7,0,10,6,35,6.7339,118.666,170.712,6.3926,3.2555,2.351,0.2563
7MYU_ZR7,0,11,6,35,6.6697,118.997,170.940,6.3622,3.0652,2.417,0.2532
7MYU_ZR7,0,12,6,35,6.6159,119.431,171.449,6.3400,2.8755,2.462,0.2443
7MYU_ZR7,0,13,6,35,6.5712,119.918,172.092,6.3237,2.6925,2.506,0.2413
7MYU_ZR7,0,14,6,35,6.5336,120.415,172.910,6.3102,2.5121,2.490,0.2326
7MYU_ZR7,0,15,6,35,6.5022,120.858,174.049,6.2978,2.3384,2.670,0.2301
7MYU_ZR7,0,16,6,35,6.4832,121.247,175.595,6.2953,2.1749,2.746,0.2213
7MYU_ZR7,0,17,6,35,6.4704,121.576,177.399,6.2964,2.0219,2.785,0.2184
7MYU_ZR7,0,18,6,35,6.4706,121.918,179.655,6.3097,1.8744,2.866,0.2087
7MYU_ZR7,0,19,6,35,6.4774,121.260,177.485,6.3269,1.7479,3.020,0.2013
7MYU_ZR7,0,20,6,35,6.4945,120.248,174.626,6.3559,1.6361,3.295,0.1972
7MYU_ZR7,0,21,6,35,6.5261,118.977,170.954,6.4015,1.5498,4.011,0.2047
7MYU_ZR7,0,22,6,35,6.5759,117.555,166.091,6.4705,1.4835,4.817,0.2285
7MYU_ZR7,0,23,6,35,6.6555,115.457,160.359,6.5835,1.4446,5.295,0.2687
7MYU_ZR7,0,24,6,35,6.7636,113.094,154.538,6.7359,1.4385,0.000,0.0000
7N7H_CTP,0,0,5,29,7.2739,96.641,147.063,6.0826,3.3558,0.352,0.1999
7N7H_CTP,0,1,5,29,7.1166,96.461,146.923,5.9294,3.2367,0.343,0.1896
7N7H_CTP,0,2,5,29,6.9678,96.254,146.687,5.7854,3.1254,0.486,0.1872
7N7H_CTP,0,3,5,29,6.8178,95.948,146.332,5.6425,3.0157,0.708,0.1843
7N7H_CTP,0,4,5,29,6.6624,95.490,145.970,5.4960,2.9087,1.015,0.1848
7N7H_CTP,0,5,5,29,6.4939,94.797,145.544,5.3411,2.7983,1.359,0.1886
7N7H_CTP,0,6,5,29,6.3136,93.843,144.931,5.1779,2.6833,1.556,0.1881
7N7H_CTP,0,7,5,29,6.1288,92.772,144.318,5.0129,2.5655,1.913,0.1981
7N7H_CTP,0,8,5,29,5.9215,91.504,143.613,4.8378,2.4293,2.010,0.2033
7N7H_CTP,0,9,5,29,5.7022,90.161,142.937,4.6507,2.2953,2.187,0.2111
7N7H_CTP,0,10,5,29,5.4714,88.813,142.282,4.4577,2.1536,2.235,0.2220
7N7H_CTP,0,11,5,29,5.2222,87.402,141.684,4.2511,2.0023,2.315,0.2278
7N7H_CTP,0,12,5,29,4.9664,85.987,141.058,4.0377,1.8503,2.285,0.2418
7N7H_CTP,0,13,5,29,4.6954,84.610,140.473,3.8096,1.6959,2.406,0.2512
7N7H_CTP,0,14,5,29,4.4164,83.186,140.014,3.5747,1.5404,2.482,0.2643
7N7H_CTP,0,15,5,29,4.1318,81.861,139.457,3.3285,1.3975,2.617,0.2821
7N7H_CTP,0,16,5,29,3.8416,80.469,138.585,3.0672,1.2783,2.930,0.2923
7N7H_CTP,0,17,5,29,3.5489,78.950,137.643,2.8010,1.1643,3.078,0.2963
7N7H_CTP,0,18,5,29,3.2624,77.423,136.848,2.5368,1.0601,3.261,0.3005
7N7H_CTP,0,19,5,29,2.9815,75.863,136.314,2.2775,0.9660,3.241,0.2941
7N7H_CTP,0,20,5,29,2.7160,74.545,136.180,2.0303,0.8721,3.082,0.2812
7N7H_CTP,0,21,5,29,2.4814,73.497,136.271,1.8118,0.8028,3.223,0.2771
7N7H_CTP,0,22,5,29,2.2807,72.702,136.789,1.6243,0.7605,3.267,0.2598
7N7H_CTP,0,23,5,29,2.1308,72.404,137.818,1.4806,0.7439,3.598,0.2497
7N7H_CTP,0,24,5,29,2.0397,72.514,138.927,1.3897,0.7493,0.000,0.0000
7NA4_1I9,0,0,7,38,7.1120,92.073,151.062,6.9410,3.0594,0.567,0.2338
7NA4_1I9,0,1,7,38,6.9770,92.446,151.385,6.7912,2.8813,0.538,0.2235
7NA4_1I9,0,2,7,38,6.8510,92.789,151.715,6.6497,2.7148,0.663,0.2191
7NA4_1I9,0,3,7,38,6.7399,93.230,152.302,6.5248,2.5452,0.882,0.2218
7NA4_1I9,0,4,7,38,6.6466,93.799,153.204,6.4192,2.3666,1.091,0.2195
7NA4_1I9,0,5,7,38,6.5753,94.486,154.528,6.3380,2.1833,1.262,0.2217
7NA4_1I9,0,6,7,38,6.5266,95.247,156.316,6.2812,1.9945,1.408,0.2150
7NA4_1I9,0,7,7,38,6.4923,96.095,158.275,6.2361,1.8179,1.624,0.2198
7NA4_1I9,0,8,7,38,6.4813,97.027,160.572,6.2154,1.6399,1.863,0.2184
7NA4_1I9,0,9,7,38,6.4830,97.985,163.165,6.2043,1.4724,2.206,0.2214
7NA4_1I9,0,10,7,38,6.5020,98.992,165.982,6.2072,1.3133,2.407,0.2215
7NA4_1I9,0,11,7,38,6.5297,99.985,169.008,6.2139,1.1833,2.561,0.2197
7NA4_1I9,0,12,7,38,6.5685,101.004,172.260,6.2275,1.0858,2.912,0.2158
7NA4_1I9,0,13,7,38,6.6212,102.081,175.680,6.2523,1.0255,3.126,0.2173
7NA4_1I9,0,14,7,38,6.6839,103.285,179.347,6.2824,1.0150,3.101,0.2101
7NA4_1I9,0,15,7,38,6.7551,103.575,176.834,6.3172,1.0504,3.108,0.2089
7NA4_1I9,0,16,7,38,6.8371,103.698,172.953,6.3588,1.1265,3.133,0.2079
7NA4_1I9,0,17,7,38,6.9284,103.881,169.205,6.4078,1.2316,3.266,0.2068
7NA4_1I9,0,18,7,38,7.0269,104.263,165.526,6.4599,1.3641,3.390,0.2014
7NA4_1I9,0,19,7,38,7.1268,104.804,161.632,6.5091,1.5063,3.607,0.2039
7NA4_1I9,0,20,7,38,7.2334,105.557,157.659,6.5591,1.6637,3.488,0.1991
7NA4_1I9,0,21,7,38,7.3440,106.501,154.065,6.6110,1.8223,3.617,0.2055
7NA4_1I9,0,22,7,38,7.4636,107.612,150.330,6.6710,1.9910,3.781,0.2148
7NA4_1I9,0,23,7,38,7.5787,109.061,146.486,6.7253,2.1591,3.933,0.2278
7NA4_1I9,0,24,7,38,7.6926,110.856,142.654,6.7811,2.3296,0.000,0.0000
7NF3_4LU,0,0,5,36,5.9586,131.451,179.822,4.3183,0.9929,0.346,0.1754
7NF3_4LU,0,1,5,36,5.8903,131.388,179.634,4.1830,0.9610,0.329,0.1697
7NF3_4LU,0,2,5,36,5.8256,131.231,179.199,4.0596,0.9322,0.508,0.1687
7NF3_4LU,0,3,5,36,5.7530,130.979,178.608,3.9394,0.9022,0.757,0.1747
7NF3_4LU,0,4,5,36,5.6638,130.563,177.730,3.8132,0.8678,1.099,0.1856
7NF3_4LU,0,5,5,36,5.5503,130.010,176.879,3.6711,0.8234,1.534,0.2050
7NF3_4LU,0,6,5,36,5.4144,129.254,175.873,3.5099,0.7659,1.678,0.2125
7NF3_4LU,0,7,5,36,5.2722,128.480,174.932,3.3405,0.7051,1.986,0.2343
7NF3_4LU,0,8,5,36,5.1148,127.571,174.021,3.1537,0.6337,2.028,0.2322
7NF3_4LU,0,9,5,36,4.9704,126.670,172.973,2.9702,0.5710,2.278,0.2398
7NF3_4LU,0,10,5,36,4.8304,125.800,171.760,2.7786,0.5056,2.585,0.2369
7NF3_4LU,0,11,5,36,4.7029,124.903,169.988,2.5874,0.4434,2.834,0.2349
7NF3_4LU,0,12,5,36,4.5962,124.142,167.840,2.4021,0.3932,3.140,0.2271
7NF3_4LU,0,13,5,36,4.5163,123.657,165.311,2.2228,0.3488,3.282,0.2245
7NF3_4LU,0,14,5,36,4.4621,123.526,162.740,2.0483,0.3196,3.605,0.2128
7NF3_4LU,0,15,5,36,4.4354,123.679,159.891,1.8915,0.3129,3.970,0.2152
7NF3_4LU,0,16,5,36,4.4213,123.954,156.687,1.7417,0.3331,4.204,0.2129
7NF3_4LU,0,17,5,36,4.4211,124.222,153.047,1.6071,0.3785,4.180,0.2118
7NF3_4LU,0,18,5,36,4.4314,124.588,149.573,1.4988,0.4467,4.156,0.2061
7NF3_4LU,0,19,5,36,4.4528,125.027,146.046,1.4140,0.5354,3.971,0.1996
7NF3_4LU,0,20,5,36,4.4813,125.427,141.905,1.3574,0.6336,3.866,0.1945
7NF3_4LU,0,21,5,36,4.5158,125.689,137.362,1.3336,0.7375,3.926,0.1871
7NF3_4LU,0,22,5,36,4.5552,125.818,137.731,1.3390,0.8551,3.677,0.1816
7NF3_4LU,0,23,5,36,4.5964,125.753,139.448,1.3813,0.9761,3.908,0.1823
7NF3_4LU,0,24,5,36,4.6400,125.750,140.296,1.4429,1.1104,0.000,0.0000
7NFB_GEN,0,0,2,20,7.0597,147.799,174.970,6.5961,0.2552,0.643,0.1727
7NFB_GEN,0,1,2,20,6.9364,148.043,174.982,6.4465,0.2120,0.610,0.1614
7NFB_GEN,0,2,2,20,6.8235,148.255,174.925,6.3087,0.1769,0.685,0.1641
7NFB_GEN,0,3,2,20,6.7112,148.514,174.912,6.1701,0.1522,0.964,0.1660
7NFB_GEN,0,4,2,20,6.6034,148.881,174.889,6.0341,0.1431,1.340,0.1633
7NFB_GEN,0,5,2,20,6.5074,149.394,174.830,5.9088,0.1481,1.813,0.1545
7NFB_GEN,0,6,2,20,6.4327,150.075,174.756,5.8043,0.1549,2.285,0.1469
7NFB_GEN,0,7,2,20,6.3770,150.892,174.700,5.7182,0.1619,3.017,0.1419
7NFB_GEN,0,8,2,20,6.3536,151.903,174.535,5.6658,0.1697,3.365,0.1377
7NFB_GEN,0,9,2,20,6.3436,153.149,174.510,5.6279,0.1756,3.779,0.1380
7NFB_GEN,0,10,2,20,6.3555,154.552,174.724,5.6133,0.1772,4.256,0.1426
7NFB_GEN,0,11,2,20,6.3770,156.183,174.855,5.6080,0.1763,4.661,0.1365
7NFB_GEN,0,12,2,20,6.4076,158.011,175.337,5.6110,0.1763,4.847,0.1364
7NFB_GEN,0,13,2,20,6.4467,159.877,175.943,5.6254,0.1769,5.102,0.1345
7NFB_GEN,0,14,2,20,6.4899,161.757,176.634,5.6433,0.1813,5.260,0.1268
7NFB_GEN,0,15,2,20,6.5352,163.840,177.531,5.6651,0.1892,5.145,0.1163
7NFB_GEN,0,16,2,20,6.5822,165.773,178.514,5.6913,0.1969,5.222,0.1120
7NFB_GEN,0,17,2,20,6.6299,167.659,179.554,5.7185,0.2063,5.445,0.1085
7NFB_GEN,0,18,2,20,6.6791,168.914,179.293,5.7487,0.2186,5.546,0.1032
7NFB_GEN,0,19,2,20,6.7245,169.621,178.186,5.7764,0.2268,5.503,0.0961
7NFB_GEN,0,20,2,20,6.7717,170.234,177.052,5.8092,0.2390,5.459,0.0952
7NFB_GEN,0,21,2,20,6.8184,170.945,175.915,5.8454,0.2411,5.259,0.0936
7NFB_GEN,0,22,2,20,6.8635,171.686,174.786,5.8838,0.2530,5.147,0.0863
7NFB_GEN,0,23,2,20,6.9047,172.918,173.899,5.9231,0.2600,4.857,0.0754
7NFB_GEN,0,24,2,20,6.9379,174.824,175.805,5.9568,0.2705,0.000,0.0000
7NLK_UHK,0,0,3,16,7.0070,101.394,122.068,6.0671,3.9385,0.376,0.2318
7NLK_UHK,0,1,3,16,6.8161,101.455,121.932,5.8659,3.7837,0.360,0.2200
7NLK_UHK,0,2,3,16,6.6373,101.508,121.790,5.6780,3.6385,0.522,0.2146
7NLK_UHK,0,3,3,16,6.4663,101.603,121.616,5.4974,3.4990,0.690,0.2048
7NLK_UHK,0,4,3,16,6.3060,101.765,121.400,5.3268,3.3682,0.943,0.1971
7NLK_UHK,0,5,3,16,6.1530,101.956,121.115,5.1619,3.2490,1.324,0.1962
7NLK_UHK,0,6,3,16,6.0089,102.199,120.706,5.0044,3.1306,1.677,0.1931
7NLK_UHK,0,7,3,16,5.8771,102.578,120.265,4.8622,3.0074,2.462,0.1870
7NLK_UHK,0,8,3,16,5.7641,103.170,119.794,4.7388,2.8900,2.684,0.1826
7NLK_UHK,0,9,3,16,5.6619,103.889,119.327,4.6229,2.7844,3.294,0.1785
7NLK_UHK,0,10,3,16,5.5625,104.799,118.916,4.5165,2.6772,3.634,0.1713
7NLK_UHK,0,11,3,16,5.4757,105.869,118.526,4.4212,2.5801,4.015,0.1681
7NLK_UHK,0,12,3,16,5.4072,107.220,120.263,4.3453,2.4879,4.567,0.1620
7NLK_UHK,0,13,3,16,5.3601,108.732,122.240,4.2927,2.4014,4.728,0.1609
7NLK_UHK,0,14,3,16,5.3267,110.379,124.224,4.2537,2.3234,4.572,0.1524
7NLK_UHK,0,15,3,16,5.3026,111.834,126.116,4.2280,2.2481,4.471,0.1520
7NLK_UHK,0,16,3,16,5.2785,113.213,127.842,4.2103,2.1661,4.336,0.1421
7NLK_UHK,0,17,3,16,5.2558,114.497,129.598,4.1943,2.0921,4.034,0.1355
7NLK_UHK,0,18,3,16,5.2369,115.710,131.711,4.1827,2.0302,3.691,0.1290
7NLK_UHK,0,19,3,16,5.2289,117.024,133.945,4.1809,1.9797,3.569,0.1215
7NLK_UHK,0,20,3,16,5.2248,118.246,136.336,4.1842,1.9369,2.935,0.1029
7NLK_UHK,0,21,3,16,5.2285,119.381,138.813,4.1922,1.9056,2.797,0.0920
7NLK_UHK,0,22,3,16,5.2379,120.506,141.601,4.1989,1.8877,2.300,0.0870
7NLK_UHK,0,23,3,16,5.2449,121.643,144.575,4.1985,1.8795,1.878,0.0887
7NLK_UHK,0,24,3,16,5.2723,122.630,147.454,4.2191,1.8899,0.000,0.0000
7NLV_UJE,0,0,4,21,6.9614,151.356,174.154,6.7370,3.0693,0.787,0.2458
7NLV_UJE,0,1,4,21,6.7801,151.066,173.574,6.5167,2.9285,0.792,0.2392
7NLV_UJE,0,2,4,21,6.6054,150.713,172.866,6.3040,2.7897,0.954,0.2413
7NLV_UJE,0,3,4,21,6.4196,150.272,172.008,6.0820,2.6552,1.281,0.2538
7NLV_UJE,0,4,4,21,6.2111,149.633,170.794,5.8388,2.5284,1.593,0.2542
7NLV_UJE,0,5,4,21,5.9985,148.917,169.402,5.5938,2.4128,1.855,0.2685
7NLV_UJE,0,6,4,21,5.7699,148.164,168.093,5.3316,2.2947,1.881,0.2677
7NLV_UJE,0,7,4,21,5.5424,147.314,166.901,5.0705,2.1736,2.008,0.2643
7NLV_UJE,0,8,4,21,5.3162,146.373,165.648,4.8118,2.0602,2.043,0.2617
7NLV_UJE,0,9,4,21,5.0942,145.460,164.632,4.5568,1.9408,2.106,0.2579
7NLV_UJE,0,10,4,21,4.8773,144.638,163.625,4.3074,1.8226,2.391,0.2551
7NLV_UJE,0,11,4,21,4.6623,143.645,162.533,4.0612,1.7117,2.327,0.2546
7NLV_UJE,0,12,4,21,4.4511,142.615,161.653,3.8174,1.5982,2.371,0.2579
7NLV_UJE,0,13,4,21,4.2417,141.730,160.762,3.5721,1.4798,2.468,0.2521
7NLV_UJE,0,14,4,21,4.0415,140.884,159.543,3.3376,1.3639,2.588,0.2522
7NLV_UJE,0,15,4,21,3.8486,139.996,158.213,3.1067,1.2487,2.788,0.2492
7NLV_UJE,0,16,4,21,3.6610,139.030,156.506,2.8781,1.1309,2.819,0.2490
7NLV_UJE,0,17,4,21,3.4835,138.153,154.546,2.6534,1.0119,2.903,0.2482
7NLV_UJE,0,18,4,21,3.3141,137.131,152.373,2.4350,0.8994,2.754,0.2444
7NLV_UJE,0,19,4,21,3.1597,136.100,149.961,2.2248,0.7969,2.755,0.2461
7NLV_UJE,0,20,4,21,3.0174,135.058,147.800,2.0199,0.6977,2.664,0.2396
7NLV_UJE,0,21,4,21,2.8986,134.238,145.998,1.8369,0.6106,2.798,0.2405
7NLV_UJE,0,22,4,21,2.8003,133.477,144.567,1.6746,0.5382,2.958,0.2415
7NLV_UJE,0,23,4,21,2.7250,132.657,143.973,1.5436,0.4812,3.120,0.2385
7NLV_UJE,0,24,4,21,2.6765,131.777,143.744,1.4515,0.4569,0.000,0.0000
7NML_I7B,0,0,3,16,7.0004,151.143,169.591,6.4911,5.9053,0.546,0.1839
7NML_I7B,0,1,3,16,6.8366,151.072,169.707,6.3172,5.7410,0.544,0.1866
7NML_I7B,0,2,3,16,6.6728,150.965,169.836,6.1416,5.5757,0.636,0.1889
7NML_I7B,0,3,3,16,6.5059,150.771,169.836,5.9625,5.4056,0.784,0.1997
7NML_I7B,0,4,3,16,6.3331,150.472,169.619,5.7755,5.2274,1.025,0.2122
7NML_I7B,0,5,3,16,6.1494,149.974,169.115,5.5742,5.0361,1.302,0.2152
7NML_I7B,0,6,3,16,5.9667,149.386,168.455,5.3699,4.8446,1.564,0.2145
7NML_I7B,0,7,3,16,5.7884,148.716,167.612,5.1657,4.6592,1.847,0.2249
7NML_I7B,0,8,3,16,5.6030,147.808,166.466,4.9501,4.4693,2.092,0.2359
7NML_I7B,0,9,3,16,5.4122,146.757,165.121,4.7268,4.2704,2.422,0.2492
7NML_I7B,0,10,3,16,5.2158,145.408,163.461,4.4934,4.0676,2.688,0.2537
7NML_I7B,0,11,3,16,5.0243,143.910,161.406,4.2638,3.8606,3.077,0.2609
7NML_I7B,0,12,3,16,4.8362,142.263,159.128,4.0370,3.6488,3.311,0.2634
7NML_I7B,0,13,3,16,4.6541,140.531,156.938,3.8171,3.4373,3.493,0.2756
7NML_I7B,0,14,3,16,4.4701,138.789,154.675,3.5964,3.2133,3.703,0.2708
7NML_I7B,0,15,3,16,4.3004,137.149,152.467,3.3947,2.9950,3.869,0.2797
7NML_I7B,0,16,3,16,4.1382,135.580,150.209,3.2052,2.7757,4.093,0.2707
7NML_I7B,0,17,3,16,3.9946,134.050,147.832,3.0449,2.5700,4.257,0.2807
7NML_I7B,0,18,3,16,3.8579,132.455,144.814,2.9101,2.3607,4.286,0.2701
7NML_I7B,0,19,3,16,3.7418,130.956,145.748,2.8134,2.1626,4.160,0.2701
7NML_I7B,0,20,3,16,3.6426,129.660,148.236,2.7514,1.9674,3.832,0.2611
7NML_I7B,0,21,3,16,3.5674,128.562,150.820,2.7256,1.7823,3.295,0.2451
7NML_I7B,0,22,3,16,3.5137,127.683,153.315,2.7247,1.6081,2.748,0.2146
7NML_I7B,0,23,3,16,3.4986,127.182,155.756,2.7612,1.4683,2.104,0.1982
7NML_I7B,0,24,3,16,3.5150,127.296,157.862,2.8228,1.3468,0.000,0.0000
7NPL_UKZ,0,0,5,27,7.4855,106.705,152.873,6.3102,2.8452,0.412,0.1999
7NPL_UKZ,0,1,5,27,7.3245,106.787,152.926,6.1383,2.7569,0.375,0.1917
7NPL_UKZ,0,2,5,27,7.1759,106.836,152.958,5.9780,2.6736,0.510,0.1955
7NPL_UKZ,0,3,5,27,7.0365,106.964,152.990,5.8217,2.5897,0.705,0.2006
7NPL_UKZ,0,4,5,27,6.9067,107.211,153.031,5.6703,2.5028,0.997,0.2021
7NPL_UKZ,0,5,5,27,6.7945,107.674,153.037,5.5306,2.4184,1.268,0.2090
7NPL_UKZ,0,6,5,27,6.6988,108.288,152.915,5.3983,2.3363,1.436,0.2010
7NPL_UKZ,0,7,5,27,6.6246,108.984,152.712,5.2825,2.2597,1.803,0.2099
7NPL_UKZ,0,8,5,27,6.5759,109.913,152.343,5.1862,2.1756,1.968,0.2084
7NPL_UKZ,0,9,5,27,6.5349,111.085,152.127,5.0960,2.0963,2.310,0.2153
7NPL_UKZ,0,10,5,27,6.5126,112.530,151.980,5.0238,2.0123,2.522,0.2172
7NPL_UKZ,0,11,5,27,6.5005,114.095,151.850,4.9614,1.9176,2.832,0.2124
7NPL_UKZ,0,12,5,27,6.5007,115.977,151.525,4.9104,1.8277,3.038,0.2119
7NPL_UKZ,0,13,5,27,6.5146,118.052,151.276,4.8764,1.7330,3.061,0.2150
7NPL_UKZ,0,14,5,27,6.5433,120.184,150.895,4.8589,1.6345,3.222,0.2060
7NPL_UKZ,0,15,5,27,6.5784,122.582,150.429,4.8499,1.5452,3.390,0.1987
7NPL_UKZ,0,16,5,27,6.6314,125.103,149.883,4.8620,1.4595,3.690,0.1866
7NPL_UKZ,0,17,5,27,6.6888,127.806,150.812,4.8827,1.3730,4.017,0.1765
7NPL_UKZ,0,18,5,27,6.7504,130.828,154.420,4.9062,1.2954,4.229,0.1713
7NPL_UKZ,0,19,5,27,6.8176,133.968,157.780,4.9361,1.2165,4.487,0.1648
7NPL_UKZ,0,20,5,27,6.8890,137.310,160.522,4.9738,1.1470,4.488,0.1599
7NPL_UKZ,0,21,5,27,6.9634,140.838,162.978,5.0191,1.0814,4.366,0.1607
7NPL_UKZ,0,22,5,27,7.0491,144.405,165.189,5.0882,1.0187,4.487,0.1764
7NPL_UKZ,0,23,5,27,7.1415,148.115,167.079,5.1782,0.9567,4.214,0.1854
7NPL_UKZ,0,24,5,27,7.2448,151.520,168.938,5.3037,0.8938,0.000,0.0000
7NR6_UO8,0,0,2,17,5.0659,162.502,171.689,4.1536,2.3762,0.296,0.1328
7NR6_UO8,0,1,2,17,4.9683,162.481,171.607,4.0318,2.2812,0.286,0.1253
7NR6_UO8,0,2,2,17,4.8780,162.501,171.640,3.9193,2.1925,0.282,0.1215
7NR6_UO8,0,3,2,17,4.7907,162.533,171.635,3.8089,2.1070,0.303,0.1164
7NR6_UO8,0,4,2,17,4.7074,162.581,171.587,3.7000,2.0286,0.330,0.1149
7NR6_UO8,0,5,2,17,4.6261,162.609,171.491,3.5931,1.9519,0.369,0.1161
7NR6_UO8,0,6,2,17,4.5452,162.609,171.258,3.4849,1.8742,0.450,0.1190
7NR6_UO8,0,7,2,17,4.4634,162.545,170.833,3.3739,1.7950,0.577,0.1150
7NR6_UO8,0,8,2,17,4.3872,162.537,170.380,3.2684,1.7180,0.733,0.1126
7NR6_UO8,0,9,2,17,4.3152,162.493,169.808,3.1650,1.6483,0.963,0.1097
7NR6_UO8,0,10,2,17,4.2491,162.477,169.124,3.0656,1.5794,1.166,0.1054
7NR6_UO8,0,11,2,17,4.1880,162.475,168.348,2.9704,1.5174,1.366,0.1111
7NR6_UO8,0,12,2,17,4.1239,162.336,167.295,2.8678,1.4597,1.672,0.1040
7NR6_UO8,0,13,2,17,4.0664,162.229,166.060,2.7716,1.4032,1.893,0.1025
7NR6_UO8,0,14,2,17,4.0137,161.996,164.602,2.6781,1.3527,2.012,0.1165
7NR6_UO8,0,15,2,17,3.9507,161.396,162.606,2.5680,1.3025,2.280,0.1406
7NR6_UO8,0,16,2,17,3.8714,160.376,161.062,2.4317,1.2554,2.688,0.1711
7NR6_UO8,0,17,2,17,3.7772,158.728,161.873,2.2671,1.2172,3.221,0.1988
7NR6_UO8,0,18,2,17,3.6702,156.400,162.622,2.0804,1.1765,3.915,0.2180
7NR6_UO8,0,19,2,17,3.5578,153.380,163.320,1.8853,1.1453,4.483,0.2341
7NR6_UO8,0,20,2,17,3.4422,149.660,163.727,1.7071,1.1143,5.013,0.2388
7NR6_UO8,0,21,2,17,3.3353,145.308,163.964,1.5900,1.0888,4.826,0.2197
7NR6_UO8,0,22,2,17,3.2466,141.135,164.045,1.5202,1.0584,4.747,0.2409
7NR6_UO8,0,23,2,17,3.1630,136.746,163.928,1.4557,1.0286,4.807,0.2576
7NR6_UO8,0,24,2,17,3.0860,132.103,163.566,1.3857,0.9902,0.000,0.0000
7NR8_UOE,0,0,8,45,8.9614,149.466,172.460,7.8696,2.3391,0.623,0.1959
7NR8_UOE,0,1,8,45,8.8099,149.330,172.531,7.7331,2.2337,0.690,0.1907
7NR8_UOE,0,2,8,45,8.6608,149.145,172.576,7.5980,2.1280,0.891,0.1860
7NR8_UOE,0,3,8,45,8.5151,148.903,172.707,7.4655,2.0323,1.302,0.1821
7NR8_UOE,0,4,8,45,8.3756,148.673,173.151,7.3412,1.9396,1.624,0.1820
7NR8_UOE,0,5,8,45,8.2438,148.495,173.932,7.2237,1.8354,1.960,0.1900
7NR8_UOE,0,6,8,45,8.1090,148.379,174.890,7.1008,1.7262,2.301,0.1948
7NR8_UOE,0,7,8,45,7.9718,148.208,176.132,6.9724,1.6300,2.767,0.1983
7NR8_UOE,0,8,8,45,7.8463,148.020,177.578,6.8549,1.5237,2.992,0.2030
7NR8_UOE,0,9,8,45,7.7256,147.879,179.311,6.7401,1.4176,3.295,0.1960
7NR8_UOE,0,10,8,45,7.6318,147.732,178.839,6.6532,1.3121,3.451,0.2050
7NR8_UOE,0,11,8,45,7.5440,147.563,177.040,6.5758,1.1926,3.634,0.2063
7NR8_UOE,0,12,8,45,7.4756,147.686,176.931,6.5158,1.0733,3.870,0.2074
7NR8_UOE,0,13,8,45,7.4349,148.094,179.817,6.4799,0.9531,3.698,0.2108
7NR8_UOE,0,14,8,45,7.4318,147.787,176.965,6.4762,0.8343,3.740,0.2139
7NR8_UOE,0,15,8,45,7.4503,147.476,175.673,6.4925,0.7163,3.763,0.2193
7NR8_UOE,0,16,8,45,7.4943,147.371,177.914,6.5286,0.6019,3.981,0.2119
7NR8_UOE,0,17,8,45,7.5420,147.000,179.823,6.5729,0.4956,4.067,0.2113
7NR8_UOE,0,18,8,45,7.5897,145.365,177.849,6.6141,0.4125,4.201,0.2161
7NR8_UOE,0,19,8,45,7.6475,143.694,175.650,6.6598,0.3871,4.370,0.2243
7NR8_UOE,0,20,8,45,7.7132,142.069,173.338,6.7126,0.4050,4.404,0.2235
7NR8_UOE,0,21,8,45,7.7731,140.515,171.067,6.7624,0.4722,4.663,0.2329
7NR8_UOE,0,22,8,45,7.8367,138.905,168.636,6.8182,0.5702,4.800,0.2524
7NR8_UOE,0,23,8,45,7.8959,137.252,166.216,6.8726,0.6947,4.884,0.2794
7NR8_UOE,0,24,8,45,7.9610,135.303,163.617,6.9346,0.8255,0.000,0.0000
7NTG_F6R,0,0,5,16,4.3114,141.291,178.508,3.4820,1.7088,0.265,0.0972
7NTG_F6R,0,1,5,16,4.2638,141.425,178.546,3.4333,1.6748,0.250,0.0943
7NTG_F6R,0,2,5,16,4.2175,141.546,178.536,3.3860,1.6372,0.278,0.0935
7NTG_F6R,0,3,5,16,4.1719,141.669,178.556,3.3405,1.5981,0.310,0.0920
7NTG_F6R,0,4,5,16,4.1236,141.771,178.628,3.2933,1.5538,0.380,0.0943
7NTG_F6R,0,5,5,16,4.0703,141.874,178.733,3.2420,1.5016,0.550,0.0945
7NTG_F6R,0,6,5,16,4.0109,141.961,178.863,3.1827,1.4486,0.574,0.0919
7NTG_F6R,0,7,5,16,3.9514,142.021,179.006,3.1220,1.3994,0.969,0.1042
7NTG_F6R,0,8,5,16,3.8761,142.002,179.209,3.0437,1.3469,1.223,0.1090
7NTG_F6R,0,9,5,16,3.7954,141.886,179.447,2.9613,1.2934,1.647,0.1267
7NTG_F6R,0,10,5,16,3.6987,141.665,179.823,2.8643,1.2337,2.177,0.1471
7NTG_F6R,0,11,5,16,3.5891,141.135,179.766,2.7528,1.1750,2.385,0.1525
7NTG_F6R,0,12,5,16,3.4780,140.391,179.159,2.6402,1.1110,2.682,0.1596
7NTG_F6R,0,13,5,16,3.3638,139.615,178.520,2.5257,1.0442,2.667,0.1553
7NTG_F6R,0,14,5,16,3.2565,138.879,177.767,2.4181,0.9828,2.653,0.1569
7NTG_F6R,0,15,5,16,3.1522,138.172,176.860,2.3139,0.9179,2.845,0.1664
7NTG_F6R,0,16,5,16,3.0502,137.371,175.688,2.2114,0.8560,2.623,0.1651
7NTG_F6R,0,17,5,16,2.9557,136.588,174.430,2.1146,0.8020,2.427,0.1633
7NTG_F6R,0,18,5,16,2.8687,135.916,173.175,2.0234,0.7531,2.182,0.1569
7NTG_F6R,0,19,5,16,2.7938,135.357,172.035,1.9444,0.7163,2.104,0.1548
7NTG_F6R,0,20,5,16,2.7274,134.851,171.006,1.8737,0.6887,1.789,0.1411
7NTG_F6R,0,21,5,16,2.6741,134.587,170.333,1.8158,0.6700,1.573,0.1379
7NTG_F6R,0,22,5,16,2.6292,134.385,169.791,1.7679,0.6569,1.482,0.1282
7NTG_F6R,0,23,5,16,2.5916,134.266,169.494,1.7251,0.6542,1.602,0.1333
7NTG_F6R,0,24,5,16,2.5558,133.825,169.354,1.6836,0.6483,0.000,0.0000
7NU0_DCL,0,0,3,8,4.8367,163.441,163.441,4.5529,3.8041,0.304,0.2341
7NU0_DCL,0,1,3,8,4.6267,163.157,163.157,4.3292,3.5869,0.245,0.2219
7NU0_DCL,0,2,3,8,4.4322,162.938,162.938,4.1182,3.3819,0.299,0.2191
7NU0_DCL,0,3,3,8,4.2465,162.667,162.667,3.9129,3.1805,0.437,0.2152
7NU0_DCL,0,4,3,8,4.0700,162.240,162.240,3.7142,2.9829,0.691,0.2084
7NU0_DCL,0,5,3,8,3.9071,161.552,161.552,3.5279,2.7943,0.869,0.2023
7NU0_DCL,0,6,3,8,3.7584,160.686,160.686,3.3543,2.6144,0.863,0.1915
7NU0_DCL,0,7,3,8,3.6280,159.835,159.835,3.1978,2.4529,1.098,0.1889
7NU0_DCL,0,8,3,8,3.5122,158.744,158.744,3.0542,2.2985,1.247,0.1873
7NU0_DCL,0,9,3,8,3.4068,157.513,157.513,2.9182,2.1497,1.496,0.1804
7NU0_DCL,0,10,3,8,3.3258,156.033,156.033,2.8091,2.0188,1.524,0.1787
7NU0_DCL,0,11,3,8,3.2608,154.541,154.541,2.7163,1.8922,1.620,0.1806
7NU0_DCL,0,12,3,8,3.2084,152.969,152.969,2.6378,1.7707,1.930,0.1789
7NU0_DCL,0,13,3,8,3.1761,151.100,151.100,2.5865,1.6588,2.062,0.1841
7NU0_DCL,0,14,3,8,3.1618,149.170,149.170,2.5614,1.5510,2.221,0.1884
7NU0_DCL,0,15,3,8,3.1671,147.146,147.146,2.5680,1.4564,2.258,0.1780
7NU0_DCL,0,16,3,8,3.1886,145.195,145.195,2.6019,1.3691,2.384,0.1822
7NU0_DCL,0,17,3,8,3.2273,143.238,143.238,2.6629,1.2862,2.422,0.1920
7NU0_DCL,0,18,3,8,3.2838,141.270,141.270,2.7510,1.2009,2.395,0.1942
7NU0_DCL,0,19,3,8,3.3521,139.391,139.391,2.8552,1.1108,2.510,0.1951
7NU0_DCL,0,20,3,8,3.4326,137.447,137.447,2.9730,1.0115,1.686,0.2065
7NU0_DCL,0,21,3,8,3.5288,136.074,136.074,3.1058,0.8990,1.570,0.2126
7NU0_DCL,0,22,3,8,3.6435,134.719,134.719,3.2534,0.7775,1.865,0.2159
7NU0_DCL,0,23,3,8,3.7801,132.863,132.863,3.4195,0.6625,1.525,0.2262
7NU0_DCL,0,24,3,8,3.9564,131.341,131.341,3.6180,0.5636,0.000,0.0000
7NXO_UU8,0,0,5,34,8.5773,132.511,158.962,7.5157,3.1072,0.609,0.1981
7NXO_UU8,0,1,5,34,8.4492,132.559,159.437,7.3992,3.0135,0.601,0.1880
7NXO_UU8,0,2,5,34,8.3324,132.625,159.903,7.2909,2.9297,0.869,0.1875
7NXO_UU8,0,3,5,34,8.2384,132.816,160.542,7.2117,2.8393,1.251,0.1987
7NXO_UU8,0,4,5,34,8.1771,133.167,161.519,7.1713,2.7450,1.533,0.2032
7NXO_UU8,0,5,5,34,8.1462,133.635,162.738,7.1637,2.6558,1.977,0.2139
7NXO_UU8,0,6,5,34,8.1383,134.297,164.364,7.1838,2.5616,2.204,0.2100
7NXO_UU8,0,7,5,34,8.1449,134.969,166.021,7.2181,2.4686,2.466,0.2145
7NXO_UU8,0,8,5,34,8.1670,135.805,167.762,7.2694,2.3719,2.445,0.2108
7NXO_UU8,0,9,5,34,8.1914,136.692,169.727,7.3182,2.2775,2.609,0.2126
7NXO_UU8,0,10,5,34,8.2232,137.725,171.738,7.3766,2.1728,2.651,0.2196
7NXO_UU8,0,11,5,34,8.2684,138.715,173.700,7.4461,2.0663,2.848,0.2185
7NXO_UU8,0,12,5,34,8.3186,139.768,175.654,7.5195,1.9568,2.866,0.2138
7NXO_UU8,0,13,5,34,8.3653,140.979,177.540,7.5859,1.8442,3.094,0.2141
7NXO_UU8,0,14,5,34,8.4165,142.380,179.242,7.6519,1.7328,3.308,0.2119
7NXO_UU8,0,15,5,34,8.4748,143.762,179.225,7.7184,1.6284,3.598,0.2123
7NXO_UU8,0,16,5,34,8.5458,145.267,177.928,7.7915,1.5345,3.856,0.2119
7NXO_UU8,0,17,5,34,8.6199,147.055,176.674,7.8663,1.4427,3.975,0.2145
7NXO_UU8,0,18,5,34,8.6997,148.886,175.315,7.9433,1.3552,4.078,0.2134
7NXO_UU8,0,19,5,34,8.7901,150.994,174.088,8.0246,1.2823,4.261,0.2075
7NXO_UU8,0,20,5,34,8.8860,153.304,175.013,8.1061,1.2184,4.326,0.1993
7NXO_UU8,0,21,5,34,8.9868,155.756,177.433,8.1869,1.1639,4.770,0.1892
7NXO_UU8,0,22,5,34,9.0842,158.533,179.630,8.2587,1.1193,5.212,0.1786
7NXO_UU8,0,23,5,34,9.1701,160.855,178.423,8.3138,1.0825,5.855,0.1722
7NXO_UU8,0,24,5,34,9.2400,163.333,176.407,8.3521,1.0506,0.000,0.0000
7O1T_5X8,0,0,5,25,7.6273,130.588,170.800,6.4722,1.8909,0.596,0.1794
7O1T_5X8,0,1,5,25,7.4955,130.497,169.971,6.3261,1.8570,0.492,0.1696
7O1T_5X8,0,2,5,25,7.3708,130.386,169.273,6.1893,1.8226,0.595,0.1645
7O1T_5X8,0,3,5,25,7.2560,130.339,168.521,6.0595,1.7929,0.874,0.1610
7O1T_5X8,0,4,5,25,7.1579,130.332,167.609,5.9426,1.7689,1.285,0.1578
7O1T_5X8,0,5,5,25,7.0746,130.453,168.198,5.8408,1.7444,1.808,0.1539
7O1T_5X8,0,6,5,25,7.0062,130.700,169.412,5.7543,1.7211,2.117,0.1497
7O1T_5X8,0,7,5,25,6.9513,131.025,170.799,5.6824,1.6961,2.588,0.1534
7O1T_5X8,0,8,5,25,6.9116,131.452,172.519,5.6309,1.6649,2.778,0.1592
7O1T_5X8,0,9,5,25,6.8825,132.020,174.562,5.5925,1.6342,3.136,0.1682
7O1T_5X8,0,10,5,25,6.8672,132.826,177.016,5.5781,1.5877,3.383,0.1766
7O1T_5X8,0,11,5,25,6.8636,133.790,179.728,5.5789,1.5395,3.572,0.1812
7O1T_5X8,0,12,5,25,6.8664,133.538,177.202,5.5972,1.4778,3.585,0.1842
7O1T_5X8,0,13,5,25,6.8825,133.184,174.211,5.6348,1.4098,3.816,0.1886
7O1T_5X8,0,14,5,25,6.9100,132.805,170.886,5.6823,1.3454,3.872,0.1883
7O1T_5X8,0,15,5,25,6.9414,132.397,167.640,5.7310,1.2893,3.890,0.1887
7O1T_5X8,0,16,5,25,6.9821,132.114,164.494,5.7826,1.2440,3.874,0.1885
7O1T_5X8,0,17,5,25,7.0295,131.690,161.171,5.8486,1.1911,3.891,0.1882
7O1T_5X8,0,18,5,25,7.0857,131.276,157.786,5.9255,1.1382,3.692,0.1753
7O1T_5X8,0,19,5,25,7.1399,130.813,157.186,5.9979,1.0945,3.586,0.1810
7O1T_5X8,0,20,5,25,7.2075,130.147,157.278,6.0813,1.0614,3.648,0.1826
7O1T_5X8,0,21,5,25,7.2898,129.547,157.235,6.1673,1.0349,3.794,0.1805
7O1T_5X8,0,22,5,25,7.3814,128.861,156.922,6.2594,1.0160,3.958,0.1771
7O1T_5X8,0,23,5,25,7.4850,128.359,157.097,6.3606,1.0040,3.987,0.1691
7O1T_5X8,0,24,5,25,7.5918,128.145,157.668,6.4589,1.0036,0.000,0.0000
7OCB_V88,0,0,8,41,7.8400,108.152,153.681,7.6297,2.8840,0.778,0.2757
7OCB_V88,0,1,8,41,7.6622,107.822,153.735,7.4114,2.7395,0.780,0.2682
7OCB_V88,0,2,8,41,7.4961,107.472,153.754,7.2059,2.5983,0.906,0.2637
7OCB_V88,0,3,8,41,7.3413,107.073,153.925,7.0131,2.4611,1.115,0.2674
7OCB_V88,0,4,8,41,7.1929,106.693,154.341,6.8290,2.3182,1.334,0.2736
7OCB_V88,0,5,8,41,7.0584,106.355,155.064,6.6592,2.1676,1.367,0.2792
7OCB_V88,0,6,8,41,6.9484,106.052,155.781,6.5100,2.0116,1.458,0.2731
7OCB_V88,0,7,8,41,6.8681,105.809,156.888,6.3871,1.8666,1.829,0.2830
7OCB_V88,0,8,8,41,6.8142,105.693,158.626,6.2866,1.7229,2.006,0.2952
7OCB_V88,0,9,8,41,6.7842,105.726,160.750,6.2087,1.5775,2.442,0.3112
7OCB_V88,0,10,8,41,6.7832,105.900,163.285,6.1527,1.4453,2.691,0.3254
7OCB_V88,0,11,8,41,6.8099,106.164,165.879,6.1196,1.3198,2.887,0.3292
7OCB_V88,0,12,8,41,6.8560,106.491,168.848,6.1053,1.2078,3.102,0.3302
7OCB_V88,0,13,8,41,6.9239,107.012,172.245,6.1081,1.1169,3.349,0.3329
7OCB_V88,0,14,8,41,7.0052,107.619,175.909,6.1229,1.0491,3.556,0.3302
7OCB_V88,0,15,8,41,7.0986,108.300,179.994,6.1540,1.0211,3.724,0.3291
7OCB_V88,0,16,8,41,7.2062,107.291,175.512,6.2059,1.0310,3.970,0.3284
7OCB_V88,0,17,8,41,7.3197,106.057,170.198,6.2702,1.0701,4.173,0.3370
7OCB_V88,0,18,8,41,7.4444,104.690,164.127,6.3514,1.1452,4.282,0.3316
7OCB_V88,0,19,8,41,7.5770,103.354,157.938,6.4487,1.2453,4.350,0.3339
7OCB_V88,0,20,8,41,7.7169,102.059,151.428,6.5640,1.3676,4.500,0.3396
7OCB_V88,0,21,8,41,7.8650,100.860,144.714,6.6976,1.5098,4.927,0.3478
7OCB_V88,0,22,8,41,8.0243,99.783,137.634,6.8535,1.6656,5.421,0.3607
7OCB_V88,0,23,8,41,8.1876,98.817,132.301,7.0292,1.8246,6.157,0.3641
7OCB_V88,0,24,8,41,8.3628,98.141,133.746,7.2266,1.9746,0.000,0.0000
7ODX_DGP,0,0,3,23,4.6074,125.768,176.084,3.8146,1.4212,0.220,0.1303
7ODX_DGP,0,1,3,23,4.5291,125.837,176.240,3.7507,1.3778,0.178,0.1253
7ODX_DGP,0,2,3,23,4.4550,125.867,176.340,3.6890,1.3362,0.257,0.1267
7ODX_DGP,0,3,3,23,4.3835,125.937,176.496,3.6287,1.2938,0.441,0.1315
7ODX_DGP,0,4,3,23,4.3119,126.037,176.711,3.5679,1.2502,0.693,0.1377
7ODX_DGP,0,5,3,23,4.2377,126.204,177.039,3.5046,1.2010,1.055,0.1464
7ODX_DGP,0,6,3,23,4.1573,126.367,177.473,3.4341,1.1459,1.371,0.1510
7ODX_DGP,0,7,3,23,4.0721,126.475,177.981,3.3560,1.0911,2.154,0.1672
7ODX_DGP,0,8,3,23,3.9733,126.511,178.546,3.2634,1.0325,2.594,0.1801
7ODX_DGP,0,9,3,23,3.8658,126.515,179.165,3.1566,0.9780,3.330,0.1953
7ODX_DGP,0,10,3,23,3.7482,126.645,179.818,3.0366,0.9145,3.686,0.2024
7ODX_DGP,0,11,3,23,3.6380,126.501,179.490,2.9185,0.8527,3.812,0.2089
7ODX_DGP,0,12,3,23,3.5367,126.475,178.839,2.7998,0.7909,3.989,0.2121
7ODX_DGP,0,13,3,23,3.4419,126.693,178.327,2.6749,0.7264,3.911,0.2134
7ODX_DGP,0,14,3,23,3.3589,127.049,178.035,2.5503,0.6616,3.468,0.2089
7ODX_DGP,0,15,3,23,3.2939,127.337,177.821,2.4330,0.6151,3.088,0.2100
7ODX_DGP,0,16,3,23,3.2438,127.761,177.617,2.3238,0.5754,2.845,0.2076
7ODX_DGP,0,17,3,23,3.2148,128.275,177.431,2.2312,0.5571,2.811,0.2173
7ODX_DGP,0,18,3,23,3.1978,128.811,177.196,2.1461,0.5453,2.709,0.2205
7ODX_DGP,0,19,3,23,3.2017,129.364,177.145,2.0891,0.5325,2.711,0.2293
7ODX_DGP,0,20,3,23,3.2193,129.923,177.368,2.0568,0.5192,2.485,0.2378
7ODX_DGP,0,21,3,23,3.2688,130.568,178.647,2.0904,0.5025,2.269,0.2537
7ODX_DGP,0,22,3,23,3.3403,131.367,179.915,2.1851,0.4782,1.991,0.2669
7ODX_DGP,0,23,3,23,3.4416,131.334,179.584,2.3421,0.4446,1.792,0.2786
7ODX_DGP,0,24,3,23,3.5680,130.509,178.755,2.5358,0.4070,0.000,0.0000
7OEO_V9Z,0,0,8,32,6.2843,129.345,148.394,5.2439,2.9276,0.427,0.2504
7OEO_V9Z,0,1,8,32,6.0782,129.333,148.096,5.0948,2.7204,0.469,0.2413
7OEO_V9Z,0,2,8,32,5.8884,129.329,147.735,4.9592,2.5227,0.576,0.2405
7OEO_V9Z,0,3,8,32,5.7138,129.408,147.403,4.8353,2.3328,0.881,0.2442
7OEO_V9Z,0,4,8,32,5.5503,129.610,146.832,4.7185,2.1455,1.134,0.2393
7OEO_V9Z,0,5,8,32,5.3986,129.763,146.144,4.6096,1.9641,1.397,0.2406
7OEO_V9Z,0,6,8,32,5.2593,129.658,145.301,4.5084,1.7784,1.455,0.2344
7OEO_V9Z,0,7,8,32,5.1381,129.512,144.274,4.4220,1.6045,1.594,0.2258
7OEO_V9Z,0,8,8,32,5.0306,129.224,143.146,4.3440,1.4409,2.010,0.2237
7OEO_V9Z,0,9,8,32,4.9301,128.817,141.746,4.2670,1.2913,2.474,0.2216
7OEO_V9Z,0,10,8,32,4.8400,128.240,140.852,4.1971,1.1530,2.690,0.2286
7OEO_V9Z,0,11,8,32,4.7626,127.758,140.366,4.1352,1.0250,2.997,0.2337
7OEO_V9Z,0,12,8,32,4.6991,127.427,139.996,4.0837,0.9147,3.197,0.2423
7OEO_V9Z,0,13,8,32,4.6502,127.201,140.451,4.0412,0.8283,3.386,0.2439
7OEO_V9Z,0,14,8,32,4.6154,127.122,145.344,4.0073,0.7705,3.696,0.2430
7OEO_V9Z,0,15,8,32,4.5936,127.345,151.095,3.9819,0.7406,3.848,0.2455
7OEO_V9Z,0,16,8,32,4.5887,127.827,157.459,3.9658,0.7427,4.024,0.2443
7OEO_V9Z,0,17,8,32,4.5930,128.565,164.169,3.9548,0.7729,4.257,0.2539
7OEO_V9Z,0,18,8,32,4.6125,129.416,171.082,3.9581,0.8408,4.652,0.2559
7OEO_V9Z,0,19,8,32,4.6547,130.518,178.657,3.9859,0.9457,5.005,0.2668
7OEO_V9Z,0,20,8,32,4.7211,128.344,172.872,4.0397,1.0764,5.596,0.2658
7OEO_V9Z,0,21,8,32,4.8072,125.092,162.990,4.1158,1.2158,5.949,0.2700
7OEO_V9Z,0,22,8,32,4.9123,121.755,152.517,4.2175,1.3712,5.796,0.2571
7OEO_V9Z,0,23,8,32,5.0340,118.850,143.233,4.3398,1.5272,5.499,0.2488
7OEO_V9Z,0,24,8,32,5.1652,116.321,135.934,4.4729,1.6655,0.000,0.0000
7OFF_VCB,0,0,4,27,4.3871,122.412,178.493,3.8168,2.8486,0.433,0.2641
7OFF_VCB,0,1,4,27,4.2600,122.224,178.322,3.5984,2.7542,0.426,0.2477
7OFF_VCB,0,2,4,27,4.1490,122.086,178.155,3.3994,2.6682,0.325,0.2352
7OFF_VCB,0,3,4,27,4.0470,121.975,178.006,3.2122,2.5888,0.513,0.2281
7OFF_VCB,0,4,4,27,3.9487,121.744,177.782,3.0316,2.5106,0.685,0.2212
7OFF_VCB,0,5,4,27,3.8553,121.377,177.468,2.8602,2.4342,0.988,0.2170
7OFF_VCB,0,6,4,27,3.7681,120.870,177.077,2.7001,2.3644,1.168,0.2080
7OFF_VCB,0,7,4,27,3.6875,120.273,176.568,2.5535,2.2960,1.441,0.2033
7OFF_VCB,0,8,4,27,3.6128,119.526,176.026,2.4211,2.2302,1.720,0.1982
7OFF_VCB,0,9,4,27,3.5462,118.754,175.619,2.3053,2.1678,1.910,0.1920
7OFF_VCB,0,10,4,27,3.4895,118.034,175.612,2.2130,2.1124,2.106,0.1995
7OFF_VCB,0,11,4,27,3.4432,117.420,175.652,2.1443,2.0624,2.346,0.2034
7OFF_VCB,0,12,4,27,3.4121,116.731,175.798,2.1057,2.0241,2.587,0.1951
7OFF_VCB,0,13,4,27,3.3879,116.157,175.960,2.0887,1.9878,2.793,0.1955
7OFF_VCB,0,14,4,27,3.3770,115.713,176.416,2.1027,1.9629,2.832,0.2005
7OFF_VCB,0,15,4,27,3.3799,115.494,176.884,2.1436,1.9496,3.087,0.1889
7OFF_VCB,0,16,4,27,3.3932,115.448,177.528,2.2071,1.9473,3.366,0.1892
7OFF_VCB,0,17,4,27,3.4167,115.499,178.122,2.2887,1.9558,3.580,0.1989
7OFF_VCB,0,18,4,27,3.4477,115.670,178.504,2.3802,1.9641,3.745,0.1922
7OFF_VCB,0,19,4,27,3.4937,116.052,178.891,2.4857,1.9891,3.841,0.1989
7OFF_VCB,0,20,4,27,3.5559,116.401,178.958,2.6072,2.0278,3.808,0.2105
7OFF_VCB,0,21,4,27,3.6371,116.599,178.641,2.7467,2.0820,3.876,0.2286
7OFF_VCB,0,22,4,27,3.7412,116.717,177.838,2.9102,2.1549,3.865,0.2502
7OFF_VCB,0,23,4,27,3.8659,116.318,176.516,3.0994,2.2390,3.550,0.2674
7OFF_VCB,0,24,4,27,4.0129,115.260,175.262,3.3098,2.3360,0.000,0.0000
7OFK_VCH,0,0,7,35,7.5034,106.766,165.234,6.9645,1.4695,0.326,0.1957
7OFK_VCH,0,1,7,35,7.3612,106.792,165.348,6.8276,1.4069,0.310,0.1854
7OFK_VCH,0,2,7,35,7.2313,106.808,165.382,6.7024,1.3457,0.558,0.1812
7OFK_VCH,0,3,7,35,7.1103,106.876,165.574,6.5820,1.2860,0.861,0.1869
7OFK_VCH,0,4,7,35,7.0009,106.932,165.706,6.4698,1.2254,1.232,0.1914
7OFK_VCH,0,5,7,35,6.9027,106.978,165.867,6.3651,1.1621,1.762,0.2002
7OFK_VCH,0,6,7,35,6.8179,107.118,166.232,6.2717,1.0953,2.017,0.2016
7OFK_VCH,0,7,7,35,6.7512,107.360,166.507,6.1943,1.0360,2.521,0.2026
7OFK_VCH,0,8,7,35,6.6880,107.644,167.098,6.1172,0.9750,2.646,0.2054
7OFK_VCH,0,9,7,35,6.6374,107.979,167.646,6.0521,0.9098,2.941,0.2056
7OFK_VCH,0,10,7,35,6.5924,108.432,168.135,5.9927,0.8381,3.096,0.2067
7OFK_VCH,0,11,7,35,6.5504,108.846,168.754,5.9357,0.7637,3.312,0.2075
7OFK_VCH,0,12,7,35,6.5222,109.329,169.605,5.8902,0.6932,3.516,0.2115
7OFK_VCH,0,13,7,35,6.5115,109.981,171.084,5.8606,0.6202,3.615,0.2179
7OFK_VCH,0,14,7,35,6.5148,110.745,172.868,5.8428,0.5499,3.630,0.2199
7OFK_VCH,0,15,7,35,6.5355,111.589,174.909,5.8377,0.4936,3.639,0.2236
7OFK_VCH,0,16,7,35,6.5775,112.540,177.150,5.8511,0.4518,3.660,0.2208
7OFK_VCH,0,17,7,35,6.6326,113.475,179.192,5.8817,0.4179,3.641,0.2186
7OFK_VCH,0,18,7,35,6.6948,114.015,178.832,5.9214,0.4078,3.525,0.2180
7OFK_VCH,0,19,7,35,6.7614,114.384,176.871,5.9656,0.4284,3.579,0.2143
7OFK_VCH,0,20,7,35,6.8334,114.825,174.780,6.0196,0.4680,3.509,0.2059
7OFK_VCH,0,21,7,35,6.9031,115.339,172.562,6.0704,0.5199,3.589,0.2079
7OFK_VCH,0,22,7,35,6.9672,115.976,170.027,6.1169,0.5741,3.756,0.2111
7OFK_VCH,0,23,7,35,7.0171,116.843,167.244,6.1480,0.6302,4.131,0.2315
7OFK_VCH,0,24,7,35,7.0502,118.074,164.179,6.1694,0.6846,0.000,0.0000
7OLI_8HG,0,0,3,20,6.0612,161.477,173.653,5.1791,1.2059,0.261,0.1313
7OLI_8HG,0,1,3,20,5.9627,161.706,173.648,5.0545,1.1713,0.267,0.1206
7OLI_8HG,0,2,3,20,5.8704,161.932,173.673,4.9392,1.1389,0.256,0.1205
7OLI_8HG,0,3,3,20,5.7805,162.156,173.702,4.8246,1.1048,0.347,0.1197
7OLI_8HG,0,4,3,20,5.6947,162.408,173.749,4.7123,1.0733,0.488,0.1133
7OLI_8HG,0,5,3,20,5.6167,162.717,173.859,4.6078,1.0458,0.733,0.1070
7OLI_8HG,0,6,3,20,5.5474,163.093,174.040,4.5128,1.0214,0.912,0.1024
7OLI_8HG,0,7,3,20,5.4860,163.490,174.253,4.4252,0.9974,1.355,0.0951
7OLI_8HG,0,8,3,20,5.4420,163.925,174.510,4.3535,0.9830,1.614,0.0958
7OLI_8HG,0,9,3,20,5.4023,164.344,174.789,4.2853,0.9725,2.305,0.0829
7OLI_8HG,0,10,3,20,5.3796,164.719,175.091,4.2368,0.9637,2.402,0.0848
7OLI_8HG,0,11,3,20,5.3576,165.073,175.299,4.1910,0.9616,2.752,0.0816
7OLI_8HG,0,12,3,20,5.3432,165.484,175.591,4.1523,0.9653,3.297,0.0702
7OLI_8HG,0,13,3,20,5.3403,165.827,175.815,4.1310,0.9706,3.854,0.0669
7OLI_8HG,0,14,3,20,5.3418,166.137,175.971,4.1179,0.9737,4.157,0.0609
7OLI_8HG,0,15,3,20,5.3449,166.681,176.253,4.1122,0.9742,4.540,0.0548
7OLI_8HG,0,16,3,20,5.3550,167.263,176.553,4.1188,0.9780,4.907,0.0516
7OLI_8HG,0,17,3,20,5.3685,168.130,177.062,4.1355,0.9746,5.291,0.0532
7OLI_8HG,0,18,3,20,5.3867,169.160,177.744,4.1622,0.9749,5.867,0.0609
7OLI_8HG,0,19,3,20,5.4127,170.413,178.714,4.1999,0.9738,6.322,0.0783
7OLI_8HG,0,20,3,20,5.4481,171.937,179.987,4.2547,0.9707,6.543,0.0886
7OLI_8HG,0,21,3,20,5.4860,172.186,178.642,4.3176,0.9649,6.885,0.1075
7OLI_8HG,0,22,3,20,5.5331,172.281,177.167,4.3941,0.9687,6.487,0.1236
7OLI_8HG,0,23,3,20,5.5966,172.350,175.998,4.4877,0.9872,5.030,0.1616
7OLI_8HG,0,24,3,20,5.6983,172.811,175.602,4.6216,1.0332,0.000,0.0000
7OMX_CNA,0,0,8,44,7.8160,133.761,178.240,6.8181,2.6446,0.308,0.2063
7OMX_CNA,0,1,8,44,7.6565,133.594,178.134,6.6756,2.5256,0.295,0.2011
7OMX_CNA,0,2,8,44,7.5065,133.438,177.959,6.5386,2.4107,0.488,0.2013
7OMX_CNA,0,3,8,44,7.3667,133.150,177.589,6.4115,2.2936,0.813,0.2073
7OMX_CNA,0,4,8,44,7.2484,132.722,177.070,6.3033,2.1768,1.035,0.2119
7OMX_CNA,0,5,8,44,7.1583,132.213,176.264,6.2204,2.0639,1.293,0.2224
7OMX_CNA,0,6,8,44,7.0991,131.612,175.435,6.1644,1.9544,1.428,0.2318
7OMX_CNA,0,7,8,44,7.0726,131.035,174.686,6.1306,1.8491,1.728,0.2377
7OMX_CNA,0,8,8,44,7.0860,130.473,174.120,6.1302,1.7557,1.818,0.2411
7OMX_CNA,0,9,8,44,7.1171,129.916,173.399,6.1394,1.6635,2.046,0.2463
7OMX_CNA,0,10,8,44,7.1721,129.406,172.681,6.1618,1.5751,2.118,0.2397
7OMX_CNA,0,11,8,44,7.2522,128.935,171.924,6.2024,1.4916,2.245,0.2427
7OMX_CNA,0,12,8,44,7.3497,128.384,171.200,6.2547,1.4136,2.460,0.2385
7OMX_CNA,0,13,8,44,7.4571,127.845,170.412,6.3133,1.3326,2.665,0.2343
7OMX_CNA,0,14,8,44,7.5695,127.299,169.537,6.3732,1.2548,2.956,0.2284
7OMX_CNA,0,15,8,44,7.6951,126.616,168.395,6.4414,1.1881,3.171,0.2286
7OMX_CNA,0,16,8,44,7.8442,125.925,167.189,6.5262,1.1383,3.294,0.2264
7OMX_CNA,0,17,8,44,8.0041,125.340,166.153,6.6152,1.0980,3.258,0.2225
7OMX_CNA,0,18,8,44,8.1793,124.775,165.090,6.7123,1.0685,3.241,0.2193
7OMX_CNA,0,19,8,44,8.3651,124.301,166.192,6.8077,1.0554,3.248,0.2257
7OMX_CNA,0,20,8,44,8.5697,123.984,170.210,6.9138,1.0647,3.019,0.2201
7OMX_CNA,0,21,8,44,8.7806,123.856,173.972,7.0229,1.0960,2.893,0.2284
7OMX_CNA,0,22,8,44,9.0033,123.972,177.315,7.1356,1.1480,2.875,0.2458
7OMX_CNA,0,23,8,44,9.2291,124.415,179.799,7.2469,1.2231,2.784,0.2759
7OMX_CNA,0,24,8,44,9.4605,124.563,177.926,7.3566,1.3280,0.000,0.0000
7OPG_06N,0,0,3,19,8.2780,145.627,160.896,8.1604,4.6329,0.558,0.2317
7OPG_06N,0,1,3,19,8.0665,145.849,160.633,7.9418,4.4379,0.567,0.2239
7OPG_06N,0,2,3,19,7.8659,146.086,160.367,7.7322,4.2485,0.861,0.2089
7OPG_06N,0,3,3,19,7.6826,146.489,160.179,7.5424,4.0602,1.265,0.1936
7OPG_06N,0,4,3,19,7.5184,147.259,160.317,7.3748,3.8709,1.494,0.1853
7OPG_06N,0,5,3,19,7.3704,148.269,160.735,7.2233,3.6824,1.890,0.1851
7OPG_06N,0,6,3,19,7.2386,149.559,161.428,7.0870,3.4878,2.234,0.1839
7OPG_06N,0,7,3,19,7.1219,151.042,162.090,6.9643,3.2921,2.526,0.1794
7OPG_06N,0,8,3,19,7.0224,152.678,162.774,6.8580,3.0978,2.627,0.1763
7OPG_06N,0,9,3,19,6.9307,154.360,163.560,6.7578,2.9063,2.921,0.1802
7OPG_06N,0,10,3,19,6.8468,156.086,166.168,6.6629,2.7101,3.032,0.1770
7OPG_06N,0,11,3,19,6.7723,157.904,168.952,6.5764,2.5175,3.215,0.1807
7OPG_06N,0,12,3,19,6.7077,159.840,171.993,6.4976,2.3245,3.346,0.1860
7OPG_06N,0,13,3,19,6.6500,161.771,175.460,6.4238,2.1271,3.413,0.1934
7OPG_06N,0,14,3,19,6.5962,163.761,179.186,6.3519,1.9220,3.533,0.1875
7OPG_06N,0,15,3,19,6.5490,163.614,176.687,6.2859,1.7255,3.494,0.1885
7OPG_06N,0,16,3,19,6.5062,162.807,172.367,6.2219,1.5330,3.577,0.1821
7OPG_06N,0,17,3,19,6.4704,161.850,167.835,6.1654,1.3501,3.747,0.1868
7OPG_06N,0,18,3,19,6.4358,160.497,162.854,6.1080,1.1685,3.790,0.1780
7OPG_06N,0,19,3,19,6.4077,158.939,165.285,6.0577,1.0054,3.960,0.1703
7OPG_06N,0,20,3,19,6.3823,157.186,167.631,6.0098,0.8637,4.026,0.1470
7OPG_06N,0,21,3,19,6.3634,155.342,169.734,5.9724,0.7576,4.308,0.1404
7OPG_06N,0,22,3,19,6.3480,153.091,171.380,5.9373,0.6963,4.370,0.1181
7OPG_06N,0,23,3,19,6.3439,150.814,172.649,5.9211,0.6804,4.086,0.1272
7OPG_06N,0,24,3,19,6.3521,148.515,173.194,5.9256,0.6943,0.000,0.0000
7ORW_7WA,0,0,1,10,6.6604,110.655,110.655,6.1010,6.1010,0.184,0.2085
7ORW_7WA,0,1,1,10,6.4739,110.480,110.480,5.8980,5.8980,0.226,0.2079
7ORW_7WA,0,2,1,10,6.2881,110.275,110.275,5.6947,5.6947,0.172,0.2086
7ORW_7WA,0,3,1,10,6.1050,110.105,110.105,5.4930,5.4930,0.224,0.2171
7ORW_7WA,0,4,1,10,5.9169,109.886,109.886,5.2847,5.2847,0.248,0.2370
7ORW_7WA,0,5,1,10,5.7132,109.656,109.656,5.0582,5.0582,0.384,0.2586
7ORW_7WA,0,6,1,10,5.4914,109.277,109.277,4.8100,4.8100,0.587,0.2558
7ORW_7WA,0,7,1,10,5.2736,108.712,108.712,4.5641,4.5641,0.854,0.2645
7ORW_7WA,0,8,1,10,5.0530,107.959,107.959,4.3120,4.3120,0.906,0.2800
7ORW_7WA,0,9,1,10,4.8249,107.198,107.198,4.0469,4.0469,1.381,0.3037
7ORW_7WA,0,10,1,10,4.5824,106.115,106.115,3.7604,3.7604,2.014,0.3014
7ORW_7WA,0,11,1,10,4.3511,104.836,104.836,3.4779,3.4779,2.617,0.3181
7ORW_7WA,0,12,1,10,4.1165,103.465,103.465,3.1783,3.1783,3.433,0.3320
7ORW_7WA,0,13,1,10,3.8826,101.825,101.825,2.8648,2.8648,4.041,0.3444
7ORW_7WA,0,14,1,10,3.6590,100.191,100.191,2.5434,2.5434,4.539,0.3286
7ORW_7WA,0,15,1,10,3.4659,98.637,98.637,2.2397,2.2397,4.733,0.3114
7ORW_7WA,0,16,1,10,3.3056,97.383,97.383,1.9558,1.9558,4.905,0.2971
7ORW_7WA,0,17,1,10,3.1722,96.284,96.284,1.6884,1.6884,4.939,0.2932
7ORW_7WA,0,18,1,10,3.0670,95.618,95.618,1.4322,1.4322,4.979,0.2843
7ORW_7WA,0,19,1,10,2.9920,95.468,95.468,1.1919,1.1919,4.832,0.2720
7ORW_7WA,0,20,1,10,2.9474,95.747,95.747,0.9778,0.9778,4.470,0.2493
7ORW_7WA,0,21,1,10,2.9321,96.578,96.578,0.7978,0.7978,4.236,0.2387
7ORW_7WA,0,22,1,10,2.9318,97.532,97.532,0.6469,0.6469,3.043,0.1968
7ORW_7WA,0,23,1,10,2.9451,98.482,98.482,0.5626,0.5626,1.940,0.1965
7ORW_7WA,0,24,1,10,2.9641,99.375,99.375,0.5336,0.5336,0.000,0.0000
7OSO_0V1,0,0,3,7,4.7111,169.248,169.248,3.9715,3.2812,0.141,0.1903
7OSO_0V1,0,1,3,7,4.5581,169.160,169.160,3.8087,3.1153,0.195,0.1807
7OSO_0V1,0,2,3,7,4.4159,169.073,169.073,3.6597,2.9598,0.223,0.1719
7OSO_0V1,0,3,3,7,4.2823,168.967,168.967,3.5259,2.8123,0.337,0.1642
7OSO_0V1,0,4,3,7,4.1573,168.794,168.794,3.4070,2.6715,0.650,0.1633
7OSO_0V1,0,5,3,7,4.0409,168.426,168.426,3.3013,2.5306,0.907,0.1641
7OSO_0V1,0,6,3,7,3.9355,167.890,167.890,3.2122,2.3908,1.029,0.1607
7OSO_0V1,0,7,3,7,3.8414,167.281,167.281,3.1397,2.2570,1.316,0.1624
7OSO_0V1,0,8,3,7,3.7593,166.596,166.596,3.0840,2.1248,1.482,0.1593
7OSO_0V1,0,9,3,7,3.6887,165.873,165.873,3.0418,2.0011,1.720,0.1538
7OSO_0V1,0,10,3,7,3.6236,164.824,164.824,3.0054,1.8776,1.850,0.1570
7OSO_0V1,0,11,3,7,3.5690,163.858,163.858,2.9788,1.7592,1.807,0.1590
7OSO_0V1,0,12,3,7,3.5220,162.842,162.842,2.9585,1.6395,1.758,0.1553
7OSO_0V1,0,13,3,7,3.4809,161.728,161.728,2.9414,1.5175,1.747,0.1547
7OSO_0V1,0,14,3,7,3.4477,160.546,160.546,2.9296,1.3952,1.488,0.1540
7OSO_0V1,0,15,3,7,3.4208,159.433,159.433,2.9215,1.2736,1.478,0.1478
7OSO_0V1,0,16,3,7,3.4053,158.439,158.439,2.9201,1.1547,1.374,0.1507
7OSO_0V1,0,17,3,7,3.3951,157.559,157.559,2.9199,1.0324,1.194,0.1449
7OSO_0V1,0,18,3,7,3.3990,156.952,156.952,2.9306,0.9230,1.179,0.1397
7OSO_0V1,0,19,3,7,3.4085,156.605,156.605,2.9443,0.8265,1.234,0.1351
7OSO_0V1,0,20,3,7,3.4285,156.483,156.483,2.9644,0.7368,1.078,0.1316
7OSO_0V1,0,21,3,7,3.4582,156.798,156.798,2.9935,0.6727,1.515,0.1320
7OSO_0V1,0,22,3,7,3.4978,157.602,157.602,3.0288,0.6263,2.090,0.1258
7OSO_0V1,0,23,3,7,3.5581,158.906,158.906,3.0870,0.6191,2.352,0.1283
7OSO_0V1,0,24,3,7,3.6445,160.454,160.454,3.1722,0.6511,0.000,0.0000
7OZ9_NGK,0,0,4,19,4.7496,156.341,171.720,4.4480,1.8173,0.353,0.1432
7OZ9_NGK,0,1,4,19,4.6656,156.366,171.599,4.3566,1.7376,0.329,0.1341
7OZ9_NGK,0,2,4,19,4.5895,156.416,171.484,4.2727,1.6658,0.359,0.1328
7OZ9_NGK,0,3,4,19,4.5173,156.461,171.353,4.1926,1.5958,0.419,0.1294
7OZ9_NGK,0,4,4,19,4.4509,156.493,171.206,4.1184,1.5305,0.424,0.1272
7OZ9_NGK,0,5,4,19,4.3913,156.511,171.082,4.0517,1.4684,0.431,0.1319
7OZ9_NGK,0,6,4,19,4.3402,156.567,171.033,3.9968,1.4010,0.498,0.1276
7OZ9_NGK,0,7,4,19,4.3005,156.687,171.034,3.9533,1.3396,0.749,0.1434
7OZ9_NGK,0,8,4,19,4.2767,156.789,171.071,3.9319,1.2683,1.001,0.1507
7OZ9_NGK,0,9,4,19,4.2627,156.964,171.194,3.9190,1.1934,1.475,0.1623
7OZ9_NGK,0,10,4,19,4.2678,157.210,171.315,3.9242,1.1194,1.500,0.1618
7OZ9_NGK,0,11,4,19,4.2835,157.480,171.380,3.9364,1.0533,1.799,0.1691
7OZ9_NGK,0,12,4,19,4.3129,157.938,171.683,3.9597,0.9849,2.280,0.1770
7OZ9_NGK,0,13,4,19,4.3573,158.398,171.945,3.9970,0.9151,2.646,0.1846
7OZ9_NGK,0,14,4,19,4.4121,158.743,172.318,4.0427,0.8420,2.703,0.1915
7OZ9_NGK,0,15,4,19,4.4714,158.988,172.702,4.0900,0.7666,2.741,0.2047
7OZ9_NGK,0,16,4,19,4.5421,159.115,173.073,4.1456,0.6841,2.899,0.2057
7OZ9_NGK,0,17,4,19,4.6207,159.144,173.444,4.2129,0.6061,2.997,0.2096
7OZ9_NGK,0,18,4,19,4.7102,159.249,174.023,4.2945,0.5361,3.143,0.2051
7OZ9_NGK,0,19,4,19,4.8011,159.330,174.571,4.3779,0.4704,3.279,0.2078
7OZ9_NGK,0,20,4,19,4.8992,159.575,175.316,4.4712,0.4102,3.332,0.2093
7OZ9_NGK,0,21,4,19,4.9991,160.008,176.149,4.5662,0.3637,3.700,0.2223
7OZ9_NGK,0,22,4,19,5.1107,160.457,176.997,4.6768,0.3209,3.658,0.2367
7OZ9_NGK,0,23,4,19,5.2331,160.855,177.613,4.8053,0.2985,3.988,0.2754
7OZ9_NGK,0,24,4,19,5.3699,161.106,178.064,4.9588,0.2822,0.000,0.0000
7OZC_G6S,0,0,2,16,7.7489,111.216,138.442,7.0315,6.6664,0.327,0.2912
7OZC_G6S,0,1,2,16,7.4916,111.083,138.142,6.7531,6.4199,0.339,0.2750
7OZC_G6S,0,2,2,16,7.2507,110.950,137.837,6.4912,6.1882,0.485,0.2611
7OZC_G6S,0,3,2,16,7.0195,110.814,137.480,6.2432,5.9662,0.726,0.2432
7OZC_G6S,0,4,2,16,6.7975,110.616,136.968,6.0103,5.7561,0.932,0.2344
7OZC_G6S,0,5,2,16,6.5777,110.358,136.357,5.7840,5.5485,1.285,0.2345
7OZC_G6S,0,6,2,16,6.3481,109.994,135.574,5.5539,5.3348,1.477,0.2362
7OZC_G6S,0,7,2,16,6.1125,109.573,134.700,5.3210,5.1200,1.721,0.2462
7OZC_G6S,0,8,2,16,5.8617,109.120,133.793,5.0788,4.8969,1.651,0.2469
7OZC_G6S,0,9,2,16,5.6132,108.713,132.976,4.8386,4.6792,1.753,0.2570
7OZC_G6S,0,10,2,16,5.3531,108.304,132.203,4.5893,4.4496,1.965,0.2593
7OZC_G6S,0,11,2,16,5.0908,107.846,131.452,4.3402,4.2190,1.896,0.2593
7OZC_G6S,0,12,2,16,4.8294,107.405,130.804,4.0917,3.9859,1.846,0.2709
7OZC_G6S,0,13,2,16,4.5565,106.921,130.253,3.8305,3.7367,1.664,0.2760
7OZC_G6S,0,14,2,16,4.2837,106.490,129.848,3.5639,3.4814,1.554,0.2707
7OZC_G6S,0,15,2,16,4.0205,105.988,129.509,3.3037,3.2312,1.435,0.2702
7OZC_G6S,0,16,2,16,3.7633,105.521,129.229,3.0429,2.9780,1.428,0.2659
7OZC_G6S,0,17,2,16,3.5153,104.980,129.049,2.7866,2.7275,1.355,0.2534
7OZC_G6S,0,18,2,16,3.2886,104.404,128.915,2.5464,2.4949,1.398,0.2502
7OZC_G6S,0,19,2,16,3.0689,103.694,128.832,2.3093,2.2625,1.224,0.2405
7OZC_G6S,0,20,2,16,2.8664,103.050,128.813,2.0873,2.0413,1.089,0.2082
7OZC_G6S,0,21,2,16,2.6971,102.405,128.818,1.8992,1.8515,1.113,0.1978
7OZC_G6S,0,22,2,16,2.5441,101.916,129.028,1.7196,1.6669,1.485,0.1415
7OZC_G6S,0,23,2,16,2.4448,101.827,129.654,1.5971,1.5382,1.856,0.1222
7OZC_G6S,0,24,2,16,2.3715,101.972,130.523,1.5076,1.4301,0.000,0.0000
7P1M_4IU,0,0,4,24,10.7844,123.782,173.069,8.3213,8.2897,0.483,0.2770
7P1M_4IU,0,1,4,24,10.5310,123.873,173.260,8.0846,8.0383,0.450,0.2654
7P1M_4IU,0,2,4,24,10.2909,123.967,173.460,7.8600,7.7972,0.422,0.2541
7P1M_4IU,0,3,4,24,10.0643,124.052,173.690,7.6518,7.5707,0.425,0.2522
7P1M_4IU,0,4,4,24,9.8460,124.156,173.938,7.4549,7.3501,0.401,0.2492
7P1M_4IU,0,5,4,24,9.6407,124.309,174.282,7.2763,7.1353,0.497,0.2539
7P1M_4IU,0,6,4,24,9.4478,124.502,174.666,7.1139,6.9246,0.601,0.2487
7P1M_4IU,0,7,4,24,9.2819,124.638,175.082,6.9734,6.7337,1.001,0.2568
7P1M_4IU,0,8,4,24,9.1382,124.894,175.562,6.8570,6.5533,1.129,0.2546
7P1M_4IU,0,9,4,24,9.0023,125.048,176.010,6.7520,6.3820,1.342,0.2560
7P1M_4IU,0,10,4,24,8.8766,125.157,176.503,6.6677,6.2107,1.541,0.2698
7P1M_4IU,0,11,4,24,8.7657,125.296,177.075,6.6089,6.0422,2.009,0.2780
7P1M_4IU,0,12,4,24,8.6630,125.502,177.598,6.5670,5.8771,2.212,0.2816
7P1M_4IU,0,13,4,24,8.5758,125.745,178.100,6.5481,5.7272,2.286,0.2731
7P1M_4IU,0,14,4,24,8.4950,125.865,178.436,6.5355,5.5936,2.412,0.2743
7P1M_4IU,0,15,4,24,8.4299,125.848,178.598,6.5353,5.4756,2.535,0.2762
7P1M_4IU,0,16,4,24,8.3748,125.952,178.551,6.5425,5.3669,2.806,0.2720
7P1M_4IU,0,17,4,24,8.3322,126.117,178.530,6.5545,5.2786,2.853,0.2745
7P1M_4IU,0,18,4,24,8.3022,126.280,178.353,6.5645,5.2137,2.995,0.2724
7P1M_4IU,0,19,4,24,8.2906,126.617,178.381,6.5834,5.1705,3.246,0.2707
7P1M_4IU,0,20,4,24,8.2880,127.117,178.257,6.6006,5.1447,3.434,0.2580
7P1M_4IU,0,21,4,24,8.3034,127.996,178.173,6.6251,5.1403,4.124,0.2536
7P1M_4IU,0,22,4,24,8.3541,129.252,177.517,6.6731,5.1680,4.623,0.2418
7P1M_4IU,0,23,4,24,8.4396,130.822,176.157,6.7446,5.2344,5.185,0.2215
7P1M_4IU,0,24,4,24,8.5625,132.332,173.964,6.8692,5.3045,0.000,0.0000
7P2I_MFU,0,0,2,12,5.1746,168.744,168.744,4.0969,2.9025,0.372,0.1380
7P2I_MFU,0,1,2,12,5.0743,168.962,168.962,3.9604,2.8211,0.331,0.1320
7P2I_MFU,0,2,2,12,4.9770,169.149,169.149,3.8302,2.7383,0.366,0.1372
7P2I_MFU,0,3,2,12,4.8803,169.360,169.360,3.6941,2.6593,0.414,0.1408
7P2I_MFU,0,4,2,12,4.7828,169.626,169.626,3.5542,2.5797,0.556,0.1464
7P2I_MFU,0,5,2,12,4.6797,169.962,169.962,3.4092,2.4906,0.677,0.1490
7P2I_MFU,0,6,2,12,4.5795,170.336,170.336,3.2606,2.4072,0.718,0.1471
7P2I_MFU,0,7,2,12,4.4792,170.778,170.778,3.1137,2.3189,0.752,0.1545
7P2I_MFU,0,8,2,12,4.3766,171.331,171.331,2.9597,2.2279,0.767,0.1606
7P2I_MFU,0,9,2,12,4.2801,171.953,171.953,2.8004,2.1490,0.910,0.1666
7P2I_MFU,0,10,2,12,4.1781,172.699,172.699,2.6351,2.0571,0.931,0.1749
7P2I_MFU,0,11,2,12,4.0761,173.426,173.426,2.4643,1.9647,0.946,0.1776
7P2I_MFU,0,12,2,12,3.9780,174.172,174.172,2.2934,1.8740,1.002,0.1815
7P2I_MFU,0,13,2,12,3.8841,175.008,175.008,2.1215,1.7852,0.970,0.1957
7P2I_MFU,0,14,2,12,3.7885,175.878,175.878,1.9406,1.6910,1.043,0.2012
7P2I_MFU,0,15,2,12,3.7076,176.760,176.760,1.7659,1.6190,1.101,0.2019
7P2I_MFU,0,16,2,12,3.6375,177.575,177.575,1.6080,1.5566,1.244,0.2074
7P2I_MFU,0,17,2,12,3.5768,178.308,178.308,1.4713,1.5016,1.433,0.2035
7P2I_MFU,0,18,2,12,3.5343,178.932,178.932,1.3868,1.4698,1.457,0.2012
7P2I_MFU,0,19,2,12,3.5016,179.401,179.401,1.3522,1.4448,1.322,0.1945
7P2I_MFU,0,20,2,12,3.4841,179.744,179.744,1.3707,1.4412,1.657,0.1810
7P2I_MFU,0,21,2,12,3.4854,179.828,179.828,1.4367,1.4635,1.681,0.1808
7P2I_MFU,0,22,2,12,3.4997,179.390,179.390,1.5306,1.5059,2.072,0.1945
7P2I_MFU,0,23,2,12,3.5383,178.974,178.974,1.6545,1.5930,2.535,0.2173
7P2I_MFU,0,24,2,12,3.6119,178.536,178.536,1.7961,1.7451,0.000,0.0000
7P2W_4QR,0,0,6,34,9.7371,147.453,171.561,8.7404,4.4142,0.573,0.2182
7P2W_4QR,0,1,6,34,9.5246,147.548,171.489,8.5571,4.2376,0.515,0.2146
7P2W_4QR,0,2,6,34,9.3194,147.628,171.327,8.3790,4.0587,0.697,0.2094
7P2W_4QR,0,3,6,34,9.1245,147.748,171.011,8.2092,3.8789,1.005,0.2064
7P2W_4QR,0,4,6,34,8.9426,147.959,170.531,8.0500,3.6971,1.385,0.2088
7P2W_4QR,0,5,6,34,8.7653,148.250,169.885,7.8926,3.5070,1.831,0.2170
7P2W_4QR,0,6,6,34,8.5936,148.561,168.976,7.7360,3.3073,2.044,0.2237
7P2W_4QR,0,7,6,34,8.4376,148.796,167.896,7.5906,3.1121,2.531,0.2355
7P2W_4QR,0,8,6,34,8.2926,149.027,166.888,7.4475,2.9113,2.749,0.2382
7P2W_4QR,0,9,6,34,8.1603,149.173,165.579,7.3156,2.7144,3.163,0.2471
7P2W_4QR,0,10,6,34,8.0438,149.310,164.228,7.1944,2.5153,3.401,0.2499
7P2W_4QR,0,11,6,34,7.9390,149.425,163.515,7.0799,2.3147,3.662,0.2512
7P2W_4QR,0,12,6,34,7.8477,149.551,164.676,6.9748,2.1151,3.802,0.2548
7P2W_4QR,0,13,6,34,7.7757,149.816,165.734,6.8834,1.9186,4.049,0.2653
7P2W_4QR,0,14,6,34,7.7172,150.094,166.698,6.7984,1.7163,4.244,0.2606
7P2W_4QR,0,15,6,34,7.6688,150.391,167.701,6.7196,1.5202,4.455,0.2669
7P2W_4QR,0,16,6,34,7.6423,150.824,168.807,6.6537,1.3284,4.570,0.2640
7P2W_4QR,0,17,6,34,7.6323,151.406,169.784,6.6024,1.1579,4.692,0.2666
7P2W_4QR,0,18,6,34,7.6405,152.024,170.271,6.5678,1.0080,4.748,0.2671
7P2W_4QR,0,19,6,34,7.6640,152.659,170.271,6.5510,0.8963,4.790,0.2669
7P2W_4QR,0,20,6,34,7.7037,153.358,169.912,6.5535,0.8352,4.778,0.2561
7P2W_4QR,0,21,6,34,7.7532,154.029,168.858,6.5743,0.8270,4.958,0.2514
7P2W_4QR,0,22,6,34,7.8127,154.807,167.303,6.6135,0.8776,5.180,0.2405
7P2W_4QR,0,23,6,34,7.8783,155.541,169.825,6.6666,0.9618,5.348,0.2414
7P2W_4QR,0,24,6,34,7.9514,156.145,172.718,6.7264,1.0662,0.000,0.0000
7P5T_5YG,0,0,4,23,5.3115,108.760,152.624,4.9685,0.9159,0.732,0.1512
7P5T_5YG,0,1,4,23,5.2088,108.426,152.148,4.8740,0.8785,0.749,0.1431
7P5T_5YG,0,2,4,23,5.1138,108.102,151.750,4.7855,0.8458,1.081,0.1414
7P5T_5YG,0,3,4,23,5.0024,107.608,151.170,4.6791,0.8165,1.413,0.1459
7P5T_5YG,0,4,4,23,4.8706,106.945,150.411,4.5522,0.7983,1.665,0.1554
7P5T_5YG,0,5,4,23,4.7226,106.165,149.351,4.4055,0.7872,2.088,0.1770
7P5T_5YG,0,6,4,23,4.5534,105.169,147.907,4.2328,0.7727,2.304,0.1931
7P5T_5YG,0,7,4,23,4.3744,104.083,146.081,4.0453,0.7605,2.576,0.2050
7P5T_5YG,0,8,4,23,4.1881,102.807,143.931,3.8482,0.7495,2.586,0.1975
7P5T_5YG,0,9,4,23,4.0079,101.473,141.582,3.6589,0.7424,2.776,0.1972
7P5T_5YG,0,10,4,23,3.8272,99.929,139.063,3.4700,0.7309,2.933,0.1988
7P5T_5YG,0,11,4,23,3.6476,98.292,136.544,3.2812,0.7202,2.827,0.1971
7P5T_5YG,0,12,4,23,3.4721,96.669,134.025,3.0964,0.7124,2.907,0.1895
7P5T_5YG,0,13,4,23,3.3032,94.886,131.575,2.9192,0.7022,2.878,0.1891
7P5T_5YG,0,14,4,23,3.1390,93.144,129.246,2.7457,0.6967,2.984,0.1828
7P5T_5YG,0,15,4,23,2.9821,91.279,126.920,2.5813,0.6902,3.135,0.1836
7P5T_5YG,0,16,4,23,2.8305,89.354,124.476,2.4212,0.6882,3.322,0.1846
7P5T_5YG,0,17,4,23,2.6816,87.365,122.124,2.2641,0.6745,3.404,0.1889
7P5T_5YG,0,18,4,23,2.5413,85.364,120.096,2.1158,0.6609,3.389,0.1823
7P5T_5YG,0,19,4,23,2.4175,83.412,118.434,1.9859,0.6581,3.590,0.1929
7P5T_5YG,0,20,4,23,2.3036,81.630,117.178,1.8652,0.6573,3.464,0.1930
7P5T_5YG,0,21,4,23,2.2120,80.048,116.572,1.7681,0.6635,3.520,0.1968
7P5T_5YG,0,22,4,23,2.1470,78.705,116.488,1.7014,0.6790,3.147,0.1908
7P5T_5YG,0,23,4,23,2.1189,77.676,116.789,1.6776,0.6991,2.468,0.1953
7P5T_5YG,0,24,4,23,2.1291,77.004,117.764,1.6959,0.7198,0.000,0.0000
7P85_5ZG,0,0,3,14,5.4497,147.696,157.630,4.9694,1.0080,0.334,0.2690
7P85_5ZG,0,1,3,14,5.2374,147.911,157.586,4.7235,0.9512,0.320,0.2586
7P85_5ZG,0,2,3,14,5.0381,148.113,157.457,4.4915,0.8983,0.332,0.2603
7P85_5ZG,0,3,3,14,4.8418,148.180,157.254,4.2612,0.8450,0.298,0.2691
7P85_5ZG,0,4,3,14,4.6440,148.147,157.075,4.0266,0.7902,0.271,0.2669
7P85_5ZG,0,5,3,14,4.4564,148.129,156.953,3.8013,0.7373,0.449,0.2702
7P85_5ZG,0,6,3,14,4.2758,147.962,156.918,3.5800,0.6935,0.801,0.2622
7P85_5ZG,0,7,3,14,4.1105,147.662,156.759,3.3736,0.6556,0.888,0.2527
7P85_5ZG,0,8,3,14,3.9555,147.292,156.481,3.1814,0.6197,1.136,0.2491
7P85_5ZG,0,9,3,14,3.8113,146.831,155.944,3.0043,0.5880,1.293,0.2567
7P85_5ZG,0,10,3,14,3.6771,146.468,155.819,2.8444,0.5606,1.316,0.2576
7P85_5ZG,0,11,3,14,3.5544,146.107,155.627,2.7047,0.5337,1.681,0.2447
7P85_5ZG,0,12,3,14,3.4380,145.278,154.958,2.5819,0.5064,2.018,0.2429
7P85_5ZG,0,13,3,14,3.3240,144.504,154.031,2.4657,0.4862,2.555,0.2356
7P85_5ZG,0,14,3,14,3.2112,143.512,152.705,2.3521,0.4682,2.951,0.2422
7P85_5ZG,0,15,3,14,3.1067,142.454,151.772,2.2481,0.4607,3.464,0.2395
7P85_5ZG,0,16,3,14,3.0116,141.117,150.580,2.1508,0.4483,3.820,0.2237
7P85_5ZG,0,17,3,14,2.9336,139.569,149.293,2.0685,0.4398,4.114,0.2229
7P85_5ZG,0,18,3,14,2.8824,137.821,148.164,2.0150,0.4305,4.619,0.2179
7P85_5ZG,0,19,3,14,2.8579,136.053,147.851,1.9856,0.4137,5.334,0.2104
7P85_5ZG,0,20,3,14,2.8484,133.883,147.584,1.9671,0.3898,5.512,0.2153
7P85_5ZG,0,21,3,14,2.8693,131.573,147.542,1.9783,0.3765,6.366,0.2088
7P85_5ZG,0,22,3,14,2.9004,128.825,147.342,1.9956,0.3626,6.527,0.2098
7P85_5ZG,0,23,3,14,2.9541,125.693,146.480,2.0413,0.3484,6.457,0.2181
7P85_5ZG,0,24,3,14,3.0275,122.172,145.128,2.1055,0.3276,0.000,0.0000
7PA4_C,0,0,3,21,6.0722,124.569,163.718,5.3050,2.4511,0.488,0.2312
7PA4_C,0,1,3,21,5.9106,124.209,163.375,5.1229,2.3174,0.466,0.2158
7PA4_C,0,2,3,21,5.7638,123.882,163.068,4.9551,2.1940,0.615,0.2021
7PA4_C,0,3,3,21,5.6283,123.473,162.498,4.7986,2.0787,0.830,0.1985
7PA4_C,0,4,3,21,5.4959,122.975,161.600,4.6450,1.9651,1.000,0.1999
7PA4_C,0,5,3,21,5.3605,122.400,160.581,4.4906,1.8540,1.334,0.1956
7PA4_C,0,6,3,21,5.2251,121.764,159.506,4.3422,1.7411,1.637,0.1899
7PA4_C,0,7,3,21,5.0937,121.061,158.270,4.2006,1.6304,2.153,0.1983
7PA4_C,0,8,3,21,4.9617,120.190,156.803,4.0639,1.5192,2.525,0.1989
7PA4_C,0,9,3,21,4.8330,119.124,155.076,3.9355,1.4102,2.843,0.2049
7PA4_C,0,10,3,21,4.7068,117.891,153.168,3.8144,1.3044,3.250,0.2034
7PA4_C,0,11,3,21,4.5960,116.526,151.122,3.7139,1.2083,3.662,0.2072
7PA4_C,0,12,3,21,4.4988,115.002,148.917,3.6295,1.1280,3.952,0.2168
7PA4_C,0,13,3,21,4.4193,113.440,146.693,3.5661,1.0699,4.259,0.2257
7PA4_C,0,14,3,21,4.3538,111.770,144.429,3.5166,1.0456,4.317,0.2222
7PA4_C,0,15,3,21,4.3056,110.047,142.189,3.4819,1.0561,4.442,0.2323
7PA4_C,0,16,3,21,4.2787,108.289,139.812,3.4654,1.1081,4.653,0.2427
7PA4_C,0,17,3,21,4.2638,106.467,137.410,3.4568,1.1965,4.789,0.2584
7PA4_C,0,18,3,21,4.2805,104.662,135.013,3.4715,1.3325,4.659,0.2527
7PA4_C,0,19,3,21,4.3128,103.024,133.075,3.4961,1.4818,4.728,0.2609
7PA4_C,0,20,3,21,4.3692,101.455,131.192,3.5405,1.6541,4.450,0.2401
7PA4_C,0,21,3,21,4.4374,100.044,130.035,3.5900,1.8260,4.545,0.2559
7PA4_C,0,22,3,21,4.5260,98.833,129.231,3.6578,2.0095,4.611,0.2432
7PA4_C,0,23,3,21,4.6363,97.766,128.584,3.7495,2.1873,4.422,0.2111
7PA4_C,0,24,3,21,4.7454,96.812,127.959,3.8399,2.3467,0.000,0.0000
7PIH_7QW,0,0,3,24,8.3387,106.960,153.250,7.0572,3.0592,0.428,0.2318
7PIH_7QW,0,1,3,24,8.1461,107.110,153.428,6.8639,2.9262,0.442,0.2267
7PIH_7QW,0,2,3,24,7.9624,107.258,153.579,6.6779,2.7991,0.457,0.2262
7PIH_7QW,0,3,3,24,7.7847,107.391,153.713,6.4948,2.6803,0.651,0.2198
7PIH_7QW,0,4,3,24,7.6201,107.706,154.008,6.3238,2.5691,0.925,0.2062
7PIH_7QW,0,5,3,24,7.4806,108.250,154.582,6.1776,2.4667,1.291,0.2068
7PIH_7QW,0,6,3,24,7.3700,109.067,155.531,6.0521,2.3722,1.643,0.2031
7PIH_7QW,0,7,3,24,7.2855,110.272,156.995,5.9497,2.2892,2.042,0.2065
7PIH_7QW,0,8,3,24,7.2393,111.483,158.867,5.8789,2.2191,2.371,0.2033
7PIH_7QW,0,9,3,24,7.2107,112.885,160.925,5.8281,2.1554,2.932,0.2131
7PIH_7QW,0,10,3,24,7.2123,114.529,163.348,5.8110,2.0943,3.593,0.2288
7PIH_7QW,0,11,3,24,7.2316,116.289,165.669,5.8121,2.0379,3.873,0.2324
7PIH_7QW,0,12,3,24,7.2665,118.111,168.040,5.8338,1.9844,4.378,0.2437
7PIH_7QW,0,13,3,24,7.3133,120.028,170.542,5.8709,1.9310,4.644,0.2454
7PIH_7QW,0,14,3,24,7.3736,122.119,173.389,5.9265,1.8789,4.895,0.2354
7PIH_7QW,0,15,3,24,7.4388,124.479,176.256,5.9891,1.8343,5.173,0.2334
7PIH_7QW,0,16,3,24,7.5206,126.936,179.226,6.0711,1.7992,5.144,0.2371
7PIH_7QW,0,17,3,24,7.6047,128.093,177.890,6.1644,1.7585,5.204,0.2429
7PIH_7QW,0,18,3,24,7.6924,128.849,175.084,6.2621,1.7374,5.340,0.2441
7PIH_7QW,0,19,3,24,7.7882,129.755,172.413,6.3719,1.7145,5.313,0.2407
7PIH_7QW,0,20,3,24,7.8953,130.931,169.905,6.4959,1.7170,5.088,0.2357
7PIH_7QW,0,21,3,24,8.0104,132.573,167.939,6.6330,1.7401,4.974,0.2394
7PIH_7QW,0,22,3,24,8.1307,134.540,166.198,6.7801,1.7819,4.464,0.2351
7PIH_7QW,0,23,3,24,8.2549,136.749,165.034,6.9352,1.8455,3.949,0.2377
7PIH_7QW,0,24,3,24,8.3828,138.985,164.194,7.0979,1.9193,0.000,0.0000
7PK0_BYC,0,0,14,56,9.1605,130.788,171.722,8.4385,3.3960,0.687,0.2309
7PK0_BYC,0,1,14,56,9.0381,130.938,171.827,8.2932,3.3004,0.703,0.2241
7PK0_BYC,0,2,14,56,8.9232,131.067,171.943,8.1580,3.2029,0.870,0.2270
7PK0_BYC,0,3,14,56,8.8341,131.231,172.168,8.0371,3.1117,0.981,0.2337
7PK0_BYC,0,4,14,56,8.7774,131.392,172.570,7.9341,3.0325,1.207,0.2407
7PK0_BYC,0,5,14,56,8.7582,131.498,173.371,7.8549,2.9689,1.556,0.2536
7PK0_BYC,0,6,14,56,8.7685,131.631,174.644,7.7966,2.9095,1.679,0.2599
7PK0_BYC,0,7,14,56,8.8002,131.765,176.160,7.7583,2.8511,1.997,0.2671
7PK0_BYC,0,8,14,56,8.8506,131.903,178.167,7.7355,2.7945,2.234,0.2711
7PK0_BYC,0,9,14,56,8.9144,131.961,179.524,7.7298,2.7320,2.604,0.2779
7PK0_BYC,0,10,14,56,8.9968,131.436,176.709,7.7449,2.6715,2.914,0.2743
7PK0_BYC,0,11,14,56,9.0930,130.916,173.939,7.7790,2.6123,3.278,0.2752
7PK0_BYC,0,12,14,56,9.1961,130.350,171.058,7.8282,2.5486,3.504,0.2706
7PK0_BYC,0,13,14,56,9.3036,129.804,168.343,7.8927,2.4868,3.557,0.2726
7PK0_BYC,0,14,14,56,9.4138,129.274,165.487,7.9650,2.4270,3.786,0.2687
7PK0_BYC,0,15,14,56,9.5264,128.681,162.183,8.0430,2.3704,3.837,0.2701
7PK0_BYC,0,16,14,56,9.6542,127.987,158.822,8.1391,2.3155,3.943,0.2623
7PK0_BYC,0,17,14,56,9.7905,127.393,156.061,8.2475,2.2642,4.236,0.2580
7PK0_BYC,0,18,14,56,9.9406,126.877,153.905,8.3694,2.2144,4.453,0.2514
7PK0_BYC,0,19,14,56,10.0970,126.425,152.128,8.5005,2.1720,4.843,0.2493
7PK0_BYC,0,20,14,56,10.2643,126.087,150.785,8.6435,2.1286,5.232,0.2421
7PK0_BYC,0,21,14,56,10.4308,125.941,151.439,8.7884,2.0794,5.859,0.2358
7PK0_BYC,0,22,14,56,10.5987,126.016,154.188,8.9372,2.0244,6.136,0.2310
7PK0_BYC,0,23,14,56,10.7650,126.352,157.573,9.0834,1.9586,6.399,0.2279
7PK0_BYC,0,24,14,56,10.9255,127.029,161.608,9.2215,1.8829,0.000,0.0000
7Q19_DSM,0,0,3,20,6.0493,102.360,110.993,6.0394,4.6406,0.388,0.2228
7Q19_DSM,0,1,3,20,5.8611,102.459,110.846,5.8318,4.4200,0.395,0.2190
7Q19_DSM,0,2,3,20,5.6795,102.563,110.667,5.6295,4.2032,0.489,0.2218
7Q19_DSM,0,3,3,20,5.5016,102.526,110.255,5.4266,3.9914,0.620,0.2273
7Q19_DSM,0,4,3,20,5.3231,102.237,109.441,5.2196,3.7844,0.754,0.2344
7Q19_DSM,0,5,3,20,5.1418,101.672,108.246,5.0068,3.5803,1.057,0.2387
7Q19_DSM,0,6,3,20,4.9515,100.813,106.459,4.7919,3.3773,1.446,0.2347
7Q19_DSM,0,7,3,20,4.7595,99.512,104.258,4.5753,3.1847,2.069,0.2426
7Q19_DSM,0,8,3,20,4.5559,97.645,101.396,4.3507,2.9966,2.396,0.2496
7Q19_DSM,0,9,3,20,4.3404,95.560,98.077,4.1172,2.8055,2.920,0.2650
7Q19_DSM,0,10,3,20,4.1059,93.151,94.183,3.8645,2.6092,3.317,0.2732
7Q19_DSM,0,11,3,20,3.8592,90.593,91.297,3.6024,2.4101,3.615,0.2798
7Q19_DSM,0,12,3,20,3.6049,87.733,90.215,3.3335,2.2102,3.981,0.2766
7Q19_DSM,0,13,3,20,3.3477,84.961,89.796,3.0697,2.0189,4.046,0.2894
7Q19_DSM,0,14,3,20,3.0804,81.890,89.242,2.7975,1.8287,4.034,0.2874
7Q19_DSM,0,15,3,20,2.8173,78.867,88.832,2.5328,1.6458,3.847,0.2782
7Q19_DSM,0,16,3,20,2.5702,76.059,88.654,2.2843,1.4821,3.812,0.2812
7Q19_DSM,0,17,3,20,2.3297,73.109,88.147,2.0422,1.3252,3.689,0.2832
7Q19_DSM,0,18,3,20,2.1089,70.455,87.963,1.8181,1.1877,3.219,0.2729
7Q19_DSM,0,19,3,20,1.9222,67.953,87.748,1.6216,1.0932,2.894,0.2706
7Q19_DSM,0,20,3,20,1.7739,65.850,87.760,1.4494,1.0318,2.336,0.2583
7Q19_DSM,0,21,3,20,1.6807,63.867,87.135,1.3120,1.0218,2.175,0.2583
7Q19_DSM,0,22,3,20,1.6390,62.411,87.040,1.1981,1.0651,1.753,0.2548
7Q19_DSM,0,23,3,20,1.6506,61.571,87.419,1.1212,1.1491,1.611,0.2445
7Q19_DSM,0,24,3,20,1.7096,60.745,87.497,1.1001,1.2667,0.000,0.0000
7Q2B_M6H,0,0,2,12,7.9372,149.941,163.384,6.4345,5.1097,0.458,0.2014
7Q2B_M6H,0,1,2,12,7.7351,149.687,162.805,6.2659,4.9752,0.375,0.1916
7Q2B_M6H,0,2,2,12,7.5413,149.501,162.413,6.1041,4.8426,0.494,0.1900
7Q2B_M6H,0,3,2,12,7.3506,149.224,161.860,5.9468,4.7065,0.740,0.1875
7Q2B_M6H,0,4,2,12,7.1717,148.933,161.070,5.8045,4.5713,1.018,0.1834
7Q2B_M6H,0,5,2,12,7.0109,148.533,160.015,5.6808,4.4457,1.357,0.1830
7Q2B_M6H,0,6,2,12,6.8679,148.185,158.874,5.5757,4.3273,1.635,0.1818
7Q2B_M6H,0,7,2,12,6.7422,147.732,157.558,5.4900,4.2182,2.061,0.1847
7Q2B_M6H,0,8,2,12,6.6312,147.378,156.086,5.4202,4.1169,2.221,0.1820
7Q2B_M6H,0,9,2,12,6.5278,146.773,154.318,5.3605,4.0176,2.279,0.1869
7Q2B_M6H,0,10,2,12,6.4319,146.129,152.609,5.3098,3.9207,2.582,0.1838
7Q2B_M6H,0,11,2,12,6.3437,145.435,150.873,5.2651,3.8257,2.745,0.1715
7Q2B_M6H,0,12,2,12,6.2645,144.472,148.940,5.2257,3.7392,3.076,0.1692
7Q2B_M6H,0,13,2,12,6.1936,143.641,147.153,5.1943,3.6502,3.386,0.1687
7Q2B_M6H,0,14,2,12,6.1238,142.762,145.232,5.1639,3.5599,3.747,0.1652
7Q2B_M6H,0,15,2,12,6.0537,141.620,143.139,5.1319,3.4671,3.829,0.1535
7Q2B_M6H,0,16,2,12,5.9914,140.400,141.058,5.1042,3.3863,3.914,0.1526
7Q2B_M6H,0,17,2,12,5.9328,139.389,139.552,5.0788,3.2991,3.987,0.1433
7Q2B_M6H,0,18,2,12,5.8740,138.118,138.976,5.0501,3.2162,3.675,0.1344
7Q2B_M6H,0,19,2,12,5.8153,136.840,138.190,5.0199,3.1372,3.404,0.1260
7Q2B_M6H,0,20,2,12,5.7654,135.540,137.204,4.9977,3.0698,3.011,0.1139
7Q2B_M6H,0,21,2,12,5.7204,133.997,135.612,4.9773,3.0121,2.821,0.1058
7Q2B_M6H,0,22,2,12,5.6753,132.309,133.452,4.9559,2.9622,2.313,0.0901
7Q2B_M6H,0,23,2,12,5.6461,130.673,130.893,4.9457,2.9338,2.028,0.0762
7Q2B_M6H,0,24,2,12,5.6353,129.310,130.018,4.9461,2.9253,0.000,0.0000
7Q5I_I0F,0,0,5,27,5.4208,120.639,150.919,5.3767,2.3691,0.396,0.1503
7Q5I_I0F,0,1,5,27,5.3489,120.526,150.772,5.2895,2.3008,0.396,0.1452
7Q5I_I0F,0,2,5,27,5.2801,120.428,150.683,5.2043,2.2353,0.514,0.1417
7Q5I_I0F,0,3,5,27,5.2013,120.266,150.541,5.1090,2.1670,0.769,0.1404
7Q5I_I0F,0,4,5,27,5.0996,119.998,150.286,4.9923,2.0966,1.181,0.1625
7Q5I_I0F,0,5,5,27,4.9649,119.652,149.943,4.8409,2.0188,1.474,0.1735
7Q5I_I0F,0,6,5,27,4.8169,119.250,149.595,4.6754,1.9394,1.820,0.1876
7Q5I_I0F,0,7,5,27,4.6557,118.814,149.129,4.4943,1.8559,2.335,0.2035
7Q5I_I0F,0,8,5,27,4.4813,118.223,148.473,4.2981,1.7665,2.480,0.1914
7Q5I_I0F,0,9,5,27,4.3185,117.554,147.583,4.1151,1.6851,2.876,0.1982
7Q5I_I0F,0,10,5,27,4.1525,116.827,146.506,3.9288,1.6028,3.149,0.2001
7Q5I_I0F,0,11,5,27,3.9888,116.038,145.274,3.7438,1.5262,3.396,0.1974
7Q5I_I0F,0,12,5,27,3.8323,115.178,143.950,3.5665,1.4590,3.595,0.1984
7Q5I_I0F,0,13,5,27,3.6839,114.330,144.863,3.3960,1.3979,3.671,0.1943
7Q5I_I0F,0,14,5,27,3.5453,113.451,145.664,3.2333,1.3456,3.764,0.1887
7Q5I_I0F,0,15,5,27,3.4167,112.662,146.409,3.0793,1.2944,3.894,0.1915
7Q5I_I0F,0,16,5,27,3.2917,111.894,147.189,2.9257,1.2420,4.076,0.1873
7Q5I_I0F,0,17,5,27,3.1742,111.181,147.952,2.7771,1.1891,4.075,0.1808
7Q5I_I0F,0,18,5,27,3.0676,110.603,148.557,2.6399,1.1341,4.200,0.1758
7Q5I_I0F,0,19,5,27,2.9671,110.147,149.055,2.5058,1.0777,4.296,0.1731
7Q5I_I0F,0,20,5,27,2.8730,109.713,149.375,2.3772,1.0213,4.312,0.1631
7Q5I_I0F,0,21,5,27,2.7885,109.268,149.270,2.2598,0.9702,4.458,0.1617
7Q5I_I0F,0,22,5,27,2.7092,108.670,148.950,2.1499,0.9303,4.618,0.1625
7Q5I_I0F,0,23,5,27,2.6379,107.994,148.246,2.0483,0.8985,5.000,0.1791
7Q5I_I0F,0,24,5,27,2.5782,107.383,147.347,1.9556,0.8808,0.000,0.0000
7QE4_NGA,0,0,3,15,6.9704,118.001,138.763,6.5454,3.8030,0.595,0.2317
7QE4_NGA,0,1,3,15,6.7554,118.447,139.134,6.3625,3.6273,0.543,0.2212
7QE4_NGA,0,2,3,15,6.5535,118.829,139.489,6.1890,3.4601,0.481,0.2064
7QE4_NGA,0,3,3,15,6.3670,119.203,139.638,6.0294,3.3026,0.758,0.1951
7QE4_NGA,0,4,3,15,6.1952,119.813,139.954,5.8868,3.1431,1.090,0.1874
7QE4_NGA,0,5,3,15,6.0391,120.602,140.281,5.7619,2.9870,1.323,0.1816
7QE4_NGA,0,6,3,15,5.8960,121.556,140.696,5.6473,2.8372,1.532,0.1758
7QE4_NGA,0,7,3,15,5.7626,122.671,141.270,5.5382,2.6930,2.008,0.1725
7QE4_NGA,0,8,3,15,5.6471,124.083,141.996,5.4475,2.5539,2.184,0.1778
7QE4_NGA,0,9,3,15,5.5407,125.748,142.918,5.3642,2.4142,2.504,0.1769
7QE4_NGA,0,10,3,15,5.4474,127.714,144.126,5.2928,2.2689,2.905,0.1854
7QE4_NGA,0,11,3,15,5.3685,129.973,145.481,5.2350,2.1219,2.994,0.1944
7QE4_NGA,0,12,3,15,5.2970,132.277,146.728,5.1810,1.9748,3.315,0.1989
7QE4_NGA,0,13,3,15,5.2336,134.834,148.388,5.1319,1.8198,3.729,0.2056
7QE4_NGA,0,14,3,15,5.1807,137.761,150.675,5.0896,1.6675,3.991,0.2030
7QE4_NGA,0,15,3,15,5.1390,140.813,153.214,5.0523,1.5240,4.316,0.2080
7QE4_NGA,0,16,3,15,5.1115,143.969,156.013,5.0287,1.3790,4.566,0.2068
7QE4_NGA,0,17,3,15,5.0967,147.200,158.953,5.0152,1.2474,4.332,0.2135
7QE4_NGA,0,18,3,15,5.0949,150.180,161.416,5.0152,1.1278,4.478,0.2132
7QE4_NGA,0,19,3,15,5.1036,153.295,164.123,5.0254,1.0231,4.623,0.2226
7QE4_NGA,0,20,3,15,5.1279,156.491,166.927,5.0571,0.9405,4.330,0.2106
7QE4_NGA,0,21,3,15,5.1596,159.558,169.397,5.0976,0.9033,3.971,0.2027
7QE4_NGA,0,22,3,15,5.1924,162.454,171.687,5.1412,0.8898,3.549,0.1806
7QE4_NGA,0,23,3,15,5.2304,164.852,173.211,5.1958,0.9267,3.470,0.1574
7QE4_NGA,0,24,3,15,5.2632,166.563,174.227,5.2472,1.0178,0.000,0.0000
7QF4_RBF,0,0,5,27,6.2133,153.715,153.715,5.4359,2.7482,0.123,0.1249
7QF4_RBF,0,1,5,27,6.1390,153.626,153.626,5.3358,2.6613,0.084,0.1199
7QF4_RBF,0,2,5,27,6.0689,153.568,153.568,5.2411,2.5762,0.111,0.1254
7QF4_RBF,0,3,5,27,5.9986,153.475,153.475,5.1414,2.4906,0.152,0.1302
7QF4_RBF,0,4,5,27,5.9292,153.353,153.353,5.0402,2.4022,0.253,0.1293
7QF4_RBF,0,5,5,27,5.8626,153.126,153.126,4.9437,2.3121,0.388,0.1288
7QF4_RBF,0,6,5,27,5.8009,152.813,152.813,4.8548,2.2190,0.660,0.1242
7QF4_RBF,0,7,5,27,5.7474,152.340,152.340,4.7787,2.1245,1.296,0.1278
7QF4_RBF,0,8,5,27,5.7048,151.563,151.563,4.7124,2.0249,1.692,0.1282
7QF4_RBF,0,9,5,27,5.6725,150.625,150.625,4.6518,1.9255,2.664,0.1334
7QF4_RBF,0,10,5,27,5.6639,149.379,149.379,4.6128,1.8139,3.135,0.1362
7QF4_RBF,0,11,5,27,5.6708,148.047,148.047,4.5910,1.6957,3.759,0.1447
7QF4_RBF,0,12,5,27,5.6991,146.568,146.568,4.5944,1.5774,4.249,0.1477
7QF4_RBF,0,13,5,27,5.7475,145.194,145.194,4.6194,1.4645,4.512,0.1524
7QF4_RBF,0,14,5,27,5.8083,143.799,143.799,4.6612,1.3648,4.358,0.1534
7QF4_RBF,0,15,5,27,5.8748,142.621,142.621,4.7208,1.2798,4.095,0.1597
7QF4_RBF,0,16,5,27,5.9471,141.525,141.525,4.7972,1.2023,3.976,0.1632
7QF4_RBF,0,17,5,27,6.0258,140.468,140.468,4.8925,1.1318,3.619,0.1653
7QF4_RBF,0,18,5,27,6.1141,139.669,139.669,5.0059,1.0724,3.447,0.1625
7QF4_RBF,0,19,5,27,6.2144,139.136,139.136,5.1270,1.0363,3.195,0.1629
7QF4_RBF,0,20,5,27,6.3220,138.856,138.856,5.2581,1.0124,3.079,0.1635
7QF4_RBF,0,21,5,27,6.4326,138.699,138.699,5.3929,1.0082,2.792,0.1563
7QF4_RBF,0,22,5,27,6.5420,138.665,138.665,5.5240,1.0177,2.252,0.1516
7QF4_RBF,0,23,5,27,6.6435,138.755,138.755,5.6474,1.0321,1.524,0.1417
7QF4_RBF,0,24,5,27,6.7360,138.960,138.960,5.7590,1.0531,0.000,0.0000
7QHL_D5P,0,0,5,30,6.9984,101.475,141.704,6.1009,2.7261,0.880,0.1948
7QHL_D5P,0,1,5,30,6.8616,101.886,142.858,5.9979,2.5733,0.871,0.1875
7QHL_D5P,0,2,5,30,6.7328,102.329,144.016,5.9031,2.4229,1.128,0.1785
7QHL_D5P,0,3,5,30,6.6322,103.040,145.595,5.8356,2.2806,1.556,0.1775
7QHL_D5P,0,4,5,30,6.5720,104.055,147.886,5.8068,2.1496,1.977,0.1832
7QHL_D5P,0,5,5,30,6.5420,105.311,150.790,5.8062,2.0211,2.430,0.1888
7QHL_D5P,0,6,5,30,6.5366,106.841,154.497,5.8307,1.8955,2.547,0.1926
7QHL_D5P,0,7,5,30,6.5481,108.547,158.658,5.8729,1.7775,2.839,0.1954
7QHL_D5P,0,8,5,30,6.5758,110.472,163.355,5.9327,1.6660,2.936,0.1982
7QHL_D5P,0,9,5,30,6.6128,112.548,168.163,6.0009,1.5544,3.131,0.2040
7QHL_D5P,0,10,5,30,6.6604,114.655,173.025,6.0766,1.4357,3.230,0.2097
7QHL_D5P,0,11,5,30,6.7231,116.831,177.714,6.1660,1.3185,3.288,0.2160
7QHL_D5P,0,12,5,30,6.7972,118.240,177.848,6.2647,1.1982,3.355,0.2184
7QHL_D5P,0,13,5,30,6.8772,118.777,173.701,6.3643,1.0746,3.326,0.2249
7QHL_D5P,0,14,5,30,6.9663,119.459,169.881,6.4708,0.9509,3.425,0.2286
7QHL_D5P,0,15,5,30,7.0657,120.361,166.528,6.5846,0.8256,3.369,0.2319
7QHL_D5P,0,16,5,30,7.1740,121.400,163.674,6.7045,0.6995,3.575,0.2364
7QHL_D5P,0,17,5,30,7.2922,122.740,161.119,6.8322,0.5721,3.979,0.2509
7QHL_D5P,0,18,5,30,7.4268,124.374,158.934,6.9747,0.4331,4.177,0.2568
7QHL_D5P,0,19,5,30,7.5662,126.230,158.598,7.1234,0.2896,4.603,0.2716
7QHL_D5P,0,20,5,30,7.7183,128.431,161.929,7.2864,0.1469,4.779,0.2686
7QHL_D5P,0,21,5,30,7.8763,130.831,165.345,7.4558,0.0895,5.016,0.2863
7QHL_D5P,0,22,5,30,8.0497,133.377,171.454,7.6442,0.2272,5.654,0.2981
7QHL_D5P,0,23,5,30,8.2468,136.169,179.979,7.8592,0.3973,5.676,0.3174
7QHL_D5P,0,24,5,30,8.4826,135.807,178.633,8.1162,0.5642,0.000,0.0000
7QK0_EBL,0,0,4,38,9.9868,141.597,160.819,8.9402,3.9022,0.541,0.2952
7QK0_EBL,0,1,4,38,9.7683,141.479,160.386,8.7098,3.7505,0.475,0.2860
7QK0_EBL,0,2,4,38,9.5585,141.400,160.187,8.4885,3.6081,0.559,0.2787
7QK0_EBL,0,3,4,38,9.3592,141.390,160.276,8.2786,3.4744,0.840,0.2774
7QK0_EBL,0,4,4,38,9.1736,141.516,160.909,8.0823,3.3405,1.107,0.2656
7QK0_EBL,0,5,4,38,9.0126,141.753,162.043,7.9117,3.2110,1.646,0.2577
7QK0_EBL,0,6,4,38,8.8763,142.163,163.778,7.7688,3.0803,2.008,0.2490
7QK0_EBL,0,7,4,38,8.7629,142.675,165.549,7.6515,2.9588,2.264,0.2437
7QK0_EBL,0,8,4,38,8.6840,143.451,167.865,7.5774,2.8341,2.436,0.2471
7QK0_EBL,0,9,4,38,8.6165,144.281,169.996,7.5221,2.7051,2.639,0.2472
7QK0_EBL,0,10,4,38,8.5811,145.353,172.501,7.5044,2.5854,2.710,0.2554
7QK0_EBL,0,11,4,38,8.5721,146.692,175.157,7.5156,2.4638,2.888,0.2541
7QK0_EBL,0,12,4,38,8.5762,148.112,177.461,7.5423,2.3528,2.923,0.2510
7QK0_EBL,0,13,4,38,8.5938,149.510,179.424,7.5866,2.2539,3.103,0.2482
7QK0_EBL,0,14,4,38,8.6176,150.415,179.047,7.6418,2.1562,3.217,0.2395
7QK0_EBL,0,15,4,38,8.6448,150.988,177.532,7.6992,2.0714,3.272,0.2435
7QK0_EBL,0,16,4,38,8.6793,151.685,176.291,7.7637,1.9869,3.357,0.2348
7QK0_EBL,0,17,4,38,8.7169,152.326,175.018,7.8321,1.9161,3.146,0.2440
7QK0_EBL,0,18,4,38,8.7552,152.881,176.715,7.9004,1.8543,3.285,0.2380
7QK0_EBL,0,19,4,38,8.7945,153.296,177.638,7.9702,1.8144,3.233,0.2454
7QK0_EBL,0,20,4,38,8.8315,153.500,177.604,8.0381,1.7901,3.210,0.2523
7QK0_EBL,0,21,4,38,8.8668,153.689,177.186,8.1043,1.7861,3.200,0.2610
7QK0_EBL,0,22,4,38,8.9037,153.797,176.382,8.1735,1.8084,3.039,0.2697
7QK0_EBL,0,23,4,38,8.9453,153.775,175.010,8.2515,1.8518,2.951,0.2777
7QK0_EBL,0,24,4,38,8.9932,153.186,173.078,8.3459,1.9098,0.000,0.0000
7R3D_APR,0,0,6,36,7.5676,155.054,173.350,5.9467,3.1783,0.540,0.2045
7R3D_APR,0,1,6,36,7.4202,155.110,173.185,5.7843,3.0353,0.527,0.2001
7R3D_APR,0,2,6,36,7.2803,155.163,172.964,5.6262,2.9015,0.563,0.1953
7R3D_APR,0,3,6,36,7.1368,155.188,172.723,5.4661,2.7723,0.668,0.1925
7R3D_APR,0,4,6,36,6.9864,155.136,172.566,5.3012,2.6458,0.758,0.1934
7R3D_APR,0,5,6,36,6.8255,155.071,172.531,5.1307,2.5206,0.891,0.2020
7R3D_APR,0,6,6,36,6.6448,155.008,172.583,4.9484,2.3988,1.032,0.2179
7R3D_APR,0,7,6,36,6.4390,154.845,172.487,4.7459,2.2848,1.207,0.2305
7R3D_APR,0,8,6,36,6.2077,154.610,172.362,4.5306,2.1735,1.475,0.2435
7R3D_APR,0,9,6,36,5.9610,154.169,171.746,4.3053,2.0619,1.649,0.2653
7R3D_APR,0,10,6,36,5.6935,153.712,171.216,4.0634,1.9522,1.824,0.2787
7R3D_APR,0,11,6,36,5.4194,153.169,170.637,3.8145,1.8413,2.042,0.2881
7R3D_APR,0,12,6,36,5.1480,152.496,169.870,3.5614,1.7289,2.164,0.2838
7R3D_APR,0,13,6,36,4.8868,151.819,168.896,3.3158,1.6138,2.245,0.2752
7R3D_APR,0,14,6,36,4.6408,151.154,167.776,3.0826,1.4953,2.295,0.2570
7R3D_APR,0,15,6,36,4.4169,150.481,166.517,2.8710,1.3773,2.374,0.2559
7R3D_APR,0,16,6,36,4.1991,149.730,165.470,2.6702,1.2566,2.462,0.2516
7R3D_APR,0,17,6,36,3.9976,148.974,164.980,2.4884,1.1366,2.746,0.2496
7R3D_APR,0,18,6,36,3.8157,147.963,165.423,2.3285,1.0119,3.101,0.2383
7R3D_APR,0,19,6,36,3.6571,146.968,165.976,2.1922,0.9005,3.560,0.2330
7R3D_APR,0,20,6,36,3.5190,146.002,166.452,2.0743,0.8037,4.174,0.2205
7R3D_APR,0,21,6,36,3.4137,145.126,167.722,1.9892,0.7318,4.959,0.2255
7R3D_APR,0,22,6,36,3.3270,144.211,170.382,1.9242,0.6724,5.694,0.2223
7R3D_APR,0,23,6,36,3.2744,143.427,173.621,1.9055,0.6353,5.736,0.2321
7R3D_APR,0,24,6,36,3.2609,142.845,176.999,1.9343,0.6192,0.000,0.0000
7R7R_AWJ,0,0,5,33,8.0187,107.045,178.868,7.3487,2.0615,0.435,0.2237
7R7R_AWJ,0,1,5,33,7.8247,107.254,179.112,7.1534,1.9554,0.405,0.2153
7R7R_AWJ,0,2,5,33,7.6415,107.471,179.328,6.9677,1.8482,0.634,0.2049
7R7R_AWJ,0,3,5,33,7.4769,107.867,179.778,6.7991,1.7504,1.020,0.1993
7R7R_AWJ,0,4,5,33,7.3351,108.344,179.574,6.6509,1.6636,1.357,0.1996
7R7R_AWJ,0,5,5,33,7.2130,108.776,178.553,6.5219,1.5754,1.902,0.2089
7R7R_AWJ,0,6,5,33,7.1053,109.289,177.097,6.4025,1.4750,2.235,0.2094
7R7R_AWJ,0,7,5,33,7.0108,109.864,175.643,6.2985,1.3687,2.502,0.2132
7R7R_AWJ,0,8,5,33,6.9396,110.580,174.087,6.2164,1.2520,2.708,0.2206
7R7R_AWJ,0,9,5,33,6.8784,111.375,172.770,6.1461,1.1319,2.894,0.2246
7R7R_AWJ,0,10,5,33,6.8283,112.282,171.585,6.0904,1.0076,3.184,0.2263
7R7R_AWJ,0,11,5,33,6.7849,113.295,170.878,6.0453,0.8854,3.289,0.2274
7R7R_AWJ,0,12,5,33,6.7580,114.422,170.420,6.0180,0.7587,3.447,0.2256
7R7R_AWJ,0,13,5,33,6.7438,115.690,170.428,6.0084,0.6324,3.384,0.2256
7R7R_AWJ,0,14,5,33,6.7427,117.191,170.622,6.0114,0.5074,3.321,0.2248
7R7R_AWJ,0,15,5,33,6.7551,118.823,170.742,6.0278,0.3888,3.209,0.2219
7R7R_AWJ,0,16,5,33,6.7830,120.622,171.066,6.0586,0.2869,3.239,0.2140
7R7R_AWJ,0,17,5,33,6.8225,122.490,171.527,6.1017,0.2152,3.527,0.2205
7R7R_AWJ,0,18,5,33,6.8781,124.488,171.915,6.1614,0.1979,3.400,0.2102
7R7R_AWJ,0,19,5,33,6.9391,126.508,172.388,6.2255,0.2332,3.293,0.2090
7R7R_AWJ,0,20,5,33,7.0096,128.386,172.959,6.2984,0.2946,3.260,0.2092
7R7R_AWJ,0,21,5,33,7.0950,130.035,173.088,6.3835,0.3719,3.345,0.2063
7R7R_AWJ,0,22,5,33,7.1956,131.485,173.326,6.4782,0.4557,3.618,0.2120
7R7R_AWJ,0,23,5,33,7.3101,132.367,172.746,6.5790,0.5316,4.147,0.2297
7R7R_AWJ,0,24,5,33,7.4567,132.472,171.239,6.6970,0.6078,0.000,0.0000
7RC3_SAH,0,0,5,26,6.1941,148.903,177.625,5.8448,2.4848,0.511,0.1669
7RC3_SAH,0,1,5,26,6.0920,148.788,177.479,5.7560,2.4002,0.542,0.1608
7RC3_SAH,0,2,5,26,6.0038,148.715,177.442,5.6845,2.3222,0.654,0.1622
7RC3_SAH,0,3,5,26,5.9225,148.565,177.372,5.6201,2.2448,0.865,0.1636
7RC3_SAH,0,4,5,26,5.8433,148.257,177.146,5.5539,2.1650,1.093,0.1648
7RC3_SAH,0,5,5,26,5.7690,147.861,177.005,5.4901,2.0816,1.412,0.1668
7RC3_SAH,0,6,5,26,5.7065,147.428,176.892,5.4407,1.9974,1.427,0.1625
7RC3_SAH,0,7,5,26,5.6555,147.099,176.862,5.4017,1.9147,1.865,0.1660
7RC3_SAH,0,8,5,26,5.6093,146.658,176.904,5.3712,1.8373,2.277,0.1694
7RC3_SAH,0,9,5,26,5.5805,146.156,177.074,5.3625,1.7620,2.782,0.1687
7RC3_SAH,0,10,5,26,5.5526,145.508,176.926,5.3483,1.6875,2.995,0.1679
7RC3_SAH,0,11,5,26,5.5517,145.022,177.186,5.3628,1.6051,3.463,0.1757
7RC3_SAH,0,12,5,26,5.5789,144.632,177.540,5.4045,1.5217,3.904,0.1860
7RC3_SAH,0,13,5,26,5.6393,144.379,177.489,5.4755,1.4424,4.433,0.2033
7RC3_SAH,0,14,5,26,5.7313,144.172,177.211,5.5786,1.3677,4.727,0.2181
7RC3_SAH,0,15,5,26,5.8497,144.120,179.503,5.7085,1.2926,5.046,0.2200
7RC3_SAH,0,16,5,26,5.9844,143.174,178.210,5.8504,1.2163,5.266,0.2221
7RC3_SAH,0,17,5,26,6.1313,141.892,175.975,6.0039,1.1446,5.336,0.2174
7RC3_SAH,0,18,5,26,6.2814,140.653,175.028,6.1580,1.0721,5.344,0.2131
7RC3_SAH,0,19,5,26,6.4334,139.597,174.096,6.3105,1.0064,5.187,0.2053
7RC3_SAH,0,20,5,26,6.5837,138.869,173.450,6.4591,0.9374,4.804,0.1861
7RC3_SAH,0,21,5,26,6.7300,138.424,172.912,6.5974,0.8666,4.560,0.1674
7RC3_SAH,0,22,5,26,6.8573,138.209,172.230,6.7204,0.8241,3.983,0.1371
7RC3_SAH,0,23,5,26,6.9487,138.194,171.411,6.8146,0.8227,3.668,0.1020
7RC3_SAH,0,24,5,26,6.9833,138.715,171.001,6.8597,0.8533,0.000,0.0000
7REE_4LY,0,0,8,42,6.7607,121.322,172.390,5.8671,2.2734,0.544,0.1930
7REE_4LY,0,1,8,42,6.6781,121.388,172.671,5.7543,2.2414,0.607,0.1941
7REE_4LY,0,2,8,42,6.6044,121.470,173.099,5.6469,2.2182,0.881,0.1891
7REE_4LY,0,3,8,42,6.5460,121.631,173.754,5.5480,2.2140,1.168,0.1824
7REE_4LY,0,4,8,42,6.5021,121.911,174.622,5.4586,2.2238,1.475,0.1835
7REE_4LY,0,5,8,42,6.4703,122.346,175.826,5.3750,2.2453,1.734,0.1866
7REE_4LY,0,6,8,42,6.4510,122.901,177.438,5.2999,2.2738,1.949,0.1874
7REE_4LY,0,7,8,42,6.4328,123.464,179.271,5.2259,2.3074,2.211,0.1866
7REE_4LY,0,8,8,42,6.4327,123.713,178.631,5.1649,2.3496,2.553,0.1869
7REE_4LY,0,9,8,42,6.4456,123.620,179.555,5.1129,2.3996,2.895,0.1878
7REE_4LY,0,10,8,42,6.4607,122.931,177.049,5.0603,2.4533,3.169,0.1879
7REE_4LY,0,11,8,42,6.4744,122.268,174.571,5.0059,2.5060,3.488,0.1947
7REE_4LY,0,12,8,42,6.4923,121.625,172.009,4.9538,2.5609,3.686,0.1921
7REE_4LY,0,13,8,42,6.5163,121.085,169.711,4.9078,2.6145,4.023,0.2003
7REE_4LY,0,14,8,42,6.5341,120.679,167.367,4.8541,2.6696,4.387,0.2070
7REE_4LY,0,15,8,42,6.5545,120.491,165.038,4.7983,2.7293,4.886,0.2181
7REE_4LY,0,16,8,42,6.5817,120.592,162.770,4.7385,2.8007,5.464,0.2229
7REE_4LY,0,17,8,42,6.6021,121.106,164.012,4.6736,2.8698,5.968,0.2326
7REE_4LY,0,18,8,42,6.6146,121.935,169.127,4.6056,2.9375,6.422,0.2367
7REE_4LY,0,19,8,42,6.6318,123.062,174.502,4.5472,3.0096,6.458,0.2431
7REE_4LY,0,20,8,42,6.6505,124.306,179.990,4.4954,3.0834,6.071,0.2396
7REE_4LY,0,21,8,42,6.6733,124.257,174.969,4.4624,3.1541,5.984,0.2412
7REE_4LY,0,22,8,42,6.7006,124.480,175.540,4.4499,3.2255,5.642,0.2426
7REE_4LY,0,23,8,42,6.7274,124.969,176.210,4.4647,3.2913,5.460,0.2528
7REE_4LY,0,24,8,42,6.7554,126.037,176.289,4.5050,3.3529,0.000,0.0000
7RH3_59O,0,0,8,34,6.8583,148.016,177.063,5.9361,3.0329,0.596,0.2203
7RH3_59O,0,1,8,34,6.6920,148.060,177.023,5.7847,2.9153,0.578,0.2108
7RH3_59O,0,2,8,34,6.5359,148.142,177.047,5.6443,2.8014,0.703,0.2040
7RH3_59O,0,3,8,34,6.3837,148.074,177.143,5.5107,2.6935,0.678,0.2039
7RH3_59O,0,4,8,34,6.2287,147.979,177.213,5.3787,2.5772,0.986,0.2031
7RH3_59O,0,5,8,34,6.0697,147.794,177.314,5.2455,2.4592,1.267,0.1993
7RH3_59O,0,6,8,34,5.9144,147.518,177.467,5.1172,2.3474,1.498,0.1965
7RH3_59O,0,7,8,34,5.7628,147.147,177.751,4.9993,2.2318,1.855,0.1993
7RH3_59O,0,8,8,34,5.6223,146.890,178.177,4.8901,2.1359,2.018,0.2054
7RH3_59O,0,9,8,34,5.4852,146.541,178.621,4.7859,2.0456,2.242,0.2137
7RH3_59O,0,10,8,34,5.3504,146.019,178.843,4.6879,1.9546,2.306,0.2202
7RH3_59O,0,11,8,34,5.2346,145.636,179.083,4.6092,1.8726,2.427,0.2249
7RH3_59O,0,12,8,34,5.1377,145.233,179.363,4.5481,1.7960,2.525,0.2271
7RH3_59O,0,13,8,34,5.0534,144.998,179.323,4.5008,1.7132,2.551,0.2341
7RH3_59O,0,14,8,34,4.9942,145.076,179.120,4.4765,1.6411,2.951,0.2386
7RH3_59O,0,15,8,34,4.9531,145.205,178.648,4.4660,1.5841,3.357,0.2428
7RH3_59O,0,16,8,34,4.9266,145.511,177.888,4.4692,1.5302,3.788,0.2452
7RH3_59O,0,17,8,34,4.9107,146.071,176.781,4.4818,1.4751,4.088,0.2443
7RH3_59O,0,18,8,34,4.9118,146.770,175.579,4.5076,1.4278,4.408,0.2480
7RH3_59O,0,19,8,34,4.9297,147.520,174.090,4.5482,1.3894,4.634,0.2502
7RH3_59O,0,20,8,34,4.9646,148.365,172.266,4.6028,1.3549,4.687,0.2512
7RH3_59O,0,21,8,34,5.0157,149.293,170.645,4.6681,1.3358,4.841,0.2590
7RH3_59O,0,22,8,34,5.0850,150.440,169.325,4.7481,1.3209,4.978,0.2689
7RH3_59O,0,23,8,34,5.1740,151.937,168.629,4.8402,1.3192,4.793,0.2716
7RH3_59O,0,24,8,34,5.2821,153.684,168.435,4.9463,1.3459,0.000,0.0000
7RKW_5TV,0,0,4,25,6.3810,105.409,170.100,5.3209,1.9591,0.431,0.1755
7RKW_5TV,0,1,4,25,6.2225,105.300,170.244,5.1932,1.8978,0.423,0.1684
7RKW_5TV,0,2,4,25,6.0741,105.220,170.513,5.0733,1.8407,0.522,0.1733
7RKW_5TV,0,3,4,25,5.9304,105.135,170.818,4.9575,1.7844,0.696,0.1780
7RKW_5TV,0,4,4,25,5.7954,105.097,171.308,4.8480,1.7292,0.842,0.1807
7RKW_5TV,0,5,4,25,5.6644,105.049,171.870,4.7430,1.6740,1.089,0.1820
7RKW_5TV,0,6,4,25,5.5462,105.024,172.505,4.6476,1.6250,1.274,0.1829
7RKW_5TV,0,7,4,25,5.4551,105.121,173.426,4.5728,1.5773,1.655,0.1884
7RKW_5TV,0,8,4,25,5.3946,105.316,174.647,4.5194,1.5224,1.762,0.1860
7RKW_5TV,0,9,4,25,5.3377,105.521,175.744,4.4691,1.4643,2.008,0.1935
7RKW_5TV,0,10,4,25,5.2963,105.780,177.005,4.4298,1.4073,2.458,0.1959
7RKW_5TV,0,11,4,25,5.2596,106.013,178.464,4.3888,1.3396,2.863,0.2016
7RKW_5TV,0,12,4,25,5.2307,106.291,179.971,4.3510,1.2729,3.325,0.2088
7RKW_5TV,0,13,4,25,5.2259,105.846,178.337,4.3302,1.2174,3.519,0.2152
7RKW_5TV,0,14,4,25,5.2351,105.367,176.882,4.3192,1.1667,3.539,0.2117
7RKW_5TV,0,15,4,25,5.2572,104.858,175.286,4.3252,1.1304,3.483,0.2159
7RKW_5TV,0,16,4,25,5.2893,104.402,173.698,4.3386,1.0908,3.487,0.2133
7RKW_5TV,0,17,4,25,5.3253,103.931,172.032,4.3564,1.0508,3.421,0.2140
7RKW_5TV,0,18,4,25,5.3646,103.645,170.431,4.3842,1.0294,3.380,0.2083
7RKW_5TV,0,19,4,25,5.4001,103.647,169.098,4.4109,1.0083,3.153,0.2085
7RKW_5TV,0,20,4,25,5.4346,104.019,168.226,4.4424,1.0027,2.901,0.1940
7RKW_5TV,0,21,4,25,5.4605,104.382,167.359,4.4770,1.0088,3.140,0.1779
7RKW_5TV,0,22,4,25,5.4863,103.961,166.136,4.5285,1.0359,3.311,0.1712
7RKW_5TV,0,23,4,25,5.4950,103.669,164.939,4.5725,1.0810,3.282,0.1915
7RKW_5TV,0,24,4,25,5.5061,103.632,163.469,4.6282,1.1149,0.000,0.0000
7RSV_7IQ,0,0,2,20,7.6504,115.500,157.831,6.6014,2.8926,0.938,0.2361
7RSV_7IQ,0,1,2,20,7.4609,116.090,157.839,6.4132,2.7442,0.911,0.2251
7RSV_7IQ,0,2,2,20,7.2854,116.735,157.928,6.2370,2.6063,1.329,0.2295
7RSV_7IQ,0,3,2,20,7.1211,117.658,158.084,6.0745,2.4662,1.961,0.2377
7RSV_7IQ,0,4,2,20,6.9720,119.143,158.396,5.9269,2.3292,2.442,0.2421
7RSV_7IQ,0,5,2,20,6.8399,121.042,159.003,5.7976,2.1912,3.076,0.2452
7RSV_7IQ,0,6,2,20,6.7305,123.608,160.023,5.6894,2.0597,3.268,0.2448
7RSV_7IQ,0,7,2,20,6.6397,126.379,161.421,5.6006,1.9324,3.782,0.2556
7RSV_7IQ,0,8,2,20,6.5695,129.738,163.310,5.5336,1.8072,3.671,0.2605
7RSV_7IQ,0,9,2,20,6.5053,133.062,165.311,5.4727,1.6868,3.476,0.2542
7RSV_7IQ,0,10,2,20,6.4476,136.235,167.248,5.4222,1.5566,3.603,0.2509
7RSV_7IQ,0,11,2,20,6.4021,139.563,169.143,5.3831,1.4333,3.387,0.2474
7RSV_7IQ,0,12,2,20,6.3632,142.699,170.954,5.3525,1.3098,3.066,0.2487
7RSV_7IQ,0,13,2,20,6.3319,145.495,172.567,5.3316,1.1810,3.081,0.2560
7RSV_7IQ,0,14,2,20,6.3084,148.233,173.988,5.3199,1.0449,3.046,0.2545
7RSV_7IQ,0,15,2,20,6.2955,150.947,175.161,5.3196,0.9077,2.958,0.2554
7RSV_7IQ,0,16,2,20,6.2955,153.482,176.083,5.3333,0.7712,2.878,0.2507
7RSV_7IQ,0,17,2,20,6.3074,155.961,176.875,5.3585,0.6410,3.015,0.2453
7RSV_7IQ,0,18,2,20,6.3245,158.628,177.607,5.3871,0.5026,2.899,0.2455
7RSV_7IQ,0,19,2,20,6.3520,161.103,178.213,5.4269,0.3749,3.035,0.2406
7RSV_7IQ,0,20,2,20,6.3884,163.645,178.679,5.4764,0.2504,3.170,0.2209
7RSV_7IQ,0,21,2,20,6.4270,166.145,178.880,5.5275,0.1550,3.136,0.2102
7RSV_7IQ,0,22,2,20,6.4651,168.424,178.788,5.5774,0.1378,3.467,0.1853
7RSV_7IQ,0,23,2,20,6.4890,170.667,178.216,5.6082,0.2118,3.765,0.1768
7RSV_7IQ,0,24,2,20,6.4856,172.697,177.028,5.6044,0.3104,0.000,0.0000
7RUI_7QZ,0,0,9,51,7.6542,140.150,174.677,6.4177,3.6477,0.725,0.2668
7RUI_7QZ,0,1,9,51,7.4556,139.885,174.665,6.2570,3.4368,0.680,0.2608
7RUI_7QZ,0,2,9,51,7.2670,139.631,174.670,6.1091,3.2282,0.804,0.2619
7RUI_7QZ,0,3,9,51,7.0799,139.395,174.685,5.9605,3.0231,1.030,0.2676
7RUI_7QZ,0,4,9,51,6.8835,139.152,174.723,5.8014,2.8248,1.267,0.2692
7RUI_7QZ,0,5,9,51,6.6850,138.939,174.837,5.6367,2.6386,1.524,0.2786
7RUI_7QZ,0,6,9,51,6.4871,138.752,175.239,5.4702,2.4619,1.687,0.2821
7RUI_7QZ,0,7,9,51,6.2962,138.517,175.708,5.3087,2.2970,1.959,0.2928
7RUI_7QZ,0,8,9,51,6.1163,138.305,176.384,5.1549,2.1399,2.135,0.3015
7RUI_7QZ,0,9,9,51,5.9444,138.023,177.127,5.0094,1.9945,2.365,0.3079
7RUI_7QZ,0,10,9,51,5.7908,137.802,177.973,4.8784,1.8637,2.366,0.3097
7RUI_7QZ,0,11,9,51,5.6596,137.557,179.085,4.7650,1.7444,2.360,0.3112
7RUI_7QZ,0,12,9,51,5.5486,137.310,179.521,4.6662,1.6474,2.537,0.3050
7RUI_7QZ,0,13,9,51,5.4645,136.915,177.880,4.5869,1.5713,2.667,0.3110
7RUI_7QZ,0,14,9,51,5.4041,136.528,176.070,4.5278,1.5286,2.568,0.3081
7RUI_7QZ,0,15,9,51,5.3635,136.133,174.123,4.4837,1.5208,2.654,0.3106
7RUI_7QZ,0,16,9,51,5.3448,135.808,172.115,4.4572,1.5515,2.722,0.3082
7RUI_7QZ,0,17,9,51,5.3462,135.527,170.048,4.4473,1.6177,2.884,0.3084
7RUI_7QZ,0,18,9,51,5.3640,135.149,167.763,4.4507,1.7091,2.926,0.3027
7RUI_7QZ,0,19,9,51,5.4029,134.679,165.432,4.4724,1.8212,3.025,0.3012
7RUI_7QZ,0,20,9,51,5.4600,134.018,163.062,4.5111,1.9461,3.281,0.2913
7RUI_7QZ,0,21,9,51,5.5346,133.148,160.662,4.5664,2.0898,3.335,0.2958
7RUI_7QZ,0,22,9,51,5.6292,132.119,158.404,4.6409,2.2383,3.618,0.2886
7RUI_7QZ,0,23,9,51,5.7461,131.057,156.560,4.7399,2.3818,4.115,0.2822
7RUI_7QZ,0,24,9,51,5.8875,129.905,155.140,4.8608,2.5203,0.000,0.0000
7RWO_7WN,0,0,2,20,4.2128,119.554,175.693,3.0290,3.0055,0.527,0.1906
7RWO_7WN,0,1,2,20,4.1384,119.505,175.492,2.9404,2.9023,0.550,0.1865
7RWO_7WN,0,2,2,20,4.0737,119.487,175.279,2.8607,2.8054,0.555,0.1798
7RWO_7WN,0,3,2,20,4.0196,119.463,175.026,2.7902,2.7162,0.579,0.1778
7RWO_7WN,0,4,2,20,3.9728,119.439,174.741,2.7247,2.6304,0.686,0.1722
7RWO_7WN,0,5,2,20,3.9334,119.488,174.543,2.6647,2.5483,0.833,0.1613
7RWO_7WN,0,6,2,20,3.8965,119.556,174.482,2.6048,2.4672,1.106,0.1493
7RWO_7WN,0,7,2,20,3.8606,119.476,174.464,2.5466,2.3911,1.456,0.1337
7RWO_7WN,0,8,2,20,3.8259,119.476,174.670,2.4905,2.3204,1.674,0.1381
7RWO_7WN,0,9,2,20,3.7858,119.513,174.978,2.4255,2.2434,2.148,0.1340
7RWO_7WN,0,10,2,20,3.7445,119.566,175.620,2.3619,2.1715,2.306,0.1353
7RWO_7WN,0,11,2,20,3.7150,119.863,176.516,2.3112,2.1101,2.890,0.1328
7RWO_7WN,0,12,2,20,3.6774,119.985,177.696,2.2547,2.0461,3.570,0.1277
7RWO_7WN,0,13,2,20,3.6440,120.176,179.517,2.2115,1.9964,3.973,0.1196
7RWO_7WN,0,14,2,20,3.6069,118.865,178.363,2.1670,1.9467,4.044,0.1182
7RWO_7WN,0,15,2,20,3.5770,117.087,175.951,2.1317,1.9062,4.446,0.1085
7RWO_7WN,0,16,2,20,3.5462,114.948,173.196,2.1047,1.8708,4.764,0.0945
7RWO_7WN,0,17,2,20,3.5125,112.473,170.146,2.0847,1.8407,4.929,0.1060
7RWO_7WN,0,18,2,20,3.4761,110.287,167.066,2.0599,1.8037,5.135,0.0894
7RWO_7WN,0,19,2,20,3.4455,108.107,163.938,2.0527,1.7811,5.250,0.0914
7RWO_7WN,0,20,2,20,3.4100,106.167,160.801,2.0442,1.7507,5.143,0.1049
7RWO_7WN,0,21,2,20,3.3743,104.576,157.844,2.0443,1.7136,5.444,0.1151
7RWO_7WN,0,22,2,20,3.3428,103.024,154.954,2.0565,1.6775,5.109,0.1305
7RWO_7WN,0,23,2,20,3.3214,101.819,152.503,2.0868,1.6428,4.784,0.1373
7RWO_7WN,0,24,2,20,3.3083,100.478,150.156,2.1337,1.6085,0.000,0.0000
7RWS_4UR,0,0,3,45,5.4093,118.136,161.950,4.0281,1.4155,0.475,0.1183
7RWS_4UR,0,1,3,45,5.3412,118.107,162.237,3.9457,1.3161,0.483,0.1132
7RWS_4UR,0,2,3,45,5.2803,118.067,162.490,3.8710,1.2213,0.567,0.1115
7RWS_4UR,0,3,3,45,5.2136,118.015,162.729,3.7854,1.1329,0.724,0.1187
7RWS_4UR,0,4,3,45,5.1376,117.954,163.029,3.6843,1.0520,0.894,0.1335
7RWS_4UR,0,5,3,45,5.0516,117.889,163.379,3.5675,0.9743,1.121,0.1508
7RWS_4UR,0,6,3,45,4.9550,117.812,163.851,3.4343,0.9007,1.261,0.1575
7RWS_4UR,0,7,3,45,4.8550,117.699,164.378,3.2942,0.8338,1.521,0.1742
7RWS_4UR,0,8,3,45,4.7471,117.524,164.985,3.1419,0.7697,1.602,0.1695
7RWS_4UR,0,9,3,45,4.6463,117.418,165.861,2.9956,0.7145,1.823,0.1811
7RWS_4UR,0,10,3,45,4.5445,117.314,167.120,2.8426,0.6777,2.056,0.1883
7RWS_4UR,0,11,3,45,4.4418,117.299,168.763,2.6845,0.6484,2.160,0.1935
7RWS_4UR,0,12,3,45,4.3439,117.282,170.616,2.5282,0.6370,2.268,0.1942
7RWS_4UR,0,13,3,45,4.2559,117.341,172.906,2.3828,0.6466,2.583,0.2014
7RWS_4UR,0,14,3,45,4.1724,117.361,175.697,2.2400,0.6855,2.514,0.1970
7RWS_4UR,0,15,3,45,4.1013,117.397,178.616,2.1202,0.7400,2.489,0.2040
7RWS_4UR,0,16,3,45,4.0396,116.342,178.438,2.0187,0.8168,2.586,0.2019
7RWS_4UR,0,17,3,45,3.9896,114.187,175.186,1.9457,0.9055,2.573,0.2108
7RWS_4UR,0,18,3,45,3.9503,111.961,171.772,1.9049,0.9999,2.486,0.2126
7RWS_4UR,0,19,3,45,3.9238,109.835,168.597,1.8935,1.1034,2.451,0.2207
7RWS_4UR,0,20,3,45,3.9097,107.780,165.511,1.9130,1.2116,2.262,0.2245
7RWS_4UR,0,21,3,45,3.9151,105.938,162.963,1.9723,1.3250,2.026,0.2356
7RWS_4UR,0,22,3,45,3.9441,104.337,161.034,2.0679,1.4525,1.798,0.2454
7RWS_4UR,0,23,3,45,3.9906,103.084,159.768,2.1808,1.5766,1.892,0.2460
7RWS_4UR,0,24,3,45,4.0522,102.282,159.147,2.3007,1.6957,0.000,0.0000
7RZL_NPO,0,0,2,10,4.7467,112.841,123.486,4.6384,3.8998,0.366,0.2595
7RZL_NPO,0,1,2,10,4.5565,113.126,123.459,4.4059,3.7240,0.344,0.2475
7RZL_NPO,0,2,2,10,4.3786,113.339,123.373,4.1867,3.5565,0.434,0.2434
7RZL_NPO,0,3,2,10,4.2082,113.539,123.187,3.9749,3.3949,0.429,0.2402
7RZL_NPO,0,4,2,10,4.0447,113.652,122.930,3.7696,3.2380,0.455,0.2322
7RZL_NPO,0,5,2,10,3.8917,113.746,122.699,3.5759,3.0879,0.439,0.2269
7RZL_NPO,0,6,2,10,3.7502,113.845,122.571,3.3941,2.9458,0.395,0.2175
7RZL_NPO,0,7,2,10,3.6226,114.011,122.543,3.2282,2.8145,0.598,0.2221
7RZL_NPO,0,8,2,10,3.4987,114.244,122.414,3.0657,2.6836,0.805,0.2203
7RZL_NPO,0,9,2,10,3.3883,114.756,122.407,2.9185,2.5607,1.010,0.2223
7RZL_NPO,0,10,2,10,3.2852,115.516,122.592,2.7803,2.4350,1.251,0.2191
7RZL_NPO,0,11,2,10,3.2028,116.629,123.251,2.6662,2.3186,1.528,0.2226
7RZL_NPO,0,12,2,10,3.1340,118.028,124.259,2.5683,2.2030,2.099,0.2302
7RZL_NPO,0,13,2,10,3.0810,120.016,125.716,2.4889,2.0866,2.496,0.2369
7RZL_NPO,0,14,2,10,3.0417,122.344,127.391,2.4269,1.9676,2.853,0.2312
7RZL_NPO,0,15,2,10,3.0260,125.012,129.239,2.3970,1.8611,3.368,0.2378
7RZL_NPO,0,16,2,10,3.0338,128.169,131.565,2.3966,1.7567,4.021,0.2551
7RZL_NPO,0,17,2,10,3.0715,131.920,134.971,2.4306,1.6511,4.686,0.2652
7RZL_NPO,0,18,2,10,3.1407,136.242,139.404,2.5023,1.5518,5.623,0.2889
7RZL_NPO,0,19,2,10,3.2359,141.468,145.321,2.6033,1.4407,6.534,0.3048
7RZL_NPO,0,20,2,10,3.3549,147.471,152.454,2.7369,1.3229,6.992,0.3114
7RZL_NPO,0,21,2,10,3.5002,153.874,160.277,2.9139,1.2213,7.848,0.3310
7RZL_NPO,0,22,2,10,3.6697,160.947,169.543,3.1308,1.1182,8.234,0.3273
7RZL_NPO,0,23,2,10,3.8558,168.489,178.612,3.3793,1.0404,8.430,0.3218
7RZL_NPO,0,24,2,10,4.0580,169.411,172.916,3.6545,1.0008,0.000,0.0000
7SCW_GSP,0,0,5,32,6.6219,113.802,161.042,5.9545,2.8861,0.486,0.2043
7SCW_GSP,0,1,5,32,6.4649,113.896,160.816,5.7916,2.7474,0.433,0.1952
7SCW_GSP,0,2,5,32,6.3179,114.021,160.778,5.6394,2.6149,0.594,0.1905
7SCW_GSP,0,3,5,32,6.1724,114.188,160.714,5.4899,2.4884,0.968,0.1935
7SCW_GSP,0,4,5,32,6.0243,114.419,160.699,5.3408,2.3645,1.344,0.2037
7SCW_GSP,0,5,5,32,5.8700,114.736,160.836,5.1891,2.2396,1.709,0.2162
7SCW_GSP,0,6,5,32,5.7106,115.095,161.037,5.0366,2.1133,2.035,0.2198
7SCW_GSP,0,7,5,32,5.5611,115.591,161.427,4.8965,1.9890,2.365,0.2269
7SCW_GSP,0,8,5,32,5.4147,116.143,161.914,4.7615,1.8690,2.567,0.2259
7SCW_GSP,0,9,5,32,5.2798,116.692,162.330,4.6365,1.7513,2.769,0.2346
7SCW_GSP,0,10,5,32,5.1454,117.259,162.939,4.5133,1.6339,2.725,0.2344
7SCW_GSP,0,11,5,32,5.0139,117.731,163.578,4.3949,1.5194,2.676,0.2503
7SCW_GSP,0,12,5,32,4.8688,118.028,164.107,4.2669,1.4067,2.633,0.2510
7SCW_GSP,0,13,5,32,4.7267,118.104,164.439,4.1423,1.3000,2.798,0.2480
7SCW_GSP,0,14,5,32,4.5947,118.010,164.530,4.0253,1.1985,2.839,0.2505
7SCW_GSP,0,15,5,32,4.4577,117.688,164.433,3.9008,1.1018,2.898,0.2511
7SCW_GSP,0,16,5,32,4.3199,117.182,164.516,3.7728,1.0050,3.072,0.2514
7SCW_GSP,0,17,5,32,4.1902,116.421,164.570,3.6490,0.9121,3.224,0.2574
7SCW_GSP,0,18,5,32,4.0736,115.513,164.566,3.5325,0.8084,3.378,0.2574
7SCW_GSP,0,19,5,32,3.9746,114.485,164.490,3.4293,0.7086,3.373,0.2592
7SCW_GSP,0,20,5,32,3.8951,113.379,164.635,3.3430,0.6039,3.332,0.2501
7SCW_GSP,0,21,5,32,3.8406,112.281,164.489,3.2826,0.5042,3.449,0.2437
7SCW_GSP,0,22,5,32,3.8026,111.110,164.284,3.2430,0.4057,3.700,0.2244
7SCW_GSP,0,23,5,32,3.7834,109.937,163.608,3.2242,0.3209,4.069,0.2115
7SCW_GSP,0,24,5,32,3.7741,109.023,162.133,3.2223,0.2547,0.000,0.0000
7SED_8VD,0,0,3,17,6.5835,149.830,176.840,5.5253,4.2441,0.814,0.2412
7SED_8VD,0,1,3,17,6.3622,149.759,177.530,5.3287,4.0319,0.823,0.2349
7SED_8VD,0,2,3,17,6.1577,149.653,178.397,5.1442,3.8281,0.960,0.2369
7SED_8VD,0,3,3,17,5.9699,149.655,179.475,4.9748,3.6308,1.266,0.2466
7SED_8VD,0,4,3,17,5.7997,149.174,179.058,4.8223,3.4377,1.469,0.2565
7SED_8VD,0,5,3,17,5.6503,148.383,177.444,4.6894,3.2523,1.810,0.2662
7SED_8VD,0,6,3,17,5.5321,147.668,175.721,4.5862,3.0769,1.931,0.2605
7SED_8VD,0,7,3,17,5.4463,147.156,173.799,4.5110,2.9194,2.385,0.2666
7SED_8VD,0,8,3,17,5.3909,146.768,171.527,4.4610,2.7769,2.662,0.2685
7SED_8VD,0,9,3,17,5.3544,146.396,169.001,4.4233,2.6401,2.864,0.2631
7SED_8VD,0,10,3,17,5.3323,146.022,166.139,4.3942,2.5128,3.243,0.2609
7SED_8VD,0,11,3,17,5.3261,145.375,162.651,4.3734,2.3929,3.408,0.2630
7SED_8VD,0,12,3,17,5.3376,144.585,160.975,4.3609,2.2845,3.507,0.2643
7SED_8VD,0,13,3,17,5.3647,143.676,159.660,4.3539,2.1941,3.440,0.2620
7SED_8VD,0,14,3,17,5.4035,142.643,158.325,4.3486,2.1202,3.406,0.2609
7SED_8VD,0,15,3,17,5.4539,141.582,157.196,4.3459,2.0649,3.356,0.2600
7SED_8VD,0,16,3,17,5.5161,140.378,156.026,4.3486,2.0280,3.296,0.2497
7SED_8VD,0,17,3,17,5.5840,139.287,155.258,4.3536,2.0125,3.189,0.2587
7SED_8VD,0,18,3,17,5.6599,138.116,154.733,4.3603,2.0170,2.842,0.2403
7SED_8VD,0,19,3,17,5.7359,137.068,154.450,4.3704,2.0367,2.650,0.2424
7SED_8VD,0,20,3,17,5.8176,136.089,154.304,4.3914,2.0704,2.557,0.2308
7SED_8VD,0,21,3,17,5.9009,135.252,154.228,4.4305,2.1171,2.640,0.2245
7SED_8VD,0,22,3,17,5.9870,134.798,154.641,4.5079,2.1728,2.766,0.2056
7SED_8VD,0,23,3,17,6.0795,135.011,155.146,4.6218,2.2356,3.527,0.1990
7SED_8VD,0,24,3,17,6.1917,135.863,155.805,4.7700,2.3082,0.000,0.0000
7SNE_9XR,0,0,8,45,7.9159,128.232,175.621,6.0734,3.3801,0.609,0.1826
7SNE_9XR,0,1,8,45,7.8108,128.218,175.421,5.9553,3.2793,0.586,0.1746
7SNE_9XR,0,2,8,45,7.7128,128.229,175.176,5.8449,3.1845,0.804,0.1690
7SNE_9XR,0,3,8,45,7.6249,128.272,175.080,5.7455,3.0894,1.099,0.1680
7SNE_9XR,0,4,8,45,7.5475,128.349,175.118,5.6550,2.9950,1.483,0.1664
7SNE_9XR,0,5,8,45,7.4862,128.652,175.426,5.5763,2.9061,1.833,0.1671
7SNE_9XR,0,6,8,45,7.4405,129.083,175.962,5.5117,2.8198,2.065,0.1692
7SNE_9XR,0,7,8,45,7.4166,129.696,176.556,5.4700,2.7382,2.448,0.1788
7SNE_9XR,0,8,8,45,7.4156,130.476,177.402,5.4490,2.6557,2.667,0.1860
7SNE_9XR,0,9,8,45,7.4298,131.349,178.128,5.4443,2.5740,2.967,0.2046
7SNE_9XR,0,10,8,45,7.4699,132.323,178.889,5.4611,2.4904,3.150,0.2142
7SNE_9XR,0,11,8,45,7.5254,133.375,179.520,5.4988,2.4037,3.334,0.2245
7SNE_9XR,0,12,8,45,7.5958,134.420,179.671,5.5574,2.3139,3.368,0.2256
7SNE_9XR,0,13,8,45,7.6684,135.468,179.537,5.6254,2.2179,3.434,0.2253
7SNE_9XR,0,14,8,45,7.7469,136.494,179.211,5.7059,2.1207,3.583,0.2228
7SNE_9XR,0,15,8,45,7.8299,137.605,178.592,5.7955,2.0262,3.765,0.2280
7SNE_9XR,0,16,8,45,7.9218,138.776,177.746,5.8972,1.9326,3.762,0.2312
7SNE_9XR,0,17,8,45,8.0107,139.974,176.575,6.0046,1.8329,3.802,0.2369
7SNE_9XR,0,18,8,45,8.1133,141.155,175.219,6.1268,1.7296,4.113,0.2374
7SNE_9XR,0,19,8,45,8.2219,142.487,176.738,6.2567,1.6313,4.506,0.2462
7SNE_9XR,0,20,8,45,8.3442,143.824,179.795,6.4009,1.5357,4.939,0.2475
7SNE_9XR,0,21,8,45,8.4761,144.231,176.971,6.5501,1.4433,5.448,0.2537
7SNE_9XR,0,22,8,45,8.6231,144.564,177.024,6.7112,1.3461,5.881,0.2564
7SNE_9XR,0,23,8,45,8.7837,144.241,176.740,6.8838,1.2448,6.366,0.2504
7SNE_9XR,0,24,8,45,8.9560,143.415,172.318,7.0650,1.1435,0.000,0.0000
7SZA_DUI,0,0,2,20,8.2535,105.697,131.423,7.7697,3.1761,0.347,0.2397
7SZA_DUI,0,1,2,20,8.0252,105.431,131.186,7.5344,3.0552,0.285,0.2341
7SZA_DUI,0,2,2,20,7.8024,105.173,131.048,7.3047,2.9386,0.351,0.2328
7SZA_DUI,0,3,2,20,7.5815,104.915,130.938,7.0778,2.8157,0.433,0.2363
7SZA_DUI,0,4,2,20,7.3596,104.682,130.885,6.8468,2.6976,0.559,0.2348
7SZA_DUI,0,5,2,20,7.1397,104.439,130.854,6.6180,2.5787,0.745,0.2343
7SZA_DUI,0,6,2,20,6.9231,104.195,130.899,6.3891,2.4660,0.919,0.2317
7SZA_DUI,0,7,2,20,6.7120,104.059,130.970,6.1635,2.3552,1.212,0.2246
7SZA_DUI,0,8,2,20,6.5114,104.036,131.099,5.9466,2.2502,1.401,0.2240
7SZA_DUI,0,9,2,20,6.3151,104.038,131.129,5.7293,2.1612,1.642,0.2245
7SZA_DUI,0,10,2,20,6.1224,104.072,131.234,5.5157,2.0644,1.919,0.2417
7SZA_DUI,0,11,2,20,5.9198,104.127,131.229,5.2899,1.9707,1.933,0.2379
7SZA_DUI,0,12,2,20,5.7218,104.104,130.982,5.0706,1.8763,2.304,0.2408
7SZA_DUI,0,13,2,20,5.5303,104.210,130.647,4.8566,1.7839,2.590,0.2441
7SZA_DUI,0,14,2,20,5.3415,104.423,130.266,4.6459,1.6917,2.755,0.2525
7SZA_DUI,0,15,2,20,5.1492,104.683,129.815,4.4313,1.6071,3.041,0.2551
7SZA_DUI,0,16,2,20,4.9570,104.978,129.279,4.2200,1.5211,3.233,0.2746
7SZA_DUI,0,17,2,20,4.7555,105.333,128.780,3.9976,1.4372,3.697,0.2741
7SZA_DUI,0,18,2,20,4.5668,105.684,128.204,3.7871,1.3716,4.018,0.2816
7SZA_DUI,0,19,2,20,4.3827,106.438,128.094,3.5786,1.3083,4.222,0.2886
7SZA_DUI,0,20,2,20,4.2091,107.261,128.155,3.3771,1.2692,4.194,0.3065
7SZA_DUI,0,21,2,20,4.0319,107.769,128.141,3.1683,1.2429,4.293,0.3217
7SZA_DUI,0,22,2,20,3.8687,108.240,128.352,2.9637,1.2491,4.276,0.3350
7SZA_DUI,0,23,2,20,3.7427,108.317,127.862,2.7898,1.2825,4.434,0.3386
7SZA_DUI,0,24,2,20,3.6747,108.224,127.057,2.6654,1.3511,0.000,0.0000
7T0D_FPP,0,0,5,24,6.2480,116.997,172.426,5.7274,2.2851,0.427,0.1784
7T0D_FPP,0,1,5,24,6.1181,116.751,172.326,5.5864,2.1708,0.378,0.1690
7T0D_FPP,0,2,5,24,5.9991,116.550,172.298,5.4556,2.0616,0.638,0.1743
7T0D_FPP,0,3,5,24,5.8642,116.169,172.429,5.3108,1.9541,1.119,0.1929
7T0D_FPP,0,4,5,24,5.6974,115.448,172.657,5.1388,1.8492,1.502,0.2081
7T0D_FPP,0,5,5,24,5.5097,114.475,172.941,4.9506,1.7456,1.887,0.2245
7T0D_FPP,0,6,5,24,5.3033,113.246,173.365,4.7468,1.6453,1.982,0.2266
7T0D_FPP,0,7,5,24,5.0969,111.969,173.764,4.5424,1.5517,2.229,0.2406
7T0D_FPP,0,8,5,24,4.8785,110.431,173.964,4.3282,1.4571,2.158,0.2401
7T0D_FPP,0,9,5,24,4.6653,108.975,174.265,4.1162,1.3675,2.287,0.2443
7T0D_FPP,0,10,5,24,4.4527,107.542,174.732,3.9058,1.2805,2.214,0.2443
7T0D_FPP,0,11,5,24,4.2465,106.299,175.343,3.7003,1.1994,2.162,0.2426
7T0D_FPP,0,12,5,24,4.0521,105.293,176.237,3.5050,1.1256,2.401,0.2412
7T0D_FPP,0,13,5,24,3.8701,104.290,177.371,3.3191,1.0653,2.393,0.2413
7T0D_FPP,0,14,5,24,3.6988,103.489,178.527,3.1427,1.0128,2.452,0.2396
7T0D_FPP,0,15,5,24,3.5336,102.648,179.611,2.9709,0.9670,2.376,0.2347
7T0D_FPP,0,16,5,24,3.3848,101.755,179.171,2.8148,0.9268,2.658,0.2337
7T0D_FPP,0,17,5,24,3.2514,100.608,177.454,2.6717,0.8999,2.690,0.2314
7T0D_FPP,0,18,5,24,3.1411,99.552,175.581,2.5508,0.8844,2.687,0.2315
7T0D_FPP,0,19,5,24,3.0544,98.610,173.390,2.4515,0.8853,2.864,0.2358
7T0D_FPP,0,20,5,24,2.9931,97.334,171.133,2.3835,0.8976,2.643,0.2350
7T0D_FPP,0,21,5,24,2.9559,96.218,169.060,2.3382,0.9257,2.939,0.2193
7T0D_FPP,0,22,5,24,2.9373,95.018,167.078,2.3127,0.9745,3.107,0.2068
7T0D_FPP,0,23,5,24,2.9505,93.466,164.864,2.3282,1.0393,2.756,0.2164
7T0D_FPP,0,24,5,24,3.0065,92.130,162.916,2.3857,1.1188,0.000,0.0000
7T1D_E7K,0,0,5,34,8.6091,92.553,149.454,7.3370,3.3551,0.726,0.1964
7T1D_E7K,0,1,5,34,8.4400,92.399,149.001,7.1845,3.2818,0.765,0.1892
7T1D_E7K,0,2,5,34,8.2797,92.233,148.492,7.0393,3.2112,1.088,0.1977
7T1D_E7K,0,3,5,34,8.1083,91.917,147.778,6.8782,3.1436,1.429,0.2214
7T1D_E7K,0,4,5,34,7.9091,91.400,146.984,6.6830,3.0831,1.636,0.2426
7T1D_E7K,0,5,5,34,7.6875,90.692,146.255,6.4629,3.0250,1.892,0.2641
7T1D_E7K,0,6,5,34,7.4461,89.834,145.484,6.2184,2.9671,1.994,0.2775
7T1D_E7K,0,7,5,34,7.1952,89.003,145.093,5.9591,2.9029,2.104,0.2889
7T1D_E7K,0,8,5,34,6.9352,88.211,145.545,5.6916,2.8251,2.105,0.2912
7T1D_E7K,0,9,5,34,6.6723,87.142,145.572,5.4247,2.7361,2.291,0.2849
7T1D_E7K,0,10,5,34,6.4174,85.822,145.215,5.1680,2.6474,2.436,0.2807
7T1D_E7K,0,11,5,34,6.1629,84.327,145.217,4.9164,2.5616,2.697,0.2733
7T1D_E7K,0,12,5,34,5.9256,82.875,146.174,4.6789,2.4938,2.835,0.2608
7T1D_E7K,0,13,5,34,5.7038,81.384,147.204,4.4580,2.4281,3.183,0.2541
7T1D_E7K,0,14,5,34,5.4939,80.000,149.143,4.2457,2.3665,3.435,0.2577
7T1D_E7K,0,15,5,34,5.2842,78.522,151.453,4.0348,2.3093,3.577,0.2592
7T1D_E7K,0,16,5,34,5.0751,77.025,153.664,3.8245,2.2509,3.887,0.2536
7T1D_E7K,0,17,5,34,4.8703,75.372,155.917,3.6184,2.2036,4.111,0.2615
7T1D_E7K,0,18,5,34,4.6540,73.457,157.933,3.4028,2.1583,4.586,0.2654
7T1D_E7K,0,19,5,34,4.4356,71.660,160.824,3.1830,2.1135,4.929,0.2783
7T1D_E7K,0,20,5,34,4.2094,69.896,163.891,2.9596,2.0675,5.101,0.2752
7T1D_E7K,0,21,5,34,3.9984,68.449,167.510,2.7507,2.0261,5.081,0.2816
7T1D_E7K,0,22,5,34,3.7856,67.099,171.249,2.5574,1.9810,5.109,0.2779
7T1D_E7K,0,23,5,34,3.6024,66.272,175.416,2.4119,1.9450,4.898,0.2809
7T1D_E7K,0,24,5,34,3.4596,66.093,179.770,2.3419,1.9335,0.000,0.0000
7T9O_GEI,0,0,7,41,7.0378,151.746,177.027,6.5329,4.0701,0.555,0.2622
7T9O_GEI,0,1,7,41,6.8705,151.751,176.703,6.3680,3.8722,0.516,0.2539
7T9O_GEI,0,2,7,41,6.7178,151.763,176.412,6.2147,3.6796,0.616,0.2380
7T9O_GEI,0,3,7,41,6.5854,151.715,176.151,6.0779,3.4972,0.837,0.2378
7T9O_GEI,0,4,7,41,6.4676,151.589,175.656,5.9516,3.3192,1.041,0.2312
7T9O_GEI,0,5,7,41,6.3692,151.373,174.864,5.8399,3.1490,1.313,0.2285
7T9O_GEI,0,6,7,41,6.2818,151.069,173.708,5.7352,2.9868,1.389,0.2219
7T9O_GEI,0,7,7,41,6.2120,150.761,172.462,5.6463,2.8367,1.513,0.2202
7T9O_GEI,0,8,7,41,6.1610,150.404,171.036,5.5734,2.6989,1.574,0.2237
7T9O_GEI,0,9,7,41,6.1252,150.016,169.427,5.5141,2.5685,1.921,0.2270
7T9O_GEI,0,10,7,41,6.1069,149.626,167.779,5.4705,2.4541,2.101,0.2322
7T9O_GEI,0,11,7,41,6.1038,149.186,165.980,5.4383,2.3493,2.296,0.2373
7T9O_GEI,0,12,7,41,6.1147,148.750,164.151,5.4182,2.2552,2.524,0.2381
7T9O_GEI,0,13,7,41,6.1380,148.245,163.378,5.4102,2.1759,2.719,0.2370
7T9O_GEI,0,14,7,41,6.1774,147.696,164.182,5.4184,2.1101,2.780,0.2358
7T9O_GEI,0,15,7,41,6.2305,147.077,165.032,5.4429,2.0587,2.858,0.2389
7T9O_GEI,0,16,7,41,6.2929,146.428,165.889,5.4771,2.0143,2.961,0.2290
7T9O_GEI,0,17,7,41,6.3648,145.814,166.825,5.5222,1.9820,3.106,0.2397
7T9O_GEI,0,18,7,41,6.4443,145.222,167.756,5.5754,1.9594,3.252,0.2356
7T9O_GEI,0,19,7,41,6.5355,144.798,168.708,5.6455,1.9494,3.420,0.2529
7T9O_GEI,0,20,7,41,6.6391,144.412,169.657,5.7327,1.9554,3.355,0.2646
7T9O_GEI,0,21,7,41,6.7653,144.061,170.427,5.8471,1.9869,3.089,0.2730
7T9O_GEI,0,22,7,41,6.9072,143.960,170.908,5.9815,2.0437,2.763,0.2771
7T9O_GEI,0,23,7,41,7.0620,144.219,171.096,6.1344,2.1208,2.755,0.2851
7T9O_GEI,0,24,7,41,7.2354,144.931,171.404,6.3165,2.2181,0.000,0.0000
7TB0_UD1,0,0,7,39,7.5023,127.832,172.186,6.9914,2.1935,0.310,0.1693
7TB0_UD1,0,1,7,39,7.3973,127.829,172.151,6.8663,2.1861,0.290,0.1622
7TB0_UD1,0,2,7,39,7.2982,127.861,172.150,6.7472,2.1820,0.365,0.1607
7TB0_UD1,0,3,7,39,7.2108,127.911,172.248,6.6372,2.1802,0.504,0.1619
7TB0_UD1,0,4,7,39,7.1421,127.967,172.441,6.5403,2.1802,0.618,0.1609
7TB0_UD1,0,5,7,39,7.0994,128.055,172.622,6.4642,2.1815,0.858,0.1696
7TB0_UD1,0,6,7,39,7.0964,128.181,172.901,6.4172,2.1940,1.078,0.1764
7TB0_UD1,0,7,7,39,7.1164,128.340,173.300,6.3853,2.2166,1.386,0.1935
7TB0_UD1,0,8,7,39,7.1730,128.709,173.769,6.3808,2.2430,1.577,0.2054
7TB0_UD1,0,9,7,39,7.2477,129.171,174.384,6.3879,2.2729,1.921,0.2211
7TB0_UD1,0,10,7,39,7.3512,129.856,175.285,6.4201,2.2984,2.162,0.2264
7TB0_UD1,0,11,7,39,7.4730,130.562,175.915,6.4689,2.3217,2.459,0.2273
7TB0_UD1,0,12,7,39,7.6098,131.397,176.793,6.5337,2.3480,2.715,0.2219
7TB0_UD1,0,13,7,39,7.7622,132.424,177.945,6.6176,2.3804,3.103,0.2120
7TB0_UD1,0,14,7,39,7.9183,133.565,179.062,6.7124,2.4208,3.348,0.2065
7TB0_UD1,0,15,7,39,8.0674,134.715,179.621,6.8056,2.4518,3.592,0.2061
7TB0_UD1,0,16,7,39,8.2259,135.687,178.186,6.9136,2.4895,3.887,0.1962
7TB0_UD1,0,17,7,39,8.3830,136.746,176.512,7.0232,2.5342,4.155,0.1970
7TB0_UD1,0,18,7,39,8.5477,137.822,174.715,7.1388,2.5841,4.276,0.1883
7TB0_UD1,0,19,7,39,8.7042,138.859,172.715,7.2472,2.6450,4.272,0.1940
7TB0_UD1,0,20,7,39,8.8669,139.762,170.511,7.3595,2.7129,3.966,0.1956
7TB0_UD1,0,21,7,39,9.0232,140.460,168.363,7.4622,2.7847,4.008,0.2098
7TB0_UD1,0,22,7,39,9.1909,141.103,166.046,7.5655,2.8760,3.811,0.2325
7TB0_UD1,0,23,7,39,9.3720,141.602,163.992,7.6705,2.9830,3.637,0.2448
7TB0_UD1,0,24,7,39,9.5552,141.970,161.173,7.7742,3.0920,0.000,0.0000
7TH4_FFO,0,0,7,34,6.6318,143.899,159.372,6.0620,3.8969,0.631,0.1974
7TH4_FFO,0,1,7,34,6.4676,143.985,159.450,5.9341,3.7154,0.646,0.1919
7TH4_FFO,0,2,7,34,6.3109,144.045,159.516,5.8080,3.5389,0.882,0.1961
7TH4_FFO,0,3,7,34,6.1444,144.103,159.533,5.6599,3.3680,1.316,0.2138
7TH4_FFO,0,4,7,34,5.9576,144.057,159.220,5.4779,3.1995,1.714,0.2340
7TH4_FFO,0,5,7,34,5.7524,143.928,159.011,5.2691,3.0270,2.094,0.2519
7TH4_FFO,0,6,7,34,5.5347,143.781,158.713,5.0409,2.8510,2.352,0.2584
7TH4_FFO,0,7,7,34,5.3190,143.669,158.590,4.8056,2.6830,2.761,0.2731
7TH4_FFO,0,8,7,34,5.0946,143.442,158.119,4.5564,2.5108,3.052,0.2717
7TH4_FFO,0,9,7,34,4.8770,143.177,157.418,4.3099,2.3481,3.523,0.2808
7TH4_FFO,0,10,7,34,4.6537,142.865,156.495,4.0571,2.1806,3.876,0.2845
7TH4_FFO,0,11,7,34,4.4359,142.568,155.319,3.8032,2.0212,3.960,0.2833
7TH4_FFO,0,12,7,34,4.2285,142.297,153.977,3.5554,1.8704,4.293,0.2902
7TH4_FFO,0,13,7,34,4.0261,142.050,152.217,3.3100,1.7212,4.422,0.2977
7TH4_FFO,0,14,7,34,3.8291,141.850,150.226,3.0652,1.5770,4.474,0.2990
7TH4_FFO,0,15,7,34,3.6443,141.812,148.199,2.8282,1.4436,4.367,0.3080
7TH4_FFO,0,16,7,34,3.4727,141.877,149.598,2.5953,1.3274,4.420,0.3179
7TH4_FFO,0,17,7,34,3.3183,142.065,151.527,2.3723,1.2387,4.470,0.3180
7TH4_FFO,0,18,7,34,3.1905,142.222,153.492,2.1761,1.1871,4.442,0.3146
7TH4_FFO,0,19,7,34,3.0926,142.424,155.525,2.0112,1.1749,4.343,0.3219
7TH4_FFO,0,20,7,34,3.0199,142.666,157.512,1.8843,1.1969,4.183,0.3158
7TH4_FFO,0,21,7,34,2.9728,142.933,159.627,1.8128,1.2448,4.240,0.3164
7TH4_FFO,0,22,7,34,2.9528,143.316,162.017,1.8217,1.3144,4.019,0.3135
7TH4_FFO,0,23,7,34,2.9690,143.588,164.307,1.9244,1.4100,3.964,0.2935
7TH4_FFO,0,24,7,34,3.0202,143.906,166.726,2.0778,1.5189,0.000,0.0000
7THI_PGA,0,0,2,9,4.8611,141.355,176.674,4.2167,3.4753,0.362,0.1953
7THI_PGA,0,1,2,9,4.7073,141.457,176.724,4.0611,3.3323,0.328,0.1825
7THI_PGA,0,2,2,9,4.5648,141.482,176.693,3.9174,3.1985,0.408,0.1781
7THI_PGA,0,3,2,9,4.4285,141.537,176.696,3.7814,3.0668,0.544,0.1733
7THI_PGA,0,4,2,9,4.2997,141.586,176.675,3.6545,2.9391,0.754,0.1750
7THI_PGA,0,5,2,9,4.1785,141.685,176.640,3.5379,2.8139,1.072,0.1831
7THI_PGA,0,6,2,9,4.0613,141.980,176.759,3.4278,2.6828,1.188,0.1845
7THI_PGA,0,7,2,9,3.9522,142.355,176.915,3.3273,2.5514,1.691,0.1984
7THI_PGA,0,8,2,9,3.8510,142.962,177.165,3.2359,2.4152,1.828,0.2011
7THI_PGA,0,9,2,9,3.7615,143.638,177.499,3.1577,2.2834,2.100,0.2082
7THI_PGA,0,10,2,9,3.6850,144.429,177.919,3.0922,2.1506,2.366,0.2188
7THI_PGA,0,11,2,9,3.6261,145.558,178.580,3.0445,2.0204,2.076,0.2189
7THI_PGA,0,12,2,9,3.5855,146.615,179.205,3.0132,1.8928,2.273,0.2196
7THI_PGA,0,13,2,9,3.5630,147.759,179.768,2.9974,1.7692,2.032,0.2242
7THI_PGA,0,14,2,9,3.5565,148.642,179.900,2.9960,1.6464,1.840,0.2201
7THI_PGA,0,15,2,9,3.5684,149.334,179.709,3.0124,1.5340,1.632,0.2138
7THI_PGA,0,16,2,9,3.6002,149.986,179.689,3.0498,1.4376,1.622,0.2170
7THI_PGA,0,17,2,9,3.6465,150.728,179.810,3.1020,1.3504,1.774,0.2079
7THI_PGA,0,18,2,9,3.7145,151.353,179.962,3.1796,1.2876,1.609,0.2129
7THI_PGA,0,19,2,9,3.7947,151.822,179.777,3.2704,1.2357,1.442,0.2058
7THI_PGA,0,20,2,9,3.8860,152.384,179.685,3.3739,1.2064,1.130,0.1787
7THI_PGA,0,21,2,9,3.9814,152.866,179.699,3.4820,1.2047,1.445,0.1577
7THI_PGA,0,22,2,9,4.0755,153.505,179.591,3.5879,1.2304,1.811,0.1195
7THI_PGA,0,23,2,9,4.1542,153.586,178.277,3.6758,1.2714,1.593,0.1228
7THI_PGA,0,24,2,9,4.2425,153.545,176.914,3.7752,1.3253,0.000,0.0000
7TOM_5AD,0,0,2,18,5.3702,131.958,166.089,4.3282,2.7998,0.377,0.1546
7TOM_5AD,0,1,2,18,5.2485,131.776,166.043,4.1826,2.7078,0.329,0.1464
7TOM_5AD,0,2,2,18,5.1357,131.627,165.998,4.0464,2.6211,0.379,0.1451
7TOM_5AD,0,3,2,18,5.0235,131.453,165.971,3.9114,2.5359,0.518,0.1506
7TOM_5AD,0,4,2,18,4.9048,131.237,165.953,3.7707,2.4473,0.732,0.1571
7TOM_5AD,0,5,2,18,4.7812,130.934,165.872,3.6221,2.3622,0.938,0.1662
7TOM_5AD,0,6,2,18,4.6504,130.540,165.747,3.4637,2.2774,1.010,0.1731
7TOM_5AD,0,7,2,18,4.5130,130.047,165.535,3.2983,2.1897,1.337,0.1883
7TOM_5AD,0,8,2,18,4.3639,129.446,165.313,3.1158,2.1030,1.384,0.1931
7TOM_5AD,0,9,2,18,4.2146,128.858,165.153,2.9288,2.0185,1.399,0.2074
7TOM_5AD,0,10,2,18,4.0519,128.167,165.055,2.7252,1.9317,1.483,0.2154
7TOM_5AD,0,11,2,18,3.8844,127.396,164.901,2.5143,1.8397,1.527,0.2185
7TOM_5AD,0,12,2,18,3.7204,126.522,164.675,2.3021,1.7494,1.428,0.2201
7TOM_5AD,0,13,2,18,3.5588,125.552,164.404,2.0904,1.6581,1.409,0.2171
7TOM_5AD,0,14,2,18,3.4100,124.523,164.178,1.8853,1.5795,1.416,0.2075
7TOM_5AD,0,15,2,18,3.2764,123.385,163.888,1.6979,1.5121,1.335,0.1992
7TOM_5AD,0,16,2,18,3.1499,122.175,163.635,1.5366,1.4434,1.434,0.1971
7TOM_5AD,0,17,2,18,3.0310,120.896,163.544,1.4186,1.3796,1.655,0.1992
7TOM_5AD,0,18,2,18,2.9125,119.601,163.774,1.3382,1.3063,1.782,0.1956
7TOM_5AD,0,19,2,18,2.8029,118.073,163.905,1.2787,1.2332,1.894,0.2078
7TOM_5AD,0,20,2,18,2.7028,116.453,163.990,1.2312,1.1673,2.262,0.2140
7TOM_5AD,0,21,2,18,2.6186,114.954,164.370,1.1967,1.1159,2.408,0.2017
7TOM_5AD,0,22,2,18,2.5548,113.326,164.505,1.1727,1.0777,2.711,0.1914
7TOM_5AD,0,23,2,18,2.5199,112.285,164.919,1.1642,1.0504,3.289,0.1695
7TOM_5AD,0,24,2,18,2.5147,111.527,164.934,1.1795,1.0379,0.000,0.0000
7TS6_KMI,0,0,3,17,6.2730,144.578,172.650,5.8371,2.7522,0.582,0.2055
7TS6_KMI,0,1,3,17,6.1528,144.576,172.706,5.6830,2.6400,0.507,0.1959
7TS6_KMI,0,2,3,17,6.0384,144.601,172.789,5.5366,2.5328,0.674,0.1912
7TS6_KMI,0,3,3,17,5.9326,144.634,172.920,5.4013,2.4300,0.877,0.1853
7TS6_KMI,0,4,3,17,5.8420,144.757,173.006,5.2850,2.3280,1.160,0.1842
7TS6_KMI,0,5,3,17,5.7650,145.043,173.117,5.1847,2.2220,1.548,0.1744
7TS6_KMI,0,6,3,17,5.7082,145.369,173.224,5.1099,2.1209,1.670,0.1646
7TS6_KMI,0,7,3,17,5.6684,145.726,173.388,5.0603,2.0347,1.667,0.1535
7TS6_KMI,0,8,3,17,5.6414,145.902,173.542,5.0306,1.9630,1.698,0.1534
7TS6_KMI,0,9,3,17,5.6343,146.164,173.711,5.0322,1.9099,1.776,0.1502
7TS6_KMI,0,10,3,17,5.6332,146.465,173.996,5.0451,1.8638,1.980,0.1654
7TS6_KMI,0,11,3,17,5.6524,146.952,174.251,5.0859,1.8279,1.959,0.1765
7TS6_KMI,0,12,3,17,5.6881,147.445,174.579,5.1490,1.8122,2.065,0.1850
7TS6_KMI,0,13,3,17,5.7379,147.865,174.945,5.2301,1.8196,2.033,0.1930
7TS6_KMI,0,14,3,17,5.8007,148.311,175.451,5.3251,1.8577,1.849,0.1931
7TS6_KMI,0,15,3,17,5.8714,148.666,175.961,5.4275,1.9029,1.899,0.1987
7TS6_KMI,0,16,3,17,5.9527,149.065,176.515,5.5404,1.9608,2.263,0.1996
7TS6_KMI,0,17,3,17,6.0427,149.530,177.410,5.6614,2.0508,2.308,0.2206
7TS6_KMI,0,18,3,17,6.1463,150.042,178.188,5.7945,2.1622,2.464,0.2139
7TS6_KMI,0,19,3,17,6.2589,150.623,179.233,5.9344,2.2820,2.549,0.2183
7TS6_KMI,0,20,3,17,6.3822,150.933,179.720,6.0824,2.4150,2.815,0.2053
7TS6_KMI,0,21,3,17,6.4955,150.587,178.776,6.2155,2.5439,2.972,0.2066
7TS6_KMI,0,22,3,17,6.6172,150.324,177.991,6.3555,2.6791,2.875,0.1929
7TS6_KMI,0,23,3,17,6.7396,150.335,178.014,6.4944,2.8101,2.540,0.1674
7TS6_KMI,0,24,3,17,6.8508,150.697,178.935,6.6204,2.9179,0.000,0.0000
7TSF_H4B,0,0,3,17,9.1154,129.268,151.560,7.7555,6.3854,0.388,0.2826
7TSF_H4B,0,1,3,17,8.8804,129.539,152.018,7.4971,6.1701,0.371,0.2757
7TSF_H4B,0,2,3,17,8.6543,129.790,152.469,7.2476,5.9594,0.400,0.2694
7TSF_H4B,0,3,3,17,8.4350,130.074,152.934,7.0082,5.7498,0.511,0.2661
7TSF_H4B,0,4,3,17,8.2250,130.449,153.532,6.7803,5.5410,0.642,0.2614
7TSF_H4B,0,5,3,17,8.0208,130.892,154.154,6.5604,5.3323,0.716,0.2552
7TSF_H4B,0,6,3,17,7.8221,131.333,154.808,6.3440,5.1274,0.828,0.2431
7TSF_H4B,0,7,3,17,7.6351,131.750,155.504,6.1353,4.9356,0.992,0.2390
7TSF_H4B,0,8,3,17,7.4608,132.192,156.288,5.9349,4.7500,1.228,0.2460
7TSF_H4B,0,9,3,17,7.2923,132.817,157.316,5.7331,4.5657,1.274,0.2424
7TSF_H4B,0,10,3,17,7.1287,133.503,158.527,5.5388,4.3834,1.525,0.2600
7TSF_H4B,0,11,3,17,6.9655,134.357,159.690,5.3417,4.1883,1.788,0.2793
7TSF_H4B,0,12,3,17,6.8049,135.364,160.836,5.1421,3.9851,2.004,0.2996
7TSF_H4B,0,13,3,17,6.6533,136.577,162.028,4.9500,3.7734,2.335,0.3282
7TSF_H4B,0,14,3,17,6.5041,137.953,163.116,4.7664,3.5437,2.516,0.3460
7TSF_H4B,0,15,3,17,6.3591,139.264,164.069,4.5982,3.3044,2.498,0.3562
7TSF_H4B,0,16,3,17,6.2269,140.512,164.961,4.4688,3.0562,2.512,0.3658
7TSF_H4B,0,17,3,17,6.1058,141.616,165.739,4.3836,2.7986,2.611,0.3523
7TSF_H4B,0,18,3,17,5.9996,142.469,166.242,4.3492,2.5488,2.629,0.3517
7TSF_H4B,0,19,3,17,5.9089,143.122,166.580,4.3636,2.2995,2.880,0.3428
7TSF_H4B,0,20,3,17,5.8430,143.573,166.862,4.4294,2.0625,2.929,0.3273
7TSF_H4B,0,21,3,17,5.8027,143.584,166.681,4.5316,1.8470,3.239,0.3116
7TSF_H4B,0,22,3,17,5.7853,143.237,166.137,4.6591,1.6536,3.824,0.2861
7TSF_H4B,0,23,3,17,5.8074,142.241,164.890,4.8197,1.5044,4.187,0.2659
7TSF_H4B,0,24,3,17,5.8646,140.322,162.847,5.0027,1.3996,0.000,0.0000
7TUO_KL9,0,0,5,30,10.7785,134.552,177.263,8.3243,2.7902,0.945,0.2520
7TUO_KL9,0,1,5,30,10.6266,134.362,177.263,8.1622,2.6994,0.891,0.2440
7TUO_KL9,0,2,5,30,10.4783,134.192,177.284,8.0035,2.6138,1.067,0.2458
7TUO_KL9,0,3,5,30,10.3476,134.098,177.406,7.8568,2.5270,1.318,0.2699
7TUO_KL9,0,4,5,30,10.2649,134.239,177.723,7.7419,2.4377,1.756,0.2731
7TUO_KL9,0,5,5,30,10.2244,134.672,178.142,7.6581,2.3537,2.180,0.2767
7TUO_KL9,0,6,5,30,10.2131,135.431,178.776,7.5988,2.2714,2.333,0.2775
7TUO_KL9,0,7,5,30,10.2280,136.236,179.381,7.5628,2.1942,2.647,0.2849
7TUO_KL9,0,8,5,30,10.2680,137.352,179.784,7.5520,2.1126,2.696,0.2866
7TUO_KL9,0,9,5,30,10.3103,138.491,179.921,7.5473,2.0331,2.907,0.2817
7TUO_KL9,0,10,5,30,10.3559,139.680,179.615,7.5380,1.9494,3.255,0.2900
7TUO_KL9,0,11,5,30,10.4151,141.234,179.433,7.5365,1.8575,3.560,0.2930
7TUO_KL9,0,12,5,30,10.4847,143.135,179.334,7.5389,1.7668,3.823,0.2954
7TUO_KL9,0,13,5,30,10.5505,145.277,179.044,7.5319,1.6754,3.929,0.2950
7TUO_KL9,0,14,5,30,10.6269,147.511,178.802,7.5384,1.5830,3.859,0.2909
7TUO_KL9,0,15,5,30,10.7053,149.718,178.506,7.5437,1.4955,3.822,0.2864
7TUO_KL9,0,16,5,30,10.7985,151.998,178.283,7.5626,1.4130,3.934,0.2790
7TUO_KL9,0,17,5,30,10.8878,154.388,178.141,7.5841,1.3356,3.849,0.2815
7TUO_KL9,0,18,5,30,10.9795,156.778,178.136,7.6100,1.2562,3.778,0.2802
7TUO_KL9,0,19,5,30,11.0725,159.065,178.213,7.6375,1.1792,3.589,0.2821
7TUO_KL9,0,20,5,30,11.1751,160.350,178.368,7.6746,1.1139,3.163,0.2861
7TUO_KL9,0,21,5,30,11.2785,159.824,178.938,7.7145,1.0611,2.838,0.2817
7TUO_KL9,0,22,5,30,11.3799,159.597,179.613,7.7589,1.0267,2.796,0.2781
7TUO_KL9,0,23,5,30,11.4792,159.305,179.317,7.8059,1.0092,2.860,0.2716
7TUO_KL9,0,24,5,30,11.5990,159.442,177.938,7.8820,1.0116,0.000,0.0000
7TWC_CXS,0,0,3,14,6.7595,160.397,163.405,6.4144,2.7416,0.676,0.2560
7TWC_CXS,0,1,3,14,6.5875,160.793,164.406,6.1861,2.6033,0.690,0.2407
7TWC_CXS,0,2,3,14,6.4317,161.105,165.324,5.9754,2.4770,0.722,0.2343
7TWC_CXS,0,3,3,14,6.2958,161.319,166.144,5.7788,2.3537,0.768,0.2338
7TWC_CXS,0,4,3,14,6.1845,161.427,166.771,5.5988,2.2249,0.895,0.2295
7TWC_CXS,0,5,3,14,6.1003,161.364,167.171,5.4399,2.0983,0.951,0.2226
7TWC_CXS,0,6,3,14,6.0428,161.116,167.329,5.3089,1.9713,1.074,0.2147
7TWC_CXS,0,7,3,14,6.0031,160.815,167.427,5.1954,1.8492,1.387,0.2067
7TWC_CXS,0,8,3,14,5.9797,160.167,167.040,5.1000,1.7302,1.540,0.2031
7TWC_CXS,0,9,3,14,5.9713,159.374,166.409,5.0214,1.6130,1.875,0.2124
7TWC_CXS,0,10,3,14,5.9727,158.517,165.725,4.9490,1.4922,1.958,0.2016
7TWC_CXS,0,11,3,14,5.9944,157.419,164.568,4.9030,1.3875,2.099,0.1948
7TWC_CXS,0,12,3,14,6.0242,156.181,163.267,4.8659,1.2932,2.306,0.1872
7TWC_CXS,0,13,3,14,6.0604,154.798,161.957,4.8422,1.2028,2.441,0.1883
7TWC_CXS,0,14,3,14,6.1106,153.159,160.364,4.8354,1.1289,2.230,0.1920
7TWC_CXS,0,15,3,14,6.1654,151.610,158.966,4.8369,1.0704,2.128,0.1790
7TWC_CXS,0,16,3,14,6.2196,150.108,157.692,4.8484,1.0317,2.362,0.1736
7TWC_CXS,0,17,3,14,6.2801,148.505,156.388,4.8749,1.0067,2.192,0.1908
7TWC_CXS,0,18,3,14,6.3549,147.014,155.225,4.9235,0.9951,2.313,0.1902
7TWC_CXS,0,19,3,14,6.4318,145.400,153.979,4.9806,0.9963,2.192,0.1930
7TWC_CXS,0,20,3,14,6.5156,144.148,153.375,5.0522,1.0076,2.005,0.1951
7TWC_CXS,0,21,3,14,6.6208,142.938,152.598,5.1493,1.0462,1.696,0.1921
7TWC_CXS,0,22,3,14,6.7327,141.923,152.057,5.2531,1.1077,1.522,0.1817
7TWC_CXS,0,23,3,14,6.8469,141.011,151.504,5.3580,1.1935,1.331,0.1889
7TWC_CXS,0,24,3,14,6.9910,140.277,151.248,5.4803,1.3077,0.000,0.0000
7TXK_LW8,0,0,3,15,5.7291,152.554,173.773,4.2735,1.9531,0.132,0.1743
7TXK_LW8,0,1,3,15,5.6113,152.580,173.769,4.1595,1.8597,0.134,0.1637
7TXK_LW8,0,2,3,15,5.4989,152.627,173.769,4.0535,1.7702,0.185,0.1639
7TXK_LW8,0,3,3,15,5.3961,152.712,173.801,3.9590,1.6768,0.321,0.1692
7TXK_LW8,0,4,3,15,5.3039,152.889,173.904,3.8744,1.5816,0.449,0.1750
7TXK_LW8,0,5,3,15,5.2179,153.148,174.059,3.7960,1.4850,0.668,0.1845
7TXK_LW8,0,6,3,15,5.1417,153.551,174.230,3.7294,1.3847,0.887,0.1819
7TXK_LW8,0,7,3,15,5.0780,154.057,174.510,3.6765,1.2889,1.021,0.1839
7TXK_LW8,0,8,3,15,5.0340,154.684,174.952,3.6481,1.1937,1.183,0.1821
7TXK_LW8,0,9,3,15,5.0034,155.451,175.575,3.6383,1.1092,1.236,0.1820
7TXK_LW8,0,10,3,15,4.9878,156.312,176.341,3.6533,1.0262,1.563,0.1886
7TXK_LW8,0,11,3,15,4.9703,157.304,177.226,3.6739,0.9441,1.766,0.1873
7TXK_LW8,0,12,3,15,4.9620,158.347,178.141,3.7075,0.8711,1.982,0.1858
7TXK_LW8,0,13,3,15,4.9716,159.579,179.397,3.7651,0.8178,2.181,0.1835
7TXK_LW8,0,14,3,15,5.0004,160.277,179.074,3.8469,0.7855,2.071,0.1866
7TXK_LW8,0,15,3,15,5.0372,160.450,177.422,3.9441,0.7663,2.067,0.1951
7TXK_LW8,0,16,3,15,5.0887,160.532,175.667,4.0604,0.7580,2.292,0.2016
7TXK_LW8,0,17,3,15,5.1554,160.577,173.758,4.1966,0.7751,2.600,0.2134
7TXK_LW8,0,18,3,15,5.2312,160.509,173.558,4.3444,0.7986,2.684,0.2054
7TXK_LW8,0,19,3,15,5.3039,160.433,174.875,4.4827,0.8286,2.434,0.2160
7TXK_LW8,0,20,3,15,5.3915,160.113,175.526,4.6357,0.8640,2.318,0.2139
7TXK_LW8,0,21,3,15,5.4909,159.728,176.040,4.7972,0.9074,2.503,0.2004
7TXK_LW8,0,22,3,15,5.5798,159.371,176.652,4.9398,0.9506,3.073,0.1776
7TXK_LW8,0,23,3,15,5.6324,159.042,177.043,5.0333,0.9927,2.553,0.1554
7TXK_LW8,0,24,3,15,5.6657,158.643,177.020,5.1003,1.0395,0.000,0.0000
7U0U_FK5,0,0,7,57,6.4415,96.790,116.842,5.8290,1.0750,0.180,0.1510
7U0U_FK5,0,1,7,57,6.4182,96.928,116.907,5.7809,1.0492,0.130,0.1433
7U0U_FK5,0,2,7,57,6.3963,97.030,117.003,5.7337,1.0323,0.145,0.1387
7U0U_FK5,0,3,7,57,6.3772,97.126,117.063,5.6873,1.0174,0.298,0.1337
7U0U_FK5,0,4,7,57,6.3609,97.213,117.008,5.6411,1.0046,0.544,0.1287
7U0U_FK5,0,5,7,57,6.3495,97.285,116.808,5.5972,0.9996,0.865,0.1252
7U0U_FK5,0,6,7,57,6.3419,97.396,116.442,5.5553,0.9919,0.923,0.1259
7U0U_FK5,0,7,7,57,6.3387,97.569,116.184,5.5171,0.9874,1.239,0.1305
7U0U_FK5,0,8,7,57,6.3446,97.851,115.926,5.4823,0.9886,1.405,0.1380
7U0U_FK5,0,9,7,57,6.3486,98.050,115.528,5.4430,0.9866,1.757,0.1477
7U0U_FK5,0,10,7,57,6.3628,98.292,115.974,5.4041,0.9923,1.996,0.1597
7U0U_FK5,0,11,7,57,6.3780,98.583,117.737,5.3551,0.9986,2.053,0.1746
7U0U_FK5,0,12,7,57,6.3971,98.921,119.683,5.3041,1.0030,2.316,0.1838
7U0U_FK5,0,13,7,57,6.4189,99.317,121.785,5.2501,1.0136,2.569,0.2003
7U0U_FK5,0,14,7,57,6.4460,99.752,124.115,5.2003,1.0229,2.683,0.2043
7U0U_FK5,0,15,7,57,6.4722,100.170,126.342,5.1541,1.0364,2.768,0.2133
7U0U_FK5,0,16,7,57,6.4993,100.647,128.600,5.1115,1.0575,2.863,0.2198
7U0U_FK5,0,17,7,57,6.5239,101.005,130.757,5.0699,1.0812,2.901,0.2224
7U0U_FK5,0,18,7,57,6.5468,101.458,132.767,5.0325,1.1087,2.986,0.2196
7U0U_FK5,0,19,7,57,6.5721,102.009,134.720,5.0053,1.1384,3.025,0.2247
7U0U_FK5,0,20,7,57,6.5958,102.686,136.615,4.9806,1.1681,2.938,0.2189
7U0U_FK5,0,21,7,57,6.6207,103.326,138.211,4.9683,1.2003,3.092,0.2250
7U0U_FK5,0,22,7,57,6.6468,104.028,139.705,4.9676,1.2289,3.262,0.2376
7U0U_FK5,0,23,7,57,6.6792,105.072,141.116,4.9928,1.2533,3.382,0.2551
7U0U_FK5,0,24,7,57,6.7163,106.394,142.199,5.0520,1.2690,0.000,0.0000
7U3J_L6U,0,0,11,38,7.0752,111.076,161.929,6.4270,3.4247,0.473,0.2344
7U3J_L6U,0,1,11,38,6.8798,111.013,161.859,6.2687,3.2262,0.487,0.2253
7U3J_L6U,0,2,11,38,6.6960,110.947,161.637,6.1203,3.0346,0.597,0.2202
7U3J_L6U,0,3,11,38,6.5111,110.855,161.462,5.9697,2.8467,0.772,0.2170
7U3J_L6U,0,4,11,38,6.3198,110.697,161.288,5.8104,2.6650,0.901,0.2111
7U3J_L6U,0,5,11,38,6.1265,110.472,161.099,5.6457,2.4905,0.983,0.2146
7U3J_L6U,0,6,11,38,5.9276,110.250,160.793,5.4730,2.3143,1.049,0.2184
7U3J_L6U,0,7,11,38,5.7235,109.940,160.143,5.2924,2.1435,1.317,0.2247
7U3J_L6U,0,8,11,38,5.5114,109.467,159.268,5.0992,1.9868,1.595,0.2372
7U3J_L6U,0,9,11,38,5.2886,108.610,157.636,4.8930,1.8320,1.939,0.2518
7U3J_L6U,0,10,11,38,5.0540,107.517,155.796,4.6717,1.6791,2.275,0.2658
7U3J_L6U,0,11,11,38,4.8098,106.100,153.508,4.4377,1.5253,2.630,0.2744
7U3J_L6U,0,12,11,38,4.5635,104.470,150.772,4.1984,1.3690,2.936,0.2749
7U3J_L6U,0,13,11,38,4.3246,102.756,147.769,3.9625,1.2197,3.054,0.2760
7U3J_L6U,0,14,11,38,4.0954,101.104,145.070,3.7304,1.0765,3.254,0.2779
7U3J_L6U,0,15,11,38,3.8777,99.450,141.951,3.5017,0.9416,3.449,0.2798
7U3J_L6U,0,16,11,38,3.6763,97.901,138.874,3.2785,0.8112,3.525,0.2759
7U3J_L6U,0,17,11,38,3.4967,96.504,136.287,3.0678,0.6889,3.705,0.2823
7U3J_L6U,0,18,11,38,3.3319,95.260,133.897,2.8612,0.5696,3.878,0.2800
7U3J_L6U,0,19,11,38,3.1863,94.415,131.919,2.6650,0.4592,4.120,0.2899
7U3J_L6U,0,20,11,38,3.0597,93.728,130.448,2.4771,0.3793,4.262,0.2867
7U3J_L6U,0,21,11,38,2.9589,93.487,129.401,2.3146,0.3544,4.774,0.2858
7U3J_L6U,0,22,11,38,2.8835,93.458,128.383,2.1865,0.3888,5.167,0.2840
7U3J_L6U,0,23,11,38,2.8377,93.754,127.912,2.1032,0.4679,5.408,0.2759
7U3J_L6U,0,24,11,38,2.8449,94.483,131.247,2.0787,0.5630,0.000,0.0000
7UAS_MBU,0,0,7,40,6.7432,134.788,177.259,5.7537,3.0894,0.490,0.1867
7UAS_MBU,0,1,7,40,6.5846,134.705,177.218,5.6274,2.9414,0.480,0.1831
7UAS_MBU,0,2,7,40,6.4360,134.620,177.096,5.5072,2.8011,0.561,0.1783
7UAS_MBU,0,3,7,40,6.2938,134.472,176.625,5.3894,2.6656,0.691,0.1786
7UAS_MBU,0,4,7,40,6.1535,134.292,175.797,5.2709,2.5311,0.918,0.1843
7UAS_MBU,0,5,7,40,6.0157,134.019,174.671,5.1517,2.3980,1.199,0.1941
7UAS_MBU,0,6,7,40,5.8755,133.637,173.298,5.0291,2.2635,1.404,0.1983
7UAS_MBU,0,7,7,40,5.7407,133.226,171.763,4.9105,2.1301,1.520,0.2027
7UAS_MBU,0,8,7,40,5.6159,132.876,169.990,4.7983,2.0055,1.636,0.2060
7UAS_MBU,0,9,7,40,5.5003,132.493,168.182,4.6958,1.8923,1.916,0.2161
7UAS_MBU,0,10,7,40,5.3805,132.062,166.181,4.5892,1.7888,2.150,0.2303
7UAS_MBU,0,11,7,40,5.2629,131.527,164.200,4.4838,1.6945,2.426,0.2437
7UAS_MBU,0,12,7,40,5.1511,130.886,162.204,4.3834,1.6120,2.697,0.2478
7UAS_MBU,0,13,7,40,5.0449,130.163,160.265,4.2878,1.5419,2.868,0.2544
7UAS_MBU,0,14,7,40,4.9507,129.471,158.706,4.2026,1.4875,2.958,0.2527
7UAS_MBU,0,15,7,40,4.8625,128.764,157.445,4.1236,1.4516,3.146,0.2582
7UAS_MBU,0,16,7,40,4.7846,128.081,156.522,4.0539,1.4334,3.286,0.2584
7UAS_MBU,0,17,7,40,4.7235,127.411,155.352,3.9967,1.4337,3.414,0.2635
7UAS_MBU,0,18,7,40,4.6895,126.998,154.589,3.9640,1.4569,3.559,0.2680
7UAS_MBU,0,19,7,40,4.6766,126.580,153.717,3.9494,1.4934,3.522,0.2739
7UAS_MBU,0,20,7,40,4.6974,126.201,152.786,3.9663,1.5601,3.460,0.2676
7UAS_MBU,0,21,7,40,4.7434,125.815,151.649,4.0119,1.6432,3.586,0.2751
7UAS_MBU,0,22,7,40,4.8167,125.313,150.258,4.0927,1.7467,3.851,0.2831
7UAS_MBU,0,23,7,40,4.9273,124.735,148.865,4.2193,1.8694,4.152,0.2972
7UAS_MBU,0,24,7,40,5.0761,124.324,147.366,4.3882,1.9989,0.000,0.0000
7UAW_MF6,0,0,2,35,8.8385,165.314,174.811,6.6680,4.8864,0.117,0.2081
7UAW_MF6,0,1,2,35,8.6488,165.292,174.857,6.4689,4.7042,0.102,0.1997
7UAW_MF6,0,2,2,35,8.4693,165.241,174.848,6.2779,4.5309,0.132,0.1987
7UAW_MF6,0,3,2,35,8.2911,165.226,174.829,6.0869,4.3537,0.184,0.1979
7UAW_MF6,0,4,2,35,8.1111,165.281,174.874,5.8945,4.1652,0.282,0.1923
7UAW_MF6,0,5,2,35,7.9375,165.396,174.888,5.7071,3.9764,0.442,0.1834
7UAW_MF6,0,6,2,35,7.7710,165.545,174.822,5.5279,3.7849,0.577,0.1739
7UAW_MF6,0,7,2,35,7.6122,165.713,174.744,5.3591,3.5914,0.749,0.1655
7UAW_MF6,0,8,2,35,7.4660,165.814,174.495,5.2055,3.4011,0.983,0.1564
7UAW_MF6,0,9,2,35,7.3330,166.036,174.234,5.0660,3.2177,1.350,0.1561
7UAW_MF6,0,10,2,35,7.2122,166.391,173.881,4.9394,3.0378,1.574,0.1585
7UAW_MF6,0,11,2,35,7.0992,166.844,173.472,4.8185,2.8589,1.959,0.1535
7UAW_MF6,0,12,2,35,6.9985,167.521,173.021,4.7113,2.6874,2.333,0.1481
7UAW_MF6,0,13,2,35,6.9112,168.409,172.541,4.6182,2.5256,3.003,0.1463
7UAW_MF6,0,14,2,35,6.8363,169.593,171.846,4.5404,2.3774,3.298,0.1392
7UAW_MF6,0,15,2,35,6.7729,170.944,171.089,4.4749,2.2517,3.407,0.1369
7UAW_MF6,0,16,2,35,6.7178,172.296,174.232,4.4184,2.1347,3.449,0.1334
7UAW_MF6,0,17,2,35,6.6695,173.563,177.547,4.3715,2.0336,3.332,0.1197
7UAW_MF6,0,18,2,35,6.6236,174.117,179.344,4.3261,1.9449,3.305,0.1150
7UAW_MF6,0,19,2,35,6.5824,172.321,176.401,4.2864,1.8653,3.252,0.1126
7UAW_MF6,0,20,2,35,6.5452,170.723,173.865,4.2519,1.8048,3.059,0.1089
7UAW_MF6,0,21,2,35,6.5191,169.398,171.735,4.2333,1.7761,3.017,0.1121
7UAW_MF6,0,22,2,35,6.4970,168.255,169.946,4.2202,1.7665,2.911,0.1172
7UAW_MF6,0,23,2,35,6.4835,167.406,168.772,4.2226,1.7795,2.929,0.1209
7UAW_MF6,0,24,2,35,6.4805,166.740,167.974,4.2393,1.8088,0.000,0.0000
7UEY_N0R,0,0,6,27,7.7256,131.227,177.316,6.6644,2.9674,0.343,0.2406
7UEY_N0R,0,1,6,27,7.6003,131.054,177.214,6.5224,2.8984,0.343,0.2346
7UEY_N0R,0,2,6,27,7.4893,130.925,177.094,6.3929,2.8476,0.424,0.2279
7UEY_N0R,0,3,6,27,7.4009,130.958,177.263,6.2854,2.7983,0.644,0.2297
7UEY_N0R,0,4,6,27,7.3240,131.137,177.682,6.1927,2.7407,0.884,0.2207
7UEY_N0R,0,5,6,27,7.2755,131.405,177.902,6.1335,2.6973,1.221,0.2201
7UEY_N0R,0,6,6,27,7.2563,131.813,178.439,6.1054,2.6606,1.296,0.2132
7UEY_N0R,0,7,6,27,7.2489,132.207,178.992,6.0935,2.6321,1.522,0.2142
7UEY_N0R,0,8,6,27,7.2748,132.766,179.614,6.1171,2.6135,1.765,0.2240
7UEY_N0R,0,9,6,27,7.3259,133.364,179.673,6.1659,2.6025,2.094,0.2327
7UEY_N0R,0,10,6,27,7.4097,133.955,178.740,6.2429,2.6028,2.317,0.2416
7UEY_N0R,0,11,6,27,7.5145,134.640,177.498,6.3418,2.6019,2.529,0.2451
7UEY_N0R,0,12,6,27,7.6330,135.395,176.059,6.4531,2.6045,2.885,0.2473
7UEY_N0R,0,13,6,27,7.7563,136.206,173.846,6.5700,2.5985,3.100,0.2486
7UEY_N0R,0,14,6,27,7.8869,137.039,171.159,6.6954,2.5850,3.227,0.2456
7UEY_N0R,0,15,6,27,8.0217,137.960,168.464,6.8247,2.5746,3.463,0.2552
7UEY_N0R,0,16,6,27,8.1608,138.925,165.365,6.9655,2.5510,3.765,0.2511
7UEY_N0R,0,17,6,27,8.2987,139.907,166.493,7.1052,2.5137,3.999,0.2615
7UEY_N0R,0,18,6,27,8.4455,141.082,169.511,7.2552,2.4820,4.287,0.2686
7UEY_N0R,0,19,6,27,8.5968,142.474,172.824,7.4113,2.4463,4.559,0.2819
7UEY_N0R,0,20,6,27,8.7570,144.246,176.430,7.5756,2.4103,4.926,0.2853
7UEY_N0R,0,21,6,27,8.9320,146.154,179.878,7.7496,2.3847,5.342,0.3090
7UEY_N0R,0,22,6,27,9.1367,146.875,176.263,7.9480,2.3768,5.569,0.3207
7UEY_N0R,0,23,6,27,9.3550,147.657,172.600,8.1582,2.3727,5.672,0.3329
7UEY_N0R,0,24,6,27,9.5942,148.633,169.375,8.3797,2.3797,0.000,0.0000
7UF2_5SP,0,0,5,14,5.3761,143.398,174.211,5.0190,4.0606,0.203,0.1871
7UF2_5SP,0,1,5,14,5.2076,143.461,174.165,4.8543,3.9192,0.203,0.1847
7UF2_5SP,0,2,5,14,5.0468,143.447,174.049,4.6956,3.7812,0.179,0.1834
7UF2_5SP,0,3,5,14,4.8883,143.299,173.815,4.5375,3.6435,0.345,0.1806
7UF2_5SP,0,4,5,14,4.7331,142.991,173.336,4.3810,3.5077,0.350,0.1798
7UF2_5SP,0,5,5,14,4.5815,142.739,172.820,4.2260,3.3708,0.571,0.1848
7UF2_5SP,0,6,5,14,4.4278,142.244,171.987,4.0662,3.2297,0.767,0.1844
7UF2_5SP,0,7,5,14,4.2774,141.594,171.106,3.9084,3.0888,0.976,0.1837
7UF2_5SP,0,8,5,14,4.1312,140.754,170.029,3.7524,2.9472,1.349,0.1774
7UF2_5SP,0,9,5,14,3.9942,139.658,168.666,3.6035,2.8154,1.457,0.1789
7UF2_5SP,0,10,5,14,3.8592,138.560,167.307,3.4561,2.6779,1.678,0.1792
7UF2_5SP,0,11,5,14,3.7266,137.419,165.907,3.3082,2.5460,1.752,0.1767
7UF2_5SP,0,12,5,14,3.6039,136.343,164.523,3.1674,2.4215,2.034,0.1777
7UF2_5SP,0,13,5,14,3.4867,135.129,163.083,3.0302,2.2965,2.626,0.1874
7UF2_5SP,0,14,5,14,3.3638,133.505,161.511,2.8852,2.1667,3.258,0.1852
7UF2_5SP,0,15,5,14,3.2488,131.604,159.688,2.7467,2.0497,3.706,0.1931
7UF2_5SP,0,16,5,14,3.1390,129.563,157.979,2.6114,1.9431,3.836,0.1950
7UF2_5SP,0,17,5,14,3.0383,127.622,156.289,2.4853,1.8453,4.379,0.1970
7UF2_5SP,0,18,5,14,2.9509,125.347,154.094,2.3738,1.7634,4.874,0.1977
7UF2_5SP,0,19,5,14,2.8713,122.611,151.449,2.2806,1.6912,5.583,0.1990
7UF2_5SP,0,20,5,14,2.7988,119.538,148.289,2.2082,1.6244,5.046,0.1861
7UF2_5SP,0,21,5,14,2.7524,117.003,145.331,2.1750,1.5827,5.122,0.1883
7UF2_5SP,0,22,5,14,2.7275,114.489,142.276,2.1680,1.5596,5.102,0.1804
7UF2_5SP,0,23,5,14,2.7321,112.055,139.196,2.1949,1.5698,4.855,0.1693
7UF2_5SP,0,24,5,14,2.7509,109.613,135.632,2.2296,1.6138,0.000,0.0000
7UJ5_DGL,0,0,3,10,5.6284,111.846,160.939,4.9238,1.2230,0.248,0.2181
7UJ5_DGL,0,1,3,10,5.4166,111.960,160.987,4.7371,1.1300,0.285,0.2067
7UJ5_DGL,0,2,3,10,5.2181,112.107,161.041,4.5632,1.0433,0.229,0.2111
7UJ5_DGL,0,3,3,10,5.0151,112.194,161.111,4.3853,0.9549,0.261,0.2162
7UJ5_DGL,0,4,3,10,4.8075,112.232,161.155,4.2020,0.8715,0.386,0.2118
7UJ5_DGL,0,5,3,10,4.6065,112.261,161.160,4.0234,0.7960,0.470,0.2135
7UJ5_DGL,0,6,3,10,4.4112,112.196,161.023,3.8505,0.7249,0.662,0.2064
7UJ5_DGL,0,7,3,10,4.2284,112.086,160.791,3.6864,0.6670,0.957,0.2049
7UJ5_DGL,0,8,3,10,4.0534,111.898,160.499,3.5272,0.6235,1.146,0.2003
7UJ5_DGL,0,9,3,10,3.8944,111.661,160.044,3.3802,0.5928,1.410,0.2072
7UJ5_DGL,0,10,3,10,3.7377,111.298,159.278,3.2331,0.5700,1.918,0.2131
7UJ5_DGL,0,11,3,10,3.5912,110.888,158.313,3.0924,0.5554,2.247,0.2142
7UJ5_DGL,0,12,3,10,3.4546,110.474,157.108,2.9604,0.5447,2.603,0.2242
7UJ5_DGL,0,13,3,10,3.3256,110.098,155.739,2.8356,0.5382,2.756,0.2346
7UJ5_DGL,0,14,3,10,3.2043,109.790,154.385,2.7156,0.5323,2.966,0.2327
7UJ5_DGL,0,15,3,10,3.0961,109.765,153.259,2.6035,0.5317,3.164,0.2381
7UJ5_DGL,0,16,3,10,3.0025,109.950,152.400,2.5025,0.5429,3.169,0.2465
7UJ5_DGL,0,17,3,10,2.9165,110.208,151.769,2.4048,0.5585,3.062,0.2545
7UJ5_DGL,0,18,3,10,2.8419,110.574,151.483,2.3113,0.5800,3.001,0.2577
7UJ5_DGL,0,19,3,10,2.7907,111.064,151.316,2.2366,0.6218,2.949,0.2712
7UJ5_DGL,0,20,3,10,2.7536,111.517,151.295,2.1713,0.6709,2.727,0.2816
7UJ5_DGL,0,21,3,10,2.7450,111.636,151.184,2.1382,0.7257,2.555,0.2927
7UJ5_DGL,0,22,3,10,2.7697,111.557,151.183,2.1495,0.7971,2.246,0.3030
7UJ5_DGL,0,23,3,10,2.8298,111.088,151.300,2.2148,0.8728,1.790,0.3083
7UJ5_DGL,0,24,3,10,2.9257,110.704,151.273,2.3156,0.9550,0.000,0.0000
7USH_82V,0,0,3,26,6.5372,132.757,176.591,5.3666,2.4396,1.101,0.1913
7USH_82V,0,1,3,26,6.3992,132.159,176.216,5.2420,2.3053,1.040,0.1828
7USH_82V,0,2,3,26,6.2697,131.579,175.873,5.1284,2.1775,1.150,0.1820
7USH_82V,0,3,3,26,6.1498,130.939,175.497,5.0240,2.0524,1.231,0.1810
7USH_82V,0,4,3,26,6.0431,130.251,175.093,4.9348,1.9269,1.288,0.1799
7USH_82V,0,5,3,26,5.9485,129.547,174.700,4.8615,1.8006,1.404,0.1790
7USH_82V,0,6,3,26,5.8653,128.768,174.268,4.8043,1.6716,1.433,0.1750
7USH_82V,0,7,3,26,5.7954,128.011,173.910,4.7646,1.5457,1.631,0.1792
7USH_82V,0,8,3,26,5.7382,127.151,173.647,4.7448,1.4104,1.761,0.1803
7USH_82V,0,9,3,26,5.6878,126.246,173.352,4.7378,1.2730,2.093,0.1908
7USH_82V,0,10,3,26,5.6489,125.437,173.311,4.7471,1.1237,2.196,0.2052
7USH_82V,0,11,3,26,5.6205,124.512,173.220,4.7752,0.9684,2.526,0.2161
7USH_82V,0,12,3,26,5.6037,123.500,173.139,4.8171,0.8053,2.806,0.2278
7USH_82V,0,13,3,26,5.6022,122.640,173.171,4.8740,0.6351,3.289,0.2391
7USH_82V,0,14,3,26,5.6242,121.862,173.146,4.9546,0.4841,3.526,0.2417
7USH_82V,0,15,3,26,5.6522,121.034,173.131,5.0364,0.3794,3.729,0.2455
7USH_82V,0,16,3,26,5.6843,120.287,173.192,5.1157,0.3717,3.697,0.2518
7USH_82V,0,17,3,26,5.7175,119.423,173.098,5.1885,0.4557,3.813,0.2698
7USH_82V,0,18,3,26,5.7514,118.589,172.835,5.2542,0.5836,3.920,0.2715
7USH_82V,0,19,3,26,5.7823,117.817,172.306,5.3046,0.7205,3.842,0.2736
7USH_82V,0,20,3,26,5.8259,117.315,171.713,5.3602,0.8700,3.796,0.2585
7USH_82V,0,21,3,26,5.8737,117.126,171.332,5.4101,1.0062,3.533,0.2496
7USH_82V,0,22,3,26,5.9377,117.291,170.994,5.4724,1.1439,3.418,0.2405
7USH_82V,0,23,3,26,6.0091,117.835,171.182,5.5422,1.2877,3.256,0.2182
7USH_82V,0,24,3,26,6.0801,118.658,171.494,5.6138,1.4260,0.000,0.0000
7UTW_NAI,0,0,8,44,7.5077,120.588,172.019,6.5148,1.3925,0.441,0.1672
7UTW_NAI,0,1,8,44,7.4179,120.781,171.705,6.4128,1.3251,0.425,0.1571
7UTW_NAI,0,2,8,44,7.3361,120.964,171.359,6.3194,1.2617,0.635,0.1601
7UTW_NAI,0,3,8,44,7.2355,121.190,170.880,6.2105,1.1959,0.877,0.1737
7UTW_NAI,0,4,8,44,7.1039,121.355,170.169,6.0761,1.1296,1.037,0.1911
7UTW_NAI,0,5,8,44,6.9477,121.434,169.426,5.9215,1.0653,1.269,0.2173
7UTW_NAI,0,6,8,44,6.7630,121.426,168.571,5.7454,1.0030,1.380,0.2308
7UTW_NAI,0,7,8,44,6.5660,121.356,167.789,5.5608,0.9463,1.522,0.2562
7UTW_NAI,0,8,8,44,6.3486,121.161,167.076,5.3551,0.8930,1.796,0.2600
7UTW_NAI,0,9,8,44,6.1321,120.861,166.216,5.1469,0.8392,2.250,0.2647
7UTW_NAI,0,10,8,44,5.9139,120.337,166.216,4.9361,0.7856,2.517,0.2679
7UTW_NAI,0,11,8,44,5.6917,119.620,167.457,4.7192,0.7225,2.780,0.2706
7UTW_NAI,0,12,8,44,5.4735,118.847,168.768,4.5056,0.6585,3.033,0.2543
7UTW_NAI,0,13,8,44,5.2764,118.052,170.188,4.3102,0.5907,3.207,0.2554
7UTW_NAI,0,14,8,44,5.0882,117.133,171.655,4.1202,0.5190,3.270,0.2546
7UTW_NAI,0,15,8,44,4.9107,116.133,172.910,3.9397,0.4526,3.459,0.2571
7UTW_NAI,0,16,8,44,4.7401,115.018,174.093,3.7672,0.4093,3.519,0.2528
7UTW_NAI,0,17,8,44,4.5811,113.921,175.321,3.6069,0.3869,3.487,0.2536
7UTW_NAI,0,18,8,44,4.4359,112.873,176.683,3.4623,0.4036,3.646,0.2530
7UTW_NAI,0,19,8,44,4.3033,111.772,177.847,3.3295,0.4422,3.791,0.2435
7UTW_NAI,0,20,8,44,4.1853,110.650,178.642,3.2145,0.5063,3.856,0.2374
7UTW_NAI,0,21,8,44,4.0924,109.621,178.737,3.1244,0.5825,4.226,0.2393
7UTW_NAI,0,22,8,44,4.0199,108.648,178.587,3.0558,0.6703,4.876,0.2373
7UTW_NAI,0,23,8,44,3.9746,107.847,178.436,3.0180,0.7594,5.507,0.2351
7UTW_NAI,0,24,8,44,3.9731,107.333,177.775,3.0166,0.8447,0.000,0.0000
7UY4_SMI,0,0,3,24,9.4383,80.570,80.570,8.2213,8.0338,0.471,0.2766
7UY4_SMI,0,1,3,24,9.0804,80.930,80.930,7.9585,7.6660,0.505,0.2684
7UY4_SMI,0,2,3,24,8.7379,81.326,81.326,7.7050,7.3107,0.560,0.2701
7UY4_SMI,0,3,3,24,8.4009,81.781,81.781,7.4519,6.9565,0.562,0.2695
7UY4_SMI,0,4,3,24,8.0739,82.312,82.312,7.2000,6.6094,0.652,0.2684
7UY4_SMI,0,5,3,24,7.7552,82.927,82.927,6.9535,6.2669,0.569,0.2641
7UY4_SMI,0,6,3,24,7.4452,83.347,83.347,6.7121,5.9330,0.565,0.2611
7UY4_SMI,0,7,3,24,7.1407,83.489,83.489,6.4754,5.6051,0.838,0.2616
7UY4_SMI,0,8,3,24,6.8309,83.211,83.211,6.2363,5.2753,1.092,0.2565
7UY4_SMI,0,9,3,24,6.5288,82.698,82.698,6.0026,4.9562,1.417,0.2529
7UY4_SMI,0,10,3,24,6.2358,81.838,81.838,5.7770,4.6537,1.849,0.2525
7UY4_SMI,0,11,3,24,5.9418,80.709,80.709,5.5562,4.3542,2.158,0.2493
7UY4_SMI,0,12,3,24,5.6529,79.418,79.418,5.3385,4.0623,2.515,0.2502
7UY4_SMI,0,13,3,24,5.3691,78.026,78.026,5.1229,3.7802,2.781,0.2418
7UY4_SMI,0,14,3,24,5.0904,76.757,76.757,4.9159,3.4977,2.992,0.2416
7UY4_SMI,0,15,3,24,4.8249,75.594,75.594,4.7117,3.2337,3.373,0.2341
7UY4_SMI,0,16,3,24,4.5643,74.587,74.587,4.5150,2.9674,3.687,0.2341
7UY4_SMI,0,17,3,24,4.3115,73.562,73.562,4.3241,2.7134,3.683,0.2380
7UY4_SMI,0,18,3,24,4.0678,72.932,72.932,4.1365,2.4580,3.958,0.2265
7UY4_SMI,0,19,3,24,3.8341,72.493,72.493,3.9576,2.2073,4.156,0.2377
7UY4_SMI,0,20,3,24,3.6094,72.274,72.274,3.7763,1.9602,3.721,0.2328
7UY4_SMI,0,21,3,24,3.4149,72.305,72.305,3.6049,1.7381,3.518,0.2351
7UY4_SMI,0,22,3,24,3.2461,72.547,72.547,3.4449,1.5364,2.791,0.2392
7UY4_SMI,0,23,3,24,3.1078,72.927,72.927,3.2843,1.3667,1.907,0.2591
7UY4_SMI,0,24,3,24,2.9991,73.484,73.484,3.1228,1.2277,0.000,0.0000
7V14_ORU,0,0,6,35,7.2708,152.527,177.008,6.8847,3.9804,0.556,0.2104
7V14_ORU,0,1,6,35,7.0883,152.541,176.782,6.7057,3.7841,0.518,0.2077
7V14_ORU,0,2,6,35,6.9145,152.552,176.574,6.5330,3.5889,0.552,0.1981
7V14_ORU,0,3,6,35,6.7545,152.610,176.287,6.3747,3.4008,0.875,0.1860
7V14_ORU,0,4,6,35,6.6076,152.694,175.872,6.2312,3.2225,1.305,0.1936
7V14_ORU,0,5,6,35,6.4669,152.842,176.237,6.0930,3.0370,1.727,0.2119
7V14_ORU,0,6,6,35,6.3250,153.057,177.469,5.9519,2.8376,1.999,0.2140
7V14_ORU,0,7,6,35,6.1904,153.361,178.893,5.8165,2.6470,2.348,0.2342
7V14_ORU,0,8,6,35,6.0518,153.460,179.555,5.6736,2.4425,2.438,0.2401
7V14_ORU,0,9,6,35,5.9211,153.265,178.022,5.5365,2.2445,2.595,0.2494
7V14_ORU,0,10,6,35,5.7869,153.043,176.756,5.3923,2.0498,2.657,0.2597
7V14_ORU,0,11,6,35,5.6563,152.757,175.655,5.2475,1.8558,2.745,0.2630
7V14_ORU,0,12,6,35,5.5269,152.490,174.787,5.1008,1.6776,2.859,0.2724
7V14_ORU,0,13,6,35,5.3981,152.221,174.268,4.9500,1.5056,3.163,0.2766
7V14_ORU,0,14,6,35,5.2804,152.102,173.935,4.8054,1.3415,3.337,0.2782
7V14_ORU,0,15,6,35,5.1708,152.175,174.718,4.6638,1.1982,3.490,0.2797
7V14_ORU,0,16,6,35,5.0828,152.374,176.607,4.5402,1.0822,3.763,0.2775
7V14_ORU,0,17,6,35,5.0117,152.785,178.708,4.4310,0.9928,3.892,0.2883
7V14_ORU,0,18,6,35,4.9634,153.157,179.537,4.3429,0.9400,3.976,0.2865
7V14_ORU,0,19,6,35,4.9295,153.302,177.740,4.2703,0.9370,4.038,0.2978
7V14_ORU,0,20,6,35,4.9183,153.685,176.013,4.2246,0.9791,3.991,0.3045
7V14_ORU,0,21,6,35,4.9374,154.442,175.177,4.2210,1.0668,4.139,0.3177
7V14_ORU,0,22,6,35,4.9851,155.634,175.499,4.2639,1.1852,4.590,0.3218
7V14_ORU,0,23,6,35,5.0736,157.303,175.716,4.3701,1.3219,5.077,0.3241
7V14_ORU,0,24,6,35,5.2087,159.445,177.104,4.5370,1.4552,0.000,0.0000
7VB8_STL,0,0,3,17,3.3964,66.230,102.145,3.3115,1.5379,0.285,0.1303
7VB8_STL,0,1,3,17,3.3516,66.073,102.000,3.2499,1.5019,0.258,0.1228
7VB8_STL,0,2,3,17,3.3139,65.904,101.798,3.1954,1.4724,0.405,0.1170
7VB8_STL,0,3,3,17,3.2724,65.616,101.466,3.1368,1.4452,0.646,0.1108
7VB8_STL,0,4,3,17,3.2229,65.134,100.880,3.0691,1.4187,1.044,0.1067
7VB8_STL,0,5,3,17,3.1601,64.324,99.854,2.9862,1.3924,1.419,0.1095
7VB8_STL,0,6,3,17,3.0829,63.154,98.363,2.8895,1.3625,1.654,0.1117
7VB8_STL,0,7,3,17,2.9996,61.738,96.566,2.7889,1.3311,2.171,0.1209
7VB8_STL,0,8,3,17,2.9061,59.822,93.949,2.6832,1.3002,2.273,0.1258
7VB8_STL,0,9,3,17,2.8116,57.820,91.261,2.5744,1.2652,2.701,0.1279
7VB8_STL,0,10,3,17,2.7143,55.360,87.890,2.4678,1.2305,3.042,0.1371
7VB8_STL,0,11,3,17,2.6104,52.575,84.103,2.3571,1.1907,3.364,0.1400
7VB8_STL,0,12,3,17,2.5077,49.534,79.960,2.2478,1.1458,3.579,0.1376
7VB8_STL,0,13,3,17,2.4059,46.295,75.517,2.1428,1.0958,3.865,0.1392
7VB8_STL,0,14,3,17,2.3032,42.846,70.792,2.0384,1.0413,4.100,0.1349
7VB8_STL,0,15,3,17,2.2096,39.306,65.794,1.9440,0.9879,4.230,0.1334
7VB8_STL,0,16,3,17,2.1170,35.773,60.604,1.8516,0.9325,4.344,0.1316
7VB8_STL,0,17,3,17,2.0246,32.272,55.294,1.7598,0.8792,4.107,0.1231
7VB8_STL,0,18,3,17,1.9434,29.138,50.269,1.6749,0.8258,4.162,0.1201
7VB8_STL,0,19,3,17,1.8734,26.070,45.409,1.5966,0.7759,3.969,0.1170
7VB8_STL,0,20,3,17,1.8119,23.404,40.829,1.5224,0.7281,3.646,0.1176
7VB8_STL,0,21,3,17,1.7624,21.028,36.474,1.4552,0.6834,3.670,0.1121
7VB8_STL,0,22,3,17,1.7227,18.807,32.057,1.3946,0.6415,3.467,0.1101
7VB8_STL,0,23,3,17,1.7077,16.807,27.960,1.3518,0.6115,3.822,0.1131
7VB8_STL,0,24,3,17,1.7190,15.067,23.856,1.3370,0.5911,0.000,0.0000
7VBU_6I4,0,0,2,17,9.1376,124.927,139.097,7.0540,6.8447,0.736,0.2398
7VBU_6I4,0,1,2,17,8.8853,125.237,139.040,6.8690,6.5529,0.703,0.2351
7VBU_6I4,0,2,2,17,8.6469,125.586,138.981,6.6946,6.2711,0.809,0.2302
7VBU_6I4,0,3,2,17,8.4187,125.926,138.875,6.5286,5.9966,0.992,0.2299
7VBU_6I4,0,4,2,17,8.2037,126.410,138.849,6.3698,5.7297,1.122,0.2347
7VBU_6I4,0,5,2,17,7.9960,126.922,138.861,6.2114,5.4639,1.353,0.2359
7VBU_6I4,0,6,2,17,7.7939,127.401,138.791,6.0576,5.1991,1.790,0.2469
7VBU_6I4,0,7,2,17,7.6014,128.188,138.886,5.9127,4.9321,2.008,0.2404
7VBU_6I4,0,8,2,17,7.4225,128.937,138.989,5.7786,4.6743,2.257,0.2510
7VBU_6I4,0,9,2,17,7.2526,129.863,139.278,5.6573,4.4123,2.688,0.2597
7VBU_6I4,0,10,2,17,7.0932,131.001,139.779,5.5451,4.1472,2.675,0.2604
7VBU_6I4,0,11,2,17,6.9397,132.121,140.306,5.4356,3.8799,2.822,0.2650
7VBU_6I4,0,12,2,17,6.7948,133.335,140.920,5.3358,3.6103,2.863,0.2667
7VBU_6I4,0,13,2,17,6.6588,134.625,141.676,5.2387,3.3390,2.979,0.2701
7VBU_6I4,0,14,2,17,6.5364,136.068,142.745,5.1545,3.0667,2.890,0.2662
7VBU_6I4,0,15,2,17,6.4306,137.493,144.075,5.0850,2.8010,2.604,0.2681
7VBU_6I4,0,16,2,17,6.3341,138.871,145.553,5.0203,2.5321,2.654,0.2628
7VBU_6I4,0,17,2,17,6.2557,140.372,147.375,4.9687,2.2733,2.668,0.2719
7VBU_6I4,0,18,2,17,6.1844,141.961,149.270,4.9181,2.0054,2.660,0.2615
7VBU_6I4,0,19,2,17,6.1350,143.694,151.566,4.8853,1.7567,2.600,0.2714
7VBU_6I4,0,20,2,17,6.0987,145.477,153.973,4.8656,1.5078,2.686,0.2639
7VBU_6I4,0,21,2,17,6.0787,147.464,156.310,4.8624,1.2836,2.721,0.2618
7VBU_6I4,0,22,2,17,6.0756,149.669,158.489,4.8801,1.0893,3.320,0.2382
7VBU_6I4,0,23,2,17,6.0858,152.614,159.832,4.9173,0.9458,4.607,0.2141
7VBU_6I4,0,24,2,17,6.0985,156.643,159.606,4.9635,0.8699,0.000,0.0000
7VJT_7IJ,0,0,2,27,5.7861,105.420,126.188,4.0006,3.1778,0.277,0.1260
7VJT_7IJ,0,1,2,27,5.7062,105.274,126.081,3.9370,3.1120,0.308,0.1172
7VJT_7IJ,0,2,2,27,5.6337,105.104,125.908,3.8783,3.0527,0.500,0.1124
7VJT_7IJ,0,3,2,27,5.5548,104.857,125.693,3.8108,2.9918,0.864,0.1079
7VJT_7IJ,0,4,2,27,5.4631,104.397,125.392,3.7314,2.9299,1.257,0.1039
7VJT_7IJ,0,5,2,27,5.3636,103.745,125.004,3.6442,2.8724,1.658,0.1099
7VJT_7IJ,0,6,2,27,5.2541,102.865,124.454,3.5511,2.8180,1.826,0.1146
7VJT_7IJ,0,7,2,27,5.1408,101.885,123.927,3.4589,2.7643,2.144,0.1193
7VJT_7IJ,0,8,2,27,5.0137,100.599,123.187,3.3633,2.7087,2.230,0.1167
7VJT_7IJ,0,9,2,27,4.8906,99.411,122.738,3.2744,2.6634,2.423,0.1226
7VJT_7IJ,0,10,2,27,4.7559,97.965,122.177,3.1825,2.6159,2.526,0.1181
7VJT_7IJ,0,11,2,27,4.6253,96.521,121.583,3.0987,2.5770,2.506,0.1181
7VJT_7IJ,0,12,2,27,4.5034,95.221,121.132,3.0185,2.5471,2.718,0.1162
7VJT_7IJ,0,13,2,27,4.3914,93.857,120.645,2.9480,2.5256,2.973,0.1178
7VJT_7IJ,0,14,2,27,4.2826,92.377,120.173,2.8855,2.5083,3.015,0.1136
7VJT_7IJ,0,15,2,27,4.1912,91.153,119.751,2.8263,2.5020,3.173,0.1116
7VJT_7IJ,0,16,2,27,4.1207,90.223,119.447,2.7827,2.5012,3.282,0.1048
7VJT_7IJ,0,17,2,27,4.0792,89.555,119.171,2.7544,2.5172,3.337,0.1127
7VJT_7IJ,0,18,2,27,4.0862,89.435,119.029,2.7459,2.5683,3.471,0.1059
7VJT_7IJ,0,19,2,27,4.1031,89.457,118.957,2.7423,2.6197,3.365,0.1084
7VJT_7IJ,0,20,2,27,4.1393,89.718,118.907,2.7427,2.6811,3.019,0.1094
7VJT_7IJ,0,21,2,27,4.1827,90.185,119.000,2.7396,2.7486,2.995,0.1060
7VJT_7IJ,0,22,2,27,4.2305,91.008,119.217,2.7308,2.8187,2.552,0.1009
7VJT_7IJ,0,23,2,27,4.2637,91.994,119.568,2.7094,2.8838,2.441,0.1013
7VJT_7IJ,0,24,2,27,4.2875,93.130,119.823,2.6856,2.9472,0.000,0.0000
7VKZ_NOJ,0,0,2,11,5.0537,131.781,131.781,4.4531,3.7969,0.281,0.2139
7VKZ_NOJ,0,1,2,11,4.8769,131.554,131.554,4.2499,3.6164,0.259,0.1984
7VKZ_NOJ,0,2,2,11,4.7168,131.328,131.328,4.0626,3.4517,0.332,0.2023
7VKZ_NOJ,0,3,2,11,4.5545,131.039,131.039,3.8710,3.2803,0.375,0.2076
7VKZ_NOJ,0,4,2,11,4.3909,130.699,130.699,3.6731,3.1030,0.506,0.2021
7VKZ_NOJ,0,5,2,11,4.2351,130.291,130.291,3.4803,2.9324,0.624,0.1982
7VKZ_NOJ,0,6,2,11,4.0877,129.788,129.788,3.2919,2.7703,0.744,0.1892
7VKZ_NOJ,0,7,2,11,3.9508,129.227,129.227,3.1128,2.6172,1.049,0.1869
7VKZ_NOJ,0,8,2,11,3.8194,128.484,128.484,2.9355,2.4688,1.311,0.1848
7VKZ_NOJ,0,9,2,11,3.6923,127.512,127.512,2.7606,2.3240,1.606,0.1838
7VKZ_NOJ,0,10,2,11,3.5672,126.254,126.254,2.5863,2.1797,1.906,0.1827
7VKZ_NOJ,0,11,2,11,3.4457,124.745,124.745,2.4121,2.0387,2.286,0.1807
7VKZ_NOJ,0,12,2,11,3.3293,122.831,122.831,2.2428,1.9069,2.592,0.1806
7VKZ_NOJ,0,13,2,11,3.2142,120.538,120.538,2.0747,1.7764,2.989,0.1842
7VKZ_NOJ,0,14,2,11,3.1023,117.862,117.862,1.9088,1.6537,3.131,0.1828
7VKZ_NOJ,0,15,2,11,2.9936,115.004,115.004,1.7464,1.5375,3.356,0.1731
7VKZ_NOJ,0,16,2,11,2.8873,111.838,111.838,1.5937,1.4278,3.585,0.1721
7VKZ_NOJ,0,17,2,11,2.7802,108.461,108.461,1.4405,1.3189,3.815,0.1735
7VKZ_NOJ,0,18,2,11,2.6732,104.811,104.811,1.2897,1.2117,3.939,0.1572
7VKZ_NOJ,0,19,2,11,2.5711,101.035,101.035,1.1558,1.1216,4.146,0.1570
7VKZ_NOJ,0,20,2,11,2.4681,97.095,97.095,1.0286,1.0339,4.243,0.1572
7VKZ_NOJ,0,21,2,11,2.3679,93.225,93.225,0.9116,0.9518,4.512,0.1546
7VKZ_NOJ,0,22,2,11,2.2681,89.131,89.131,0.8098,0.8811,4.595,0.1517
7VKZ_NOJ,0,23,2,11,2.1767,85.475,85.475,0.7322,0.8168,4.642,0.1515
7VKZ_NOJ,0,24,2,11,2.0972,82.363,82.363,0.6948,0.7636,0.000,0.0000
7VWF_K55,0,0,8,33,7.1974,131.747,166.597,6.7960,1.6490,0.384,0.1677
7VWF_K55,0,1,8,33,7.0917,131.870,167.211,6.6982,1.5959,0.348,0.1571
7VWF_K55,0,2,8,33,6.9965,131.932,167.580,6.6097,1.5472,0.585,0.1595
7VWF_K55,0,3,8,33,6.9231,132.176,168.307,6.5391,1.4965,0.976,0.1620
7VWF_K55,0,4,8,33,6.8794,132.723,169.619,6.4927,1.4481,1.229,0.1677
7VWF_K55,0,5,8,33,6.8610,133.436,171.402,6.4663,1.4036,1.495,0.1759
7VWF_K55,0,6,8,33,6.8612,134.366,173.713,6.4525,1.3606,1.773,0.1840
7VWF_K55,0,7,8,33,6.8771,135.404,176.134,6.4504,1.3118,2.010,0.1931
7VWF_K55,0,8,8,33,6.9135,136.597,178.859,6.4604,1.2741,2.309,0.2028
7VWF_K55,0,9,8,33,6.9652,137.249,178.215,6.4788,1.2419,2.761,0.2223
7VWF_K55,0,10,8,33,7.0284,137.602,175.230,6.5007,1.2085,3.114,0.2311
7VWF_K55,0,11,8,33,7.1014,138.132,178.013,6.5263,1.1774,3.491,0.2387
7VWF_K55,0,12,8,33,7.1862,137.931,178.128,6.5584,1.1424,3.745,0.2414
7VWF_K55,0,13,8,33,7.2766,136.790,173.984,6.5937,1.1023,3.895,0.2392
7VWF_K55,0,14,8,33,7.3686,135.478,169.434,6.6281,1.0566,4.157,0.2430
7VWF_K55,0,15,8,33,7.4639,134.026,167.404,6.6651,1.0063,4.346,0.2470
7VWF_K55,0,16,8,33,7.5670,132.458,170.192,6.7060,0.9538,4.432,0.2470
7VWF_K55,0,17,8,33,7.6706,130.896,173.028,6.7457,0.9033,4.462,0.2454
7VWF_K55,0,18,8,33,7.7762,129.444,175.700,6.7875,0.8546,4.543,0.2446
7VWF_K55,0,19,8,33,7.8816,127.901,177.834,6.8297,0.8054,4.459,0.2540
7VWF_K55,0,20,8,33,7.9933,126.352,179.312,6.8743,0.7514,4.145,0.2409
7VWF_K55,0,21,8,33,8.1118,124.872,179.756,6.9254,0.7134,4.007,0.2501
7VWF_K55,0,22,8,33,8.2440,123.329,179.405,6.9843,0.6770,3.545,0.2581
7VWF_K55,0,23,8,33,8.3932,122.187,179.065,7.0534,0.6517,3.247,0.2681
7VWF_K55,0,24,8,33,8.5619,121.380,178.491,7.1441,0.6328,0.000,0.0000
7W05_GMP,0,0,3,20,6.6633,151.089,162.756,6.4684,5.0417,0.751,0.2711
7W05_GMP,0,1,3,20,6.4221,150.634,162.459,6.2107,4.8106,0.612,0.2527
7W05_GMP,0,2,3,20,6.2043,150.248,162.323,5.9733,4.5983,0.688,0.2508
7W05_GMP,0,3,3,20,5.9909,149.877,162.383,5.7398,4.3874,0.883,0.2513
7W05_GMP,0,4,3,20,5.7792,149.495,162.723,5.5094,4.1746,1.073,0.2407
7W05_GMP,0,5,3,20,5.5775,149.159,163.361,5.2935,3.9666,1.246,0.2348
7W05_GMP,0,6,3,20,5.3836,148.823,164.164,5.0894,3.7616,1.632,0.2235
7W05_GMP,0,7,3,20,5.1980,148.497,165.212,4.8957,3.5628,1.846,0.2223
7W05_GMP,0,8,3,20,5.0210,148.080,166.311,4.7150,3.3718,2.247,0.2278
7W05_GMP,0,9,3,20,4.8611,147.541,167.705,4.5570,3.2027,2.496,0.2347
7W05_GMP,0,10,3,20,4.7026,147.059,169.319,4.4066,3.0350,2.806,0.2414
7W05_GMP,0,11,3,20,4.5604,146.311,170.903,4.2780,2.8857,3.185,0.2494
7W05_GMP,0,12,3,20,4.4362,145.592,172.762,4.1767,2.7599,3.186,0.2523
7W05_GMP,0,13,3,20,4.3288,144.955,174.697,4.0983,2.6527,3.377,0.2606
7W05_GMP,0,14,3,20,4.2326,144.200,176.571,4.0326,2.5597,3.523,0.2559
7W05_GMP,0,15,3,20,4.1589,143.448,178.613,3.9937,2.5005,3.739,0.2533
7W05_GMP,0,16,3,20,4.0999,141.797,179.271,3.9771,2.4621,3.987,0.2424
7W05_GMP,0,17,3,20,4.0615,138.513,176.901,3.9839,2.4510,4.076,0.2404
7W05_GMP,0,18,3,20,4.0420,135.118,174.584,4.0132,2.4663,4.297,0.2317
7W05_GMP,0,19,3,20,4.0387,131.477,172.201,4.0606,2.5026,4.744,0.2279
7W05_GMP,0,20,3,20,4.0484,127.354,169.744,4.1257,2.5625,5.111,0.2144
7W05_GMP,0,21,3,20,4.0672,122.805,167.257,4.1993,2.6351,5.409,0.2173
7W05_GMP,0,22,3,20,4.1041,117.829,164.769,4.2911,2.7307,5.612,0.2248
7W05_GMP,0,23,3,20,4.1632,112.598,162.253,4.4067,2.8492,5.650,0.2460
7W05_GMP,0,24,3,20,4.2430,107.290,159.533,4.5432,2.9677,0.000,0.0000
7W06_ITN,0,0,2,9,3.7035,122.024,162.285,3.0297,0.8728,0.130,0.0886
7W06_ITN,0,1,2,9,3.6400,122.035,162.292,2.9501,0.8401,0.122,0.0825
7W06_ITN,0,2,2,9,3.5821,122.042,162.304,2.8770,0.8123,0.121,0.0833
7W06_ITN,0,3,2,9,3.5241,122.019,162.276,2.8030,0.7840,0.188,0.0856
7W06_ITN,0,4,2,9,3.4651,121.958,162.188,2.7270,0.7542,0.300,0.0862
7W06_ITN,0,5,2,9,3.4073,121.871,162.081,2.6512,0.7266,0.449,0.0841
7W06_ITN,0,6,2,9,3.3526,121.768,161.952,2.5787,0.6997,0.506,0.0831
7W06_ITN,0,7,2,9,3.3003,121.627,161.790,2.5081,0.6726,0.829,0.0796
7W06_ITN,0,8,2,9,3.2533,121.413,161.576,2.4426,0.6518,1.063,0.0714
7W06_ITN,0,9,2,9,3.2170,121.191,161.304,2.3911,0.6330,1.434,0.0726
7W06_ITN,0,10,2,9,3.1839,120.899,160.979,2.3429,0.6128,1.900,0.0707
7W06_ITN,0,11,2,9,3.1614,120.623,160.617,2.3082,0.5959,2.228,0.0708
7W06_ITN,0,12,2,9,3.1484,120.337,160.173,2.2866,0.5774,2.859,0.0770
7W06_ITN,0,13,2,9,3.1523,120.252,159.698,2.2876,0.5588,3.466,0.0883
7W06_ITN,0,14,2,9,3.1726,120.267,159.057,2.3117,0.5383,3.680,0.0904
7W06_ITN,0,15,2,9,3.1974,120.316,158.384,2.3409,0.5219,3.580,0.0914
7W06_ITN,0,16,2,9,3.2286,120.385,157.691,2.3800,0.5037,3.974,0.0969
7W06_ITN,0,17,2,9,3.2692,120.592,156.925,2.4305,0.4872,4.100,0.1067
7W06_ITN,0,18,2,9,3.3182,120.856,156.121,2.4910,0.4783,4.199,0.1026
7W06_ITN,0,19,2,9,3.3718,121.290,155.346,2.5553,0.4753,4.172,0.1132
7W06_ITN,0,20,2,9,3.4339,121.638,154.505,2.6301,0.4793,3.871,0.1033
7W06_ITN,0,21,2,9,3.4991,122.104,153.997,2.7068,0.4951,3.966,0.1074
7W06_ITN,0,22,2,9,3.5706,122.928,153.839,2.7874,0.5182,3.817,0.1076
7W06_ITN,0,23,2,9,3.6486,124.347,154.506,2.8711,0.5414,3.644,0.1239
7W06_ITN,0,24,2,9,3.7386,126.278,156.082,2.9673,0.5564,0.000,0.0000
7W6F_8I6,0,0,6,20,9.9525,155.662,176.302,6.8042,5.4146,0.738,0.1797
7W6F_8I6,0,1,6,20,9.7742,155.911,176.536,6.6866,5.2549,0.672,0.1672
7W6F_8I6,0,2,6,20,9.6108,156.083,176.786,6.5809,5.1047,0.976,0.1753
7W6F_8I6,0,3,6,20,9.4713,156.402,177.141,6.4966,4.9533,1.512,0.1965
7W6F_8I6,0,4,6,20,9.3671,157.093,177.722,6.4485,4.7956,1.681,0.2050
7W6F_8I6,0,5,6,20,9.2923,157.834,178.389,6.4282,4.6472,1.732,0.2083
7W6F_8I6,0,6,6,20,9.2363,158.600,179.245,6.4263,4.5054,1.648,0.2034
7W6F_8I6,0,7,6,20,9.1914,159.150,179.794,6.4302,4.3735,1.839,0.2034
7W6F_8I6,0,8,6,20,9.1622,158.960,178.822,6.4464,4.2463,1.874,0.2002
7W6F_8I6,0,9,6,20,9.1404,158.775,177.719,6.4667,4.1258,1.989,0.1939
7W6F_8I6,0,10,6,20,9.1204,158.432,176.574,6.4842,4.0130,2.228,0.1907
7W6F_8I6,0,11,6,20,9.1068,157.884,175.455,6.5084,3.8974,2.342,0.1885
7W6F_8I6,0,12,6,20,9.0963,157.222,174.456,6.5342,3.7793,2.699,0.1841
7W6F_8I6,0,13,6,20,9.0808,156.483,173.568,6.5565,3.6514,2.821,0.1866
7W6F_8I6,0,14,6,20,9.0669,155.595,172.724,6.5796,3.5176,2.929,0.1863
7W6F_8I6,0,15,6,20,9.0553,154.633,171.837,6.6010,3.3862,2.992,0.1900
7W6F_8I6,0,16,6,20,9.0560,153.483,170.807,6.6295,3.2569,3.172,0.1900
7W6F_8I6,0,17,6,20,9.0619,152.312,169.974,6.6620,3.1259,3.333,0.1889
7W6F_8I6,0,18,6,20,9.0682,151.101,169.130,6.6937,2.9926,3.240,0.1808
7W6F_8I6,0,19,6,20,9.0808,149.636,168.085,6.7245,2.8717,3.306,0.1839
7W6F_8I6,0,20,6,20,9.1033,148.060,166.937,6.7658,2.7478,3.168,0.1830
7W6F_8I6,0,21,6,20,9.1339,146.298,165.886,6.8089,2.6363,3.296,0.1931
7W6F_8I6,0,22,6,20,9.1728,144.313,164.918,6.8570,2.5273,4.057,0.2110
7W6F_8I6,0,23,6,20,9.2261,141.889,164.172,6.9199,2.4212,4.832,0.2361
7W6F_8I6,0,24,6,20,9.2983,139.135,163.904,7.0019,2.3195,0.000,0.0000
7WCF_ACP,0,0,5,31,5.6544,96.593,149.039,5.2152,2.1179,0.354,0.1999
7WCF_ACP,0,1,5,31,5.4933,96.472,148.872,5.0502,1.9812,0.336,0.1908
7WCF_ACP,0,2,5,31,5.3429,96.347,148.735,4.8950,1.8509,0.447,0.1968
7WCF_ACP,0,3,5,31,5.1842,96.185,148.626,4.7288,1.7237,0.642,0.2058
7WCF_ACP,0,4,5,31,5.0145,95.987,148.611,4.5496,1.6031,0.833,0.2146
7WCF_ACP,0,5,5,31,4.8390,95.736,148.684,4.3638,1.4811,1.021,0.2271
7WCF_ACP,0,6,5,31,4.6545,95.440,148.843,4.1704,1.3566,1.104,0.2334
7WCF_ACP,0,7,5,31,4.4689,95.123,149.161,3.9759,1.2332,1.378,0.2331
7WCF_ACP,0,8,5,31,4.2858,94.875,149.851,3.7861,1.1137,1.460,0.2261
7WCF_ACP,0,9,5,31,4.1081,94.696,150.801,3.6021,1.0042,1.781,0.2297
7WCF_ACP,0,10,5,31,3.9300,94.597,152.246,3.4199,0.8933,1.931,0.2264
7WCF_ACP,0,11,5,31,3.7571,94.590,154.019,3.2437,0.7863,2.110,0.2269
7WCF_ACP,0,12,5,31,3.5911,94.717,156.090,3.0746,0.6804,2.224,0.2190
7WCF_ACP,0,13,5,31,3.4345,94.836,158.162,2.9179,0.5786,2.339,0.2113
7WCF_ACP,0,14,5,31,3.2938,95.210,160.665,2.7749,0.4881,2.415,0.2047
7WCF_ACP,0,15,5,31,3.1640,95.721,163.085,2.6389,0.4085,2.444,0.1994
7WCF_ACP,0,16,5,31,3.0472,96.419,165.309,2.5140,0.3436,2.601,0.1985
7WCF_ACP,0,17,5,31,2.9427,97.279,167.296,2.4005,0.2904,2.789,0.1982
7WCF_ACP,0,18,5,31,2.8532,98.459,169.269,2.2992,0.2573,3.051,0.1949
7WCF_ACP,0,19,5,31,2.7772,99.805,170.928,2.2071,0.2571,3.317,0.1927
7WCF_ACP,0,20,5,31,2.7167,101.419,172.595,2.1272,0.2808,3.674,0.1854
7WCF_ACP,0,21,5,31,2.6716,103.392,174.341,2.0575,0.3210,4.006,0.1870
7WCF_ACP,0,22,5,31,2.6372,105.522,175.917,1.9916,0.3700,4.261,0.2032
7WCF_ACP,0,23,5,31,2.6173,107.837,177.799,1.9349,0.4279,4.346,0.2213
7WCF_ACP,0,24,5,31,2.6270,110.392,179.454,1.9143,0.4998,0.000,0.0000
7WKL_CAQ,0,0,1,8,4.1478,168.038,168.038,3.1208,3.1208,0.296,0.1702
7WKL_CAQ,0,1,1,8,4.0285,167.824,167.824,2.9599,2.9599,0.278,0.1577
7WKL_CAQ,0,2,1,8,3.9215,167.608,167.608,2.8122,2.8122,0.170,0.1582
7WKL_CAQ,0,3,1,8,3.8169,167.481,167.481,2.6642,2.6642,0.075,0.1637
7WKL_CAQ,0,4,1,8,3.7122,167.439,167.439,2.5122,2.5122,0.186,0.1642
7WKL_CAQ,0,5,1,8,3.6104,167.454,167.454,2.3602,2.3602,0.467,0.1670
7WKL_CAQ,0,6,1,8,3.5108,167.596,167.596,2.2070,2.2070,0.637,0.1596
7WKL_CAQ,0,7,1,8,3.4200,167.795,167.795,2.0627,2.0627,0.938,0.1625
7WKL_CAQ,0,8,1,8,3.3313,168.093,168.093,1.9170,1.9170,1.217,0.1560
7WKL_CAQ,0,9,1,8,3.2504,168.439,168.439,1.7797,1.7797,1.515,0.1538
7WKL_CAQ,0,10,1,8,3.1733,168.718,168.718,1.6445,1.6445,1.682,0.1453
7WKL_CAQ,0,11,1,8,3.1058,169.054,169.054,1.5211,1.5211,1.994,0.1479
7WKL_CAQ,0,12,1,8,3.0418,169.390,169.390,1.3993,1.3993,2.392,0.1329
7WKL_CAQ,0,13,1,8,2.9871,169.582,169.582,1.2931,1.2931,2.701,0.1341
7WKL_CAQ,0,14,1,8,2.9352,169.720,169.720,1.1886,1.1886,2.869,0.1199
7WKL_CAQ,0,15,1,8,2.8919,169.664,169.664,1.0986,1.0986,2.835,0.1115
7WKL_CAQ,0,16,1,8,2.8538,169.327,169.327,1.0156,1.0156,2.957,0.1104
7WKL_CAQ,0,17,1,8,2.8217,169.161,169.161,0.9418,0.9418,2.792,0.1047
7WKL_CAQ,0,18,1,8,2.7962,168.843,168.843,0.8795,0.8795,2.793,0.0956
7WKL_CAQ,0,19,1,8,2.7756,168.595,168.595,0.8264,0.8264,2.796,0.0940
7WKL_CAQ,0,20,1,8,2.7589,168.240,168.240,0.7825,0.7825,2.554,0.0890
7WKL_CAQ,0,21,1,8,2.7479,167.865,167.865,0.7516,0.7516,2.441,0.0903
7WKL_CAQ,0,22,1,8,2.7396,167.359,167.359,0.7289,0.7289,1.587,0.0648
7WKL_CAQ,0,23,1,8,2.7358,166.952,166.952,0.7179,0.7179,1.187,0.0456
7WKL_CAQ,0,24,1,8,2.7358,166.805,166.805,0.7175,0.7175,0.000,0.0000
7WL4_JFU,0,0,5,34,4.8002,132.502,171.119,3.8744,0.8700,0.372,0.1276
7WL4_JFU,0,1,5,34,4.7356,132.485,170.885,3.8334,0.8265,0.369,0.1233
7WL4_JFU,0,2,5,34,4.6738,132.469,170.687,3.7973,0.7845,0.451,0.1209
7WL4_JFU,0,3,5,34,4.6121,132.421,170.464,3.7613,0.7458,0.642,0.1199
7WL4_JFU,0,4,5,34,4.5441,132.270,170.146,3.7198,0.7097,0.806,0.1177
7WL4_JFU,0,5,5,34,4.4743,132.027,169.793,3.6740,0.6789,1.023,0.1247
7WL4_JFU,0,6,5,34,4.4031,131.701,169.851,3.6263,0.6454,1.232,0.1293
7WL4_JFU,0,7,5,34,4.3276,131.362,170.151,3.5737,0.6155,1.662,0.1407
7WL4_JFU,0,8,5,34,4.2448,130.869,170.591,3.5131,0.5793,1.840,0.1458
7WL4_JFU,0,9,5,34,4.1596,130.294,171.127,3.4511,0.5439,2.223,0.1507
7WL4_JFU,0,10,5,34,4.0735,129.657,171.696,3.3872,0.5038,2.424,0.1567
7WL4_JFU,0,11,5,34,3.9848,129.074,172.335,3.3187,0.4682,2.659,0.1567
7WL4_JFU,0,12,5,34,3.8985,128.545,173.083,3.2525,0.4300,2.827,0.1605
7WL4_JFU,0,13,5,34,3.8080,128.114,173.822,3.1778,0.3878,3.192,0.1748
7WL4_JFU,0,14,5,34,3.7107,127.706,174.735,3.0920,0.3410,3.209,0.1780
7WL4_JFU,0,15,5,34,3.6132,127.430,176.025,3.0003,0.2988,3.332,0.1913
7WL4_JFU,0,16,5,34,3.5199,127.129,177.592,2.9018,0.2672,3.389,0.1926
7WL4_JFU,0,17,5,34,3.4322,126.990,179.683,2.8014,0.2477,3.334,0.2016
7WL4_JFU,0,18,5,34,3.3470,125.905,177.867,2.6999,0.2428,3.587,0.2057
7WL4_JFU,0,19,5,34,3.2733,124.369,174.930,2.6025,0.2533,3.736,0.2111
7WL4_JFU,0,20,5,34,3.2088,122.576,171.384,2.5086,0.2738,3.743,0.2052
7WL4_JFU,0,21,5,34,3.1593,120.715,167.474,2.4242,0.2956,3.844,0.2107
7WL4_JFU,0,22,5,34,3.1230,118.795,163.156,2.3487,0.3153,3.524,0.2120
7WL4_JFU,0,23,5,34,3.1117,117.244,158.607,2.3060,0.3290,3.338,0.2336
7WL4_JFU,0,24,5,34,3.1252,115.843,153.893,2.3065,0.3421,0.000,0.0000
7WPW_F15,0,0,8,17,5.7558,149.809,166.395,5.2924,0.4669,0.373,0.1832
7WPW_F15,0,1,8,17,5.6245,149.627,166.034,5.1650,0.5029,0.324,0.1767
7WPW_F15,0,2,8,17,5.5034,149.488,165.776,5.0469,0.5423,0.427,0.1751
7WPW_F15,0,3,8,17,5.3835,149.343,165.515,4.9306,0.5826,0.666,0.1702
7WPW_F15,0,4,8,17,5.2652,149.135,165.165,4.8165,0.6207,0.873,0.1698
7WPW_F15,0,5,8,17,5.1489,149.027,164.945,4.7038,0.6658,1.143,0.1692
7WPW_F15,0,6,8,17,5.0346,149.124,165.077,4.5935,0.7086,1.163,0.1678
7WPW_F15,0,7,8,17,4.9238,149.207,165.273,4.4862,0.7423,1.358,0.1757
7WPW_F15,0,8,8,17,4.8122,149.393,165.583,4.3762,0.7770,1.576,0.1766
7WPW_F15,0,9,8,17,4.7068,149.716,166.180,4.2713,0.8111,1.853,0.1842
7WPW_F15,0,10,8,17,4.6029,150.091,166.876,4.1655,0.8465,1.982,0.1876
7WPW_F15,0,11,8,17,4.5083,150.634,167.854,4.0668,0.8840,2.140,0.1938
7WPW_F15,0,12,8,17,4.4208,151.021,168.657,3.9723,0.9245,2.400,0.1935
7WPW_F15,0,13,8,17,4.3550,151.469,169.208,3.8918,0.9660,2.441,0.1974
7WPW_F15,0,14,8,17,4.3053,151.822,169.385,3.8226,1.0072,2.709,0.2006
7WPW_F15,0,15,8,17,4.2665,152.117,169.281,3.7602,1.0465,2.855,0.1950
7WPW_F15,0,16,8,17,4.2490,152.690,169.005,3.7143,1.0889,3.013,0.1972
7WPW_F15,0,17,8,17,4.2454,153.208,168.527,3.6787,1.1364,3.174,0.1989
7WPW_F15,0,18,8,17,4.2522,153.887,168.284,3.6526,1.1859,3.431,0.1932
7WPW_F15,0,19,8,17,4.2713,154.623,168.023,3.6422,1.2385,4.005,0.1925
7WPW_F15,0,20,8,17,4.3009,155.535,167.737,3.6459,1.2904,4.795,0.1930
7WPW_F15,0,21,8,17,4.3388,156.437,167.274,3.6662,1.3423,5.761,0.1980
7WPW_F15,0,22,8,17,4.3934,157.518,166.635,3.7103,1.4039,6.812,0.2085
7WPW_F15,0,23,8,17,4.4641,159.079,165.996,3.7674,1.4710,7.956,0.2116
7WPW_F15,0,24,8,17,4.5489,161.351,165.419,3.8280,1.5352,0.000,0.0000
7WQQ_5Z6,0,0,6,27,7.2780,112.350,161.888,6.9950,1.2669,0.393,0.1580
7WQQ_5Z6,0,1,6,27,7.1599,112.373,162.302,6.8915,1.2141,0.410,0.1489
7WQQ_5Z6,0,2,6,27,7.0501,112.356,162.735,6.7945,1.1682,0.620,0.1459
7WQQ_5Z6,0,3,6,27,6.9563,112.381,163.315,6.7120,1.1268,1.067,0.1509
7WQQ_5Z6,0,4,6,27,6.8956,112.469,164.056,6.6607,1.0942,1.581,0.1587
7WQQ_5Z6,0,5,6,27,6.8642,112.585,164.914,6.6344,1.0731,2.029,0.1713
7WQQ_5Z6,0,6,6,27,6.8546,112.785,165.735,6.6253,1.0613,2.388,0.1817
7WQQ_5Z6,0,7,6,27,6.8658,113.015,166.768,6.6360,1.0515,2.740,0.1972
7WQQ_5Z6,0,8,6,27,6.8949,113.386,167.836,6.6608,1.0426,2.857,0.2011
7WQQ_5Z6,0,9,6,27,6.9310,113.830,168.897,6.6897,1.0325,2.890,0.2098
7WQQ_5Z6,0,10,6,27,6.9794,114.394,169.859,6.7268,1.0270,2.947,0.2150
7WQQ_5Z6,0,11,6,27,7.0429,115.065,170.834,6.7765,1.0199,3.121,0.2179
7WQQ_5Z6,0,12,6,27,7.1113,115.811,171.862,6.8290,1.0157,3.209,0.2117
7WQQ_5Z6,0,13,6,27,7.1801,116.573,172.856,6.8775,1.0101,3.322,0.2081
7WQQ_5Z6,0,14,6,27,7.2446,117.230,173.900,6.9171,1.0001,3.431,0.2006
7WQQ_5Z6,0,15,6,27,7.3085,117.845,175.174,6.9543,0.9880,3.552,0.2022
7WQQ_5Z6,0,16,6,27,7.3748,118.422,176.474,6.9916,0.9783,3.745,0.1996
7WQQ_5Z6,0,17,6,27,7.4406,119.011,178.178,7.0266,0.9687,3.839,0.1950
7WQQ_5Z6,0,18,6,27,7.5082,119.660,179.939,7.0625,0.9633,3.874,0.1937
7WQQ_5Z6,0,19,6,27,7.5735,119.615,178.035,7.0939,0.9627,4.044,0.2002
7WQQ_5Z6,0,20,6,27,7.6451,119.743,176.058,7.1322,0.9652,4.021,0.1951
7WQQ_5Z6,0,21,6,27,7.7169,120.061,174.093,7.1734,0.9753,4.204,0.2043
7WQQ_5Z6,0,22,6,27,7.7915,120.712,172.085,7.2215,0.9936,4.478,0.2175
7WQQ_5Z6,0,23,6,27,7.8683,121.938,170.627,7.2801,1.0236,4.804,0.2501
7WQQ_5Z6,0,24,6,27,7.9414,123.529,169.775,7.3472,1.0624,0.000,0.0000
7WUX_6OI,0,0,5,17,6.6853,146.777,177.426,6.1800,3.2888,0.297,0.1564
7WUX_6OI,0,1,5,17,6.5536,146.753,177.536,6.0489,3.2164,0.271,0.1492
7WUX_6OI,0,2,5,17,6.4300,146.729,177.611,5.9247,3.1509,0.358,0.1486
7WUX_6OI,0,3,5,17,6.3089,146.671,177.703,5.8042,3.0801,0.537,0.1467
7WUX_6OI,0,4,5,17,6.1913,146.603,177.887,5.6880,3.0067,0.741,0.1403
7WUX_6OI,0,5,5,17,6.0841,146.550,178.182,5.5812,2.9394,0.944,0.1327
7WUX_6OI,0,6,5,17,5.9908,146.487,178.580,5.4869,2.8825,1.104,0.1268
7WUX_6OI,0,7,5,17,5.9072,146.486,179.083,5.4014,2.8303,1.480,0.1242
7WUX_6OI,0,8,5,17,5.8428,146.615,179.846,5.3358,2.7808,1.679,0.1197
7WUX_6OI,0,9,5,17,5.7931,146.467,179.348,5.2848,2.7363,1.901,0.1209
7WUX_6OI,0,10,5,17,5.7491,146.270,178.524,5.2412,2.6827,2.086,0.1188
7WUX_6OI,0,11,5,17,5.7174,146.080,177.607,5.2073,2.6413,2.228,0.1180
7WUX_6OI,0,12,5,17,5.6910,145.960,176.621,5.1784,2.6010,2.585,0.1158
7WUX_6OI,0,13,5,17,5.6658,145.766,175.543,5.1524,2.5596,2.898,0.1328
7WUX_6OI,0,14,5,17,5.6467,145.536,174.366,5.1322,2.5246,2.857,0.1350
7WUX_6OI,0,15,5,17,5.6275,145.238,173.096,5.1110,2.4908,2.802,0.1358
7WUX_6OI,0,16,5,17,5.6145,145.008,171.878,5.0962,2.4611,2.819,0.1364
7WUX_6OI,0,17,5,17,5.6106,144.790,170.628,5.0889,2.4387,2.514,0.1346
7WUX_6OI,0,18,5,17,5.6097,144.640,169.546,5.0825,2.4197,2.495,0.1321
7WUX_6OI,0,19,5,17,5.6176,144.456,168.640,5.0821,2.4099,2.365,0.1316
7WUX_6OI,0,20,5,17,5.6389,144.291,167.787,5.0932,2.4061,2.255,0.1227
7WUX_6OI,0,21,5,17,5.6578,144.477,167.163,5.0999,2.4093,2.498,0.1249
7WUX_6OI,0,22,5,17,5.6913,144.888,166.562,5.1198,2.4285,3.071,0.1254
7WUX_6OI,0,23,5,17,5.7424,145.439,166.085,5.1611,2.4623,3.753,0.1629
7WUX_6OI,0,24,5,17,5.8323,145.637,165.382,5.2532,2.5128,0.000,0.0000
7WUY_76N,0,0,4,30,5.6366,88.841,122.841,4.4953,2.2198,0.280,0.1250
7WUY_76N,0,1,4,30,5.5663,88.883,122.681,4.4180,2.1945,0.284,0.1192
7WUY_76N,0,2,4,30,5.5022,88.923,122.503,4.3461,2.1705,0.327,0.1164
7WUY_76N,0,3,4,30,5.4460,89.006,122.455,4.2836,2.1412,0.582,0.1170
7WUY_76N,0,4,4,30,5.4087,89.216,122.685,4.2408,2.1036,0.849,0.1185
7WUY_76N,0,5,4,30,5.3948,89.507,123.196,4.2214,2.0633,1.100,0.1233
7WUY_76N,0,6,4,30,5.4105,89.975,123.959,4.2265,2.0277,1.357,0.1302
7WUY_76N,0,7,4,30,5.4522,90.621,124.805,4.2525,1.9972,1.667,0.1421
7WUY_76N,0,8,4,30,5.5230,91.506,125.786,4.3012,1.9682,2.003,0.1411
7WUY_76N,0,9,4,30,5.6093,92.617,127.047,4.3605,1.9510,2.227,0.1381
7WUY_76N,0,10,4,30,5.7042,93.818,128.422,4.4258,1.9349,2.494,0.1367
7WUY_76N,0,11,4,30,5.8003,95.097,129.873,4.4905,1.9142,2.588,0.1289
7WUY_76N,0,12,4,30,5.8911,96.360,131.316,4.5514,1.8922,2.605,0.1256
7WUY_76N,0,13,4,30,5.9774,97.507,132.370,4.6100,1.8604,2.610,0.1276
7WUY_76N,0,14,4,30,6.0609,98.614,133.272,4.6685,1.8222,2.441,0.1158
7WUY_76N,0,15,4,30,6.1355,99.618,133.890,4.7221,1.7865,2.416,0.1151
7WUY_76N,0,16,4,30,6.2079,100.564,134.358,4.7751,1.7497,2.456,0.1160
7WUY_76N,0,17,4,30,6.2717,101.458,134.493,4.8220,1.7052,2.545,0.1139
7WUY_76N,0,18,4,30,6.3312,102.300,134.495,4.8687,1.6661,2.629,0.1116
7WUY_76N,0,19,4,30,6.3896,103.142,134.223,4.9134,1.6240,2.764,0.1112
7WUY_76N,0,20,4,30,6.4479,104.144,134.077,4.9559,1.5911,2.835,0.1146
7WUY_76N,0,21,4,30,6.5038,105.304,133.973,4.9963,1.5575,3.146,0.1165
7WUY_76N,0,22,4,30,6.5609,106.665,133.677,5.0319,1.5275,3.664,0.1305
7WUY_76N,0,23,4,30,6.6258,108.383,133.362,5.0735,1.5028,4.211,0.1473
7WUY_76N,0,24,4,30,6.6966,110.433,133.056,5.1178,1.4814,0.000,0.0000
7X5N_5M5,0,0,5,30,6.3597,123.704,153.691,5.2633,1.6756,0.333,0.1682
7X5N_5M5,0,1,5,30,6.2255,123.816,153.808,5.1484,1.6165,0.289,0.1603
7X5N_5M5,0,2,5,30,6.0991,123.910,153.910,5.0403,1.5593,0.433,0.1560
7X5N_5M5,0,3,5,30,5.9824,124.075,153.968,4.9414,1.5069,0.736,0.1491
7X5N_5M5,0,4,5,30,5.8784,124.377,153.969,4.8545,1.4560,1.012,0.1460
7X5N_5M5,0,5,5,30,5.7864,124.768,153.980,4.7804,1.4046,1.381,0.1469
7X5N_5M5,0,6,5,30,5.7118,125.287,154.068,4.7219,1.3563,1.667,0.1467
7X5N_5M5,0,7,5,30,5.6461,125.897,154.220,4.6718,1.3091,1.999,0.1514
7X5N_5M5,0,8,5,30,5.6010,126.666,154.441,4.6430,1.2599,2.213,0.1521
7X5N_5M5,0,9,5,30,5.5633,127.506,154.733,4.6253,1.2124,2.385,0.1574
7X5N_5M5,0,10,5,30,5.5392,128.383,155.130,4.6238,1.1698,2.450,0.1633
7X5N_5M5,0,11,5,30,5.5211,129.266,155.618,4.6325,1.1213,2.582,0.1669
7X5N_5M5,0,12,5,30,5.5095,130.143,156.183,4.6499,1.0751,2.618,0.1611
7X5N_5M5,0,13,5,30,5.5070,130.936,156.781,4.6747,1.0281,2.827,0.1603
7X5N_5M5,0,14,5,30,5.5086,131.767,157.539,4.7037,0.9819,2.930,0.1552
7X5N_5M5,0,15,5,30,5.5078,132.480,158.134,4.7279,0.9380,3.031,0.1525
7X5N_5M5,0,16,5,30,5.5132,133.218,158.678,4.7544,0.8945,2.980,0.1513
7X5N_5M5,0,17,5,30,5.5175,133.881,159.157,4.7781,0.8616,2.952,0.1513
7X5N_5M5,0,18,5,30,5.5172,134.637,159.592,4.7943,0.8269,3.047,0.1461
7X5N_5M5,0,19,5,30,5.5213,135.347,159.977,4.8124,0.8053,2.989,0.1464
7X5N_5M5,0,20,5,30,5.5268,136.237,160.314,4.8287,0.7943,2.955,0.1420
7X5N_5M5,0,21,5,30,5.5349,137.207,160.609,4.8428,0.7907,2.931,0.1472
7X5N_5M5,0,22,5,30,5.5510,138.187,160.903,4.8605,0.7998,3.133,0.1699
7X5N_5M5,0,23,5,30,5.5847,139.167,161.085,4.8935,0.8130,3.705,0.2068
7X5N_5M5,0,24,5,30,5.6467,140.106,161.320,4.9567,0.8278,0.000,0.0000
7X9K_8OG,0,0,3,24,6.7606,127.905,154.161,6.3682,2.4651,0.539,0.1967
7X9K_8OG,0,1,3,24,6.5763,127.668,154.143,6.1838,2.3564,0.532,0.1847
7X9K_8OG,0,2,3,24,6.4050,127.398,154.090,6.0117,2.2550,0.683,0.1800
7X9K_8OG,0,3,3,24,6.2379,127.045,153.905,5.8424,2.1531,0.932,0.1710
7X9K_8OG,0,4,3,24,6.0785,126.585,153.705,5.6811,2.0516,1.275,0.1688
7X9K_8OG,0,5,3,24,5.9230,125.997,153.246,5.5214,1.9490,1.760,0.1704
7X9K_8OG,0,6,3,24,5.7716,125.359,152.513,5.3630,1.8450,2.040,0.1683
7X9K_8OG,0,7,3,24,5.6292,124.765,151.645,5.2105,1.7462,2.619,0.1732
7X9K_8OG,0,8,3,24,5.4937,124.135,150.373,5.0614,1.6480,2.994,0.1724
7X9K_8OG,0,9,3,24,5.3629,123.558,149.008,4.9154,1.5585,3.427,0.1661
7X9K_8OG,0,10,3,24,5.2430,123.087,147.658,4.7820,1.4698,3.824,0.1613
7X9K_8OG,0,11,3,24,5.1378,122.771,145.980,4.6595,1.3857,4.074,0.1548
7X9K_8OG,0,12,3,24,5.0433,122.650,144.157,4.5453,1.3087,4.563,0.1502
7X9K_8OG,0,13,3,24,4.9626,122.822,142.088,4.4422,1.2388,4.927,0.1402
7X9K_8OG,0,14,3,24,4.8961,123.227,139.775,4.3526,1.1793,4.918,0.1342
7X9K_8OG,0,15,3,24,4.8409,123.971,137.591,4.2735,1.1302,4.725,0.1242
7X9K_8OG,0,16,3,24,4.7971,125.035,138.588,4.2025,1.0836,4.747,0.1156
7X9K_8OG,0,17,3,24,4.7646,126.493,140.207,4.1392,1.0467,4.885,0.1117
7X9K_8OG,0,18,3,24,4.7391,128.091,142.111,4.0850,1.0124,5.171,0.1050
7X9K_8OG,0,19,3,24,4.7225,130.028,144.407,4.0379,0.9840,5.124,0.1004
7X9K_8OG,0,20,3,24,4.7120,132.079,146.715,3.9972,0.9533,4.936,0.0902
7X9K_8OG,0,21,3,24,4.7124,134.366,149.041,3.9698,0.9283,5.052,0.0926
7X9K_8OG,0,22,3,24,4.7196,136.716,151.407,3.9517,0.8963,5.096,0.1004
7X9K_8OG,0,23,3,24,4.7371,139.302,153.927,3.9467,0.8779,4.614,0.1303
7X9K_8OG,0,24,3,24,4.7758,142.365,157.240,3.9633,0.8716,0.000,0.0000
7XBV_APC,0,0,5,31,7.2789,115.446,138.816,6.3934,2.9125,0.286,0.1667
7XBV_APC,0,1,5,31,7.1327,115.588,138.985,6.2668,2.8049,0.251,0.1568
7XBV_APC,0,2,5,31,6.9960,115.692,139.129,6.1477,2.7062,0.340,0.1603
7XBV_APC,0,3,5,31,6.8624,115.796,139.355,6.0315,2.6091,0.525,0.1683
7XBV_APC,0,4,5,31,6.7353,115.927,139.700,5.9219,2.5111,0.589,0.1744
7XBV_APC,0,5,5,31,6.6230,116.062,140.124,5.8277,2.4120,0.752,0.1733
7XBV_APC,0,6,5,31,6.5304,116.200,140.689,5.7477,2.3185,0.860,0.1781
7XBV_APC,0,7,5,31,6.4704,116.422,141.488,5.6959,2.2314,1.083,0.1864
7XBV_APC,0,8,5,31,6.4446,116.810,142.536,5.6730,2.1492,1.153,0.1934
7XBV_APC,0,9,5,31,6.4456,117.266,143.704,5.6707,2.0748,1.351,0.2136
7XBV_APC,0,10,5,31,6.4786,117.786,145.043,5.6963,2.0069,1.421,0.2192
7XBV_APC,0,11,5,31,6.5302,118.393,146.352,5.7376,1.9407,1.678,0.2169
7XBV_APC,0,12,5,31,6.5976,119.076,147.691,5.7914,1.8828,1.913,0.2161
7XBV_APC,0,13,5,31,6.6768,119.827,149.107,5.8578,1.8278,2.208,0.2125
7XBV_APC,0,14,5,31,6.7682,120.865,150.654,5.9359,1.7799,2.340,0.2028
7XBV_APC,0,15,5,31,6.8576,122.021,152.168,6.0161,1.7346,2.674,0.2020
7XBV_APC,0,16,5,31,6.9625,123.501,153.962,6.1111,1.6975,2.963,0.2009
7XBV_APC,0,17,5,31,7.0765,125.317,156.230,6.2175,1.6658,3.056,0.1955
7XBV_APC,0,18,5,31,7.1918,127.194,158.586,6.3294,1.6437,3.130,0.1930
7XBV_APC,0,19,5,31,7.3130,129.181,161.094,6.4474,1.6405,3.169,0.1879
7XBV_APC,0,20,5,31,7.4321,131.192,163.408,6.5625,1.6440,3.267,0.1629
7XBV_APC,0,21,5,31,7.5293,133.180,165.752,6.6564,1.6602,3.537,0.1587
7XBV_APC,0,22,5,31,7.6161,135.208,167.946,6.7393,1.6787,3.622,0.1538
7XBV_APC,0,23,5,31,7.6756,137.017,169.985,6.7987,1.6977,3.487,0.1797
7XBV_APC,0,24,5,31,7.7351,138.517,172.218,6.8669,1.7261,0.000,0.0000
7XEK_9YX,0,0,4,22,6.9249,103.280,166.648,6.2430,2.6880,0.268,0.2169
7XEK_9YX,0,1,4,22,6.7046,103.253,166.610,6.0559,2.5574,0.286,0.2050
7XEK_9YX,0,2,4,22,6.5014,103.163,166.581,5.8816,2.4364,0.460,0.2042
7XEK_9YX,0,3,4,22,6.3010,103.114,166.552,5.7127,2.3093,0.540,0.2024
7XEK_9YX,0,4,4,22,6.1022,103.020,166.409,5.5480,2.1796,0.726,0.1922
7XEK_9YX,0,5,4,22,5.9151,102.882,166.116,5.3967,2.0514,0.908,0.1914
7XEK_9YX,0,6,4,22,5.7318,102.528,165.720,5.2526,1.9173,0.985,0.1839
7XEK_9YX,0,7,4,22,5.5605,102.249,165.332,5.1177,1.7945,1.234,0.1818
7XEK_9YX,0,8,4,22,5.4011,101.835,164.710,5.0013,1.6634,1.374,0.1846
7XEK_9YX,0,9,4,22,5.2456,101.368,163.985,4.8867,1.5354,1.509,0.1838
7XEK_9YX,0,10,4,22,5.0963,100.827,163.014,4.7817,1.4038,1.738,0.1941
7XEK_9YX,0,11,4,22,4.9481,100.101,161.754,4.6808,1.2686,1.638,0.2015
7XEK_9YX,0,12,4,22,4.8082,99.451,160.498,4.5870,1.1352,1.673,0.2058
7XEK_9YX,0,13,4,22,4.6787,98.844,159.161,4.5031,1.0025,1.688,0.2153
7XEK_9YX,0,14,4,22,4.5633,98.401,157.722,4.4316,0.8641,1.609,0.2152
7XEK_9YX,0,15,4,22,4.4678,98.120,156.367,4.3737,0.7409,1.749,0.2190
7XEK_9YX,0,16,4,22,4.3940,98.021,155.093,4.3320,0.6376,1.965,0.2239
7XEK_9YX,0,17,4,22,4.3441,98.174,153.894,4.3066,0.5689,2.190,0.2362
7XEK_9YX,0,18,4,22,4.3180,98.549,152.553,4.2950,0.5691,2.262,0.2317
7XEK_9YX,0,19,4,22,4.3164,99.328,151.377,4.2952,0.6224,2.294,0.2313
7XEK_9YX,0,20,4,22,4.3341,100.213,150.054,4.3048,0.7234,2.313,0.2155
7XEK_9YX,0,21,4,22,4.3552,101.276,148.707,4.3077,0.8488,2.495,0.2111
7XEK_9YX,0,22,4,22,4.3853,102.538,147.325,4.3141,0.9927,2.906,0.2019
7XEK_9YX,0,23,4,22,4.4208,104.040,145.820,4.3250,1.1399,3.236,0.1999
7XEK_9YX,0,24,4,22,4.4657,105.774,144.203,4.3442,1.2864,0.000,0.0000
7XFA_D9J,0,0,7,41,8.3560,117.746,161.919,7.0491,5.3020,0.551,0.2365
7XFA_D9J,0,1,7,41,8.1911,117.921,162.613,6.9283,5.1238,0.512,0.2272
7XFA_D9J,0,2,7,41,8.0356,118.047,163.256,6.8145,4.9514,0.680,0.2244
7XFA_D9J,0,3,7,41,7.8984,118.282,164.281,6.7174,4.7847,0.947,0.2305
7XFA_D9J,0,4,7,41,7.7765,118.631,165.760,6.6334,4.6146,1.239,0.2353
7XFA_D9J,0,5,7,41,7.6773,119.072,167.949,6.5684,4.4484,1.595,0.2445
7XFA_D9J,0,6,7,41,7.6007,119.677,171.120,6.5232,4.2842,1.829,0.2476
7XFA_D9J,0,7,7,41,7.5409,120.370,174.703,6.4894,4.1232,2.245,0.2594
7XFA_D9J,0,8,7,41,7.5122,121.221,178.991,6.4810,3.9668,2.514,0.2593
7XFA_D9J,0,9,7,41,7.4975,121.016,176.796,6.4842,3.8118,2.790,0.2571
7XFA_D9J,0,10,7,41,7.5089,120.604,172.948,6.5046,3.6678,3.007,0.2622
7XFA_D9J,0,11,7,41,7.5359,120.219,169.109,6.5385,3.5267,3.287,0.2626
7XFA_D9J,0,12,7,41,7.5763,119.869,165.186,6.5808,3.3918,3.538,0.2612
7XFA_D9J,0,13,7,41,7.6341,119.785,161.767,6.6358,3.2671,3.858,0.2698
7XFA_D9J,0,14,7,41,7.7105,119.915,158.923,6.7065,3.1537,4.050,0.2763
7XFA_D9J,0,15,7,41,7.7994,120.154,159.147,6.7876,3.0586,4.130,0.2829
7XFA_D9J,0,16,7,41,7.8951,120.512,160.787,6.8729,2.9727,4.322,0.2837
7XFA_D9J,0,17,7,41,8.0016,121.032,162.249,6.9661,2.9115,4.462,0.2985
7XFA_D9J,0,18,7,41,8.1129,121.637,163.926,7.0618,2.8596,4.560,0.2989
7XFA_D9J,0,19,7,41,8.2397,122.567,165.479,7.1712,2.8322,4.565,0.3119
7XFA_D9J,0,20,7,41,8.3734,123.793,167.193,7.2908,2.8191,4.523,0.3114
7XFA_D9J,0,21,7,41,8.5142,125.067,168.989,7.4189,2.8207,4.618,0.3121
7XFA_D9J,0,22,7,41,8.6677,126.432,170.927,7.5613,2.8501,4.796,0.3102
7XFA_D9J,0,23,7,41,8.8351,127.735,173.349,7.7182,2.8989,4.881,0.3052
7XFA_D9J,0,24,7,41,9.0231,128.976,176.202,7.8946,2.9570,0.000,0.0000
7XIJ_EJ3,0,0,7,33,7.5681,111.440,161.374,6.5032,4.4445,0.445,0.1732
7XIJ_EJ3,0,1,7,33,7.4112,111.439,161.502,6.3783,4.2794,0.427,0.1663
7XIJ_EJ3,0,2,7,33,7.2603,111.453,161.658,6.2591,4.1200,0.509,0.1635
7XIJ_EJ3,0,3,7,33,7.1164,111.513,161.827,6.1444,3.9659,0.657,0.1617
7XIJ_EJ3,0,4,7,33,6.9787,111.644,162.265,6.0336,3.8137,0.809,0.1589
7XIJ_EJ3,0,5,7,33,6.8520,111.914,162.947,5.9311,3.6682,1.046,0.1628
7XIJ_EJ3,0,6,7,33,6.7263,112.301,164.025,5.8306,3.5178,1.295,0.1682
7XIJ_EJ3,0,7,7,33,6.5941,112.765,165.393,5.7278,3.3605,1.695,0.1667
7XIJ_EJ3,0,8,7,33,6.4757,113.430,166.923,5.6413,3.2061,2.092,0.1724
7XIJ_EJ3,0,9,7,33,6.3688,114.313,168.683,5.5684,3.0507,2.584,0.1854
7XIJ_EJ3,0,10,7,33,6.2904,115.438,170.372,5.5235,2.9029,3.119,0.2017
7XIJ_EJ3,0,11,7,33,6.2384,116.820,172.419,5.5064,2.7575,3.497,0.2124
7XIJ_EJ3,0,12,7,33,6.2043,118.381,174.316,5.5090,2.6093,3.997,0.2320
7XIJ_EJ3,0,13,7,33,6.1956,120.205,176.260,5.5392,2.4580,4.548,0.2442
7XIJ_EJ3,0,14,7,33,6.2065,122.292,178.166,5.5917,2.3093,4.912,0.2480
7XIJ_EJ3,0,15,7,33,6.2332,124.465,179.767,5.6561,2.1637,5.295,0.2603
7XIJ_EJ3,0,16,7,33,6.2767,126.293,177.692,5.7368,2.0107,5.725,0.2615
7XIJ_EJ3,0,17,7,33,6.3373,128.259,175.007,5.8332,1.8695,6.054,0.2696
7XIJ_EJ3,0,18,7,33,6.4069,130.373,177.819,5.9395,1.7248,6.338,0.2718
7XIJ_EJ3,0,19,7,33,6.4900,131.671,176.953,6.0584,1.5812,6.649,0.2741
7XIJ_EJ3,0,20,7,33,6.5861,132.516,172.016,6.1902,1.4401,6.728,0.2732
7XIJ_EJ3,0,21,7,33,6.6846,133.701,167.407,6.3245,1.2986,7.061,0.2811
7XIJ_EJ3,0,22,7,33,6.7869,135.315,163.193,6.4618,1.1574,7.098,0.2840
7XIJ_EJ3,0,23,7,33,6.8845,137.337,167.066,6.5958,1.0228,7.183,0.2986
7XIJ_EJ3,0,24,7,33,6.9832,139.661,177.451,6.7266,0.9067,0.000,0.0000
7XQZ_FPF,0,0,5,25,6.4524,118.574,152.107,5.5698,1.2842,0.456,0.1625
7XQZ_FPF,0,1,5,25,6.3375,118.451,151.880,5.4633,1.2445,0.422,0.1535
7XQZ_FPF,0,2,5,25,6.2313,118.342,151.660,5.3653,1.2063,0.606,0.1526
7XQZ_FPF,0,3,5,25,6.1329,118.138,151.256,5.2740,1.1674,0.971,0.1529
7XQZ_FPF,0,4,5,25,6.0484,117.773,150.579,5.1938,1.1342,1.174,0.1529
7XQZ_FPF,0,5,5,25,5.9807,117.326,149.883,5.1291,1.1025,1.651,0.1593
7XQZ_FPF,0,6,5,25,5.9201,116.772,148.913,5.0714,1.0658,1.690,0.1604
7XQZ_FPF,0,7,5,25,5.8613,116.200,147.858,5.0171,1.0262,1.925,0.1660
7XQZ_FPF,0,8,5,25,5.8184,115.631,146.697,4.9775,0.9900,2.056,0.1689
7XQZ_FPF,0,9,5,25,5.7818,114.992,145.413,4.9467,0.9586,2.142,0.1703
7XQZ_FPF,0,10,5,25,5.7565,114.474,144.190,4.9311,0.9269,2.173,0.1743
7XQZ_FPF,0,11,5,25,5.7425,114.048,142.974,4.9256,0.9051,2.244,0.1775
7XQZ_FPF,0,12,5,25,5.7443,113.823,141.767,4.9371,0.8853,2.391,0.1859
7XQZ_FPF,0,13,5,25,5.7698,113.767,140.615,4.9722,0.8642,2.440,0.1892
7XQZ_FPF,0,14,5,25,5.7968,113.910,139.527,5.0108,0.8329,2.489,0.1897
7XQZ_FPF,0,15,5,25,5.8358,114.299,138.379,5.0624,0.8027,2.626,0.1936
7XQZ_FPF,0,16,5,25,5.8964,114.868,137.378,5.1319,0.7820,2.762,0.1946
7XQZ_FPF,0,17,5,25,5.9626,115.573,136.535,5.2073,0.7542,2.898,0.1908
7XQZ_FPF,0,18,5,25,6.0431,116.312,135.601,5.2961,0.7309,3.049,0.1882
7XQZ_FPF,0,19,5,25,6.1337,117.153,134.616,5.3939,0.7069,3.097,0.1826
7XQZ_FPF,0,20,5,25,6.2315,118.090,133.691,5.4983,0.6903,3.190,0.1584
7XQZ_FPF,0,21,5,25,6.3194,119.148,132.863,5.5885,0.6791,3.542,0.1537
7XQZ_FPF,0,22,5,25,6.4162,120.385,134.619,5.6845,0.6774,3.709,0.1428
7XQZ_FPF,0,23,5,25,6.5105,121.846,138.711,5.7770,0.6839,3.235,0.1676
7XQZ_FPF,0,24,5,25,6.6257,123.060,142.011,5.8833,0.6955,0.000,0.0000
7XRL_FWK,0,0,3,19,5.8679,135.675,159.628,4.8202,3.0396,0.415,0.1529
7XRL_FWK,0,1,3,19,5.7266,135.801,159.568,4.6819,2.9062,0.371,0.1506
7XRL_FWK,0,2,3,19,5.5908,135.860,159.473,4.5490,2.7750,0.469,0.1494
7XRL_FWK,0,3,3,19,5.4588,136.000,159.363,4.4193,2.6486,0.595,0.1524
7XRL_FWK,0,4,3,19,5.3288,136.212,159.261,4.2883,2.5247,0.708,0.1570
7XRL_FWK,0,5,3,19,5.1982,136.515,159.171,4.1548,2.3990,0.923,0.1596
7XRL_FWK,0,6,3,19,5.0710,136.963,159.079,4.0250,2.2724,1.015,0.1547
7XRL_FWK,0,7,3,19,4.9541,137.433,158.967,3.9041,2.1536,1.343,0.1582
7XRL_FWK,0,8,3,19,4.8410,137.964,158.664,3.7870,2.0383,1.734,0.1620
7XRL_FWK,0,9,3,19,4.7287,138.462,158.057,3.6673,1.9275,2.437,0.1626
7XRL_FWK,0,10,3,19,4.6240,138.971,156.967,3.5564,1.8221,2.802,0.1707
7XRL_FWK,0,11,3,19,4.5174,139.717,155.787,3.4425,1.7105,3.183,0.1715
7XRL_FWK,0,12,3,19,4.4144,140.719,154.596,3.3347,1.5937,3.610,0.1660
7XRL_FWK,0,13,3,19,4.3159,141.719,153.054,3.2333,1.4804,4.205,0.1774
7XRL_FWK,0,14,3,19,4.2134,143.017,151.398,3.1252,1.3657,4.442,0.1764
7XRL_FWK,0,15,3,19,4.1168,144.251,149.586,3.0234,1.2522,4.806,0.1841
7XRL_FWK,0,16,3,19,4.0168,145.355,147.352,2.9224,1.1336,5.294,0.1856
7XRL_FWK,0,17,3,19,3.9233,146.516,148.241,2.8295,1.0222,5.659,0.1952
7XRL_FWK,0,18,3,19,3.8379,147.635,153.295,2.7498,0.9095,6.301,0.1982
7XRL_FWK,0,19,3,19,3.7604,148.383,158.371,2.6856,0.8054,6.772,0.2135
7XRL_FWK,0,20,3,19,3.6879,148.669,163.357,2.6371,0.7125,7.129,0.2288
7XRL_FWK,0,21,3,19,3.6219,148.454,168.181,2.6078,0.6385,7.451,0.2462
7XRL_FWK,0,22,3,19,3.5660,147.830,172.749,2.6023,0.6027,7.298,0.2659
7XRL_FWK,0,23,3,19,3.5219,146.970,176.825,2.6181,0.6153,7.216,0.2949
7XRL_FWK,0,24,3,19,3.5020,145.272,178.776,2.6662,0.6438,0.000,0.0000
7YZU_DO7,0,0,3,16,7.7513,123.048,172.164,6.2804,6.6331,0.229,0.2931
7YZU_DO7,0,1,3,16,7.4488,123.024,171.980,6.0086,6.3334,0.286,0.2802
7YZU_DO7,0,2,3,16,7.1645,122.979,171.767,5.7512,6.0486,0.312,0.2723
7YZU_DO7,0,3,3,16,6.8898,122.894,171.578,5.5039,5.7702,0.331,0.2695
7YZU_DO7,0,4,3,16,6.6163,122.791,171.423,5.2601,5.4889,0.357,0.2629
7YZU_DO7,0,5,3,16,6.3500,122.708,171.361,5.0251,5.2101,0.514,0.2637
7YZU_DO7,0,6,3,16,6.0870,122.646,171.388,4.7909,4.9284,0.618,0.2534
7YZU_DO7,0,7,3,16,5.8383,122.654,171.577,4.5692,4.6567,0.830,0.2613
7YZU_DO7,0,8,3,16,5.5927,122.659,171.917,4.3497,4.3790,1.109,0.2533
7YZU_DO7,0,9,3,16,5.3626,122.711,172.559,4.1475,4.1110,1.315,0.2592
7YZU_DO7,0,10,3,16,5.1353,122.758,173.301,3.9456,3.8391,1.582,0.2559
7YZU_DO7,0,11,3,16,4.9276,122.945,174.374,3.7619,3.5779,1.778,0.2541
7YZU_DO7,0,12,3,16,4.7353,123.283,175.754,3.5937,3.3251,2.002,0.2584
7YZU_DO7,0,13,3,16,4.5519,123.712,177.324,3.4345,3.0698,2.159,0.2584
7YZU_DO7,0,14,3,16,4.3780,124.329,179.180,3.2831,2.8187,2.350,0.2516
7YZU_DO7,0,15,3,16,4.2161,123.903,178.810,3.1470,2.5693,2.652,0.2513
7YZU_DO7,0,16,3,16,4.0654,122.603,176.561,3.0199,2.3215,2.864,0.2492
7YZU_DO7,0,17,3,16,3.9322,121.253,174.057,2.9139,2.0780,3.407,0.2314
7YZU_DO7,0,18,3,16,3.8251,119.638,171.079,2.8408,1.8475,3.877,0.2158
7YZU_DO7,0,19,3,16,3.7381,117.945,167.735,2.7882,1.6342,4.255,0.1966
7YZU_DO7,0,20,3,16,3.6746,116.033,163.841,2.7656,1.4424,4.110,0.1681
7YZU_DO7,0,21,3,16,3.6398,114.001,159.649,2.7765,1.2901,4.396,0.1645
7YZU_DO7,0,22,3,16,3.6295,111.718,154.812,2.8223,1.1652,4.185,0.1567
7YZU_DO7,0,23,3,16,3.6488,109.221,149.598,2.9088,1.0998,4.114,0.1732
7YZU_DO7,0,24,3,16,3.6853,106.629,144.161,3.0270,1.0706,0.000,0.0000
7Z1Q_NIO,0,0,2,9,4.3618,141.079,145.446,3.9442,3.3341,0.203,0.1760
7Z1Q_NIO,0,1,2,9,4.2219,141.076,145.354,3.7863,3.1859,0.159,0.1655
7Z1Q_NIO,0,2,2,9,4.0912,141.096,145.287,3.6387,3.0458,0.156,0.1615
7Z1Q_NIO,0,3,2,9,3.9637,141.094,145.209,3.4943,2.9086,0.301,0.1507
7Z1Q_NIO,0,4,2,9,3.8428,140.982,145.078,3.3583,2.7804,0.617,0.1446
7Z1Q_NIO,0,5,2,9,3.7252,140.724,144.862,3.2257,2.6581,1.139,0.1453
7Z1Q_NIO,0,6,2,9,3.6026,140.215,144.454,3.0895,2.5318,1.587,0.1393
7Z1Q_NIO,0,7,2,9,3.4832,139.521,143.922,2.9576,2.4124,2.513,0.1492
7Z1Q_NIO,0,8,2,9,3.3554,138.445,143.009,2.8156,2.2918,3.057,0.1484
7Z1Q_NIO,0,9,2,9,3.2307,137.088,141.857,2.6758,2.1781,3.230,0.1550
7Z1Q_NIO,0,10,2,9,3.1041,135.804,140.746,2.5317,2.0618,3.872,0.1550
7Z1Q_NIO,0,11,2,9,2.9771,134.197,139.417,2.3894,1.9444,4.052,0.1562
7Z1Q_NIO,0,12,2,9,2.8509,132.524,138.072,2.2481,1.8236,4.178,0.1589
7Z1Q_NIO,0,13,2,9,2.7254,130.782,136.727,2.1065,1.6958,4.140,0.1616
7Z1Q_NIO,0,14,2,9,2.5992,129.246,135.448,1.9618,1.5583,3.899,0.1611
7Z1Q_NIO,0,15,2,9,2.4790,128.268,134.358,1.8190,1.4187,3.779,0.1630
7Z1Q_NIO,0,16,2,9,2.3654,127.497,133.282,1.6782,1.2746,3.867,0.1605
7Z1Q_NIO,0,17,2,9,2.2626,127.164,132.252,1.5416,1.1296,3.875,0.1722
7Z1Q_NIO,0,18,2,9,2.1685,127.286,131.460,1.4056,0.9766,3.988,0.1663
7Z1Q_NIO,0,19,2,9,2.0904,127.587,130.507,1.2803,0.8247,4.075,0.1686
7Z1Q_NIO,0,20,2,9,2.0338,128.378,129.807,1.1735,0.6771,4.166,0.1598
7Z1Q_NIO,0,21,2,9,1.9990,129.462,129.652,1.0935,0.5474,4.320,0.1499
7Z1Q_NIO,0,22,2,9,1.9861,130.803,132.907,1.0450,0.4408,4.508,0.1216
7Z1Q_NIO,0,23,2,9,1.9863,132.000,135.967,1.0224,0.3796,4.220,0.0928
7Z1Q_NIO,0,24,2,9,1.9893,132.899,138.351,1.0077,0.3554,0.000,0.0000
7Z2O_IAJ,0,0,2,14,3.3507,110.227,110.227,3.3102,1.1623,0.584,0.1370
7Z2O_IAJ,0,1,2,14,3.2853,110.363,110.363,3.1986,1.0872,0.490,0.1378
7Z2O_IAJ,0,2,2,14,3.2238,110.527,110.527,3.0870,1.0112,0.714,0.1406
7Z2O_IAJ,0,3,2,14,3.1634,110.732,110.732,2.9775,0.9373,1.096,0.1449
7Z2O_IAJ,0,4,2,14,3.1002,110.887,110.887,2.8677,0.8627,1.432,0.1478
7Z2O_IAJ,0,5,2,14,3.0398,111.170,111.170,2.7640,0.7905,1.822,0.1448
7Z2O_IAJ,0,6,2,14,2.9794,111.502,111.502,2.6680,0.7178,2.380,0.1365
7Z2O_IAJ,0,7,2,14,2.9188,111.863,111.863,2.5845,0.6472,2.886,0.1341
7Z2O_IAJ,0,8,2,14,2.8582,112.246,112.246,2.5116,0.5875,3.405,0.1358
7Z2O_IAJ,0,9,2,14,2.7988,112.737,112.737,2.4463,0.5351,4.057,0.1416
7Z2O_IAJ,0,10,2,14,2.7402,113.312,113.312,2.3882,0.4845,4.559,0.1376
7Z2O_IAJ,0,11,2,14,2.6889,114.121,114.121,2.3421,0.4497,4.966,0.1387
7Z2O_IAJ,0,12,2,14,2.6508,115.375,115.375,2.3119,0.4264,5.462,0.1405
7Z2O_IAJ,0,13,2,14,2.6269,117.284,117.284,2.3000,0.4228,6.118,0.1508
7Z2O_IAJ,0,14,2,14,2.6177,120.186,120.186,2.3009,0.4358,6.450,0.1547
7Z2O_IAJ,0,15,2,14,2.6239,123.924,123.924,2.3143,0.4618,6.753,0.1560
7Z2O_IAJ,0,16,2,14,2.6450,128.366,128.366,2.3481,0.4911,7.089,0.1601
7Z2O_IAJ,0,17,2,14,2.6772,133.399,133.399,2.3964,0.5262,7.324,0.1586
7Z2O_IAJ,0,18,2,14,2.7143,138.727,138.727,2.4522,0.5627,7.654,0.1609
7Z2O_IAJ,0,19,2,14,2.7578,144.601,144.601,2.5114,0.6035,7.665,0.1657
7Z2O_IAJ,0,20,2,14,2.8069,150.626,150.626,2.5811,0.6457,7.043,0.1599
7Z2O_IAJ,0,21,2,14,2.8634,156.165,156.165,2.6613,0.6959,6.366,0.1553
7Z2O_IAJ,0,22,2,14,2.9253,161.334,161.334,2.7475,0.7514,4.504,0.1440
7Z2O_IAJ,0,23,2,14,2.9953,164.658,164.658,2.8495,0.8136,2.544,0.1584
7Z2O_IAJ,0,24,2,14,3.0806,165.533,165.533,2.9695,0.9093,0.000,0.0000
7Z7F_IF3,0,0,3,14,5.2004,82.907,82.907,4.7741,3.5875,0.487,0.2102
7Z7F_IF3,0,1,3,14,5.0169,82.720,82.720,4.5965,3.4164,0.499,0.2015
7Z7F_IF3,0,2,3,14,4.8430,82.580,82.580,4.4306,3.2507,0.483,0.2020
7Z7F_IF3,0,3,3,14,4.6720,82.455,82.455,4.2683,3.0868,0.517,0.1998
7Z7F_IF3,0,4,3,14,4.5033,82.268,82.268,4.1094,2.9276,0.557,0.2015
7Z7F_IF3,0,5,3,14,4.3330,82.037,82.037,3.9527,2.7647,0.587,0.2011
7Z7F_IF3,0,6,3,14,4.1634,81.733,81.733,3.7977,2.6033,0.491,0.1992
7Z7F_IF3,0,7,3,14,3.9959,81.416,81.416,3.6488,2.4418,0.720,0.2024
7Z7F_IF3,0,8,3,14,3.8239,80.822,80.822,3.4970,2.2766,1.078,0.2007
7Z7F_IF3,0,9,3,14,3.6537,79.844,79.844,3.3460,2.1179,1.691,0.2106
7Z7F_IF3,0,10,3,14,3.4716,78.238,78.238,3.1832,1.9554,2.325,0.2144
7Z7F_IF3,0,11,3,14,3.2843,76.013,76.013,3.0167,1.7915,3.079,0.2265
7Z7F_IF3,0,12,3,14,3.0858,73.072,73.072,2.8378,1.6276,3.941,0.2375
7Z7F_IF3,0,13,3,14,2.8813,69.333,69.333,2.6444,1.4732,4.808,0.2557
7Z7F_IF3,0,14,3,14,2.6567,64.755,64.755,2.4338,1.3150,5.034,0.2552
7Z7F_IF3,0,15,3,14,2.4372,60.025,60.025,2.2251,1.1711,5.336,0.2591
7Z7F_IF3,0,16,3,14,2.2211,55.025,55.025,2.0191,1.0406,5.721,0.2561
7Z7F_IF3,0,17,3,14,2.0183,49.819,49.819,1.8177,0.9344,5.715,0.2554
7Z7F_IF3,0,18,3,14,1.8284,44.772,44.772,1.6265,0.8505,5.613,0.2434
7Z7F_IF3,0,19,3,14,1.6605,40.027,40.027,1.4538,0.7910,5.464,0.2380
7Z7F_IF3,0,20,3,14,1.5138,35.629,35.629,1.2977,0.7539,4.863,0.2248
7Z7F_IF3,0,21,3,14,1.3956,31.947,31.947,1.1725,0.7374,4.611,0.2209
7Z7F_IF3,0,22,3,14,1.3112,28.868,28.868,1.0753,0.7501,4.128,0.2157
7Z7F_IF3,0,23,3,14,1.2843,26.866,26.866,1.0249,0.8004,4.070,0.2179
7Z7F_IF3,0,24,3,14,1.3186,25.871,25.871,1.0170,0.8808,0.000,0.0000
7ZCC_OGA,0,0,3,10,7.7079,126.685,152.203,6.1605,5.0320,0.254,0.2453
7ZCC_OGA,0,1,3,10,7.4591,126.661,152.200,5.9326,4.8188,0.219,0.2400
7ZCC_OGA,0,2,3,10,7.2189,126.661,152.174,5.7118,4.6109,0.308,0.2340
7ZCC_OGA,0,3,3,10,6.9902,126.789,152.288,5.4994,4.4100,0.569,0.2280
7ZCC_OGA,0,4,3,10,6.7745,126.896,152.644,5.2951,4.2190,0.808,0.2268
7ZCC_OGA,0,5,3,10,6.5693,127.033,153.125,5.0971,4.0310,1.042,0.2245
7ZCC_OGA,0,6,3,10,6.3788,127.247,153.745,4.9096,3.8465,1.270,0.2206
7ZCC_OGA,0,7,3,10,6.2014,127.568,154.460,4.7331,3.6652,1.717,0.2291
7ZCC_OGA,0,8,3,10,6.0318,128.140,155.279,4.5618,3.4754,1.747,0.2171
7ZCC_OGA,0,9,3,10,5.8773,128.579,156.025,4.4042,3.2993,2.044,0.2252
7ZCC_OGA,0,10,3,10,5.7238,129.108,156.762,4.2470,3.1168,2.440,0.2257
7ZCC_OGA,0,11,3,10,5.5801,130.028,157.698,4.0984,2.9362,2.647,0.2234
7ZCC_OGA,0,12,3,10,5.4503,131.040,158.715,3.9622,2.7620,2.978,0.2225
7ZCC_OGA,0,13,3,10,5.3344,132.127,159.819,3.8423,2.5883,3.262,0.2308
7ZCC_OGA,0,14,3,10,5.2219,133.329,161.168,3.7319,2.4065,3.519,0.2192
7ZCC_OGA,0,15,3,10,5.1227,134.610,162.553,3.6430,2.2406,3.684,0.2122
7ZCC_OGA,0,16,3,10,5.0387,136.038,164.003,3.5865,2.0840,3.951,0.2101
7ZCC_OGA,0,17,3,10,4.9613,137.554,165.753,3.5607,1.9270,3.986,0.2018
7ZCC_OGA,0,18,3,10,4.8952,139.100,167.621,3.5573,1.7774,4.076,0.1952
7ZCC_OGA,0,19,3,10,4.8395,140.703,169.541,3.5687,1.6348,4.067,0.1872
7ZCC_OGA,0,20,3,10,4.7977,142.409,171.459,3.5926,1.5004,3.834,0.1723
7ZCC_OGA,0,21,3,10,4.7680,144.047,172.964,3.6191,1.3824,3.970,0.1621
7ZCC_OGA,0,22,3,10,4.7531,145.821,174.354,3.6523,1.2825,3.849,0.1533
7ZCC_OGA,0,23,3,10,4.7441,147.548,175.473,3.6816,1.2048,4.283,0.1665
7ZCC_OGA,0,24,3,10,4.7355,149.713,176.835,3.7116,1.1337,0.000,0.0000
7ZDY_6MJ,0,0,2,11,3.9981,159.172,159.172,4.1006,2.2365,0.253,0.2226
7ZDY_6MJ,0,1,2,11,3.8728,159.266,159.266,3.8999,2.1312,0.257,0.2124
7ZDY_6MJ,0,2,2,11,3.7573,159.335,159.335,3.7109,2.0327,0.348,0.2159
7ZDY_6MJ,0,3,2,11,3.6442,159.463,159.463,3.5212,1.9328,0.453,0.2160
7ZDY_6MJ,0,4,2,11,3.5353,159.666,159.666,3.3341,1.8337,0.512,0.2125
7ZDY_6MJ,0,5,2,11,3.4346,159.964,159.964,3.1558,1.7418,0.587,0.2108
7ZDY_6MJ,0,6,2,11,3.3409,160.330,160.330,2.9845,1.6526,0.547,0.2105
7ZDY_6MJ,0,7,2,11,3.2545,160.680,160.680,2.8216,1.5651,0.651,0.2146
7ZDY_6MJ,0,8,2,11,3.1726,161.104,161.104,2.6625,1.4727,0.656,0.2141
7ZDY_6MJ,0,9,2,11,3.0980,161.533,161.533,2.5126,1.3822,0.733,0.2150
7ZDY_6MJ,0,10,2,11,3.0293,161.964,161.964,2.3704,1.2933,0.795,0.2118
7ZDY_6MJ,0,11,2,11,2.9731,162.386,162.386,2.2509,1.2069,0.950,0.2158
7ZDY_6MJ,0,12,2,11,2.9259,162.910,162.910,2.1469,1.1212,1.105,0.2105
7ZDY_6MJ,0,13,2,11,2.8861,163.444,163.444,2.0588,1.0322,1.123,0.2114
7ZDY_6MJ,0,14,2,11,2.8571,163.951,163.951,1.9933,0.9448,1.103,0.2132
7ZDY_6MJ,0,15,2,11,2.8379,164.444,164.444,1.9475,0.8619,1.518,0.1987
7ZDY_6MJ,0,16,2,11,2.8290,165.117,165.117,1.9272,0.7880,1.698,0.1957
7ZDY_6MJ,0,17,2,11,2.8310,165.860,165.860,1.9299,0.7291,1.916,0.1791
7ZDY_6MJ,0,18,2,11,2.8409,166.591,166.591,1.9521,0.6857,2.204,0.1671
7ZDY_6MJ,0,19,2,11,2.8597,167.470,167.470,1.9921,0.6623,2.231,0.1610
7ZDY_6MJ,0,20,2,11,2.8900,168.226,168.226,2.0532,0.6637,2.178,0.1587
7ZDY_6MJ,0,21,2,11,2.9332,168.734,168.734,2.1297,0.7030,2.306,0.1697
7ZDY_6MJ,0,22,2,11,2.9970,169.117,169.117,2.2296,0.7843,2.062,0.1938
7ZDY_6MJ,0,23,2,11,3.0851,168.861,168.861,2.3576,0.8988,1.740,0.2056
7ZDY_6MJ,0,24,2,11,3.1952,167.997,167.997,2.5010,1.0453,0.000,0.0000
7ZHP_IQY,0,0,3,27,5.3865,108.370,108.370,5.0411,3.3307,0.206,0.1612
7ZHP_IQY,0,1,3,27,5.2493,108.494,108.494,4.9595,3.1773,0.269,0.1571
7ZHP_IQY,0,2,3,27,5.1270,108.677,108.677,4.8894,3.0371,0.309,0.1529
7ZHP_IQY,0,3,3,27,4.9998,108.916,108.916,4.8001,2.8874,0.456,0.1595
7ZHP_IQY,0,4,3,27,4.8628,109.252,109.252,4.6736,2.7275,0.458,0.1733
7ZHP_IQY,0,5,3,27,4.7238,109.566,109.566,4.5181,2.5687,0.462,0.1849
7ZHP_IQY,0,6,3,27,4.5852,109.804,109.804,4.3479,2.4168,0.592,0.2098
7ZHP_IQY,0,7,3,27,4.4462,110.141,110.141,4.1527,2.2653,0.650,0.2431
7ZHP_IQY,0,8,3,27,4.3100,110.549,110.549,3.9293,2.1249,0.914,0.2237
7ZHP_IQY,0,9,3,27,4.2008,111.211,111.211,3.7308,2.0123,1.282,0.2400
7ZHP_IQY,0,10,3,27,4.0973,112.336,112.336,3.5148,1.8941,1.848,0.2421
7ZHP_IQY,0,11,3,27,4.0182,114.023,114.023,3.3076,1.8025,2.454,0.2410
7ZHP_IQY,0,12,3,27,3.9629,116.272,116.272,3.1060,1.7294,3.047,0.2252
7ZHP_IQY,0,13,3,27,3.9320,119.118,119.118,2.9223,1.6746,3.348,0.2237
7ZHP_IQY,0,14,3,27,3.9189,122.279,122.279,2.7482,1.6374,3.248,0.2162
7ZHP_IQY,0,15,3,27,3.9197,125.343,125.343,2.5914,1.6200,3.066,0.2119
7ZHP_IQY,0,16,3,27,3.9307,128.229,128.229,2.4492,1.6201,3.049,0.2160
7ZHP_IQY,0,17,3,27,3.9459,131.091,131.091,2.3130,1.6227,2.801,0.2210
7ZHP_IQY,0,18,3,27,3.9682,133.702,133.702,2.1979,1.6400,2.950,0.2180
7ZHP_IQY,0,19,3,27,3.9997,136.408,136.408,2.1015,1.6598,2.750,0.2215
7ZHP_IQY,0,20,3,27,4.0368,138.824,138.824,2.0282,1.6852,2.587,0.2268
7ZHP_IQY,0,21,3,27,4.0795,140.972,140.972,1.9914,1.7133,2.571,0.2279
7ZHP_IQY,0,22,3,27,4.1347,142.897,142.897,1.9948,1.7559,2.408,0.2297
7ZHP_IQY,0,23,3,27,4.1987,144.417,144.417,2.0402,1.8110,2.172,0.2333
7ZHP_IQY,0,24,3,27,4.2730,145.481,145.481,2.1267,1.8841,0.000,0.0000
7ZL5_IWE,0,0,4,23,8.6462,132.452,164.057,7.1687,5.7425,0.425,0.2850
7ZL5_IWE,0,1,4,23,8.3838,132.650,163.961,6.9245,5.4817,0.423,0.2738
7ZL5_IWE,0,2,4,23,8.1341,132.813,163.780,6.6984,5.2298,0.629,0.2714
7ZL5_IWE,0,3,4,23,7.8923,133.081,163.535,6.4853,4.9780,0.955,0.2708
7ZL5_IWE,0,4,4,23,7.6601,133.448,163.081,6.2870,4.7246,1.277,0.2676
7ZL5_IWE,0,5,4,23,7.4429,133.890,162.429,6.1086,4.4746,1.677,0.2751
7ZL5_IWE,0,6,4,23,7.2367,134.291,161.485,5.9468,4.2215,1.917,0.2706
7ZL5_IWE,0,7,4,23,7.0463,134.739,160.399,5.8020,3.9756,2.441,0.2661
7ZL5_IWE,0,8,4,23,6.8820,134.984,158.781,5.6849,3.7423,2.701,0.2677
7ZL5_IWE,0,9,4,23,6.7334,135.237,157.077,5.5828,3.5126,2.987,0.2678
7ZL5_IWE,0,10,4,23,6.5963,135.486,155.026,5.4896,3.2881,3.374,0.2678
7ZL5_IWE,0,11,4,23,6.4806,135.620,155.095,5.4139,3.0751,3.625,0.2681
7ZL5_IWE,0,12,4,23,6.3835,135.698,157.304,5.3506,2.8763,3.777,0.2707
7ZL5_IWE,0,13,4,23,6.3025,135.750,159.592,5.2978,2.6903,3.837,0.2707
7ZL5_IWE,0,14,4,23,6.2348,135.746,161.771,5.2529,2.5042,3.831,0.2762
7ZL5_IWE,0,15,4,23,6.1760,135.831,163.887,5.2120,2.3127,3.737,0.2752
7ZL5_IWE,0,16,4,23,6.1300,135.914,165.750,5.1797,2.1223,3.668,0.2695
7ZL5_IWE,0,17,4,23,6.0936,136.083,167.848,5.1524,1.9318,3.596,0.2734
7ZL5_IWE,0,18,4,23,6.0697,136.381,169.888,5.1339,1.7379,3.628,0.2644
7ZL5_IWE,0,19,4,23,6.0592,136.720,171.959,5.1213,1.5579,3.699,0.2642
7ZL5_IWE,0,20,4,23,6.0616,137.249,174.188,5.1163,1.3786,3.748,0.2483
7ZL5_IWE,0,21,4,23,6.0770,137.918,176.474,5.1236,1.2150,3.606,0.2416
7ZL5_IWE,0,22,4,23,6.1072,138.596,178.833,5.1432,1.0553,3.521,0.2276
7ZL5_IWE,0,23,4,23,6.1723,138.998,178.711,5.2084,0.9165,4.118,0.2269
7ZL5_IWE,0,24,4,23,6.2780,138.896,176.070,5.3313,0.7994,0.000,0.0000
7ZTL_BCN,0,0,4,11,6.5101,102.419,118.307,5.6615,3.3515,0.288,0.2239
7ZTL_BCN,0,1,4,11,6.3032,102.410,118.365,5.4711,3.2644,0.273,0.2117
7ZTL_BCN,0,2,4,11,6.1123,102.399,118.371,5.2957,3.1849,0.219,0.2088
7ZTL_BCN,0,3,4,11,5.9284,102.440,118.406,5.1263,3.1134,0.230,0.2102
7ZTL_BCN,0,4,4,11,5.7463,102.531,118.470,4.9560,3.0459,0.466,0.2140
7ZTL_BCN,0,5,4,11,5.5626,102.820,118.506,4.7845,2.9771,0.872,0.2201
7ZTL_BCN,0,6,4,11,5.3930,103.177,118.392,4.6243,2.9273,0.695,0.2113
7ZTL_BCN,0,7,4,11,5.2306,103.622,118.411,4.4690,2.8796,0.647,0.2173
7ZTL_BCN,0,8,4,11,5.0616,104.078,118.520,4.3090,2.8253,0.717,0.2132
7ZTL_BCN,0,9,4,11,4.9068,104.609,118.758,4.1630,2.7811,0.989,0.2122
7ZTL_BCN,0,10,4,11,4.7527,105.450,119.099,4.0182,2.7336,1.425,0.2053
7ZTL_BCN,0,11,4,11,4.6101,106.404,119.548,3.8792,2.6992,1.823,0.2028
7ZTL_BCN,0,12,4,11,4.4885,107.415,120.208,3.7568,2.6876,2.072,0.2011
7ZTL_BCN,0,13,4,11,4.3645,108.361,121.016,3.6309,2.6699,2.238,0.2032
7ZTL_BCN,0,14,4,11,4.2621,109.438,122.017,3.5236,2.6770,2.304,0.2058
7ZTL_BCN,0,15,4,11,4.1773,110.717,123.293,3.4406,2.6980,2.342,0.2020
7ZTL_BCN,0,16,4,11,4.1205,111.960,124.754,3.3838,2.7371,2.518,0.2033
7ZTL_BCN,0,17,4,11,4.0746,113.369,126.337,3.3417,2.7783,2.690,0.2073
7ZTL_BCN,0,18,4,11,4.0493,114.864,127.964,3.3244,2.8324,2.919,0.2111
7ZTL_BCN,0,19,4,11,4.0503,116.400,129.780,3.3287,2.9053,2.843,0.2093
7ZTL_BCN,0,20,4,11,4.0592,117.378,131.354,3.3393,2.9783,2.852,0.2081
7ZTL_BCN,0,21,4,11,4.0923,118.401,132.721,3.3734,3.0633,3.767,0.2234
7ZTL_BCN,0,22,4,11,4.1681,119.259,134.113,3.4390,3.1807,3.248,0.2273
7ZTL_BCN,0,23,4,11,4.2846,119.997,135.353,3.5351,3.3171,2.001,0.2154
7ZTL_BCN,0,24,4,11,4.4202,120.696,136.383,3.6535,3.4569,0.000,0.0000
7ZZW_KKW,0,0,5,29,7.0878,102.331,160.319,6.1607,2.6665,0.516,0.1508
7ZZW_KKW,0,1,5,29,6.9987,102.632,160.219,6.0751,2.6248,0.487,0.1446
7ZZW_KKW,0,2,5,29,6.9175,102.895,160.118,5.9946,2.5829,0.704,0.1439
7ZZW_KKW,0,3,5,29,6.8547,103.360,160.040,5.9268,2.5332,1.036,0.1493
7ZZW_KKW,0,4,5,29,6.8165,104.070,159.979,5.8763,2.4713,1.270,0.1519
7ZZW_KKW,0,5,5,29,6.7991,105.018,159.973,5.8414,2.4036,1.612,0.1662
7ZZW_KKW,0,6,5,29,6.8111,106.278,159.983,5.8278,2.3264,1.871,0.1810
7ZZW_KKW,0,7,5,29,6.8459,107.646,160.120,5.8294,2.2428,2.207,0.1992
7ZZW_KKW,0,8,5,29,6.9110,109.218,160.220,5.8547,2.1512,2.296,0.2175
7ZZW_KKW,0,9,5,29,6.9876,110.785,160.576,5.8864,2.0471,2.420,0.2266
7ZZW_KKW,0,10,5,29,7.0762,112.422,161.017,5.9264,1.9355,2.496,0.2310
7ZZW_KKW,0,11,5,29,7.1672,114.024,161.709,5.9656,1.8139,2.744,0.2358
7ZZW_KKW,0,12,5,29,7.2569,115.668,162.769,6.0021,1.6827,3.033,0.2339
7ZZW_KKW,0,13,5,29,7.3524,117.313,164.070,6.0422,1.5475,3.311,0.2362
7ZZW_KKW,0,14,5,29,7.4567,119.140,165.792,6.0874,1.4102,3.449,0.2354
7ZZW_KKW,0,15,5,29,7.5624,121.058,167.715,6.1340,1.2768,3.612,0.2368
7ZZW_KKW,0,16,5,29,7.6748,123.130,169.807,6.1864,1.1419,3.817,0.2337
7ZZW_KKW,0,17,5,29,7.7920,125.473,172.037,6.2420,1.0134,4.079,0.2335
7ZZW_KKW,0,18,5,29,7.9146,128.169,174.308,6.3021,0.8904,4.284,0.2297
7ZZW_KKW,0,19,5,29,8.0389,131.282,176.622,6.3645,0.7723,4.521,0.2387
7ZZW_KKW,0,20,5,29,8.1678,134.763,179.134,6.4311,0.6538,4.586,0.2292
7ZZW_KKW,0,21,5,29,8.2928,137.783,178.896,6.5011,0.5432,4.828,0.2248
7ZZW_KKW,0,22,5,29,8.4231,141.066,177.819,6.5832,0.4250,5.233,0.2163
7ZZW_KKW,0,23,5,29,8.5503,144.949,177.750,6.6748,0.3287,5.682,0.2091
7ZZW_KKW,0,24,5,29,8.6715,148.331,177.818,6.7724,0.2683,0.000,0.0000
8A2D_KXY,0,0,7,49,10.1254,109.494,145.990,8.3419,4.7992,0.519,0.1393
8A2D_KXY,0,1,7,49,10.0374,109.549,146.612,8.2588,4.7377,0.516,0.1337
8A2D_KXY,0,2,7,49,9.9567,109.658,147.302,8.1800,4.6804,0.627,0.1333
8A2D_KXY,0,3,7,49,9.8882,109.826,148.130,8.1094,4.6297,0.807,0.1389
8A2D_KXY,0,4,7,49,9.8299,110.069,149.164,8.0461,4.5774,1.051,0.1463
8A2D_KXY,0,5,7,49,9.7811,110.479,150.360,7.9875,4.5177,1.270,0.1583
8A2D_KXY,0,6,7,49,9.7400,111.093,151.674,7.9336,4.4481,1.326,0.1769
8A2D_KXY,0,7,7,49,9.7084,111.837,152.967,7.8908,4.3658,1.342,0.1950
8A2D_KXY,0,8,7,49,9.6964,112.597,154.036,7.8687,4.2882,1.359,0.2034
8A2D_KXY,0,9,7,49,9.6902,113.408,154.956,7.8594,4.2096,1.591,0.2126
8A2D_KXY,0,10,7,49,9.6908,114.343,156.070,7.8663,4.1247,1.771,0.2128
8A2D_KXY,0,11,7,49,9.6991,115.345,157.239,7.8912,4.0346,1.980,0.2181
8A2D_KXY,0,12,7,49,9.7148,116.459,159.903,7.9360,3.9360,2.160,0.2179
8A2D_KXY,0,13,7,49,9.7431,117.732,162.460,8.0033,3.8379,2.354,0.2313
8A2D_KXY,0,14,7,49,9.7800,119.139,164.892,8.0920,3.7290,2.398,0.2368
8A2D_KXY,0,15,7,49,9.8221,120.518,167.124,8.1972,3.6170,2.489,0.2490
8A2D_KXY,0,16,7,49,9.8655,121.990,169.236,8.3163,3.4879,2.543,0.2535
8A2D_KXY,0,17,7,49,9.9177,123.529,171.163,8.4493,3.3538,2.468,0.2630
8A2D_KXY,0,18,7,49,9.9781,125.003,172.983,8.5952,3.2129,2.586,0.2670
8A2D_KXY,0,19,7,49,10.0439,126.540,174.675,8.7480,3.0685,2.732,0.2687
8A2D_KXY,0,20,7,49,10.1121,128.002,176.191,8.9067,2.9168,2.814,0.2577
8A2D_KXY,0,21,7,49,10.1784,129.310,177.397,9.0614,2.7690,2.874,0.2577
8A2D_KXY,0,22,7,49,10.2471,130.615,178.244,9.2134,2.6192,2.536,0.2486
8A2D_KXY,0,23,7,49,10.3165,131.641,178.731,9.3555,2.4809,2.305,0.2292
8A2D_KXY,0,24,7,49,10.3838,132.544,178.927,9.4754,2.3623,0.000,0.0000
8AEM_LVF,0,0,2,13,4.6870,117.640,122.074,3.6792,2.0459,0.470,0.1690
8AEM_LVF,0,1,2,13,4.5642,117.447,121.934,3.5397,1.9325,0.394,0.1603
8AEM_LVF,0,2,2,13,4.4502,117.272,121.780,3.4088,1.8254,0.461,0.1599
8AEM_LVF,0,3,2,13,4.3367,117.024,121.614,3.2803,1.7154,0.521,0.1603
8AEM_LVF,0,4,2,13,4.2232,116.681,121.420,3.1519,1.6040,0.566,0.1614
8AEM_LVF,0,5,2,13,4.1136,116.287,121.212,3.0279,1.4930,0.817,0.1623
8AEM_LVF,0,6,2,13,4.0032,115.756,120.906,2.9047,1.3771,0.917,0.1586
8AEM_LVF,0,7,2,13,3.8994,115.246,120.645,2.7868,1.2662,1.333,0.1592
8AEM_LVF,0,8,2,13,3.7923,114.440,120.252,2.6660,1.1553,1.461,0.1593
8AEM_LVF,0,9,2,13,3.6863,113.518,119.818,2.5455,1.0486,1.647,0.1666
8AEM_LVF,0,10,2,13,3.5808,112.624,119.579,2.4291,0.9329,1.811,0.1736
8AEM_LVF,0,11,2,13,3.4752,111.621,119.350,2.3149,0.8189,2.082,0.1725
8AEM_LVF,0,12,2,13,3.3739,110.543,119.207,2.2078,0.7061,2.369,0.1706
8AEM_LVF,0,13,2,13,3.2760,109.427,119.291,2.1091,0.5955,2.681,0.1687
8AEM_LVF,0,14,2,13,3.1828,108.198,119.436,2.0207,0.4891,2.934,0.1680
8AEM_LVF,0,15,2,13,3.0877,106.820,119.538,1.9279,0.4087,3.067,0.1615
8AEM_LVF,0,16,2,13,2.9988,105.402,119.718,1.8412,0.3561,3.500,0.1706
8AEM_LVF,0,17,2,13,2.9133,103.967,120.131,1.7635,0.3531,3.856,0.1756
8AEM_LVF,0,18,2,13,2.8374,102.729,120.924,1.6981,0.3842,4.123,0.1780
8AEM_LVF,0,19,2,13,2.7682,101.454,121.684,1.6356,0.4485,4.512,0.1855
8AEM_LVF,0,20,2,13,2.7122,100.430,122.805,1.5989,0.5218,4.219,0.1965
8AEM_LVF,0,21,2,13,2.6566,99.247,123.235,1.5986,0.5763,4.566,0.2091
8AEM_LVF,0,22,2,13,2.6161,98.472,123.756,1.6668,0.6238,5.318,0.2203
8AEM_LVF,0,23,2,13,2.6112,98.797,124.839,1.7682,0.6466,5.272,0.2279
8AEM_LVF,0,24,2,13,2.6444,99.984,126.309,1.8971,0.6666,0.000,0.0000
8AEU_M0L,0,0,8,41,7.2105,149.952,176.674,5.8066,4.3286,0.648,0.2270
8AEU_M0L,0,1,8,41,7.0377,149.674,176.288,5.6366,4.1778,0.626,0.2191
8AEU_M0L,0,2,8,41,6.8760,149.458,175.981,5.4778,4.0340,0.740,0.2083
8AEU_M0L,0,3,8,41,6.7270,149.148,175.728,5.3339,3.8993,0.987,0.2079
8AEU_M0L,0,4,8,41,6.5894,148.684,175.706,5.2038,3.7677,1.187,0.2088
8AEU_M0L,0,5,8,41,6.4637,148.073,175.781,5.0895,3.6398,1.433,0.2066
8AEU_M0L,0,6,8,41,6.3506,147.410,176.075,4.9911,3.5231,1.528,0.2008
8AEU_M0L,0,7,8,41,6.2532,146.752,176.382,4.9092,3.4176,1.699,0.2005
8AEU_M0L,0,8,8,41,6.1677,146.061,176.949,4.8402,3.3209,1.742,0.1962
8AEU_M0L,0,9,8,41,6.0946,145.324,177.515,4.7862,3.2388,1.964,0.2048
8AEU_M0L,0,10,8,41,6.0283,144.583,178.401,4.7398,3.1587,2.037,0.2086
8AEU_M0L,0,11,8,41,5.9739,143.896,179.426,4.7057,3.0885,2.304,0.2168
8AEU_M0L,0,12,8,41,5.9334,142.985,179.314,4.6857,3.0283,2.503,0.2170
8AEU_M0L,0,13,8,41,5.9065,141.813,177.458,4.6823,2.9828,2.710,0.2192
8AEU_M0L,0,14,8,41,5.8939,140.636,175.084,4.6948,2.9468,2.810,0.2200
8AEU_M0L,0,15,8,41,5.8924,139.456,172.317,4.7167,2.9227,2.917,0.2203
8AEU_M0L,0,16,8,41,5.9025,138.200,169.190,4.7499,2.9073,3.036,0.2117
8AEU_M0L,0,17,8,41,5.9198,136.875,165.344,4.7898,2.9045,3.368,0.2138
8AEU_M0L,0,18,8,41,5.9451,135.482,160.981,4.8317,2.9159,3.479,0.2108
8AEU_M0L,0,19,8,41,5.9728,134.041,156.048,4.8760,2.9271,3.798,0.2101
8AEU_M0L,0,20,8,41,6.0073,132.640,150.608,4.9230,2.9443,4.116,0.2039
8AEU_M0L,0,21,8,41,6.0451,131.286,146.543,4.9726,2.9648,4.617,0.2100
8AEU_M0L,0,22,8,41,6.0894,129.715,146.393,5.0248,2.9945,5.118,0.2127
8AEU_M0L,0,23,8,41,6.1386,127.874,146.103,5.0814,3.0329,5.768,0.2215
8AEU_M0L,0,24,8,41,6.1919,125.474,144.361,5.1360,3.0698,0.000,0.0000
8AIE_M7L,0,0,5,23,5.8629,138.679,159.920,5.1083,2.2328,0.289,0.1874
8AIE_M7L,0,1,5,23,5.7077,138.603,159.873,4.9450,2.1338,0.289,0.1815
8AIE_M7L,0,2,5,23,5.5607,138.524,159.770,4.7892,2.0368,0.397,0.1756
8AIE_M7L,0,3,5,23,5.4233,138.454,159.805,4.6415,1.9411,0.624,0.1677
8AIE_M7L,0,4,5,23,5.2970,138.415,160.225,4.5053,1.8455,0.862,0.1611
8AIE_M7L,0,5,5,23,5.1844,138.456,161.084,4.3828,1.7533,1.111,0.1532
8AIE_M7L,0,6,5,23,5.0864,138.579,162.358,4.2757,1.6649,1.372,0.1441
8AIE_M7L,0,7,5,23,4.9999,138.683,163.986,4.1838,1.5781,1.702,0.1425
8AIE_M7L,0,8,5,23,4.9238,138.879,165.888,4.1079,1.4864,1.932,0.1370
8AIE_M7L,0,9,5,23,4.8564,139.051,167.844,4.0425,1.3998,2.372,0.1377
8AIE_M7L,0,10,5,23,4.7992,139.296,170.103,3.9897,1.3147,2.594,0.1318
8AIE_M7L,0,11,5,23,4.7497,139.525,172.395,3.9467,1.2301,2.658,0.1300
8AIE_M7L,0,12,5,23,4.7082,139.683,174.351,3.9127,1.1475,2.886,0.1312
8AIE_M7L,0,13,5,23,4.6808,139.897,176.222,3.8929,1.0656,3.048,0.1353
8AIE_M7L,0,14,5,23,4.6605,140.139,177.926,3.8809,0.9790,3.076,0.1351
8AIE_M7L,0,15,5,23,4.6527,140.401,179.454,3.8802,0.9007,3.164,0.1351
8AIE_M7L,0,16,5,23,4.6540,140.358,179.048,3.8900,0.8324,3.287,0.1352
8AIE_M7L,0,17,5,23,4.6646,140.188,177.735,3.9092,0.7682,3.367,0.1367
8AIE_M7L,0,18,5,23,4.6810,140.107,176.753,3.9371,0.7092,3.340,0.1382
8AIE_M7L,0,19,5,23,4.7102,140.161,175.963,3.9744,0.6659,3.372,0.1312
8AIE_M7L,0,20,5,23,4.7366,140.272,175.389,4.0115,0.6288,3.061,0.1257
8AIE_M7L,0,21,5,23,4.7641,140.546,175.072,4.0508,0.6045,3.015,0.1277
8AIE_M7L,0,22,5,23,4.7944,141.032,175.281,4.0917,0.5822,2.752,0.1315
8AIE_M7L,0,23,5,23,4.8487,141.767,175.718,4.1533,0.5585,2.588,0.1437
8AIE_M7L,0,24,5,23,4.9268,142.755,176.207,4.2296,0.5536,0.000,0.0000
8AIJ_M9I,0,0,3,19,8.0264,105.179,139.255,7.1671,5.4034,0.818,0.2764
8AIJ_M9I,0,1,3,19,7.7707,105.563,139.465,6.9187,5.1349,0.713,0.2566
8AIJ_M9I,0,2,3,19,7.5340,105.929,139.687,6.6890,4.8899,0.859,0.2489
8AIJ_M9I,0,3,3,19,7.3105,106.378,139.920,6.4690,4.6507,1.173,0.2445
8AIJ_M9I,0,4,3,19,7.1011,107.045,140.159,6.2588,4.4122,1.611,0.2383
8AIJ_M9I,0,5,3,19,6.9039,107.972,140.381,6.0596,4.1805,2.100,0.2333
8AIJ_M9I,0,6,3,19,6.7231,109.176,140.649,5.8734,3.9506,2.258,0.2285
8AIJ_M9I,0,7,3,19,6.5590,110.493,140.890,5.7018,3.7246,2.477,0.2192
8AIJ_M9I,0,8,3,19,6.4202,111.989,141.229,5.5542,3.5104,2.644,0.2206
8AIJ_M9I,0,9,3,19,6.2898,113.468,141.456,5.4150,3.2942,2.882,0.2251
8AIJ_M9I,0,10,3,19,6.1728,115.051,141.599,5.2889,3.0770,3.080,0.2203
8AIJ_M9I,0,11,3,19,6.0694,116.612,141.487,5.1785,2.8629,3.196,0.2210
8AIJ_M9I,0,12,3,19,5.9751,118.063,141.088,5.0773,2.6493,3.362,0.2204
8AIJ_M9I,0,13,3,19,5.8954,119.336,140.238,4.9929,2.4365,3.472,0.2155
8AIJ_M9I,0,14,3,19,5.8287,120.357,139.048,4.9256,2.2328,3.652,0.2076
8AIJ_M9I,0,15,3,19,5.7745,121.168,137.529,4.8738,2.0488,3.885,0.2054
8AIJ_M9I,0,16,3,19,5.7346,121.903,135.785,4.8370,1.8630,4.037,0.1932
8AIJ_M9I,0,17,3,19,5.7061,122.530,133.973,4.8139,1.6851,4.122,0.1832
8AIJ_M9I,0,18,3,19,5.6812,123.207,132.312,4.7929,1.5250,4.461,0.1716
8AIJ_M9I,0,19,3,19,5.6555,123.891,130.641,4.7709,1.3799,4.668,0.1622
8AIJ_M9I,0,20,3,19,5.6382,124.696,129.325,4.7563,1.2514,5.006,0.1423
8AIJ_M9I,0,21,3,19,5.6147,125.756,128.406,4.7343,1.1679,5.615,0.1434
8AIJ_M9I,0,22,3,19,5.5918,127.037,127.814,4.7116,1.0967,5.741,0.1400
8AIJ_M9I,0,23,3,19,5.5637,128.767,129.546,4.6852,1.0546,5.824,0.1556
8AIJ_M9I,0,24,3,19,5.5350,130.764,132.745,4.6582,1.0206,0.000,0.0000
8AJX_FUM,0,0,3,8,5.2738,109.139,118.337,5.1822,4.1207,0.147,0.1720
8AJX_FUM,0,1,3,8,5.1334,109.082,118.272,5.0348,3.9958,0.182,0.1660
8AJX_FUM,0,2,3,8,4.9998,109.027,118.156,4.8939,3.8764,0.268,0.1678
8AJX_FUM,0,3,3,8,4.8688,108.966,117.986,4.7551,3.7558,0.307,0.1706
8AJX_FUM,0,4,3,8,4.7443,109.000,117.892,4.6218,3.6351,0.468,0.1745
8AJX_FUM,0,5,3,8,4.6273,109.179,117.842,4.4938,3.5122,0.666,0.1779
8AJX_FUM,0,6,3,8,4.5204,109.487,117.952,4.3741,3.3872,0.842,0.1639
8AJX_FUM,0,7,3,8,4.4356,109.818,118.208,4.2761,3.2790,1.203,0.1778
8AJX_FUM,0,8,3,8,4.3546,110.429,118.778,4.1786,3.1624,1.447,0.1829
8AJX_FUM,0,9,3,8,4.2840,111.297,119.520,4.0886,3.0458,1.691,0.1862
8AJX_FUM,0,10,3,8,4.2223,112.327,120.518,4.0055,2.9324,1.924,0.1880
8AJX_FUM,0,11,3,8,4.1711,113.582,121.650,3.9300,2.8180,2.051,0.1819
8AJX_FUM,0,12,3,8,4.1266,114.911,122.998,3.8600,2.7088,2.336,0.1853
8AJX_FUM,0,13,3,8,4.0871,116.458,124.729,3.7922,2.5989,2.587,0.1911
8AJX_FUM,0,14,3,8,4.0540,118.205,126.656,3.7273,2.4887,2.557,0.1822
8AJX_FUM,0,15,3,8,4.0205,119.901,128.744,3.6617,2.3787,2.636,0.1819
8AJX_FUM,0,16,3,8,4.0046,121.741,130.924,3.6111,2.2784,2.714,0.1754
8AJX_FUM,0,17,3,8,3.9981,123.667,133.224,3.5689,2.1910,2.454,0.1657
8AJX_FUM,0,18,3,8,3.9943,125.320,135.188,3.5297,2.1043,2.414,0.1637
8AJX_FUM,0,19,3,8,3.9985,126.991,137.165,3.4972,2.0232,2.354,0.1584
8AJX_FUM,0,20,3,8,4.0115,128.580,139.032,3.4733,1.9440,2.285,0.1464
8AJX_FUM,0,21,3,8,4.0335,130.034,140.781,3.4599,1.8732,2.192,0.1407
8AJX_FUM,0,22,3,8,4.0641,131.403,142.441,3.4567,1.8048,2.203,0.1315
8AJX_FUM,0,23,3,8,4.1110,132.480,143.866,3.4740,1.7569,2.010,0.1359
8AJX_FUM,0,24,3,8,4.1660,133.231,144.887,3.5023,1.7024,0.000,0.0000
8AP0_PRP,0,0,4,22,5.6553,110.917,176.753,5.5181,2.3677,0.243,0.1696
8AP0_PRP,0,1,4,22,5.5341,110.746,176.599,5.3805,2.3161,0.258,0.1617
8AP0_PRP,0,2,4,22,5.4200,110.560,176.427,5.2509,2.2641,0.403,0.1582
8AP0_PRP,0,3,4,22,5.3104,110.254,176.048,5.1266,2.2143,0.688,0.1524
8AP0_PRP,0,4,4,22,5.2162,109.818,175.254,5.0198,2.1712,0.958,0.1514
8AP0_PRP,0,5,4,22,5.1367,109.407,174.105,4.9271,2.1245,1.284,0.1527
8AP0_PRP,0,6,4,22,5.0740,109.089,172.776,4.8506,2.0747,1.507,0.1523
8AP0_PRP,0,7,4,22,5.0276,108.756,171.285,4.7908,2.0213,1.926,0.1612
8AP0_PRP,0,8,4,22,4.9943,108.243,169.441,4.7449,1.9687,2.104,0.1619
8AP0_PRP,0,9,4,22,4.9614,107.682,167.375,4.6979,1.9176,2.244,0.1685
8AP0_PRP,0,10,4,22,4.9288,107.087,165.060,4.6490,1.8661,2.471,0.1674
8AP0_PRP,0,11,4,22,4.9088,106.546,162.775,4.6112,1.8151,2.551,0.1608
8AP0_PRP,0,12,4,22,4.9036,106.233,160.674,4.5879,1.7649,2.764,0.1614
8AP0_PRP,0,13,4,22,4.9079,106.014,158.612,4.5728,1.7164,3.030,0.1632
8AP0_PRP,0,14,4,22,4.9161,105.831,156.646,4.5609,1.6653,3.106,0.1632
8AP0_PRP,0,15,4,22,4.9389,105.903,154.937,4.5618,1.6129,3.190,0.1631
8AP0_PRP,0,16,4,22,4.9674,106.182,153.449,4.5672,1.5582,3.412,0.1692
8AP0_PRP,0,17,4,22,5.0084,106.688,152.197,4.5847,1.5059,3.598,0.1786
8AP0_PRP,0,18,4,22,5.0593,107.468,151.310,4.6083,1.4523,3.699,0.1836
8AP0_PRP,0,19,4,22,5.1210,108.426,150.701,4.6401,1.4130,3.986,0.1924
8AP0_PRP,0,20,4,22,5.1940,109.549,150.375,4.6832,1.3853,3.934,0.1877
8AP0_PRP,0,21,4,22,5.2716,110.796,150.417,4.7349,1.3802,3.803,0.1879
8AP0_PRP,0,22,4,22,5.3542,111.807,150.746,4.7932,1.4060,3.519,0.1646
8AP0_PRP,0,23,4,22,5.4322,112.590,151.458,4.8510,1.4517,2.663,0.1601
8AP0_PRP,0,24,4,22,5.5434,113.695,152.475,4.9330,1.5055,0.000,0.0000
8AUH_L9I,0,0,4,11,4.4506,98.773,134.335,4.1038,2.7155,0.300,0.1994
8AUH_L9I,0,1,4,11,4.3013,98.879,134.564,3.9472,2.6087,0.281,0.1874
8AUH_L9I,0,2,4,11,4.1647,98.918,134.670,3.8046,2.5118,0.432,0.1831
8AUH_L9I,0,3,4,11,4.0334,98.995,134.802,3.6668,2.4148,0.633,0.1750
8AUH_L9I,0,4,4,11,3.9103,99.103,134.948,3.5380,2.3209,0.931,0.1683
8AUH_L9I,0,5,4,11,3.7995,99.218,135.069,3.4232,2.2349,1.282,0.1637
8AUH_L9I,0,6,4,11,3.6987,99.407,135.146,3.3222,2.1557,1.630,0.1573
8AUH_L9I,0,7,4,11,3.6061,99.537,135.017,3.2306,2.0850,1.884,0.1606
8AUH_L9I,0,8,4,11,3.5219,99.783,134.855,3.1467,2.0205,2.064,0.1629
8AUH_L9I,0,9,4,11,3.4454,100.067,134.526,3.0710,1.9666,2.036,0.1565
8AUH_L9I,0,10,4,11,3.3823,100.292,134.250,3.0062,1.9286,2.309,0.1625
8AUH_L9I,0,11,4,11,3.3284,100.603,133.759,2.9530,1.8989,2.378,0.1574
8AUH_L9I,0,12,4,11,3.2813,100.868,132.981,2.9051,1.8768,2.586,0.1521
8AUH_L9I,0,13,4,11,3.2469,101.046,131.947,2.8691,1.8674,2.826,0.1569
8AUH_L9I,0,14,4,11,3.2168,101.132,130.491,2.8368,1.8611,2.833,0.1533
8AUH_L9I,0,15,4,11,3.1897,101.291,128.993,2.8077,1.8556,2.874,0.1451
8AUH_L9I,0,16,4,11,3.1718,101.418,127.258,2.7878,1.8574,2.972,0.1448
8AUH_L9I,0,17,4,11,3.1594,101.420,125.234,2.7755,1.8639,3.143,0.1406
8AUH_L9I,0,18,4,11,3.1550,101.319,123.057,2.7743,1.8789,3.287,0.1392
8AUH_L9I,0,19,4,11,3.1595,101.069,120.365,2.7842,1.9049,3.475,0.1451
8AUH_L9I,0,20,4,11,3.1752,100.630,117.094,2.8104,1.9395,3.356,0.1481
8AUH_L9I,0,21,4,11,3.1979,100.116,113.534,2.8457,1.9784,3.472,0.1606
8AUH_L9I,0,22,4,11,3.2410,99.434,109.489,2.9041,2.0391,3.707,0.1693
8AUH_L9I,0,23,4,11,3.2918,98.657,111.770,2.9725,2.1013,4.146,0.1797
8AUH_L9I,0,24,4,11,3.3520,98.009,115.454,3.0517,2.1664,0.000,0.0000
8AY3_OE3,0,0,4,25,7.1970,80.325,92.792,7.2789,3.5526,0.641,0.2746
8AY3_OE3,0,1,4,25,6.9408,80.399,93.095,7.0234,3.3750,0.558,0.2645
8AY3_OE3,0,2,4,25,6.6971,80.484,93.326,6.7798,3.2045,0.573,0.2599
8AY3_OE3,0,3,4,25,6.4617,80.650,93.628,6.5411,3.0392,0.779,0.2601
8AY3_OE3,0,4,4,25,6.2331,80.986,94.014,6.3040,2.8765,0.805,0.2602
8AY3_OE3,0,5,4,25,6.0079,81.424,94.397,6.0654,2.7142,0.983,0.2555
8AY3_OE3,0,6,4,25,5.7957,82.068,95.132,5.8337,2.5553,1.213,0.2459
8AY3_OE3,0,7,4,25,5.6012,82.867,96.099,5.6131,2.4067,1.591,0.2432
8AY3_OE3,0,8,4,25,5.4180,83.921,97.090,5.3991,2.2570,1.741,0.2351
8AY3_OE3,0,9,4,25,5.2478,85.112,98.149,5.1948,2.1168,1.916,0.2373
8AY3_OE3,0,10,4,25,5.0841,86.424,99.351,4.9909,1.9767,2.152,0.2425
8AY3_OE3,0,11,4,25,4.9336,88.021,100.588,4.7937,1.8428,2.350,0.2409
8AY3_OE3,0,12,4,25,4.7912,89.754,101.866,4.5968,1.7190,2.533,0.2372
8AY3_OE3,0,13,4,25,4.6637,91.590,103.048,4.4121,1.6058,2.755,0.2405
8AY3_OE3,0,14,4,25,4.5483,93.574,104.201,4.2321,1.5015,2.716,0.2430
8AY3_OE3,0,15,4,25,4.4415,95.569,105.165,4.0546,1.4094,2.653,0.2472
8AY3_OE3,0,16,4,25,4.3441,97.453,105.848,3.8829,1.3173,2.730,0.2518
8AY3_OE3,0,17,4,25,4.2601,99.468,107.190,3.7152,1.2383,3.010,0.2493
8AY3_OE3,0,18,4,25,4.1902,101.762,111.335,3.5556,1.1709,2.890,0.2415
8AY3_OE3,0,19,4,25,4.1343,104.105,115.512,3.4049,1.1145,2.967,0.2365
8AY3_OE3,0,20,4,25,4.0977,106.642,119.641,3.2646,1.0667,2.971,0.2175
8AY3_OE3,0,21,4,25,4.0818,109.412,123.610,3.1437,1.0299,3.251,0.2083
8AY3_OE3,0,22,4,25,4.0878,112.526,127.515,3.0499,1.0076,3.290,0.2125
8AY3_OE3,0,23,4,25,4.1117,115.624,131.267,3.0084,0.9890,3.206,0.2143
8AY3_OE3,0,24,4,25,4.1572,118.447,134.750,3.0574,0.9597,0.000,0.0000
8BRO_R7E,0,0,4,26,9.3392,120.987,155.165,9.4493,7.7398,0.704,0.3136
8BRO_R7E,0,1,4,26,9.0482,120.949,155.327,9.1949,7.4166,0.632,0.3079
8BRO_R7E,0,2,4,26,8.7666,120.880,155.448,8.9486,7.1015,0.646,0.2995
8BRO_R7E,0,3,4,26,8.4976,120.843,155.679,8.7128,6.7975,0.721,0.2974
8BRO_R7E,0,4,4,26,8.2393,120.855,155.993,8.4836,6.5015,0.862,0.2881
8BRO_R7E,0,5,4,26,8.0007,120.861,156.425,8.2710,6.2247,1.122,0.2761
8BRO_R7E,0,6,4,26,7.7819,120.973,157.243,8.0737,5.9646,1.313,0.2695
8BRO_R7E,0,7,4,26,7.5759,121.154,158.371,7.8863,5.7187,1.631,0.2545
8BRO_R7E,0,8,4,26,7.3933,121.465,160.112,7.7171,5.5007,1.926,0.2481
8BRO_R7E,0,9,4,26,7.2319,122.033,162.261,7.5668,5.2899,2.348,0.2376
8BRO_R7E,0,10,4,26,7.0961,122.879,165.023,7.4372,5.1099,2.882,0.2369
8BRO_R7E,0,11,4,26,6.9985,124.130,168.663,7.3447,4.9483,3.253,0.2407
8BRO_R7E,0,12,4,26,6.9198,125.681,172.879,7.2695,4.7953,3.736,0.2453
8BRO_R7E,0,13,4,26,6.8595,127.653,177.984,7.2094,4.6375,4.122,0.2536
8BRO_R7E,0,14,4,26,6.8085,127.538,176.591,7.1564,4.4746,4.184,0.2516
8BRO_R7E,0,15,4,26,6.7707,126.251,171.470,7.1150,4.3140,4.325,0.2659
8BRO_R7E,0,16,4,26,6.7487,125.084,166.644,7.0855,4.1509,4.382,0.2656
8BRO_R7E,0,17,4,26,6.7459,124.096,162.312,7.0739,3.9937,4.490,0.2840
8BRO_R7E,0,18,4,26,6.7481,123.221,158.463,7.0648,3.8313,4.613,0.2776
8BRO_R7E,0,19,4,26,6.7717,122.581,155.434,7.0756,3.6965,4.466,0.2873
8BRO_R7E,0,20,4,26,6.8126,122.216,153.380,7.1029,3.5697,4.189,0.2862
8BRO_R7E,0,21,4,26,6.8698,122.393,152.822,7.1432,3.4565,4.372,0.2894
8BRO_R7E,0,22,4,26,6.9436,122.963,153.378,7.1966,3.3610,4.294,0.2909
8BRO_R7E,0,23,4,26,7.0423,123.647,154.610,7.2685,3.2890,3.879,0.3116
8BRO_R7E,0,24,4,26,7.1643,124.274,156.861,7.3591,3.2322,0.000,0.0000
8C5D_GTB,0,0,9,30,8.0731,122.445,168.013,7.3103,3.4811,0.477,0.2560
8C5D_GTB,0,1,9,30,7.8624,122.589,168.258,7.1170,3.2908,0.465,0.2510
8C5D_GTB,0,2,9,30,7.6620,122.721,168.584,6.9323,3.1011,0.578,0.2482
8C5D_GTB,0,3,9,30,7.4771,122.893,169.007,6.7614,2.9147,0.768,0.2440
8C5D_GTB,0,4,9,30,7.3115,123.154,169.362,6.6073,2.7335,0.894,0.2354
8C5D_GTB,0,5,9,30,7.1689,123.457,169.690,6.4723,2.5585,1.039,0.2336
8C5D_GTB,0,6,9,30,7.0458,123.739,169.973,6.3522,2.3858,1.237,0.2267
8C5D_GTB,0,7,9,30,6.9483,124.069,170.012,6.2538,2.2225,1.488,0.2227
8C5D_GTB,0,8,9,30,6.8728,124.428,170.160,6.1728,2.0675,1.802,0.2191
8C5D_GTB,0,9,9,30,6.8153,124.850,170.445,6.1064,1.9221,2.091,0.2242
8C5D_GTB,0,10,9,30,6.7790,125.354,170.630,6.0583,1.7774,2.317,0.2250
8C5D_GTB,0,11,9,30,6.7576,125.886,170.723,6.0219,1.6335,2.705,0.2299
8C5D_GTB,0,12,9,30,6.7509,126.394,170.725,5.9980,1.4897,2.950,0.2309
8C5D_GTB,0,13,9,30,6.7656,127.063,170.663,5.9923,1.3515,3.056,0.2347
8C5D_GTB,0,14,9,30,6.7958,127.802,170.735,5.9995,1.2233,3.170,0.2361
8C5D_GTB,0,15,9,30,6.8249,128.411,171.037,6.0050,1.0974,3.298,0.2356
8C5D_GTB,0,16,9,30,6.8621,129.070,171.482,6.0199,0.9812,3.385,0.2443
8C5D_GTB,0,17,9,30,6.9103,129.597,172.103,6.0436,0.8763,3.468,0.2478
8C5D_GTB,0,18,9,30,6.9639,130.260,172.871,6.0745,0.7926,3.556,0.2482
8C5D_GTB,0,19,9,30,7.0260,130.725,173.888,6.1124,0.7453,3.663,0.2498
8C5D_GTB,0,20,9,30,7.0957,131.245,175.024,6.1609,0.7377,3.675,0.2445
8C5D_GTB,0,21,9,30,7.1683,131.820,176.163,6.2152,0.7766,3.956,0.2455
8C5D_GTB,0,22,9,30,7.2495,132.558,177.213,6.2815,0.8482,4.224,0.2372
8C5D_GTB,0,23,9,30,7.3284,133.535,178.052,6.3493,0.9364,4.065,0.2335
8C5D_GTB,0,24,9,30,7.4090,134.439,178.679,6.4241,1.0330,0.000,0.0000
8C5M_MTA,0,0,3,20,6.8357,93.942,116.240,6.8649,5.4758,0.738,0.2752
8C5M_MTA,0,1,3,20,6.5809,93.402,115.965,6.6106,5.2685,0.720,0.2701
8C5M_MTA,0,2,3,20,6.3346,92.836,115.657,6.3610,5.0651,0.863,0.2716
8C5M_MTA,0,3,3,20,6.0910,92.145,115.289,6.1078,4.8623,1.051,0.2785
8C5M_MTA,0,4,3,20,5.8435,91.239,114.793,5.8439,4.6533,1.221,0.2852
8C5M_MTA,0,5,3,20,5.5953,90.217,114.156,5.5702,4.4422,1.555,0.2780
8C5M_MTA,0,6,3,20,5.3549,88.917,113.185,5.3016,4.2368,1.779,0.2683
8C5M_MTA,0,7,3,20,5.1255,87.361,112.000,5.0441,4.0423,2.261,0.2723
8C5M_MTA,0,8,3,20,4.8892,85.413,110.622,4.7791,3.8364,2.546,0.2646
8C5M_MTA,0,9,3,20,4.6642,83.222,109.119,4.5250,3.6447,2.552,0.2705
8C5M_MTA,0,10,3,20,4.4346,81.036,107.561,4.2666,3.4450,2.809,0.2696
8C5M_MTA,0,11,3,20,4.2059,78.617,105.763,4.0080,3.2444,2.844,0.2682
8C5M_MTA,0,12,3,20,3.9790,76.152,103.821,3.7512,3.0421,2.816,0.2675
8C5M_MTA,0,13,3,20,3.7511,73.658,102.007,3.4942,2.8339,2.865,0.2767
8C5M_MTA,0,14,3,20,3.5178,71.057,100.004,3.2274,2.6167,2.988,0.2710
8C5M_MTA,0,15,3,20,3.2900,68.284,97.596,2.9664,2.4027,3.362,0.2655
8C5M_MTA,0,16,3,20,3.0676,65.138,94.688,2.7114,2.1929,4.035,0.2576
8C5M_MTA,0,17,3,20,2.8476,61.332,90.578,2.4649,1.9871,4.673,0.2542
8C5M_MTA,0,18,3,20,2.6292,57.009,85.276,2.2237,1.7892,5.556,0.2388
8C5M_MTA,0,19,3,20,2.4203,52.078,78.905,2.0026,1.6046,6.274,0.2320
8C5M_MTA,0,20,3,20,2.2160,46.756,71.403,1.7933,1.4332,6.763,0.2152
8C5M_MTA,0,21,3,20,2.0233,41.371,63.181,1.6086,1.2810,7.107,0.1980
8C5M_MTA,0,22,3,20,1.8494,36.264,54.634,1.4556,1.1579,6.985,0.1758
8C5M_MTA,0,23,3,20,1.7035,31.884,46.329,1.3440,1.0673,6.576,0.1482
8C5M_MTA,0,24,3,20,1.6024,28.966,39.043,1.2831,1.0149,0.000,0.0000
8C7Y_TXV,0,0,6,34,5.8114,155.877,177.571,4.6259,2.0595,0.683,0.1768
8C7Y_TXV,0,1,6,34,5.7089,155.799,177.585,4.5256,1.9748,0.608,0.1662
8C7Y_TXV,0,2,6,34,5.6162,155.799,177.712,4.4331,1.8940,0.795,0.1641
8C7Y_TXV,0,3,6,34,5.5213,155.723,177.766,4.3338,1.8196,1.090,0.1647
8C7Y_TXV,0,4,6,34,5.4089,155.522,177.849,4.2136,1.7453,1.338,0.1671
8C7Y_TXV,0,5,6,34,5.2787,155.287,178.241,4.0763,1.6685,1.860,0.1808
8C7Y_TXV,0,6,6,34,5.1366,155.044,179.131,3.9264,1.5886,1.963,0.1927
8C7Y_TXV,0,7,6,34,4.9742,154.782,179.938,3.7588,1.5026,2.308,0.2063
8C7Y_TXV,0,8,6,34,4.7996,153.953,178.860,3.5821,1.4054,2.381,0.2103
8C7Y_TXV,0,9,6,34,4.6238,153.096,177.747,3.4003,1.3148,2.424,0.2183
8C7Y_TXV,0,10,6,34,4.4411,152.282,176.777,3.2142,1.2153,2.577,0.2196
8C7Y_TXV,0,11,6,34,4.2598,151.474,175.977,3.0239,1.1232,2.763,0.2226
8C7Y_TXV,0,12,6,34,4.0787,150.553,175.058,2.8333,1.0241,2.773,0.2186
8C7Y_TXV,0,13,6,34,3.9064,149.686,174.209,2.6488,0.9243,2.799,0.2196
8C7Y_TXV,0,14,6,34,3.7451,148.898,173.168,2.4739,0.8224,2.692,0.2134
8C7Y_TXV,0,15,6,34,3.6006,148.042,172.101,2.3152,0.7235,2.635,0.2141
8C7Y_TXV,0,16,6,34,3.4684,147.233,171.190,2.1712,0.6187,2.788,0.2112
8C7Y_TXV,0,17,6,34,3.3546,146.321,169.933,2.0482,0.5082,2.933,0.2108
8C7Y_TXV,0,18,6,34,3.2556,145.307,169.212,1.9392,0.3996,3.216,0.2086
8C7Y_TXV,0,19,6,34,3.1718,144.010,169.094,1.8425,0.2923,3.545,0.2127
8C7Y_TXV,0,20,6,34,3.1075,142.629,168.955,1.7719,0.1816,3.979,0.2143
8C7Y_TXV,0,21,6,34,3.0640,140.936,168.373,1.7280,0.0780,4.626,0.2182
8C7Y_TXV,0,22,6,34,3.0416,138.895,167.041,1.7162,0.0540,5.486,0.2274
8C7Y_TXV,0,23,6,34,3.0380,136.485,165.054,1.7359,0.1449,6.413,0.2378
8C7Y_TXV,0,24,6,34,3.0551,133.810,162.367,1.7934,0.2313,0.000,0.0000
8CGC_LMR,0,0,3,9,7.1438,152.463,159.775,6.5958,3.8100,0.468,0.2829
8CGC_LMR,0,1,3,9,6.8933,152.451,160.151,6.3282,3.6127,0.342,0.2862
8CGC_LMR,0,2,3,9,6.6422,152.382,160.392,6.0601,3.4105,0.377,0.2725
8CGC_LMR,0,3,3,9,6.4092,152.398,160.786,5.8063,3.2252,0.451,0.2757
8CGC_LMR,0,4,3,9,6.1766,152.527,161.419,5.5506,3.0431,0.551,0.2685
8CGC_LMR,0,5,3,9,5.9511,152.740,162.249,5.3006,2.8745,0.642,0.2740
8CGC_LMR,0,6,3,9,5.7170,152.881,162.985,5.0482,2.6985,0.548,0.2618
8CGC_LMR,0,7,3,9,5.4939,153.078,163.602,4.8071,2.5399,0.797,0.2545
8CGC_LMR,0,8,3,9,5.2814,153.315,164.711,4.5743,2.3965,0.932,0.2458
8CGC_LMR,0,9,3,9,5.0764,153.720,166.272,4.3495,2.2588,1.084,0.2495
8CGC_LMR,0,10,3,9,4.8745,153.949,167.735,4.1247,2.1419,1.226,0.2451
8CGC_LMR,0,11,3,9,4.6807,154.341,169.520,3.9104,2.0299,1.460,0.2468
8CGC_LMR,0,12,3,9,4.4920,154.837,171.654,3.7036,1.9222,1.476,0.2488
8CGC_LMR,0,13,3,9,4.3119,155.376,173.868,3.5039,1.8245,1.630,0.2446
8CGC_LMR,0,14,3,9,4.1459,155.922,176.252,3.3169,1.7309,1.905,0.2423
8CGC_LMR,0,15,3,9,3.9891,156.186,178.687,3.1395,1.6428,2.433,0.2434
8CGC_LMR,0,16,3,9,3.8419,155.274,178.268,2.9674,1.5585,2.369,0.2351
8CGC_LMR,0,17,3,9,3.7014,153.462,175.703,2.8045,1.4908,2.491,0.2255
8CGC_LMR,0,18,3,9,3.5821,151.528,172.777,2.6694,1.4194,2.687,0.2166
8CGC_LMR,0,19,3,9,3.4805,149.468,169.397,2.5576,1.3503,2.507,0.2151
8CGC_LMR,0,20,3,9,3.3940,147.607,166.013,2.4686,1.2867,2.454,0.2100
8CGC_LMR,0,21,3,9,3.3296,145.980,162.590,2.4051,1.2374,2.604,0.2024
8CGC_LMR,0,22,3,9,3.2825,144.139,158.801,2.3703,1.1996,2.575,0.1865
8CGC_LMR,0,23,3,9,3.2533,142.450,155.061,2.3578,1.1720,2.670,0.1691
8CGC_LMR,0,24,3,9,3.2587,140.928,151.475,2.3894,1.1533,0.000,0.0000
8CSD_C5P,0,0,3,21,7.2715,139.326,154.557,6.5964,5.1796,0.710,0.2538
8CSD_C5P,0,1,3,21,7.0650,139.601,154.670,6.3741,4.9661,0.633,0.2423
8CSD_C5P,0,2,3,21,6.8694,139.761,154.727,6.1628,4.7621,0.757,0.2363
8CSD_C5P,0,3,3,21,6.6869,139.968,154.884,5.9646,4.5643,1.064,0.2333
8CSD_C5P,0,4,3,21,6.5219,140.225,155.227,5.7844,4.3723,1.345,0.2335
8CSD_C5P,0,5,3,21,6.3748,140.522,155.630,5.6221,4.1849,1.817,0.2343
8CSD_C5P,0,6,3,21,6.2594,141.014,156.346,5.4906,4.0123,2.112,0.2282
8CSD_C5P,0,7,3,21,6.1730,141.486,157.110,5.3905,3.8556,2.390,0.2283
8CSD_C5P,0,8,3,21,6.1170,142.016,157.831,5.3201,3.7179,2.566,0.2284
8CSD_C5P,0,9,3,21,6.0833,142.621,158.703,5.2726,3.5963,2.704,0.2275
8CSD_C5P,0,10,3,21,6.0702,143.392,159.692,5.2447,3.4921,3.049,0.2244
8CSD_C5P,0,11,3,21,6.0709,144.222,160.738,5.2299,3.3990,3.254,0.2192
8CSD_C5P,0,12,3,21,6.0902,145.155,161.745,5.2333,3.3242,3.488,0.2123
8CSD_C5P,0,13,3,21,6.1198,146.112,162.523,5.2442,3.2645,3.874,0.2119
8CSD_C5P,0,14,3,21,6.1523,147.062,163.268,5.2577,3.2056,4.044,0.2099
8CSD_C5P,0,15,3,21,6.1945,147.977,163.995,5.2802,3.1606,4.132,0.2119
8CSD_C5P,0,16,3,21,6.2466,148.818,164.666,5.3115,3.1290,4.159,0.2068
8CSD_C5P,0,17,3,21,6.3067,149.563,165.452,5.3515,3.1121,4.562,0.2124
8CSD_C5P,0,18,3,21,6.3702,150.129,168.335,5.3959,3.0982,4.662,0.2053
8CSD_C5P,0,19,3,21,6.4257,150.561,171.101,5.4331,3.0844,4.671,0.2002
8CSD_C5P,0,20,3,21,6.4932,150.680,173.500,5.4840,3.0895,4.524,0.1885
8CSD_C5P,0,21,3,21,6.5675,150.422,175.519,5.5486,3.1075,4.287,0.1815
8CSD_C5P,0,22,3,21,6.6503,149.965,177.334,5.6229,3.1458,4.066,0.1618
8CSD_C5P,0,23,3,21,6.7255,149.184,178.795,5.6901,3.1947,3.512,0.1385
8CSD_C5P,0,24,3,21,6.7976,148.343,179.930,5.7608,3.2582,0.000,0.0000
8D39_QDB,0,0,4,17,5.3361,130.945,170.906,3.9083,3.0548,0.501,0.1875
8D39_QDB,0,1,4,17,5.1678,130.583,170.978,3.7662,2.9253,0.422,0.1774
8D39_QDB,0,2,4,17,5.0129,130.330,171.153,3.6355,2.8063,0.576,0.1724
8D39_QDB,0,3,4,17,4.8578,130.014,171.421,3.5058,2.6871,0.916,0.1667
8D39_QDB,0,4,4,17,4.6980,129.558,171.908,3.3727,2.5682,1.345,0.1628
8D39_QDB,0,5,4,17,4.5294,128.781,172.281,3.2365,2.4449,1.640,0.1618
8D39_QDB,0,6,4,17,4.3550,127.686,172.350,3.0988,2.3176,1.953,0.1624
8D39_QDB,0,7,4,17,4.1878,126.363,172.071,2.9641,2.2017,2.704,0.1673
8D39_QDB,0,8,4,17,4.0116,124.509,171.391,2.8249,2.0831,2.946,0.1718
8D39_QDB,0,9,4,17,3.8379,122.623,171.025,2.6865,1.9651,3.280,0.1750
8D39_QDB,0,10,4,17,3.6603,120.446,170.329,2.5488,1.8509,3.363,0.1759
8D39_QDB,0,11,4,17,3.4918,118.211,169.274,2.4177,1.7446,3.398,0.1726
8D39_QDB,0,12,4,17,3.3342,116.047,168.244,2.2936,1.6432,3.588,0.1667
8D39_QDB,0,13,4,17,3.1884,113.765,167.013,2.1790,1.5438,3.687,0.1644
8D39_QDB,0,14,4,17,3.0563,111.543,165.725,2.0729,1.4477,3.789,0.1589
8D39_QDB,0,15,4,17,2.9453,109.406,164.494,1.9830,1.3653,3.855,0.1569
8D39_QDB,0,16,4,17,2.8525,107.490,163.273,1.9104,1.2918,3.974,0.1587
8D39_QDB,0,17,4,17,2.7829,105.779,162.191,1.8563,1.2313,4.142,0.1630
8D39_QDB,0,18,4,17,2.7311,104.115,160.898,1.8154,1.1789,4.117,0.1650
8D39_QDB,0,19,4,17,2.6960,102.901,159.880,1.7889,1.1262,4.327,0.1716
8D39_QDB,0,20,4,17,2.6801,101.979,158.914,1.7772,1.0872,4.639,0.1780
8D39_QDB,0,21,4,17,2.6821,101.148,157.912,1.7751,1.0558,5.002,0.1915
8D39_QDB,0,22,4,17,2.6941,100.422,156.389,1.7826,1.0189,5.687,0.2132
8D39_QDB,0,23,4,17,2.7322,99.805,154.439,1.8032,1.0024,6.446,0.2364
8D39_QDB,0,24,4,17,2.7947,99.396,152.281,1.8419,1.0002,0.000,0.0000
8D5D_5DK,0,0,7,27,7.8182,128.021,152.665,6.7162,4.6148,0.497,0.2505
8D5D_5DK,0,1,7,27,7.5810,128.047,152.255,6.5063,4.4263,0.346,0.2388
8D5D_5DK,0,2,7,27,7.3592,128.049,152.080,6.3091,4.2441,0.480,0.2347
8D5D_5DK,0,3,7,27,7.1438,128.064,151.898,6.1151,4.0659,0.705,0.2345
8D5D_5DK,0,4,7,27,6.9299,128.055,151.520,5.9198,3.8920,1.042,0.2354
8D5D_5DK,0,5,7,27,6.7150,128.026,150.755,5.7225,3.7163,1.453,0.2435
8D5D_5DK,0,6,7,27,6.4893,127.889,149.670,5.5148,3.5342,1.586,0.2447
8D5D_5DK,0,7,7,27,6.2628,127.694,148.532,5.3058,3.3488,2.202,0.2487
8D5D_5DK,0,8,7,27,6.0334,127.563,148.554,5.0902,3.1625,2.438,0.2522
8D5D_5DK,0,9,7,27,5.8013,127.567,149.707,4.8703,2.9807,2.751,0.2546
8D5D_5DK,0,10,7,27,5.5646,127.643,151.022,4.6441,2.7950,2.954,0.2523
8D5D_5DK,0,11,7,27,5.3249,127.651,152.460,4.4089,2.6140,3.263,0.2557
8D5D_5DK,0,12,7,27,5.0810,127.678,153.923,4.1612,2.4394,3.528,0.2629
8D5D_5DK,0,13,7,27,4.8342,127.784,155.355,3.9057,2.2696,3.807,0.2752
8D5D_5DK,0,14,7,27,4.5835,127.910,156.762,3.6415,2.1007,4.207,0.2846
8D5D_5DK,0,15,7,27,4.3319,128.043,158.187,3.3703,1.9335,4.316,0.2896
8D5D_5DK,0,16,7,27,4.0787,128.312,159.693,3.0967,1.7712,4.418,0.2885
8D5D_5DK,0,17,7,27,3.8289,128.574,161.139,2.8251,1.6082,4.470,0.2821
8D5D_5DK,0,18,7,27,3.5893,128.874,162.585,2.5628,1.4446,4.702,0.2707
8D5D_5DK,0,19,7,27,3.3626,129.178,163.876,2.3160,1.2897,4.978,0.2636
8D5D_5DK,0,20,7,27,3.1456,129.673,165.437,2.0850,1.1368,5.035,0.2471
8D5D_5DK,0,21,7,27,2.9459,130.097,167.722,1.8748,1.0024,5.380,0.2359
8D5D_5DK,0,22,7,27,2.7512,130.371,175.114,1.6815,0.8832,5.605,0.2218
8D5D_5DK,0,23,7,27,2.5776,129.495,177.761,1.5165,0.7953,5.586,0.2221
8D5D_5DK,0,24,7,27,2.4219,126.662,171.152,1.3675,0.7352,0.000,0.0000
8DHG_T78,0,0,8,35,6.6972,126.599,155.678,6.7949,1.7159,0.371,0.1796
8DHG_T78,0,1,8,35,6.6174,126.722,155.678,6.6950,1.6966,0.382,0.1692
8DHG_T78,0,2,8,35,6.5488,126.848,155.624,6.6065,1.6759,0.557,0.1755
8DHG_T78,0,3,8,35,6.4967,127.007,155.450,6.5305,1.6617,0.835,0.1968
8DHG_T78,0,4,8,35,6.4679,127.217,155.186,6.4684,1.6546,1.126,0.2078
8DHG_T78,0,5,8,35,6.4618,127.543,155.080,6.4228,1.6498,1.438,0.2172
8DHG_T78,0,6,8,35,6.4767,127.921,154.990,6.3909,1.6483,1.695,0.2182
8DHG_T78,0,7,8,35,6.5102,128.252,154.732,6.3724,1.6516,2.053,0.2217
8DHG_T78,0,8,8,35,6.5595,128.550,154.222,6.3636,1.6460,2.320,0.2312
8DHG_T78,0,9,8,35,6.6188,128.834,153.653,6.3573,1.6376,2.765,0.2351
8DHG_T78,0,10,8,35,6.6941,129.107,152.920,6.3637,1.6286,3.069,0.2267
8DHG_T78,0,11,8,35,6.7783,129.356,152.010,6.3835,1.6239,3.440,0.2216
8DHG_T78,0,12,8,35,6.8720,129.555,150.780,6.4193,1.6244,3.820,0.2119
8DHG_T78,0,13,8,35,6.9691,129.733,149.116,6.4679,1.6236,4.304,0.2100
8DHG_T78,0,14,8,35,7.0665,129.858,147.093,6.5258,1.6237,4.363,0.2107
8DHG_T78,0,15,8,35,7.1575,130.216,145.238,6.5839,1.6226,4.496,0.2091
8DHG_T78,0,16,8,35,7.2499,130.651,143.401,6.6494,1.6210,4.500,0.2041
8DHG_T78,0,17,8,35,7.3356,131.338,141.700,6.7133,1.6150,4.722,0.2076
8DHG_T78,0,18,8,35,7.4134,132.346,146.442,6.7785,1.6198,4.953,0.2127
8DHG_T78,0,19,8,35,7.4817,133.440,152.555,6.8388,1.6276,5.031,0.2216
8DHG_T78,0,20,8,35,7.5450,134.775,159.004,6.9030,1.6380,5.068,0.2280
8DHG_T78,0,21,8,35,7.6026,136.292,165.744,6.9691,1.6542,5.229,0.2363
8DHG_T78,0,22,8,35,7.6543,138.099,172.829,7.0401,1.6895,5.363,0.2349
8DHG_T78,0,23,8,35,7.6971,140.079,179.863,7.1147,1.7330,5.582,0.2395
8DHG_T78,0,24,8,35,7.7283,138.525,172.033,7.1829,1.7863,0.000,0.0000
8DP2_UMA,0,0,10,49,8.1650,133.040,176.627,6.5041,3.1888,0.471,0.1962
8DP2_UMA,0,1,10,49,8.0336,133.070,176.667,6.3846,3.0517,0.502,0.1885
8DP2_UMA,0,2,10,49,7.9122,133.108,176.715,6.2766,2.9166,0.629,0.1813
8DP2_UMA,0,3,10,49,7.8049,133.197,176.749,6.1769,2.7898,0.852,0.1811
8DP2_UMA,0,4,10,49,7.7088,133.323,177.013,6.0802,2.6676,1.149,0.1810
8DP2_UMA,0,5,10,49,7.6270,133.504,177.615,5.9931,2.5470,1.447,0.1807
8DP2_UMA,0,6,10,49,7.5660,133.815,178.473,5.9222,2.4299,1.594,0.1746
8DP2_UMA,0,7,10,49,7.5196,134.219,179.615,5.8615,2.3216,1.973,0.1784
8DP2_UMA,0,8,10,49,7.5042,134.487,178.982,5.8255,2.2189,2.290,0.1778
8DP2_UMA,0,9,10,49,7.4984,134.708,177.300,5.7997,2.1229,2.722,0.1885
8DP2_UMA,0,10,10,49,7.5125,135.023,175.266,5.7905,2.0311,3.042,0.1955
8DP2_UMA,0,11,10,49,7.5405,135.364,172.926,5.7938,1.9434,3.318,0.2040
8DP2_UMA,0,12,10,49,7.5889,135.792,170.409,5.8138,1.8652,3.615,0.2063
8DP2_UMA,0,13,10,49,7.6514,136.370,168.321,5.8507,1.7979,3.917,0.2146
8DP2_UMA,0,14,10,49,7.7236,137.131,168.087,5.8997,1.7362,4.004,0.2223
8DP2_UMA,0,15,10,49,7.8055,137.966,168.006,5.9627,1.6755,4.023,0.2315
8DP2_UMA,0,16,10,49,7.8987,138.799,168.156,6.0390,1.6114,4.106,0.2316
8DP2_UMA,0,17,10,49,7.9988,139.837,168.630,6.1238,1.5487,4.150,0.2310
8DP2_UMA,0,18,10,49,8.1067,141.013,169.255,6.2146,1.4937,4.142,0.2282
8DP2_UMA,0,19,10,49,8.2188,142.281,170.208,6.3094,1.4449,4.055,0.2255
8DP2_UMA,0,20,10,49,8.3425,143.634,171.085,6.4157,1.4072,3.997,0.2203
8DP2_UMA,0,21,10,49,8.4685,145.114,172.296,6.5284,1.3846,4.204,0.2222
8DP2_UMA,0,22,10,49,8.5992,146.787,173.691,6.6438,1.3808,4.475,0.2230
8DP2_UMA,0,23,10,49,8.7269,148.094,171.759,6.7514,1.3821,4.468,0.2240
8DP2_UMA,0,24,10,49,8.8664,150.063,174.822,6.8687,1.4053,0.000,0.0000
8DZT_G4P,0,0,6,36,9.4356,127.784,155.751,9.0350,6.3524,0.431,0.2763
8DZT_G4P,0,1,6,36,9.1786,128.038,156.062,8.7822,6.1215,0.392,0.2788
8DZT_G4P,0,2,6,36,8.9257,128.222,156.216,8.5326,5.8843,0.502,0.2749
8DZT_G4P,0,3,6,36,8.6833,128.525,156.583,8.2915,5.6490,0.739,0.2759
8DZT_G4P,0,4,6,36,8.4491,128.997,157.043,8.0561,5.4103,0.949,0.2711
8DZT_G4P,0,5,6,36,8.2320,129.549,157.442,7.8368,5.1749,1.317,0.2675
8DZT_G4P,0,6,6,36,8.0363,130.335,158.240,7.6351,4.9352,1.598,0.2598
8DZT_G4P,0,7,6,36,7.8730,131.236,159.049,7.4605,4.6991,1.995,0.2591
8DZT_G4P,0,8,6,36,7.7466,132.375,159.938,7.3166,4.4628,2.359,0.2756
8DZT_G4P,0,9,6,36,7.6375,133.756,161.390,7.1851,4.2194,2.733,0.2768
8DZT_G4P,0,10,6,36,7.5570,135.379,163.516,7.0752,3.9835,2.998,0.2836
8DZT_G4P,0,11,6,36,7.4977,137.252,166.189,6.9819,3.7536,3.282,0.2906
8DZT_G4P,0,12,6,36,7.4690,139.346,169.031,6.9128,3.5334,3.346,0.2929
8DZT_G4P,0,13,6,36,7.4607,141.466,171.907,6.8593,3.3247,3.605,0.2955
8DZT_G4P,0,14,6,36,7.4729,143.840,175.410,6.8219,3.1267,3.757,0.2879
8DZT_G4P,0,15,6,36,7.4968,146.348,179.200,6.7931,2.9424,3.866,0.2848
8DZT_G4P,0,16,6,36,7.5329,148.069,177.226,6.7709,2.7690,3.919,0.2780
8DZT_G4P,0,17,6,36,7.5796,149.582,173.676,6.7600,2.6115,4.038,0.2792
8DZT_G4P,0,18,6,36,7.6317,151.120,169.982,6.7522,2.4542,4.198,0.2753
8DZT_G4P,0,19,6,36,7.6924,152.672,169.225,6.7520,2.3123,4.198,0.2726
8DZT_G4P,0,20,6,36,7.7612,154.268,174.948,6.7591,2.1781,4.133,0.2655
8DZT_G4P,0,21,6,36,7.8385,155.586,179.340,6.7831,2.0723,4.253,0.2614
8DZT_G4P,0,22,6,36,7.9164,153.697,175.056,6.8126,1.9875,4.212,0.2490
8DZT_G4P,0,23,6,36,7.9960,151.269,167.950,6.8544,1.9383,3.731,0.2277
8DZT_G4P,0,24,6,36,8.0707,149.182,163.976,6.9034,1.9228,0.000,0.0000
8EAB_VN2,0,0,10,49,5.7871,139.992,166.764,4.8824,1.0632,0.541,0.1526
8EAB_VN2,0,1,10,49,5.7144,140.081,166.840,4.8128,1.0058,0.496,0.1461
8EAB_VN2,0,2,10,49,5.6516,140.188,166.904,4.7534,0.9509,0.766,0.1381
8EAB_VN2,0,3,10,49,5.6029,140.376,167.093,4.7099,0.8995,1.174,0.1370
8EAB_VN2,0,4,10,49,5.5672,140.658,167.373,4.6807,0.8563,1.611,0.1401
8EAB_VN2,0,5,10,49,5.5449,141.073,167.686,4.6658,0.8218,1.982,0.1447
8EAB_VN2,0,6,10,49,5.5355,141.574,168.092,4.6636,0.7981,2.110,0.1442
8EAB_VN2,0,7,10,49,5.5335,142.085,168.568,4.6677,0.7825,2.356,0.1473
8EAB_VN2,0,8,10,49,5.5430,142.654,169.258,4.6803,0.7766,2.546,0.1519
8EAB_VN2,0,9,10,49,5.5619,143.214,170.110,4.6985,0.7785,2.760,0.1634
8EAB_VN2,0,10,10,49,5.5923,143.817,171.240,4.7261,0.7865,2.927,0.1717
8EAB_VN2,0,11,10,49,5.6364,144.456,172.535,4.7634,0.8065,3.179,0.1787
8EAB_VN2,0,12,10,49,5.6916,145.106,173.923,4.8093,0.8369,3.478,0.1843
8EAB_VN2,0,13,10,49,5.7577,145.921,175.996,4.8655,0.8715,3.884,0.1876
8EAB_VN2,0,14,10,49,5.8325,146.785,178.546,4.9299,0.9087,4.228,0.1900
8EAB_VN2,0,15,10,49,5.9102,147.418,178.624,4.9974,0.9473,4.552,0.1980
8EAB_VN2,0,16,10,49,5.9964,147.748,178.869,5.0728,0.9926,4.898,0.1998
8EAB_VN2,0,17,10,49,6.0890,147.906,179.018,5.1526,1.0415,5.171,0.2072
8EAB_VN2,0,18,10,49,6.1902,148.000,179.885,5.2393,1.0952,5.364,0.2124
8EAB_VN2,0,19,10,49,6.3035,147.535,177.878,5.3370,1.1577,5.625,0.2202
8EAB_VN2,0,20,10,49,6.4296,147.016,179.874,5.4463,1.2253,5.568,0.2275
8EAB_VN2,0,21,10,49,6.5708,146.143,177.590,5.5703,1.2961,5.816,0.2343
8EAB_VN2,0,22,10,49,6.7231,145.292,175.321,5.7022,1.3758,6.093,0.2478
8EAB_VN2,0,23,10,49,6.8871,144.303,173.013,5.8421,1.4656,6.392,0.2560
8EAB_VN2,0,24,10,49,7.0470,143.258,171.757,5.9784,1.5560,0.000,0.0000
8EAD_UY0,0,0,7,38,7.4019,109.330,132.659,7.2559,2.9577,0.864,0.2379
8EAD_UY0,0,1,7,38,7.2422,109.267,132.009,7.0687,2.8393,0.872,0.2309
8EAD_UY0,0,2,7,38,7.0908,109.172,131.396,6.8903,2.7210,1.191,0.2293
8EAD_UY0,0,3,7,38,6.9475,109.153,130.837,6.7190,2.6046,1.624,0.2321
8EAD_UY0,0,4,7,38,6.8126,109.173,130.108,6.5544,2.4853,1.896,0.2303
8EAD_UY0,0,5,7,38,6.6877,109.338,129.215,6.3966,2.3647,2.224,0.2393
8EAD_UY0,0,6,7,38,6.5755,109.667,128.383,6.2475,2.2396,2.294,0.2317
8EAD_UY0,0,7,7,38,6.4764,110.014,128.286,6.1117,2.1266,2.813,0.2378
8EAD_UY0,0,8,7,38,6.3922,110.593,130.028,5.9881,2.0171,2.963,0.2431
8EAD_UY0,0,9,7,38,6.3213,111.364,132.040,5.8748,1.9143,3.360,0.2449
8EAD_UY0,0,10,7,38,6.2724,112.386,134.474,5.7825,1.8241,3.438,0.2466
8EAD_UY0,0,11,7,38,6.2389,113.537,137.156,5.7031,1.7453,3.528,0.2476
8EAD_UY0,0,12,7,38,6.2202,114.866,139.876,5.6414,1.6773,3.558,0.2422
8EAD_UY0,0,13,7,38,6.2186,116.373,142.826,5.6011,1.6230,3.672,0.2435
8EAD_UY0,0,14,7,38,6.2278,118.048,145.866,5.5723,1.5838,3.629,0.2443
8EAD_UY0,0,15,7,38,6.2435,119.763,148.732,5.5555,1.5512,3.643,0.2361
8EAD_UY0,0,16,7,38,6.2716,121.518,151.388,5.5548,1.5261,3.767,0.2301
8EAD_UY0,0,17,7,38,6.3085,123.347,153.640,5.5700,1.5087,3.755,0.2308
8EAD_UY0,0,18,7,38,6.3536,125.250,155.699,5.5975,1.4937,3.732,0.2256
8EAD_UY0,0,19,7,38,6.4035,127.232,157.402,5.6363,1.4862,3.754,0.2247
8EAD_UY0,0,20,7,38,6.4627,129.218,158.760,5.6873,1.4903,3.713,0.2126
8EAD_UY0,0,21,7,38,6.5267,131.290,160.272,5.7470,1.5096,3.755,0.2112
8EAD_UY0,0,22,7,38,6.5910,133.383,166.443,5.8126,1.5468,3.714,0.2018
8EAD_UY0,0,23,7,38,6.6570,135.372,172.260,5.8836,1.5983,4.346,0.1912
8EAD_UY0,0,24,7,38,6.7194,137.497,178.598,5.9518,1.6575,0.000,0.0000
8ERS_WQO,0,0,4,23,7.2392,147.922,178.122,6.7587,2.7749,0.323,0.2073
8ERS_WQO,0,1,4,23,7.0739,147.884,177.869,6.5618,2.6566,0.342,0.2060
8ERS_WQO,0,2,4,23,6.9137,147.850,177.701,6.3687,2.5342,0.409,0.1988
8ERS_WQO,0,3,4,23,6.7621,147.855,177.563,6.1835,2.4198,0.747,0.1889
8ERS_WQO,0,4,4,23,6.6230,147.904,177.291,6.0092,2.3152,1.040,0.1828
8ERS_WQO,0,5,4,23,6.4981,147.946,176.941,5.8458,2.2083,1.332,0.1767
8ERS_WQO,0,6,4,23,6.3865,147.936,176.540,5.6944,2.0997,1.432,0.1672
8ERS_WQO,0,7,4,23,6.2838,147.946,176.259,5.5530,1.9962,1.736,0.1644
8ERS_WQO,0,8,4,23,6.1964,148.105,176.167,5.4248,1.8928,1.942,0.1608
8ERS_WQO,0,9,4,23,6.1150,148.368,176.227,5.3030,1.7934,2.212,0.1523
8ERS_WQO,0,10,4,23,6.0547,148.714,176.276,5.2003,1.7008,2.198,0.1584
8ERS_WQO,0,11,4,23,5.9964,149.147,176.479,5.1002,1.6102,2.335,0.1596
8ERS_WQO,0,12,4,23,5.9478,149.612,177.003,5.0090,1.5251,2.558,0.1579
8ERS_WQO,0,13,4,23,5.9155,150.192,177.748,4.9358,1.4489,2.786,0.1632
8ERS_WQO,0,14,4,23,5.8918,150.868,178.837,4.8724,1.3852,2.989,0.1662
8ERS_WQO,0,15,4,23,5.8689,151.560,179.721,4.8103,1.3242,3.149,0.1650
8ERS_WQO,0,16,4,23,5.8564,151.633,177.885,4.7604,1.2700,3.494,0.1656
8ERS_WQO,0,17,4,23,5.8503,151.628,175.472,4.7188,1.2275,3.873,0.1797
8ERS_WQO,0,18,4,23,5.8421,151.522,172.626,4.6781,1.1775,4.172,0.1775
8ERS_WQO,0,19,4,23,5.8397,151.296,169.386,4.6485,1.1386,4.594,0.1837
8ERS_WQO,0,20,4,23,5.8349,151.134,165.702,4.6290,1.0952,4.679,0.1876
8ERS_WQO,0,21,4,23,5.8277,151.234,162.504,4.6204,1.0539,4.843,0.1881
8ERS_WQO,0,22,4,23,5.8244,151.232,163.296,4.6330,1.0182,5.345,0.1917
8ERS_WQO,0,23,4,23,5.8219,151.059,164.270,4.6623,0.9847,5.974,0.1928
8ERS_WQO,0,24,4,23,5.8157,150.877,166.127,4.6964,0.9556,0.000,0.0000
8EX2_Q2Q,0,0,4,26,7.4084,134.467,162.976,5.9124,4.4559,0.337,0.2970
8EX2_Q2Q,0,1,4,26,7.1483,134.390,162.685,5.6329,4.2688,0.296,0.2855
8EX2_Q2Q,0,2,4,26,6.9051,134.327,162.409,5.3667,4.0888,0.412,0.2830
8EX2_Q2Q,0,3,4,26,6.6680,134.179,162.106,5.1021,3.9129,0.728,0.2833
8EX2_Q2Q,0,4,4,26,6.4328,133.980,162.246,4.8397,3.7365,1.197,0.2902
8EX2_Q2Q,0,5,4,26,6.1986,133.684,162.812,4.5804,3.5565,1.808,0.2886
8EX2_Q2Q,0,6,4,26,5.9669,133.151,163.607,4.3315,3.3683,2.064,0.2795
8EX2_Q2Q,0,7,4,26,5.7505,132.602,164.474,4.1138,3.1895,2.669,0.2695
8EX2_Q2Q,0,8,4,26,5.5475,132.090,165.585,3.9308,3.0158,3.023,0.2604
8EX2_Q2Q,0,9,4,26,5.3593,131.658,167.076,3.7766,2.8506,3.345,0.2591
8EX2_Q2Q,0,10,4,26,5.1876,131.303,168.686,3.6404,2.6889,3.631,0.2528
8EX2_Q2Q,0,11,4,26,5.0402,131.108,170.911,3.5241,2.5389,4.084,0.2485
8EX2_Q2Q,0,12,4,26,4.9145,130.937,173.439,3.4251,2.3928,4.296,0.2381
8EX2_Q2Q,0,13,4,26,4.8111,130.893,176.060,3.3390,2.2539,4.602,0.2287
8EX2_Q2Q,0,14,4,26,4.7267,130.832,178.737,3.2624,2.1202,4.712,0.2253
8EX2_Q2Q,0,15,4,26,4.6566,129.969,178.643,3.2007,1.9843,4.883,0.2190
8EX2_Q2Q,0,16,4,26,4.5981,128.330,176.142,3.1538,1.8504,5.041,0.2057
8EX2_Q2Q,0,17,4,26,4.5444,126.564,174.040,3.1105,1.7164,5.147,0.2119
8EX2_Q2Q,0,18,4,26,4.5003,124.681,172.253,3.0852,1.5760,4.933,0.2015
8EX2_Q2Q,0,19,4,26,4.4635,122.838,171.068,3.0688,1.4375,4.781,0.1894
8EX2_Q2Q,0,20,4,26,4.4392,120.896,171.402,3.0719,1.3035,4.454,0.1773
8EX2_Q2Q,0,21,4,26,4.4256,119.061,172.355,3.0852,1.1814,4.217,0.1672
8EX2_Q2Q,0,22,4,26,4.4150,117.268,173.167,3.1011,1.0669,4.027,0.1503
8EX2_Q2Q,0,23,4,26,4.4145,115.778,174.204,3.1160,0.9815,3.830,0.1488
8EX2_Q2Q,0,24,4,26,4.4146,114.700,175.843,3.1092,0.9246,0.000,0.0000
8EYE_X4I,0,0,6,33,5.8922,122.086,176.618,5.3311,2.4230,0.488,0.1786
8EYE_X4I,0,1,6,33,5.7827,122.007,176.723,5.2002,2.3376,0.468,0.1688
8EYE_X4I,0,2,6,33,5.6815,121.943,176.851,5.0780,2.2566,0.601,0.1671
8EYE_X4I,0,3,6,33,5.5792,121.818,176.983,4.9570,2.1747,0.962,0.1687
8EYE_X4I,0,4,6,33,5.4686,121.629,177.184,4.8316,2.0898,1.249,0.1699
8EYE_X4I,0,5,6,33,5.3549,121.434,177.468,4.7063,2.0045,1.660,0.1813
8EYE_X4I,0,6,6,33,5.2382,121.201,177.789,4.5813,1.9130,1.892,0.1837
8EYE_X4I,0,7,6,33,5.1266,121.094,178.219,4.4622,1.8210,2.368,0.1941
8EYE_X4I,0,8,6,33,5.0208,120.903,178.653,4.3502,1.7323,2.687,0.2017
8EYE_X4I,0,9,6,33,4.9235,120.785,179.335,4.2439,1.6407,2.953,0.2088
8EYE_X4I,0,10,6,33,4.8366,120.701,179.906,4.1475,1.5489,3.266,0.2207
8EYE_X4I,0,11,6,33,4.7630,120.360,179.426,4.0593,1.4605,3.423,0.2260
8EYE_X4I,0,12,6,33,4.6992,119.962,178.655,3.9742,1.3718,3.434,0.2314
8EYE_X4I,0,13,6,33,4.6575,119.655,177.899,3.9064,1.2825,3.586,0.2441
8EYE_X4I,0,14,6,33,4.6342,119.279,176.967,3.8474,1.1914,3.655,0.2435
8EYE_X4I,0,15,6,33,4.6314,118.823,175.971,3.8013,1.0970,3.724,0.2471
8EYE_X4I,0,16,6,33,4.6391,118.340,174.901,3.7638,0.9939,3.898,0.2481
8EYE_X4I,0,17,6,33,4.6660,117.761,173.866,3.7426,0.8942,4.135,0.2531
8EYE_X4I,0,18,6,33,4.7129,117.039,172.668,3.7359,0.8032,4.324,0.2553
8EYE_X4I,0,19,6,33,4.7673,115.946,171.205,3.7395,0.7099,4.460,0.2638
8EYE_X4I,0,20,6,33,4.8400,114.904,169.900,3.7597,0.6262,4.499,0.2667
8EYE_X4I,0,21,6,33,4.9236,113.917,168.555,3.7942,0.5581,4.653,0.2731
8EYE_X4I,0,22,6,33,5.0141,113.061,167.353,3.8366,0.5103,5.062,0.2810
8EYE_X4I,0,23,6,33,5.1276,112.381,166.310,3.9013,0.4974,5.546,0.2821
8EYE_X4I,0,24,6,33,5.2667,111.652,165.109,3.9962,0.5126,0.000,0.0000
8F8E_XJI,0,0,5,29,7.8410,142.962,174.154,6.5338,3.1706,0.549,0.1981
8F8E_XJI,0,1,5,29,7.6705,143.329,174.720,6.3655,3.0561,0.552,0.1922
8F8E_XJI,0,2,5,29,7.5058,143.633,175.261,6.2046,2.9415,0.738,0.1863
8F8E_XJI,0,3,5,29,7.3522,144.032,175.878,6.0546,2.8283,0.976,0.1799
8F8E_XJI,0,4,5,29,7.2125,144.563,176.765,5.9186,2.7207,1.233,0.1764
8F8E_XJI,0,5,5,29,7.0853,145.210,177.964,5.7920,2.6123,1.639,0.1754
8F8E_XJI,0,6,5,29,6.9763,146.085,179.458,5.6783,2.5026,1.894,0.1663
8F8E_XJI,0,7,5,29,6.8891,146.629,178.762,5.5850,2.4040,2.518,0.1630
8F8E_XJI,0,8,5,29,6.8256,147.169,176.677,5.5093,2.3089,2.823,0.1606
8F8E_XJI,0,9,5,29,6.7731,147.681,174.165,5.4421,2.2198,3.107,0.1592
8F8E_XJI,0,10,5,29,6.7388,148.365,171.748,5.3892,2.1321,3.178,0.1611
8F8E_XJI,0,11,5,29,6.7085,149.103,169.160,5.3433,2.0461,3.320,0.1572
8F8E_XJI,0,12,5,29,6.6854,149.925,166.344,5.3045,1.9642,3.487,0.1521
8F8E_XJI,0,13,5,29,6.6723,150.890,163.522,5.2738,1.8815,3.665,0.1492
8F8E_XJI,0,14,5,29,6.6638,152.008,164.935,5.2450,1.7949,3.849,0.1466
8F8E_XJI,0,15,5,29,6.6624,153.288,170.135,5.2182,1.7158,3.849,0.1444
8F8E_XJI,0,16,5,29,6.6684,154.658,175.085,5.1986,1.6321,3.823,0.1355
8F8E_XJI,0,17,5,29,6.6793,156.170,179.725,5.1825,1.5561,4.025,0.1389
8F8E_XJI,0,18,5,29,6.6928,156.095,175.425,5.1679,1.4810,4.042,0.1387
8F8E_XJI,0,19,5,29,6.7079,155.947,170.584,5.1548,1.4159,4.130,0.1421
8F8E_XJI,0,20,5,29,6.7337,156.101,166.144,5.1491,1.3595,4.014,0.1496
8F8E_XJI,0,21,5,29,6.7712,156.332,168.648,5.1510,1.3144,4.081,0.1699
8F8E_XJI,0,22,5,29,6.8122,156.781,171.689,5.1531,1.2682,3.759,0.1865
8F8E_XJI,0,23,5,29,6.8658,157.154,173.994,5.1674,1.2195,3.343,0.1913
8F8E_XJI,0,24,5,29,6.9632,157.631,174.720,5.2291,1.1679,0.000,0.0000
8FO5_Y4U,0,0,4,17,4.8413,138.248,176.137,4.6536,1.8875,0.470,0.1612
8FO5_Y4U,0,1,4,17,4.7313,138.360,176.293,4.5401,1.8087,0.414,0.1570
8FO5_Y4U,0,2,4,17,4.6276,138.454,176.441,4.4331,1.7299,0.508,0.1579
8FO5_Y4U,0,3,4,17,4.5256,138.547,176.627,4.3271,1.6493,0.682,0.1586
8FO5_Y4U,0,4,4,17,4.4269,138.663,176.976,4.2237,1.5674,0.944,0.1525
8FO5_Y4U,0,5,4,17,4.3363,138.873,177.563,4.1284,1.4899,1.313,0.1538
8FO5_Y4U,0,6,4,17,4.2498,139.151,178.410,4.0378,1.4091,1.449,0.1543
8FO5_Y4U,0,7,4,17,4.1739,139.617,179.357,3.9570,1.3309,1.994,0.1552
8FO5_Y4U,0,8,4,17,4.0998,139.905,179.491,3.8777,1.2462,2.189,0.1583
8FO5_Y4U,0,9,4,17,4.0360,139.911,178.114,3.8085,1.1666,2.566,0.1567
8FO5_Y4U,0,10,4,17,3.9726,139.803,176.604,3.7384,1.0939,2.798,0.1545
8FO5_Y4U,0,11,4,17,3.9147,139.680,175.153,3.6723,1.0235,3.087,0.1510
8FO5_Y4U,0,12,4,17,3.8652,139.749,173.773,3.6122,0.9613,3.403,0.1475
8FO5_Y4U,0,13,4,17,3.8193,139.834,172.471,3.5528,0.9088,3.680,0.1471
8FO5_Y4U,0,14,4,17,3.7800,140.024,171.163,3.4960,0.8558,3.745,0.1420
8FO5_Y4U,0,15,4,17,3.7503,140.210,170.046,3.4465,0.8149,3.839,0.1368
8FO5_Y4U,0,16,4,17,3.7350,140.468,169.664,3.4112,0.7869,4.059,0.1301
8FO5_Y4U,0,17,4,17,3.7289,140.761,172.716,3.3843,0.7644,4.207,0.1295
8FO5_Y4U,0,18,4,17,3.7368,141.201,175.620,3.3730,0.7533,4.382,0.1244
8FO5_Y4U,0,19,4,17,3.7481,141.734,178.430,3.3659,0.7353,4.596,0.1309
8FO5_Y4U,0,20,4,17,3.7768,141.952,178.862,3.3799,0.7252,4.707,0.1346
8FO5_Y4U,0,21,4,17,3.8205,141.909,176.527,3.4136,0.7292,5.017,0.1458
8FO5_Y4U,0,22,4,17,3.8833,142.316,174.472,3.4729,0.7431,5.238,0.1665
8FO5_Y4U,0,23,4,17,3.9739,143.169,175.369,3.5665,0.7703,5.518,0.2049
8FO5_Y4U,0,24,4,17,4.1073,144.000,178.065,3.7098,0.8019,0.000,0.0000
8FV9_80J,0,0,5,29,8.5028,148.955,169.357,7.2230,4.8772,0.342,0.2679
8FV9_80J,0,1,5,29,8.2815,148.834,169.280,6.9761,4.7175,0.380,0.2609
8FV9_80J,0,2,5,29,8.0722,148.711,169.291,6.7376,4.5632,0.469,0.2526
8FV9_80J,0,3,5,29,7.8781,148.623,169.318,6.5104,4.4204,0.703,0.2417
8FV9_80J,0,4,5,29,7.7009,148.628,169.229,6.2997,4.2884,0.947,0.2371
8FV9_80J,0,5,5,29,7.5500,148.820,169.165,6.1120,4.1651,1.402,0.2329
8FV9_80J,0,6,5,29,7.4260,149.187,169.038,5.9543,4.0485,1.720,0.2157
8FV9_80J,0,7,5,29,7.3231,149.601,168.641,5.8241,3.9431,2.180,0.2198
8FV9_80J,0,8,5,29,7.2399,150.222,168.185,5.7159,3.8386,2.326,0.2124
8FV9_80J,0,9,5,29,7.1640,150.905,167.603,5.6121,3.7478,2.537,0.2165
8FV9_80J,0,10,5,29,7.0903,151.554,172.025,5.5126,3.6520,2.791,0.2093
8FV9_80J,0,11,5,29,7.0334,152.164,176.566,5.4324,3.5684,2.978,0.2044
8FV9_80J,0,12,5,29,6.9870,152.446,178.924,5.3615,3.4971,3.177,0.2014
8FV9_80J,0,13,5,29,6.9507,151.438,174.535,5.3017,3.4363,3.446,0.2039
8FV9_80J,0,14,5,29,6.9282,150.455,170.645,5.2512,3.3958,3.391,0.2057
8FV9_80J,0,15,5,29,6.9227,149.669,172.836,5.2096,3.3729,3.428,0.2056
8FV9_80J,0,16,5,29,6.9343,148.924,174.956,5.1815,3.3706,3.525,0.2093
8FV9_80J,0,17,5,29,6.9600,148.197,177.188,5.1648,3.3831,3.448,0.2252
8FV9_80J,0,18,5,29,7.0082,147.434,179.634,5.1640,3.4141,3.523,0.2295
8FV9_80J,0,19,5,29,7.0677,145.862,178.084,5.1668,3.4618,3.448,0.2396
8FV9_80J,0,20,5,29,7.1469,144.088,176.151,5.1879,3.5224,3.324,0.2355
8FV9_80J,0,21,5,29,7.2351,142.349,174.443,5.2213,3.5913,3.478,0.2388
8FV9_80J,0,22,5,29,7.3370,140.492,172.267,5.2698,3.6687,3.757,0.2249
8FV9_80J,0,23,5,29,7.4405,138.471,169.050,5.3266,3.7424,3.678,0.2127
8FV9_80J,0,24,5,29,7.5635,136.498,167.141,5.4117,3.8259,0.000,0.0000
8HFN_XGC,0,0,6,24,7.3959,121.502,171.682,7.2606,3.5820,0.495,0.2906
8HFN_XGC,0,1,6,24,7.1498,121.828,171.915,7.0221,3.3981,0.570,0.2804
8HFN_XGC,0,2,6,24,6.9161,122.181,172.157,6.7957,3.2187,0.704,0.2754
8HFN_XGC,0,3,6,24,6.6855,122.551,172.529,6.5710,3.0449,0.783,0.2745
8HFN_XGC,0,4,6,24,6.4518,122.795,172.926,6.3403,2.8757,0.700,0.2748
8HFN_XGC,0,5,6,24,6.2142,122.888,173.277,6.1016,2.7085,0.949,0.2750
8HFN_XGC,0,6,6,24,5.9709,122.805,173.717,5.8545,2.5461,1.296,0.2711
8HFN_XGC,0,7,6,24,5.7303,122.543,174.041,5.6062,2.3963,1.580,0.2746
8HFN_XGC,0,8,6,24,5.4855,122.231,174.809,5.3516,2.2432,1.893,0.2728
8HFN_XGC,0,9,6,24,5.2429,121.769,175.430,5.0988,2.0913,2.388,0.2810
8HFN_XGC,0,10,6,24,4.9936,121.017,176.105,4.8356,1.9451,2.676,0.2797
8HFN_XGC,0,11,6,24,4.7470,120.033,176.625,4.5746,1.8051,3.117,0.2797
8HFN_XGC,0,12,6,24,4.5032,118.899,177.273,4.3146,1.6751,3.501,0.2819
8HFN_XGC,0,13,6,24,4.2588,117.468,178.145,4.0545,1.5490,3.844,0.2738
8HFN_XGC,0,14,6,24,4.0270,115.754,178.648,3.8051,1.4241,4.101,0.2748
8HFN_XGC,0,15,6,24,3.7991,114.084,179.799,3.5586,1.3000,4.436,0.2832
8HFN_XGC,0,16,6,24,3.5695,111.710,178.901,3.3050,1.1790,4.791,0.2819
8HFN_XGC,0,17,6,24,3.3473,109.011,177.173,3.0562,1.0655,5.303,0.2901
8HFN_XGC,0,18,6,24,3.1294,106.210,175.373,2.8092,0.9603,5.545,0.2971
8HFN_XGC,0,19,6,24,2.9162,103.368,173.683,2.5589,0.8761,5.953,0.2956
8HFN_XGC,0,20,6,24,2.7226,100.569,171.508,2.3200,0.8086,6.294,0.2926
8HFN_XGC,0,21,6,24,2.5579,97.960,168.969,2.1036,0.7625,6.666,0.3027
8HFN_XGC,0,22,6,24,2.4206,95.425,166.053,1.9033,0.7416,6.585,0.2934
8HFN_XGC,0,23,6,24,2.3378,93.177,162.900,1.7588,0.7618,6.428,0.3100
8HFN_XGC,0,24,6,24,2.3074,91.411,158.980,1.6818,0.8158,0.000,0.0000
8HO0_3ZI,0,0,2,22,7.1481,99.872,127.017,6.2832,5.7440,0.286,0.2742
8HO0_3ZI,0,1,2,22,6.9136,99.836,127.006,6.0186,5.4820,0.261,0.2579
8HO0_3ZI,0,2,2,22,6.6965,99.830,126.964,5.7714,5.2352,0.317,0.2580
8HO0_3ZI,0,3,2,22,6.4804,99.835,126.964,5.5241,4.9878,0.462,0.2601
8HO0_3ZI,0,4,2,22,6.2624,99.897,127.072,5.2728,4.7384,0.609,0.2589
8HO0_3ZI,0,5,2,22,6.0445,99.987,127.219,5.0210,4.4909,0.973,0.2607
8HO0_3ZI,0,6,2,22,5.8231,100.159,127.484,4.7648,4.2459,1.215,0.2564
8HO0_3ZI,0,7,2,22,5.6046,100.342,127.745,4.5116,4.0094,1.531,0.2625
8HO0_3ZI,0,8,2,22,5.3839,100.480,127.988,4.2542,3.7714,1.742,0.2588
8HO0_3ZI,0,9,2,22,5.1701,100.655,128.360,4.0032,3.5396,1.816,0.2652
8HO0_3ZI,0,10,2,22,4.9531,100.913,128.939,3.7485,3.3080,1.887,0.2551
8HO0_3ZI,0,11,2,22,4.7477,101.150,129.664,3.5091,3.0873,1.914,0.2553
8HO0_3ZI,0,12,2,22,4.5447,101.388,130.641,3.2754,2.8688,2.010,0.2550
8HO0_3ZI,0,13,2,22,4.3486,101.738,131.893,3.0567,2.6567,2.145,0.2568
8HO0_3ZI,0,14,2,22,4.1590,102.081,133.294,2.8517,2.4492,2.367,0.2527
8HO0_3ZI,0,15,2,22,3.9797,102.536,134.951,2.6673,2.2463,2.576,0.2483
8HO0_3ZI,0,16,2,22,3.8135,103.115,136.802,2.5064,2.0549,2.842,0.2455
8HO0_3ZI,0,17,2,22,3.6554,103.629,138.702,2.3568,1.8659,3.097,0.2618
8HO0_3ZI,0,18,2,22,3.5070,104.321,140.712,2.2240,1.6754,3.416,0.2525
8HO0_3ZI,0,19,2,22,3.3800,105.072,142.946,2.1093,1.5071,3.373,0.2547
8HO0_3ZI,0,20,2,22,3.2690,105.887,145.101,2.0040,1.3492,3.183,0.2558
8HO0_3ZI,0,21,2,22,3.1819,106.731,147.115,1.9160,1.2214,3.017,0.2632
8HO0_3ZI,0,22,2,22,3.1179,107.568,148.975,1.8376,1.1304,2.328,0.2444
8HO0_3ZI,0,23,2,22,3.0777,108.596,150.531,1.7662,1.0844,2.151,0.2306
8HO0_3ZI,0,24,2,22,3.0635,109.846,152.048,1.7116,1.0812,0.000,0.0000
8SLG_G5A,0,0,5,27,6.6256,148.245,176.887,6.5253,2.3573,0.266,0.2222
8SLG_G5A,0,1,5,27,6.4429,148.363,176.993,6.3240,2.2036,0.252,0.2124
8SLG_G5A,0,2,5,27,6.2739,148.437,177.054,6.1321,2.0554,0.359,0.2004
8SLG_G5A,0,3,5,27,6.1191,148.476,177.163,5.9550,1.9159,0.509,0.1842
8SLG_G5A,0,4,5,27,5.9854,148.420,177.280,5.8028,1.7883,0.707,0.1781
8SLG_G5A,0,5,5,27,5.8656,148.388,177.492,5.6637,1.6625,0.895,0.1715
8SLG_G5A,0,6,5,27,5.7637,148.446,177.778,5.5376,1.5356,1.066,0.1666
8SLG_G5A,0,7,5,27,5.6817,148.465,177.960,5.4280,1.4075,1.349,0.1608
8SLG_G5A,0,8,5,27,5.6261,148.564,178.237,5.3398,1.2796,1.546,0.1535
8SLG_G5A,0,9,5,27,5.5855,148.628,178.509,5.2686,1.1636,1.973,0.1499
8SLG_G5A,0,10,5,27,5.5688,148.928,178.841,5.2149,1.0490,2.186,0.1521
8SLG_G5A,0,11,5,27,5.5622,149.314,179.196,5.1693,0.9390,2.593,0.1526
8SLG_G5A,0,12,5,27,5.5676,149.871,179.532,5.1343,0.8326,2.871,0.1541
8SLG_G5A,0,13,5,27,5.5866,150.623,179.710,5.1117,0.7304,3.336,0.1613
8SLG_G5A,0,14,5,27,5.6277,151.634,179.720,5.1118,0.6310,3.737,0.1626
8SLG_G5A,0,15,5,27,5.6821,152.758,179.773,5.1335,0.5444,4.032,0.1612
8SLG_G5A,0,16,5,27,5.7445,152.983,179.804,5.1731,0.4645,4.109,0.1668
8SLG_G5A,0,17,5,27,5.8105,152.652,179.822,5.2377,0.4047,4.144,0.1724
8SLG_G5A,0,18,5,27,5.8859,152.239,179.940,5.3270,0.3680,4.325,0.1664
8SLG_G5A,0,19,5,27,5.9657,151.765,179.829,5.4286,0.3626,4.410,0.1605
8SLG_G5A,0,20,5,27,6.0501,151.174,179.393,5.5350,0.3935,4.228,0.1473
8SLG_G5A,0,21,5,27,6.1261,150.299,178.506,5.6318,0.4477,4.134,0.1400
8SLG_G5A,0,22,5,27,6.1952,149.146,177.114,5.7174,0.5186,4.003,0.1289
8SLG_G5A,0,23,5,27,6.2534,147.883,175.470,5.7809,0.5980,3.734,0.1367
8SLG_G5A,0,24,5,27,6.3045,146.905,174.349,5.8316,0.6814,0.000,0.0000
5S8I_2LY,1,0,2,13,7.7088,154.386,154.386,7.5112,5.5701,0.185,0.2523
5S8I_2LY,1,1,2,13,7.5057,154.465,154.465,7.2622,5.3636,0.216,0.2432
5S8I_2LY,1,2,2,13,7.3138,154.514,154.514,7.0227,5.1683,0.263,0.2473
5S8I_2LY,1,3,2,13,7.1231,154.642,154.642,6.7803,4.9729,0.298,0.2521
5S8I_2LY,1,4,2,13,6.9325,154.771,154.771,6.5357,4.7774,0.367,0.2475
5S8I_2LY,1,5,2,13,6.7492,154.877,154.877,6.2981,4.5889,0.331,0.2484
5S8I_2LY,1,6,2,13,6.5693,154.904,154.904,6.0632,4.4000,0.366,0.2439
5S8I_2LY,1,7,2,13,6.3945,155.072,155.072,5.8360,4.2120,0.529,0.2420
5S8I_2LY,1,8,2,13,6.2241,155.243,155.243,5.6145,4.0216,0.503,0.2396
5S8I_2LY,1,9,2,13,6.0648,155.391,155.391,5.4037,3.8437,0.856,0.2525
5S8I_2LY,1,10,2,13,5.9046,155.395,155.395,5.1960,3.6573,0.927,0.2518
5S8I_2LY,1,11,2,13,5.7545,155.350,155.350,4.9993,3.4769,1.014,0.2587
5S8I_2LY,1,12,2,13,5.6128,155.247,155.247,4.8120,3.3034,1.321,0.2622
5S8I_2LY,1,13,2,13,5.4785,155.009,155.009,4.6355,3.1278,1.583,0.2708
5S8I_2LY,1,14,2,13,5.3501,154.737,154.737,4.4663,2.9476,1.510,0.2608
5S8I_2LY,1,15,2,13,5.2402,154.549,154.549,4.3179,2.7848,1.495,0.2553
5S8I_2LY,1,16,2,13,5.1396,154.301,154.301,4.1824,2.6235,1.715,0.2549
5S8I_2LY,1,17,2,13,5.0490,154.120,154.120,4.0566,2.4629,1.634,0.2605
5S8I_2LY,1,18,2,13,4.9729,154.068,154.068,3.9490,2.3111,1.772,0.2566
5S8I_2LY,1,19,2,13,4.9045,154.120,154.120,3.8415,2.1545,1.518,0.2596
5S8I_2LY,1,20,2,13,4.8560,154.549,154.549,3.7597,2.0210,1.344,0.2557
5S8I_2LY,1,21,2,13,4.8208,155.067,155.067,3.6920,1.8948,1.385,0.2362
5S8I_2LY,1,22,2,13,4.8051,155.805,155.805,3.6499,1.7919,0.596,0.2058
5S8I_2LY,1,23,2,13,4.8004,156.283,156.283,3.6323,1.7086,0.732,0.1549
5S8I_2LY,1,24,2,13,4.8001,155.869,155.869,3.6427,1.6557,0.000,0.0000
5SAK_ZRY,1,0,2,18,4.0075,57.980,108.644,3.9629,3.0752,0.598,0.1901
5SAK_ZRY,1,1,2,18,3.8974,57.668,107.968,3.8329,2.9722,0.497,0.1833
5SAK_ZRY,1,2,2,18,3.7956,57.471,107.482,3.7101,2.8715,0.613,0.1771
5SAK_ZRY,1,3,2,18,3.7118,57.251,106.939,3.6056,2.7818,0.866,0.1725
5SAK_ZRY,1,4,2,18,3.6486,56.962,106.189,3.5212,2.7016,1.111,0.1674
5SAK_ZRY,1,5,2,18,3.6139,56.791,105.373,3.4627,2.6335,1.438,0.1485
5SAK_ZRY,1,6,2,18,3.5956,56.753,104.368,3.4192,2.5725,1.621,0.1397
5SAK_ZRY,1,7,2,18,3.5724,56.766,103.191,3.3696,2.5029,2.029,0.1409
5SAK_ZRY,1,8,2,18,3.5868,57.035,101.756,3.3480,2.4453,2.306,0.1200
5SAK_ZRY,1,9,2,18,3.5989,57.205,99.894,3.3246,2.3917,2.388,0.1219
5SAK_ZRY,1,10,2,18,3.6278,57.491,97.987,3.3116,2.3441,2.513,0.1144
5SAK_ZRY,1,11,2,18,3.6451,57.734,95.958,3.2847,2.2869,2.604,0.1073
5SAK_ZRY,1,12,2,18,3.6683,58.050,93.881,3.2616,2.2350,2.563,0.1025
5SAK_ZRY,1,13,2,18,3.6767,58.084,91.595,3.2274,2.1816,2.641,0.1026
5SAK_ZRY,1,14,2,18,3.6969,58.196,89.265,3.2022,2.1377,2.669,0.1108
5SAK_ZRY,1,15,2,18,3.7260,58.412,87.014,3.1867,2.1064,2.530,0.1091
5SAK_ZRY,1,16,2,18,3.7561,58.663,84.860,3.1732,2.0756,2.405,0.1112
5SAK_ZRY,1,17,2,18,3.7912,58.988,82.875,3.1690,2.0548,2.410,0.1172
5SAK_ZRY,1,18,2,18,3.8278,59.460,81.067,3.1749,2.0350,2.205,0.1089
5SAK_ZRY,1,19,2,18,3.8590,59.997,79.491,3.1874,2.0201,2.159,0.1124
5SAK_ZRY,1,20,2,18,3.8977,60.700,78.119,3.2153,2.0122,2.061,0.1109
5SAK_ZRY,1,21,2,18,3.9507,61.651,77.071,3.2546,2.0279,1.957,0.1154
5SAK_ZRY,1,22,2,18,4.0137,62.948,76.477,3.3046,2.0630,1.802,0.1168
5SAK_ZRY,1,23,2,18,4.0744,64.647,76.754,3.3418,2.1163,2.488,0.1372
5SAK_ZRY,1,24,2,18,4.1310,67.118,78.231,3.3658,2.1900,0.000,0.0000
5SD5_HWI,1,0,7,29,7.7387,102.912,123.287,6.4157,4.0451,0.382,0.2103
5SD5_HWI,1,1,7,29,7.5125,102.843,123.190,6.2347,3.8928,0.397,0.2016
5SD5_HWI,1,2,7,29,7.2983,102.795,123.046,6.0624,3.7457,0.567,0.2076
5SD5_HWI,1,3,7,29,7.0799,102.646,122.867,5.8870,3.5963,0.703,0.2128
5SD5_HWI,1,4,7,29,6.8604,102.399,122.726,5.7107,3.4447,0.799,0.2117
5SD5_HWI,1,5,7,29,6.6517,102.146,122.659,5.5418,3.2966,1.251,0.2101
5SD5_HWI,1,6,7,29,6.4466,101.700,122.413,5.3757,3.1541,1.352,0.2017
5SD5_HWI,1,7,7,29,6.2533,101.175,122.026,5.2211,3.0192,1.735,0.2035
5SD5_HWI,1,8,7,29,6.0639,100.562,121.638,5.0695,2.8849,2.093,0.2072
5SD5_HWI,1,9,7,29,5.8762,99.712,121.039,4.9172,2.7524,2.328,0.2136
5SD5_HWI,1,10,7,29,5.6817,98.631,120.116,4.7626,2.6137,2.708,0.2143
5SD5_HWI,1,11,7,29,5.4943,97.459,119.166,4.6137,2.4789,3.057,0.2142
5SD5_HWI,1,12,7,29,5.3113,96.150,118.062,4.4666,2.3459,2.987,0.2101
5SD5_HWI,1,13,7,29,5.1382,94.753,116.813,4.3272,2.2245,3.279,0.2116
5SD5_HWI,1,14,7,29,4.9777,93.077,114.964,4.1945,2.1110,3.354,0.2172
5SD5_HWI,1,15,7,29,4.8198,91.419,113.145,4.0624,1.9977,3.527,0.2262
5SD5_HWI,1,16,7,29,4.6649,89.749,111.441,3.9339,1.8797,3.538,0.2311
5SD5_HWI,1,17,7,29,4.5150,87.933,109.450,3.8075,1.7762,3.992,0.2432
5SD5_HWI,1,18,7,29,4.3833,86.063,107.049,3.6992,1.6771,4.352,0.2499
5SD5_HWI,1,19,7,29,4.2616,84.041,104.325,3.5991,1.5936,4.865,0.2539
5SD5_HWI,1,20,7,29,4.1605,81.834,101.336,3.5138,1.5308,5.238,0.2536
5SD5_HWI,1,21,7,29,4.0810,79.876,98.269,3.4428,1.4887,5.623,0.2452
5SD5_HWI,1,22,7,29,4.0332,78.207,97.176,3.3977,1.4643,6.134,0.2373
5SD5_HWI,1,23,7,29,4.0283,77.128,98.324,3.3844,1.4476,6.435,0.2455
5SD5_HWI,1,24,7,29,4.0800,76.979,100.400,3.4026,1.4398,0.000,0.0000
5SIS_JSM,1,0,7,32,6.0584,121.988,168.987,5.7710,1.5610,0.724,0.1635
5SIS_JSM,1,1,7,32,6.0102,121.901,168.180,5.6903,1.5335,0.689,0.1578
5SIS_JSM,1,2,7,32,5.9675,121.832,167.561,5.6171,1.5084,0.911,0.1593
5SIS_JSM,1,3,7,32,5.9387,121.835,166.975,5.5559,1.4768,1.218,0.1712
5SIS_JSM,1,4,7,32,5.9306,122.006,166.393,5.5121,1.4359,1.565,0.1861
5SIS_JSM,1,5,7,32,5.9454,122.250,166.003,5.4855,1.3767,2.085,0.2023
5SIS_JSM,1,6,7,32,5.9896,122.658,165.582,5.4868,1.3094,2.435,0.2181
5SIS_JSM,1,7,7,32,6.0657,123.249,165.386,5.5226,1.2409,2.735,0.2378
5SIS_JSM,1,8,7,32,6.1730,124.205,165.267,5.5892,1.1657,2.785,0.2536
5SIS_JSM,1,9,7,32,6.3081,125.349,165.245,5.6904,1.0984,2.881,0.2746
5SIS_JSM,1,10,7,32,6.4722,126.531,165.096,5.8259,1.0293,2.922,0.2889
5SIS_JSM,1,11,7,32,6.6609,127.725,164.874,5.9875,0.9556,2.700,0.2952
5SIS_JSM,1,12,7,32,6.8625,128.646,164.627,6.1712,0.8930,2.690,0.2916
5SIS_JSM,1,13,7,32,7.0684,129.541,164.321,6.3624,0.8396,2.806,0.2916
5SIS_JSM,1,14,7,32,7.2790,130.394,164.008,6.5600,0.7872,2.900,0.2945
5SIS_JSM,1,15,7,32,7.4937,131.185,163.735,6.7625,0.7363,2.847,0.2946
5SIS_JSM,1,16,7,32,7.7150,131.989,163.537,6.9724,0.6887,3.104,0.2892
5SIS_JSM,1,17,7,32,7.9363,132.826,163.386,7.1823,0.6445,3.472,0.2838
5SIS_JSM,1,18,7,32,8.1556,133.911,163.341,7.3890,0.5999,3.723,0.2768
5SIS_JSM,1,19,7,32,8.3699,135.144,163.621,7.5930,0.5592,4.057,0.2857
5SIS_JSM,1,20,7,32,8.5955,136.675,164.561,7.8121,0.5246,4.410,0.2886
5SIS_JSM,1,21,7,32,8.8266,138.431,166.126,8.0359,0.4917,5.013,0.2987
5SIS_JSM,1,22,7,32,9.0684,140.616,168.812,8.2725,0.4791,5.207,0.3125
5SIS_JSM,1,23,7,32,9.3311,142.967,172.933,8.5269,0.4897,4.714,0.3085
5SIS_JSM,1,24,7,32,9.6003,145.092,178.634,8.7910,0.5306,0.000,0.0000
6T88_MWQ,1,0,2,10,4.5182,87.387,92.825,3.5479,3.0371,0.449,0.1519
6T88_MWQ,1,1,2,10,4.3532,87.142,92.353,3.4244,2.9139,0.446,0.1413
6T88_MWQ,1,2,2,10,4.2014,86.946,91.930,3.3121,2.7994,0.554,0.1372
6T88_MWQ,1,3,2,10,4.0520,86.681,91.398,3.1998,2.6851,0.732,0.1395
6T88_MWQ,1,4,2,10,3.8987,86.269,90.662,3.0802,2.5701,1.037,0.1368
6T88_MWQ,1,5,2,10,3.7451,85.684,89.648,2.9568,2.4558,1.274,0.1410
6T88_MWQ,1,6,2,10,3.5885,85.014,88.505,2.8243,2.3445,1.217,0.1449
6T88_MWQ,1,7,2,10,3.4344,84.361,87.437,2.6881,2.2421,1.516,0.1420
6T88_MWQ,1,8,2,10,3.2894,83.603,86.359,2.5569,2.1515,1.497,0.1422
6T88_MWQ,1,9,2,10,3.1494,82.833,85.248,2.4295,2.0686,1.822,0.1406
6T88_MWQ,1,10,2,10,3.0114,81.817,83.944,2.3037,1.9868,1.947,0.1463
6T88_MWQ,1,11,2,10,2.8738,80.772,82.740,2.1802,1.9042,2.053,0.1480
6T88_MWQ,1,12,2,10,2.7381,79.582,81.429,2.0607,1.8259,2.252,0.1490
6T88_MWQ,1,13,2,10,2.6046,78.103,80.004,1.9466,1.7493,2.259,0.1585
6T88_MWQ,1,14,2,10,2.4723,76.446,78.432,1.8387,1.6805,2.465,0.1617
6T88_MWQ,1,15,2,10,2.3350,74.460,76.424,1.7308,1.6066,2.588,0.1581
6T88_MWQ,1,16,2,10,2.2017,72.274,74.016,1.6298,1.5356,2.792,0.1568
6T88_MWQ,1,17,2,10,2.0707,69.894,71.402,1.5365,1.4626,2.822,0.1527
6T88_MWQ,1,18,2,10,1.9418,67.519,68.756,1.4512,1.3873,2.806,0.1490
6T88_MWQ,1,19,2,10,1.8291,65.130,66.208,1.3843,1.3282,2.794,0.1396
6T88_MWQ,1,20,2,10,1.7240,62.774,63.530,1.3221,1.2697,2.597,0.1279
6T88_MWQ,1,21,2,10,1.6347,60.601,60.866,1.2714,1.2209,2.726,0.1121
6T88_MWQ,1,22,2,10,1.5658,58.479,58.947,1.2387,1.1852,2.334,0.0752
6T88_MWQ,1,23,2,10,1.5341,57.000,58.274,1.2317,1.1749,1.986,0.0650
6T88_MWQ,1,24,2,10,1.5411,56.460,58.189,1.2532,1.1819,0.000,0.0000
6TW5_9M2,1,0,5,31,5.6434,154.503,177.140,5.7268,1.2462,0.425,0.1742
6TW5_9M2,1,1,5,31,5.5537,154.407,177.134,5.5929,1.2119,0.365,0.1683
6TW5_9M2,1,2,5,31,5.4711,154.312,177.118,5.4669,1.1778,0.509,0.1711
6TW5_9M2,1,3,5,31,5.3853,154.149,177.049,5.3358,1.1431,0.747,0.1790
6TW5_9M2,1,4,5,31,5.2877,153.890,176.872,5.1888,1.1055,1.037,0.1826
6TW5_9M2,1,5,5,31,5.1848,153.495,176.562,5.0338,1.0694,1.325,0.1888
6TW5_9M2,1,6,5,31,5.0781,153.093,176.117,4.8724,1.0322,1.544,0.1881
6TW5_9M2,1,7,5,31,4.9736,152.633,175.526,4.7117,0.9987,2.002,0.1949
6TW5_9M2,1,8,5,31,4.8641,151.979,174.741,4.5439,0.9675,2.298,0.1927
6TW5_9M2,1,9,5,31,4.7606,151.122,173.680,4.3811,0.9471,2.757,0.1982
6TW5_9M2,1,10,5,31,4.6554,150.054,173.384,4.2153,0.9272,2.917,0.1995
6TW5_9M2,1,11,5,31,4.5484,148.877,173.938,4.0467,0.9128,3.124,0.1980
6TW5_9M2,1,12,5,31,4.4464,147.613,174.387,3.8827,0.9015,3.318,0.1955
6TW5_9M2,1,13,5,31,4.3516,146.363,175.054,3.7280,0.8963,3.515,0.1976
6TW5_9M2,1,14,5,31,4.2716,145.245,175.832,3.5872,0.8873,3.727,0.1964
6TW5_9M2,1,15,5,31,4.2072,144.203,176.708,3.4615,0.8745,3.771,0.1965
6TW5_9M2,1,16,5,31,4.1635,143.245,177.438,3.3540,0.8634,3.839,0.1956
6TW5_9M2,1,17,5,31,4.1352,142.353,178.080,3.2629,0.8474,3.812,0.1931
6TW5_9M2,1,18,5,31,4.1173,141.482,178.556,3.1799,0.8330,3.780,0.1861
6TW5_9M2,1,19,5,31,4.1134,140.710,178.871,3.1157,0.8200,4.006,0.1829
6TW5_9M2,1,20,5,31,4.1355,140.211,179.474,3.0931,0.8074,3.968,0.1815
6TW5_9M2,1,21,5,31,4.1855,140.103,179.976,3.1209,0.7933,4.024,0.1728
6TW5_9M2,1,22,5,31,4.2476,140.018,179.603,3.1811,0.7804,4.033,0.1617
6TW5_9M2,1,23,5,31,4.3142,140.195,178.962,3.2488,0.7593,4.112,0.1594
6TW5_9M2,1,24,5,31,4.3847,140.553,177.823,3.3207,0.7440,0.000,0.0000
6VTA_AKN,1,0,8,40,6.5654,120.628,170.484,6.8147,3.6589,0.474,0.2713
6VTA_AKN,1,1,8,40,6.3922,120.744,170.445,6.6240,3.4277,0.438,0.2661
6VTA_AKN,1,2,8,40,6.2287,120.848,170.503,6.4389,3.1996,0.560,0.2664
6VTA_AKN,1,3,8,40,6.0696,120.934,170.660,6.2544,2.9672,0.718,0.2663
6VTA_AKN,1,4,8,40,5.9142,121.025,171.277,6.0684,2.7348,0.912,0.2502
6VTA_AKN,1,5,8,40,5.7574,120.949,172.076,5.8779,2.5291,1.214,0.2442
6VTA_AKN,1,6,8,40,5.5977,120.714,172.932,5.6810,2.3400,1.410,0.2456
6VTA_AKN,1,7,8,40,5.4402,120.426,173.907,5.4834,2.1578,1.727,0.2440
6VTA_AKN,1,8,8,40,5.2827,119.967,174.661,5.2864,2.0002,1.905,0.2416
6VTA_AKN,1,9,8,40,5.1304,119.456,175.586,5.0953,1.8553,2.210,0.2371
6VTA_AKN,1,10,8,40,4.9876,118.784,176.376,4.9158,1.7342,2.527,0.2385
6VTA_AKN,1,11,8,40,4.8463,118.008,177.455,4.7378,1.6354,2.689,0.2387
6VTA_AKN,1,12,8,40,4.7071,117.276,178.818,4.5654,1.5593,2.700,0.2350
6VTA_AKN,1,13,8,40,4.5725,116.434,179.816,4.4023,1.5012,2.754,0.2376
6VTA_AKN,1,14,8,40,4.4421,114.989,178.215,4.2497,1.4603,2.943,0.2355
6VTA_AKN,1,15,8,40,4.3225,113.369,176.563,4.1129,1.4236,3.073,0.2439
6VTA_AKN,1,16,8,40,4.2076,111.722,174.937,3.9835,1.3890,3.057,0.2506
6VTA_AKN,1,17,8,40,4.0988,109.949,173.134,3.8664,1.3661,3.134,0.2544
6VTA_AKN,1,18,8,40,4.0045,107.994,170.798,3.7672,1.3369,3.274,0.2533
6VTA_AKN,1,19,8,40,3.9276,105.849,168.455,3.6880,1.3265,3.421,0.2556
6VTA_AKN,1,20,8,40,3.8658,103.553,165.803,3.6263,1.3150,3.503,0.2453
6VTA_AKN,1,21,8,40,3.8292,101.220,163.042,3.5888,1.3145,3.751,0.2421
6VTA_AKN,1,22,8,40,3.8141,98.889,160.168,3.5703,1.3211,4.190,0.2302
6VTA_AKN,1,23,8,40,3.8263,96.522,157.281,3.5788,1.3377,4.631,0.2153
6VTA_AKN,1,24,8,40,3.8634,94.760,155.021,3.6060,1.3687,0.000,0.0000
6XAF_GDP,1,0,4,28,7.2041,137.273,151.677,6.9027,3.5854,0.414,0.2324
6XAF_GDP,1,1,4,28,7.0388,137.190,151.780,6.6964,3.4366,0.437,0.2269
6XAF_GDP,1,2,4,28,6.8810,137.107,151.875,6.4979,3.2910,0.469,0.2254
6XAF_GDP,1,3,4,28,6.7288,137.040,151.969,6.3042,3.1464,0.574,0.2132
6XAF_GDP,1,4,4,28,6.5994,137.138,152.226,6.1352,3.0045,0.828,0.2140
6XAF_GDP,1,5,4,28,6.4993,137.416,152.680,5.9950,2.8629,1.204,0.2312
6XAF_GDP,1,6,4,28,6.4410,137.908,153.286,5.8895,2.7264,1.764,0.2519
6XAF_GDP,1,7,4,28,6.4297,138.803,154.339,5.8250,2.5996,2.407,0.2798
6XAF_GDP,1,8,4,28,6.4658,140.104,155.926,5.8038,2.4795,2.614,0.2867
6XAF_GDP,1,9,4,28,6.5131,141.520,157.645,5.7902,2.3555,2.918,0.2924
6XAF_GDP,1,10,4,28,6.5797,143.111,159.486,5.7972,2.2354,3.139,0.2912
6XAF_GDP,1,11,4,28,6.6520,144.752,161.355,5.8068,2.1132,3.461,0.2894
6XAF_GDP,1,12,4,28,6.7321,146.515,163.448,5.8237,1.9904,3.729,0.2801
6XAF_GDP,1,13,4,28,6.8116,148.384,165.711,5.8433,1.8624,4.028,0.2742
6XAF_GDP,1,14,4,28,6.8965,150.332,168.038,5.8673,1.7412,4.082,0.2602
6XAF_GDP,1,15,4,28,6.9786,152.291,170.514,5.8927,1.6222,4.122,0.2551
6XAF_GDP,1,16,4,28,7.0696,154.257,173.056,5.9278,1.5207,4.194,0.2500
6XAF_GDP,1,17,4,28,7.1622,156.207,175.533,5.9682,1.4274,4.184,0.2564
6XAF_GDP,1,18,4,28,7.2617,158.109,177.969,6.0192,1.3289,3.898,0.2415
6XAF_GDP,1,19,4,28,7.3640,159.776,179.541,6.0752,1.2575,3.784,0.2458
6XAF_GDP,1,20,4,28,7.4760,160.671,178.893,6.1462,1.1973,3.495,0.2328
6XAF_GDP,1,21,4,28,7.5881,160.089,178.363,6.2263,1.1527,3.628,0.2377
6XAF_GDP,1,22,4,28,7.7033,158.701,175.930,6.3171,1.1242,3.879,0.2385
6XAF_GDP,1,23,4,28,7.8255,157.008,173.957,6.4340,1.1074,4.036,0.2390
6XAF_GDP,1,24,4,28,7.9513,155.191,172.183,6.5748,1.1007,0.000,0.0000
6XG5_TOP,1,0,5,21,7.6990,102.726,165.018,7.1810,4.5993,0.192,0.1941
6XG5_TOP,1,1,5,21,7.5143,102.800,164.985,7.0407,4.4656,0.144,0.1892
6XG5_TOP,1,2,5,21,7.3385,102.878,164.975,6.9055,4.3382,0.117,0.1935
6XG5_TOP,1,3,5,21,7.1606,102.903,164.996,6.7681,4.2062,0.214,0.1979
6XG5_TOP,1,4,5,21,6.9801,102.967,164.960,6.6289,4.0601,0.348,0.1944
6XG5_TOP,1,5,5,21,6.8118,103.087,164.821,6.5041,3.9075,0.639,0.2026
6XG5_TOP,1,6,5,21,6.6507,103.404,164.649,6.3883,3.7405,0.783,0.1957
6XG5_TOP,1,7,5,21,6.5108,103.860,164.493,6.2948,3.5810,1.217,0.1926
6XG5_TOP,1,8,5,21,6.3955,104.527,164.176,6.2336,3.4219,1.475,0.1908
6XG5_TOP,1,9,5,21,6.2883,105.204,163.637,6.1807,3.2633,2.029,0.1898
6XG5_TOP,1,10,5,21,6.1944,105.880,162.681,6.1428,3.1076,2.367,0.1881
6XG5_TOP,1,11,5,21,6.1106,106.690,161.586,6.1104,2.9558,2.524,0.1869
6XG5_TOP,1,12,5,21,6.0340,107.327,160.204,6.0801,2.8069,2.790,0.1822
6XG5_TOP,1,13,5,21,5.9660,107.692,158.393,6.0520,2.6630,2.893,0.1917
6XG5_TOP,1,14,5,21,5.9058,107.953,156.480,6.0266,2.5232,3.130,0.1888
6XG5_TOP,1,15,5,21,5.8508,108.109,154.381,6.0002,2.3928,3.304,0.1983
6XG5_TOP,1,16,5,21,5.8060,108.130,152.022,5.9753,2.2591,3.272,0.1970
6XG5_TOP,1,17,5,21,5.7703,108.146,149.811,5.9534,2.1427,3.129,0.2035
6XG5_TOP,1,18,5,21,5.7357,107.941,147.495,5.9256,2.0337,3.198,0.2037
6XG5_TOP,1,19,5,21,5.7087,107.697,145.088,5.8976,1.9294,3.144,0.2051
6XG5_TOP,1,20,5,21,5.6887,107.368,142.672,5.8728,1.8455,2.995,0.2123
6XG5_TOP,1,21,5,21,5.6638,106.913,140.343,5.8377,1.7798,2.910,0.2215
6XG5_TOP,1,22,5,21,5.6366,106.332,138.142,5.7919,1.7263,2.729,0.2340
6XG5_TOP,1,23,5,21,5.6065,105.856,136.349,5.7401,1.6905,2.736,0.2511
6XG5_TOP,1,24,5,21,5.5797,105.836,135.112,5.6834,1.6740,0.000,0.0000
6XUM_30L,1,0,5,25,8.0783,127.645,171.752,6.5530,4.4966,0.346,0.1735
6XUM_30L,1,1,5,25,7.9222,127.690,171.462,6.4130,4.3919,0.302,0.1661
6XUM_30L,1,2,5,25,7.7732,127.725,171.240,6.2791,4.2924,0.459,0.1618
6XUM_30L,1,3,5,25,7.6329,127.790,170.894,6.1536,4.1925,0.701,0.1597
6XUM_30L,1,4,5,25,7.5048,127.902,170.481,6.0415,4.0893,0.999,0.1576
6XUM_30L,1,5,5,25,7.3867,128.020,169.825,5.9431,3.9823,1.444,0.1545
6XUM_30L,1,6,5,25,7.2878,128.165,168.852,5.8657,3.8824,1.977,0.1489
6XUM_30L,1,7,5,25,7.1939,128.353,167.492,5.7909,3.7869,2.466,0.1493
6XUM_30L,1,8,5,25,7.1087,128.719,165.934,5.7268,3.6910,2.521,0.1437
6XUM_30L,1,9,5,25,7.0440,129.102,164.368,5.6866,3.6098,3.051,0.1398
6XUM_30L,1,10,5,25,6.9797,129.438,162.034,5.6502,3.5188,3.286,0.1380
6XUM_30L,1,11,5,25,6.9317,129.791,159.588,5.6307,3.4317,3.588,0.1300
6XUM_30L,1,12,5,25,6.8943,130.187,157.055,5.6217,3.3490,3.861,0.1319
6XUM_30L,1,13,5,25,6.8734,130.652,154.576,5.6296,3.2694,3.871,0.1359
6XUM_30L,1,14,5,25,6.8670,131.166,153.982,5.6560,3.1937,3.929,0.1412
6XUM_30L,1,15,5,25,6.8710,131.722,153.545,5.6939,3.1209,3.932,0.1487
6XUM_30L,1,16,5,25,6.8901,132.360,153.215,5.7483,3.0514,4.035,0.1496
6XUM_30L,1,17,5,25,6.9168,133.208,152.803,5.8109,2.9846,4.223,0.1539
6XUM_30L,1,18,5,25,6.9522,134.277,152.356,5.8821,2.9124,4.352,0.1463
6XUM_30L,1,19,5,25,6.9873,135.551,152.192,5.9511,2.8444,4.499,0.1441
6XUM_30L,1,20,5,25,7.0299,137.046,154.345,6.0275,2.7785,4.632,0.1292
6XUM_30L,1,21,5,25,7.0720,138.626,157.174,6.0966,2.7131,4.782,0.1270
6XUM_30L,1,22,5,25,7.1207,140.208,159.693,6.1694,2.6528,4.761,0.1240
6XUM_30L,1,23,5,25,7.1754,141.808,161.652,6.2423,2.5933,4.695,0.1602
6XUM_30L,1,24,5,25,7.2561,143.568,162.618,6.3426,2.5342,0.000,0.0000
6Y7L_QMG,1,0,5,25,5.8547,97.093,150.424,5.5925,3.1247,0.776,0.2742
6Y7L_QMG,1,1,5,25,5.6374,96.553,150.038,5.3363,2.9642,0.803,0.2664
6Y7L_QMG,1,2,5,25,5.4293,96.016,149.590,5.0914,2.8036,1.031,0.2634
6Y7L_QMG,1,3,5,25,5.2206,95.372,149.107,4.8514,2.6524,1.438,0.2679
6Y7L_QMG,1,4,5,25,5.0017,94.422,148.406,4.6096,2.5026,1.764,0.2645
6Y7L_QMG,1,5,5,25,4.7872,93.226,147.179,4.3801,2.3562,1.995,0.2707
6Y7L_QMG,1,6,5,25,4.5720,91.872,145.709,4.1577,2.1953,2.264,0.2657
6Y7L_QMG,1,7,5,25,4.3584,90.318,144.007,3.9439,2.0394,2.670,0.2681
6Y7L_QMG,1,8,5,25,4.1523,88.621,141.833,3.7424,1.8809,2.935,0.2711
6Y7L_QMG,1,9,5,25,3.9398,86.783,139.583,3.5364,1.7201,3.257,0.2732
6Y7L_QMG,1,10,5,25,3.7194,84.817,137.445,3.3239,1.5631,3.384,0.2783
6Y7L_QMG,1,11,5,25,3.4932,82.767,135.647,3.1093,1.3994,3.462,0.2832
6Y7L_QMG,1,12,5,25,3.2650,80.618,134.001,2.8977,1.2257,3.454,0.2836
6Y7L_QMG,1,13,5,25,3.0400,78.449,132.545,2.6904,1.0551,3.346,0.2822
6Y7L_QMG,1,14,5,25,2.8190,76.244,131.344,2.4892,0.8918,3.239,0.2740
6Y7L_QMG,1,15,5,25,2.6044,74.014,130.127,2.2936,0.7387,3.048,0.2708
6Y7L_QMG,1,16,5,25,2.3985,71.843,129.238,2.1062,0.5959,2.999,0.2588
6Y7L_QMG,1,17,5,25,2.2079,69.723,128.584,1.9327,0.4780,2.990,0.2510
6Y7L_QMG,1,18,5,25,2.0249,67.615,127.892,1.7653,0.3891,2.987,0.2478
6Y7L_QMG,1,19,5,25,1.8599,65.609,127.563,1.6120,0.3430,2.961,0.2458
6Y7L_QMG,1,20,5,25,1.7160,63.767,127.236,1.4745,0.3466,3.162,0.2397
6Y7L_QMG,1,21,5,25,1.5967,61.992,126.784,1.3560,0.3909,3.349,0.2433
6Y7L_QMG,1,22,5,25,1.5107,60.400,126.583,1.2617,0.4615,3.469,0.2525
6Y7L_QMG,1,23,5,25,1.4637,58.941,126.428,1.1987,0.5484,3.676,0.2688
6Y7L_QMG,1,24,5,25,1.4622,57.548,126.101,1.1871,0.6435,0.000,0.0000
6YDY_K73,1,0,6,28,6.4557,103.304,140.065,5.9870,2.5819,0.419,0.1939
6YDY_K73,1,1,6,28,6.3022,103.315,140.055,5.8399,2.4548,0.450,0.1890
6YDY_K73,1,2,6,28,6.1570,103.329,140.069,5.7008,2.3332,0.719,0.1851
6YDY_K73,1,3,6,28,6.0033,103.379,140.394,5.5542,2.2109,1.148,0.1952
6YDY_K73,1,4,6,28,5.8317,103.518,141.154,5.3927,2.0745,1.361,0.2017
6YDY_K73,1,5,6,28,5.6520,103.711,142.070,5.2267,1.9306,1.612,0.2090
6YDY_K73,1,6,6,28,5.4693,104.107,143.383,5.0628,1.7729,1.747,0.2025
6YDY_K73,1,7,6,28,5.2951,104.575,144.954,4.9065,1.6247,1.957,0.2022
6YDY_K73,1,8,6,28,5.1309,105.161,147.002,4.7621,1.4770,2.087,0.1979
6YDY_K73,1,9,6,28,4.9803,105.884,149.569,4.6303,1.3372,2.325,0.1957
6YDY_K73,1,10,6,28,4.8445,106.792,152.849,4.5118,1.2115,2.487,0.1928
6YDY_K73,1,11,6,28,4.7252,107.839,156.464,4.4095,1.0960,2.748,0.1970
6YDY_K73,1,12,6,28,4.6232,109.079,160.366,4.3231,1.0012,3.074,0.1872
6YDY_K73,1,13,6,28,4.5421,110.570,165.126,4.2538,0.9322,3.225,0.1882
6YDY_K73,1,14,6,28,4.4757,112.145,170.204,4.1970,0.8899,3.379,0.1891
6YDY_K73,1,15,6,28,4.4183,113.778,175.332,4.1456,0.8719,3.433,0.1935
6YDY_K73,1,16,6,28,4.3748,115.354,179.793,4.1067,0.8761,3.369,0.1890
6YDY_K73,1,17,6,28,4.3404,115.082,175.047,4.0762,0.9027,3.252,0.1936
6YDY_K73,1,18,6,28,4.3137,114.838,170.466,4.0509,0.9471,3.254,0.1913
6YDY_K73,1,19,6,28,4.2933,114.747,166.153,4.0307,1.0005,3.258,0.1978
6YDY_K73,1,20,6,28,4.2823,114.715,162.213,4.0196,1.0743,3.043,0.1955
6YDY_K73,1,21,6,28,4.2799,114.847,158.883,4.0163,1.1625,3.002,0.1985
6YDY_K73,1,22,6,28,4.2873,114.888,156.005,4.0247,1.2699,3.130,0.2027
6YDY_K73,1,23,6,28,4.3137,115.052,153.587,4.0495,1.3921,3.660,0.2157
6YDY_K73,1,24,6,28,4.3831,115.552,152.231,4.1073,1.5213,0.000,0.0000
6YRV_PJ8,1,0,8,17,5.9285,136.118,136.118,5.3547,3.1461,0.201,0.2084
6YRV_PJ8,1,1,8,17,5.7430,136.042,136.042,5.2145,2.9977,0.220,0.1987
6YRV_PJ8,1,2,8,17,5.5693,135.949,135.949,5.0819,2.8567,0.360,0.1957
6YRV_PJ8,1,3,8,17,5.3944,136.010,136.010,4.9434,2.7188,0.646,0.1948
6YRV_PJ8,1,4,8,17,5.2117,136.132,136.132,4.7913,2.5859,1.045,0.1939
6YRV_PJ8,1,5,8,17,5.0226,136.112,136.112,4.6272,2.4596,1.380,0.1980
6YRV_PJ8,1,6,8,17,4.8249,136.130,136.130,4.4504,2.3335,1.621,0.2029
6YRV_PJ8,1,7,8,17,4.6228,136.551,136.551,4.2669,2.2048,1.923,0.2123
6YRV_PJ8,1,8,8,17,4.4112,136.978,136.978,4.0696,2.0785,2.042,0.2209
6YRV_PJ8,1,9,8,17,4.1925,137.683,137.683,3.8641,1.9563,2.087,0.2217
6YRV_PJ8,1,10,8,17,3.9760,138.324,138.324,3.6571,1.8396,2.055,0.2325
6YRV_PJ8,1,11,8,17,3.7500,139.000,139.000,3.4405,1.7208,1.930,0.2394
6YRV_PJ8,1,12,8,17,3.5200,139.638,139.638,3.2189,1.6015,1.934,0.2366
6YRV_PJ8,1,13,8,17,3.2929,140.098,140.098,2.9999,1.4859,1.838,0.2442
6YRV_PJ8,1,14,8,17,3.0581,140.490,140.490,2.7745,1.3671,1.706,0.2478
6YRV_PJ8,1,15,8,17,2.8253,140.759,140.759,2.5506,1.2555,1.365,0.2454
6YRV_PJ8,1,16,8,17,2.5965,141.052,141.052,2.3311,1.1475,1.389,0.2485
6YRV_PJ8,1,17,8,17,2.3699,141.273,141.273,2.1135,1.0477,1.426,0.2467
6YRV_PJ8,1,18,8,17,2.1539,141.456,141.456,1.9046,0.9573,1.281,0.2421
6YRV_PJ8,1,19,8,17,1.9503,141.742,141.742,1.7060,0.8723,1.151,0.2356
6YRV_PJ8,1,20,8,17,1.7638,142.420,142.420,1.5176,0.7932,1.326,0.2290
6YRV_PJ8,1,21,8,17,1.6069,143.655,143.655,1.3482,0.7256,2.113,0.2266
6YRV_PJ8,1,22,8,17,1.4796,145.700,145.700,1.1945,0.6743,2.940,0.2325
6YRV_PJ8,1,23,8,17,1.3922,148.475,148.475,1.0698,0.6478,3.067,0.2398
6YRV_PJ8,1,24,8,17,1.3418,151.313,151.313,0.9993,0.6373,0.000,0.0000
6YSP_PAL,1,0,4,16,5.0539,149.802,175.006,4.2812,1.5632,0.269,0.1384
6YSP_PAL,1,1,4,16,4.9480,149.759,174.749,4.1720,1.4821,0.261,0.1348
6YSP_PAL,1,2,4,16,4.8464,149.738,174.519,4.0667,1.4005,0.371,0.1308
6YSP_PAL,1,3,4,16,4.7519,149.697,174.166,3.9686,1.3224,0.549,0.1254
6YSP_PAL,1,4,4,16,4.6684,149.609,173.643,3.8820,1.2531,0.709,0.1234
6YSP_PAL,1,5,4,16,4.5961,149.461,172.986,3.8077,1.1896,1.011,0.1248
6YSP_PAL,1,6,4,16,4.5360,149.189,172.094,3.7461,1.1295,1.182,0.1233
6YSP_PAL,1,7,4,16,4.4870,148.854,171.113,3.6963,1.0718,1.537,0.1277
6YSP_PAL,1,8,4,16,4.4623,148.490,169.920,3.6721,1.0178,1.699,0.1281
6YSP_PAL,1,9,4,16,4.4490,148.172,168.662,3.6607,0.9728,1.766,0.1318
6YSP_PAL,1,10,4,16,4.4443,147.847,167.472,3.6601,0.9276,1.808,0.1294
6YSP_PAL,1,11,4,16,4.4478,147.565,166.288,3.6687,0.8857,1.932,0.1267
6YSP_PAL,1,12,4,16,4.4616,147.376,165.085,3.6890,0.8471,2.151,0.1263
6YSP_PAL,1,13,4,16,4.4901,147.321,163.963,3.7259,0.8077,2.560,0.1326
6YSP_PAL,1,14,4,16,4.5317,147.401,162.712,3.7781,0.7611,2.850,0.1306
6YSP_PAL,1,15,4,16,4.5848,147.613,161.348,3.8431,0.7175,3.083,0.1357
6YSP_PAL,1,16,4,16,4.6500,147.876,160.057,3.9204,0.6689,3.098,0.1390
6YSP_PAL,1,17,4,16,4.7222,148.108,158.869,4.0067,0.6208,3.055,0.1449
6YSP_PAL,1,18,4,16,4.8057,148.159,157.677,4.1052,0.5751,3.109,0.1451
6YSP_PAL,1,19,4,16,4.8933,148.114,156.528,4.2101,0.5227,2.883,0.1419
6YSP_PAL,1,20,4,16,4.9809,147.809,155.586,4.3154,0.4680,2.701,0.1294
6YSP_PAL,1,21,4,16,5.0586,147.557,154.724,4.4060,0.4150,2.631,0.1178
6YSP_PAL,1,22,4,16,5.1380,147.389,154.276,4.4905,0.3674,2.339,0.1194
6YSP_PAL,1,23,4,16,5.2272,147.389,154.028,4.5781,0.3305,2.143,0.1533
6YSP_PAL,1,24,4,16,5.3510,147.294,154.604,4.6949,0.2963,0.000,0.0000
6YT6_PKE,1,0,4,31,5.1588,124.212,171.281,3.4978,2.9845,0.465,0.1418
6YT6_PKE,1,1,4,31,5.0849,124.229,171.343,3.4180,2.8879,0.465,0.1386
6YT6_PKE,1,2,4,31,5.0164,124.244,171.415,3.3435,2.7927,0.669,0.1315
6YT6_PKE,1,3,4,31,4.9499,124.192,171.392,3.2716,2.7029,0.958,0.1341
6YT6_PKE,1,4,4,31,4.8818,124.041,171.261,3.1996,2.6120,1.326,0.1378
6YT6_PKE,1,5,4,31,4.8167,123.874,171.070,3.1354,2.5229,1.688,0.1461
6YT6_PKE,1,6,4,31,4.7572,123.703,170.910,3.0840,2.4343,1.854,0.1476
6YT6_PKE,1,7,4,31,4.7064,123.542,170.724,3.0434,2.3479,2.185,0.1567
6YT6_PKE,1,8,4,31,4.6706,123.436,170.771,3.0179,2.2662,2.310,0.1597
6YT6_PKE,1,9,4,31,4.6419,123.288,170.754,2.9991,2.1835,2.511,0.1656
6YT6_PKE,1,10,4,31,4.6235,123.063,170.993,2.9847,2.1004,2.571,0.1669
6YT6_PKE,1,11,4,31,4.6192,122.830,171.374,2.9788,2.0238,2.571,0.1651
6YT6_PKE,1,12,4,31,4.6203,122.615,171.798,2.9780,1.9461,2.566,0.1620
6YT6_PKE,1,13,4,31,4.6243,122.351,172.512,2.9784,1.8659,2.710,0.1589
6YT6_PKE,1,14,4,31,4.6312,122.123,174.205,2.9791,1.7852,2.819,0.1572
6YT6_PKE,1,15,4,31,4.6413,121.921,175.998,2.9824,1.7052,2.949,0.1555
6YT6_PKE,1,16,4,31,4.6573,121.804,177.779,2.9907,1.6274,3.219,0.1529
6YT6_PKE,1,17,4,31,4.6764,121.789,179.788,3.0007,1.5504,3.526,0.1578
6YT6_PKE,1,18,4,31,4.7045,120.907,178.092,3.0151,1.4805,3.802,0.1624
6YT6_PKE,1,19,4,31,4.7362,120.019,176.015,3.0317,1.4058,4.348,0.1724
6YT6_PKE,1,20,4,31,4.7787,119.114,173.946,3.0642,1.3426,4.628,0.1817
6YT6_PKE,1,21,4,31,4.8397,118.229,173.147,3.1259,1.2983,4.768,0.1891
6YT6_PKE,1,22,4,31,4.9138,117.462,173.087,3.2246,1.2682,4.328,0.1947
6YT6_PKE,1,23,4,31,5.0018,116.740,172.569,3.3551,1.2624,3.780,0.1941
6YT6_PKE,1,24,4,31,5.0899,115.808,171.095,3.5038,1.2883,0.000,0.0000
6Z0R_Q4H,1,0,1,9,4.5372,120.755,120.755,4.0846,4.0846,0.726,0.1974
6Z0R_Q4H,1,1,1,9,4.3663,120.658,120.658,3.8924,3.8924,0.729,0.1912
6Z0R_Q4H,1,2,1,9,4.2044,120.542,120.542,3.7082,3.7082,0.619,0.1908
6Z0R_Q4H,1,3,1,9,4.0446,120.546,120.546,3.5239,3.5239,0.597,0.1897
6Z0R_Q4H,1,4,1,9,3.8886,120.708,120.708,3.3408,3.3408,0.574,0.1886
6Z0R_Q4H,1,5,1,9,3.7364,120.969,120.969,3.1590,3.1590,0.643,0.1948
6Z0R_Q4H,1,6,1,9,3.5838,121.458,121.458,2.9729,2.9729,0.734,0.1935
6Z0R_Q4H,1,7,1,9,3.4380,122.057,122.057,2.7904,2.7904,0.974,0.1877
6Z0R_Q4H,1,8,1,9,3.3012,122.945,122.945,2.6135,2.6135,1.272,0.1876
6Z0R_Q4H,1,9,1,9,3.1697,124.127,124.127,2.4366,2.4366,1.687,0.1929
6Z0R_Q4H,1,10,1,9,3.0422,125.715,125.715,2.2563,2.2563,1.891,0.1862
6Z0R_Q4H,1,11,1,9,2.9253,127.524,127.524,2.0813,2.0813,2.165,0.1870
6Z0R_Q4H,1,12,1,9,2.8159,129.574,129.574,1.9078,1.9078,2.712,0.1901
6Z0R_Q4H,1,13,1,9,2.7135,132.160,132.160,1.7309,1.7309,3.075,0.1930
6Z0R_Q4H,1,14,1,9,2.6198,135.078,135.078,1.5542,1.5542,3.231,0.1894
6Z0R_Q4H,1,15,1,9,2.5388,138.174,138.174,1.3838,1.3838,3.379,0.1885
6Z0R_Q4H,1,16,1,9,2.4701,141.424,141.424,1.2205,1.2205,3.548,0.1846
6Z0R_Q4H,1,17,1,9,2.4133,144.790,144.790,1.0665,1.0665,3.578,0.1794
6Z0R_Q4H,1,18,1,9,2.3694,148.243,148.243,0.9238,0.9238,3.543,0.1709
6Z0R_Q4H,1,19,1,9,2.3369,151.565,151.565,0.8013,0.8013,3.475,0.1585
6Z0R_Q4H,1,20,1,9,2.3163,154.893,154.893,0.7004,0.7004,3.020,0.1454
6Z0R_Q4H,1,21,1,9,2.3042,157.779,157.779,0.6268,0.6268,2.986,0.1369
6Z0R_Q4H,1,22,1,9,2.3032,160.689,160.689,0.5912,0.5912,2.359,0.1034
6Z0R_Q4H,1,23,1,9,2.3000,163.033,163.033,0.5541,0.5541,1.791,0.0887
6Z0R_Q4H,1,24,1,9,2.2966,164.813,164.813,0.5228,0.5228,0.000,0.0000
6Z14_Q4Z,1,0,2,18,5.6688,130.192,173.462,4.7798,3.0132,0.292,0.2068
6Z14_Q4Z,1,1,2,18,5.5553,130.333,173.633,4.6182,2.8629,0.280,0.1954
6Z14_Q4Z,1,2,2,18,5.4500,130.430,173.732,4.4653,2.7195,0.395,0.1910
6Z14_Q4Z,1,3,2,18,5.3540,130.614,173.918,4.3236,2.5779,0.587,0.1916
6Z14_Q4Z,1,4,2,18,5.2702,131.022,174.308,4.1971,2.4363,0.795,0.1973
6Z14_Q4Z,1,5,2,18,5.1984,131.681,174.868,4.0853,2.2928,1.245,0.2060
6Z14_Q4Z,1,6,2,18,5.1482,132.815,175.754,4.0023,2.1524,1.588,0.2076
6Z14_Q4Z,1,7,2,18,5.1173,134.324,176.984,3.9468,2.0194,2.268,0.2197
6Z14_Q4Z,1,8,2,18,5.1069,136.535,178.635,3.9207,1.8886,2.449,0.2165
6Z14_Q4Z,1,9,2,18,5.1076,138.429,179.534,3.9103,1.7617,2.801,0.2203
6Z14_Q4Z,1,10,2,18,5.1244,139.095,177.524,3.9246,1.6431,2.912,0.2186
6Z14_Q4Z,1,11,2,18,5.1482,139.807,175.488,3.9502,1.5224,3.026,0.2161
6Z14_Q4Z,1,12,2,18,5.1814,140.401,173.258,3.9912,1.4019,3.207,0.2177
6Z14_Q4Z,1,13,2,18,5.2184,141.044,170.916,4.0388,1.2762,3.096,0.2275
6Z14_Q4Z,1,14,2,18,5.2593,141.458,168.473,4.0946,1.1412,2.949,0.2195
6Z14_Q4Z,1,15,2,18,5.3045,141.658,166.128,4.1553,1.0037,2.671,0.2151
6Z14_Q4Z,1,16,2,18,5.3529,141.506,163.704,4.2239,0.8618,2.619,0.2182
6Z14_Q4Z,1,17,2,18,5.4074,141.240,161.312,4.3019,0.7203,2.437,0.2224
6Z14_Q4Z,1,18,2,18,5.4683,140.794,159.134,4.3887,0.5759,2.156,0.2125
6Z14_Q4Z,1,19,2,18,5.5391,140.260,157.215,4.4913,0.4495,1.922,0.2121
6Z14_Q4Z,1,20,2,18,5.6145,139.652,155.512,4.6003,0.3396,1.630,0.1973
6Z14_Q4Z,1,21,2,18,5.6934,139.120,154.245,4.7137,0.2756,1.470,0.1894
6Z14_Q4Z,1,22,2,18,5.7806,138.770,153.367,4.8376,0.2640,1.302,0.1772
6Z14_Q4Z,1,23,2,18,5.8700,138.415,152.769,4.9661,0.2996,1.216,0.1695
6Z14_Q4Z,1,24,2,18,5.9596,138.374,153.044,5.0933,0.3573,0.000,0.0000
6Z5Z_BDF,1,0,2,12,6.0752,157.258,157.258,5.2023,4.2178,0.575,0.2256
6Z5Z_BDF,1,1,2,12,5.8905,157.491,157.491,5.0192,4.0177,0.565,0.2112
6Z5Z_BDF,1,2,2,12,5.7210,157.699,157.699,4.8504,3.8326,0.623,0.1995
6Z5Z_BDF,1,3,2,12,5.5588,157.967,157.967,4.6859,3.6545,0.751,0.1944
6Z5Z_BDF,1,4,2,12,5.4017,158.313,158.313,4.5186,3.4801,0.608,0.1903
6Z5Z_BDF,1,5,2,12,5.2492,158.516,158.516,4.3503,3.3144,0.737,0.1864
6Z5Z_BDF,1,6,2,12,5.0993,158.678,158.678,4.1785,3.1484,0.962,0.1792
6Z5Z_BDF,1,7,2,12,4.9547,158.945,158.945,4.0140,2.9848,1.252,0.1732
6Z5Z_BDF,1,8,2,12,4.8173,159.268,159.268,3.8539,2.8275,1.347,0.1780
6Z5Z_BDF,1,9,2,12,4.6789,159.553,159.553,3.6881,2.6637,1.502,0.1722
6Z5Z_BDF,1,10,2,12,4.5499,159.956,159.956,3.5287,2.5107,1.738,0.1642
6Z5Z_BDF,1,11,2,12,4.4318,160.363,160.363,3.3777,2.3647,2.084,0.1690
6Z5Z_BDF,1,12,2,12,4.3187,160.944,160.944,3.2249,2.2198,2.128,0.1649
6Z5Z_BDF,1,13,2,12,4.2116,161.553,161.553,3.0788,2.0781,2.415,0.1687
6Z5Z_BDF,1,14,2,12,4.0998,162.144,162.144,2.9269,1.9296,2.672,0.1796
6Z5Z_BDF,1,15,2,12,3.9938,162.899,162.899,2.7724,1.7859,2.824,0.1763
6Z5Z_BDF,1,16,2,12,3.8984,163.690,163.690,2.6287,1.6550,3.280,0.1678
6Z5Z_BDF,1,17,2,12,3.8110,164.502,164.502,2.4967,1.5356,3.710,0.1784
6Z5Z_BDF,1,18,2,12,3.7338,165.533,165.533,2.3708,1.4348,4.100,0.1842
6Z5Z_BDF,1,19,2,12,3.6603,166.534,166.534,2.2522,1.3452,4.546,0.1860
6Z5Z_BDF,1,20,2,12,3.6079,167.738,167.738,2.1588,1.3007,4.852,0.1962
6Z5Z_BDF,1,21,2,12,3.5739,168.961,168.961,2.0869,1.2981,5.214,0.2121
6Z5Z_BDF,1,22,2,12,3.5540,170.282,170.282,2.0291,1.3389,5.352,0.2068
6Z5Z_BDF,1,23,2,12,3.5479,171.482,171.482,1.9889,1.4050,5.295,0.2148
6Z5Z_BDF,1,24,2,12,3.5534,172.643,172.643,1.9595,1.4925,0.000,0.0000
6ZCY_QF8,1,0,6,33,5.5620,146.046,169.458,5.3272,2.4638,0.773,0.1888
6ZCY_QF8,1,1,6,33,5.4688,145.788,169.469,5.2131,2.3716,0.794,0.1857
6ZCY_QF8,1,2,6,33,5.3841,145.537,169.496,5.1092,2.2807,1.155,0.1838
6ZCY_QF8,1,3,6,33,5.3032,145.075,169.520,5.0152,2.1900,1.714,0.1860
6ZCY_QF8,1,4,6,33,5.2267,144.343,169.465,4.9314,2.1020,2.231,0.1897
6ZCY_QF8,1,5,6,33,5.1577,143.253,169.361,4.8617,2.0202,2.672,0.1938
6ZCY_QF8,1,6,6,33,5.1001,141.875,169.358,4.8102,1.9445,2.896,0.1912
6ZCY_QF8,1,7,6,33,5.0536,140.414,169.541,4.7731,1.8746,3.133,0.1970
6ZCY_QF8,1,8,6,33,5.0190,138.760,169.575,4.7499,1.8104,3.282,0.2038
6ZCY_QF8,1,9,6,33,4.9918,136.942,169.433,4.7347,1.7455,3.417,0.2054
6ZCY_QF8,1,10,6,33,4.9669,134.852,168.958,4.7178,1.6795,3.508,0.2094
6ZCY_QF8,1,11,6,33,4.9473,132.690,168.508,4.7038,1.6285,3.634,0.2141
6ZCY_QF8,1,12,6,33,4.9390,130.533,167.944,4.6989,1.5865,3.917,0.2132
6ZCY_QF8,1,13,6,33,4.9386,128.205,167.094,4.6967,1.5436,4.283,0.2184
6ZCY_QF8,1,14,6,33,4.9482,125.711,166.159,4.7027,1.5033,4.463,0.2150
6ZCY_QF8,1,15,6,33,4.9671,123.200,164.859,4.7146,1.4620,4.690,0.2133
6ZCY_QF8,1,16,6,33,4.9949,120.615,163.156,4.7315,1.4177,4.855,0.2058
6ZCY_QF8,1,17,6,33,5.0293,117.992,161.154,4.7542,1.3829,4.956,0.2099
6ZCY_QF8,1,18,6,33,5.0656,115.406,158.764,4.7737,1.3488,5.172,0.2100
6ZCY_QF8,1,19,6,33,5.1065,112.811,156.449,4.7925,1.3145,5.507,0.2113
6ZCY_QF8,1,20,6,33,5.1390,110.116,154.047,4.8028,1.2907,5.641,0.2078
6ZCY_QF8,1,21,6,33,5.1622,107.476,151.822,4.8016,1.2743,6.006,0.2202
6ZCY_QF8,1,22,6,33,5.1772,104.858,149.813,4.7947,1.2892,6.062,0.2201
6ZCY_QF8,1,23,6,33,5.1862,102.390,148.165,4.7922,1.3296,6.156,0.2239
6ZCY_QF8,1,24,6,33,5.1944,100.107,147.339,4.8099,1.3773,0.000,0.0000
6ZPB_3D1,1,0,3,18,6.4703,150.574,176.832,6.4634,3.0783,0.681,0.1835
6ZPB_3D1,1,1,3,18,6.3403,151.085,176.912,6.3232,2.9631,0.641,0.1753
6ZPB_3D1,1,2,3,18,6.2197,151.596,176.977,6.1933,2.8558,0.920,0.1767
6ZPB_3D1,1,3,3,18,6.1065,152.275,177.081,6.0706,2.7438,1.490,0.1795
6ZPB_3D1,1,4,3,18,6.0130,153.293,177.172,5.9725,2.6324,2.205,0.1838
6ZPB_3D1,1,5,3,18,5.9468,154.732,177.295,5.9027,2.5234,2.832,0.1920
6ZPB_3D1,1,6,3,18,5.9053,156.448,177.425,5.8589,2.4207,3.083,0.1908
6ZPB_3D1,1,7,3,18,5.8786,158.318,177.553,5.8342,2.3198,3.605,0.1983
6ZPB_3D1,1,8,3,18,5.8697,160.585,177.729,5.8292,2.2209,3.558,0.1955
6ZPB_3D1,1,9,3,18,5.8667,162.850,177.872,5.8300,2.1278,3.623,0.1954
6ZPB_3D1,1,10,3,18,5.8686,165.181,178.173,5.8393,2.0283,3.402,0.1871
6ZPB_3D1,1,11,3,18,5.8731,167.361,178.552,5.8469,1.9292,3.410,0.1844
6ZPB_3D1,1,12,3,18,5.8872,169.522,179.140,5.8669,1.8385,3.199,0.1766
6ZPB_3D1,1,13,3,18,5.8972,171.543,179.941,5.8833,1.7405,3.181,0.1753
6ZPB_3D1,1,14,3,18,5.9104,172.540,178.978,5.9040,1.6411,3.213,0.1672
6ZPB_3D1,1,15,3,18,5.9244,173.001,177.480,5.9249,1.5438,3.343,0.1646
6ZPB_3D1,1,16,3,18,5.9473,173.345,175.857,5.9519,1.4505,3.579,0.1603
6ZPB_3D1,1,17,3,18,5.9621,173.686,174.445,5.9744,1.3560,3.683,0.1653
6ZPB_3D1,1,18,3,18,5.9811,173.597,174.235,5.9975,1.2651,3.530,0.1615
6ZPB_3D1,1,19,3,18,6.0029,173.573,175.188,6.0264,1.1821,3.486,0.1620
6ZPB_3D1,1,20,3,18,6.0344,173.582,175.876,6.0644,1.1130,3.160,0.1506
6ZPB_3D1,1,21,3,18,6.0707,173.575,175.931,6.1065,1.0577,3.362,0.1362
6ZPB_3D1,1,22,3,18,6.1078,173.637,175.386,6.1507,1.0228,3.761,0.1138
6ZPB_3D1,1,23,3,18,6.1596,173.638,173.768,6.2109,1.0122,4.121,0.0975
6ZPB_3D1,1,24,3,18,6.2202,173.645,175.758,6.2759,1.0260,0.000,0.0000
7A1P_QW2,1,0,4,13,3.4400,123.348,148.936,2.5665,1.5034,0.412,0.1791
7A1P_QW2,1,1,4,13,3.3069,123.129,148.453,2.4116,1.4693,0.402,0.1730
7A1P_QW2,1,2,4,13,3.1840,122.962,148.043,2.2666,1.4373,0.416,0.1710
7A1P_QW2,1,3,4,13,3.0686,122.793,147.716,2.1279,1.4078,0.454,0.1703
7A1P_QW2,1,4,4,13,2.9596,122.584,147.492,1.9951,1.3791,0.546,0.1669
7A1P_QW2,1,5,4,13,2.8586,122.287,147.198,1.8708,1.3519,0.650,0.1591
7A1P_QW2,1,6,4,13,2.7680,121.871,146.708,1.7584,1.3273,0.755,0.1564
7A1P_QW2,1,7,4,13,2.6849,121.362,146.023,1.6566,1.3017,1.068,0.1565
7A1P_QW2,1,8,4,13,2.6056,120.716,145.214,1.5634,1.2758,1.292,0.1593
7A1P_QW2,1,9,4,13,2.5345,119.980,144.261,1.4889,1.2530,1.610,0.1593
7A1P_QW2,1,10,4,13,2.4677,119.074,143.287,1.4306,1.2248,1.795,0.1603
7A1P_QW2,1,11,4,13,2.4127,118.119,142.212,1.4004,1.2036,2.016,0.1592
7A1P_QW2,1,12,4,13,2.3664,117.157,140.921,1.3877,1.1813,2.251,0.1590
7A1P_QW2,1,13,4,13,2.3272,116.149,139.582,1.3859,1.1581,2.576,0.1620
7A1P_QW2,1,14,4,13,2.2976,115.122,138.213,1.3958,1.1350,2.765,0.1724
7A1P_QW2,1,15,4,13,2.2821,114.192,136.801,1.4190,1.1097,2.871,0.1718
7A1P_QW2,1,16,4,13,2.2776,113.407,135.278,1.4436,1.0789,2.967,0.1824
7A1P_QW2,1,17,4,13,2.2916,112.789,133.633,1.4787,1.0448,2.910,0.1977
7A1P_QW2,1,18,4,13,2.3305,112.418,131.610,1.5257,1.0008,3.043,0.2014
7A1P_QW2,1,19,4,13,2.3949,112.232,129.608,1.5920,0.9589,3.117,0.2072
7A1P_QW2,1,20,4,13,2.4823,112.050,129.781,1.6830,0.9164,2.872,0.2163
7A1P_QW2,1,21,4,13,2.6007,112.175,130.172,1.8248,0.8776,2.640,0.2227
7A1P_QW2,1,22,4,13,2.7477,112.341,130.810,2.0069,0.8400,2.577,0.2311
7A1P_QW2,1,23,4,13,2.9241,112.468,131.557,2.2122,0.8071,2.660,0.2358
7A1P_QW2,1,24,4,13,3.1156,112.046,132.234,2.4238,0.7622,0.000,0.0000
7AMC_73B,1,0,5,31,7.2232,131.948,171.279,6.8685,3.1038,0.495,0.2540
7AMC_73B,1,1,5,31,7.0435,131.768,171.181,6.6905,2.9637,0.479,0.2495
7AMC_73B,1,2,5,31,6.8739,131.610,171.053,6.5243,2.8241,0.639,0.2486
7AMC_73B,1,3,5,31,6.7048,131.398,170.864,6.3597,2.6872,0.845,0.2475
7AMC_73B,1,4,5,31,6.5308,131.091,170.656,6.1916,2.5500,1.010,0.2381
7AMC_73B,1,5,5,31,6.3596,130.752,170.385,6.0274,2.4193,1.299,0.2316
7AMC_73B,1,6,5,31,6.1910,130.279,170.249,5.8650,2.2958,1.473,0.2209
7AMC_73B,1,7,5,31,6.0306,129.694,170.120,5.7089,2.1856,1.824,0.2219
7AMC_73B,1,8,5,31,5.8647,128.994,170.126,5.5486,2.0748,2.077,0.2287
7AMC_73B,1,9,5,31,5.6926,128.185,170.156,5.3806,1.9688,2.463,0.2281
7AMC_73B,1,10,5,31,5.5162,127.210,170.219,5.2084,1.8716,2.952,0.2396
7AMC_73B,1,11,5,31,5.3308,126.135,170.365,5.0244,1.7773,3.301,0.2477
7AMC_73B,1,12,5,31,5.1438,124.949,170.567,4.8364,1.6889,3.513,0.2560
7AMC_73B,1,13,5,31,4.9594,123.802,170.898,4.6492,1.6067,3.735,0.2647
7AMC_73B,1,14,5,31,4.7755,122.632,171.153,4.4606,1.5290,3.950,0.2716
7AMC_73B,1,15,5,31,4.5977,121.428,171.414,4.2764,1.4611,4.003,0.2759
7AMC_73B,1,16,5,31,4.4285,120.338,172.007,4.1013,1.4046,4.145,0.2780
7AMC_73B,1,17,5,31,4.2635,119.345,172.824,3.9346,1.3695,4.444,0.2828
7AMC_73B,1,18,5,31,4.1087,118.318,173.366,3.7866,1.3552,4.476,0.2802
7AMC_73B,1,19,5,31,3.9640,117.310,173.544,3.6608,1.3665,4.723,0.2787
7AMC_73B,1,20,5,31,3.8352,116.310,173.547,3.5636,1.4024,4.779,0.2695
7AMC_73B,1,21,5,31,3.7304,115.487,173.605,3.4906,1.4619,4.931,0.2686
7AMC_73B,1,22,5,31,3.6517,114.785,173.492,3.4414,1.5424,5.298,0.2509
7AMC_73B,1,23,5,31,3.6028,114.613,173.616,3.4090,1.6318,5.904,0.2432
7AMC_73B,1,24,5,31,3.5942,115.032,173.511,3.4065,1.7251,0.000,0.0000
7AVI_S2Q,1,0,6,27,7.3545,115.688,169.698,7.0241,3.9879,0.613,0.1932
7AVI_S2Q,1,1,6,27,7.2804,115.549,169.623,6.9389,3.9099,0.598,0.1866
7AVI_S2Q,1,2,6,27,7.2106,115.427,169.555,6.8579,3.8364,0.772,0.1871
7AVI_S2Q,1,3,6,27,7.1567,115.312,169.508,6.7928,3.7724,0.966,0.1900
7AVI_S2Q,1,4,6,27,7.1199,115.241,169.497,6.7430,3.7101,1.228,0.1985
7AVI_S2Q,1,5,6,27,7.1023,115.219,169.500,6.7117,3.6464,1.534,0.2087
7AVI_S2Q,1,6,6,27,7.1032,115.342,169.489,6.6986,3.5922,1.774,0.2025
7AVI_S2Q,1,7,6,27,7.1098,115.584,169.512,6.6876,3.5421,2.109,0.2155
7AVI_S2Q,1,8,6,27,7.1357,116.020,169.566,6.6957,3.5032,2.412,0.2216
7AVI_S2Q,1,9,6,27,7.1692,116.762,169.734,6.7084,3.4694,2.759,0.2265
7AVI_S2Q,1,10,6,27,7.2139,117.937,170.025,6.7290,3.4332,3.157,0.2387
7AVI_S2Q,1,11,6,27,7.2675,119.512,170.282,6.7541,3.3991,3.490,0.2483
7AVI_S2Q,1,12,6,27,7.3311,121.447,170.598,6.7849,3.3716,3.656,0.2544
7AVI_S2Q,1,13,6,27,7.3994,123.564,170.845,6.8175,3.3470,3.931,0.2634
7AVI_S2Q,1,14,6,27,7.4738,125.848,171.184,6.8497,3.3340,4.389,0.2734
7AVI_S2Q,1,15,6,27,7.5519,128.440,171.471,6.8772,3.3294,4.477,0.2729
7AVI_S2Q,1,16,6,27,7.6397,131.142,171.771,6.9101,3.3299,4.638,0.2753
7AVI_S2Q,1,17,6,27,7.7272,133.844,173.625,6.9417,3.3360,4.909,0.2798
7AVI_S2Q,1,18,6,27,7.8194,136.768,176.219,6.9792,3.3476,4.947,0.2829
7AVI_S2Q,1,19,6,27,7.9241,139.844,178.540,7.0315,3.3785,4.770,0.2844
7AVI_S2Q,1,20,6,27,8.0439,142.642,179.229,7.1098,3.4243,4.847,0.2754
7AVI_S2Q,1,21,6,27,8.1764,144.767,176.740,7.2120,3.4791,4.849,0.2787
7AVI_S2Q,1,22,6,27,8.3213,146.827,174.269,7.3390,3.5479,4.870,0.2796
7AVI_S2Q,1,23,6,27,8.4882,148.833,172.403,7.4933,3.6428,4.909,0.2931
7AVI_S2Q,1,24,6,27,8.6720,150.945,176.267,7.6647,3.7637,0.000,0.0000
7BJ6_TVK,1,0,6,37,6.7438,136.094,173.637,6.4592,3.6356,0.390,0.2196
7BJ6_TVK,1,1,6,37,6.5592,136.324,173.515,6.2867,3.4708,0.356,0.2112
7BJ6_TVK,1,2,6,37,6.3860,136.508,173.406,6.1220,3.3092,0.405,0.2126
7BJ6_TVK,1,3,6,37,6.2232,136.722,173.678,5.9644,3.1497,0.518,0.2178
7BJ6_TVK,1,4,6,37,6.0740,137.077,174.765,5.8186,2.9942,0.703,0.2193
7BJ6_TVK,1,5,6,37,5.9380,137.497,175.929,5.6842,2.8393,0.804,0.2257
7BJ6_TVK,1,6,6,37,5.8131,137.991,177.064,5.5612,2.6788,0.940,0.2267
7BJ6_TVK,1,7,6,37,5.7054,138.466,178.265,5.4536,2.5266,1.073,0.2450
7BJ6_TVK,1,8,6,37,5.6193,138.959,179.496,5.3685,2.3736,1.190,0.2565
7BJ6_TVK,1,9,6,37,5.5490,139.252,179.251,5.2996,2.2226,1.342,0.2696
7BJ6_TVK,1,10,6,37,5.4968,139.413,177.911,5.2562,2.0700,1.596,0.2754
7BJ6_TVK,1,11,6,37,5.4696,139.699,176.456,5.2396,1.9240,1.815,0.2782
7BJ6_TVK,1,12,6,37,5.4643,139.993,175.056,5.2448,1.7860,2.028,0.2789
7BJ6_TVK,1,13,6,37,5.4807,140.416,173.678,5.2745,1.6586,2.183,0.2817
7BJ6_TVK,1,14,6,37,5.5137,140.858,172.117,5.3229,1.5428,2.393,0.2725
7BJ6_TVK,1,15,6,37,5.5545,141.197,171.910,5.3781,1.4436,2.509,0.2602
7BJ6_TVK,1,16,6,37,5.6122,141.524,171.628,5.4509,1.3704,2.645,0.2580
7BJ6_TVK,1,17,6,37,5.6811,141.780,171.361,5.5345,1.3161,2.548,0.2546
7BJ6_TVK,1,18,6,37,5.7589,141.902,170.991,5.6239,1.2853,2.648,0.2496
7BJ6_TVK,1,19,6,37,5.8532,142.001,173.136,5.7283,1.2848,2.702,0.2456
7BJ6_TVK,1,20,6,37,5.9568,141.950,175.765,5.8414,1.3109,2.924,0.2349
7BJ6_TVK,1,21,6,37,6.0666,141.693,178.526,5.9579,1.3614,3.202,0.2389
7BJ6_TVK,1,22,6,37,6.1888,140.859,178.397,6.0828,1.4389,3.411,0.2400
7BJ6_TVK,1,23,6,37,6.3206,139.372,175.346,6.2105,1.5403,3.834,0.2524
7BJ6_TVK,1,24,6,37,6.4671,138.064,171.531,6.3467,1.6550,0.000,0.0000
7BLG_GAL,1,0,2,12,13.8053,179.759,179.759,10.5991,13.2226,0.958,0.3868
7BLG_GAL,1,1,2,12,13.3877,179.216,179.216,10.2203,12.7997,0.886,0.3812
7BLG_GAL,1,2,2,12,12.9792,178.731,178.731,9.8456,12.3850,0.803,0.3862
7BLG_GAL,1,3,2,12,12.5614,178.287,178.287,9.4649,11.9609,0.707,0.4110
7BLG_GAL,1,4,2,12,12.1125,177.839,177.839,9.0587,11.5052,0.806,0.4110
7BLG_GAL,1,5,2,12,11.6666,177.235,177.235,8.6537,11.0514,0.953,0.4032
7BLG_GAL,1,6,2,12,11.2260,176.585,176.585,8.2567,10.6026,1.093,0.3982
7BLG_GAL,1,7,2,12,10.7897,175.806,175.806,7.8652,10.1572,1.321,0.3865
7BLG_GAL,1,8,2,12,10.3652,174.796,174.796,7.4859,9.7233,1.366,0.3901
7BLG_GAL,1,9,2,12,9.9374,173.837,173.837,7.1045,9.2848,1.181,0.3994
7BLG_GAL,1,10,2,12,9.5037,172.964,172.964,6.7153,8.8380,1.296,0.3978
7BLG_GAL,1,11,2,12,9.0773,171.986,171.986,6.3303,8.3963,1.303,0.3990
7BLG_GAL,1,12,2,12,8.6576,171.105,171.105,5.9488,7.9585,0.974,0.4047
7BLG_GAL,1,13,2,12,8.2407,170.436,170.436,5.5656,7.5202,0.745,0.4126
7BLG_GAL,1,14,2,12,7.8366,170.007,170.007,5.1875,7.0909,0.540,0.4143
7BLG_GAL,1,15,2,12,7.4505,169.777,169.777,4.8210,6.6761,0.470,0.4212
7BLG_GAL,1,16,2,12,7.0981,169.701,169.701,4.4708,6.2895,0.513,0.4194
7BLG_GAL,1,17,2,12,6.7758,169.801,169.801,4.1380,5.9284,0.687,0.4262
7BLG_GAL,1,18,2,12,6.4795,170.261,170.261,3.8205,5.5862,0.831,0.4214
7BLG_GAL,1,19,2,12,6.2307,170.985,170.985,3.5471,5.2875,1.117,0.4261
7BLG_GAL,1,20,2,12,6.0280,171.901,171.901,3.3331,5.0273,1.307,0.4133
7BLG_GAL,1,21,2,12,5.8823,172.819,172.819,3.2282,4.8211,1.266,0.4076
7BLG_GAL,1,22,2,12,5.7816,173.560,173.560,3.2389,4.6568,1.600,0.3768
7BLG_GAL,1,23,2,12,5.7418,174.096,174.096,3.3348,4.5541,2.019,0.3392
7BLG_GAL,1,24,2,12,5.7709,174.213,174.213,3.4828,4.5232,0.000,0.0000
7BNH_BEZ,1,0,2,9,3.2061,127.593,173.922,2.3782,2.2781,0.337,0.1270
7BNH_BEZ,1,1,2,9,3.1323,127.600,173.679,2.2889,2.1962,0.344,0.1220
7BNH_BEZ,1,2,2,9,3.0629,127.630,173.450,2.2043,2.1151,0.471,0.1257
7BNH_BEZ,1,3,2,9,2.9944,127.629,173.104,2.1212,2.0319,0.653,0.1326
7BNH_BEZ,1,4,2,9,2.9256,127.548,172.548,2.0391,1.9448,0.836,0.1380
7BNH_BEZ,1,5,2,9,2.8607,127.423,171.820,1.9625,1.8577,1.247,0.1433
7BNH_BEZ,1,6,2,9,2.8031,127.206,170.709,1.8974,1.7758,1.485,0.1407
7BNH_BEZ,1,7,2,9,2.7569,127.003,169.431,1.8489,1.7029,1.954,0.1511
7BNH_BEZ,1,8,2,9,2.7216,126.915,167.939,1.8167,1.6358,2.260,0.1519
7BNH_BEZ,1,9,2,9,2.7012,126.916,166.306,1.8062,1.5802,2.472,0.1625
7BNH_BEZ,1,10,2,9,2.6853,126.975,164.496,1.8073,1.5187,2.958,0.1721
7BNH_BEZ,1,11,2,9,2.6866,127.014,162.319,1.8295,1.4661,3.210,0.1788
7BNH_BEZ,1,12,2,9,2.7075,127.044,159.933,1.8752,1.4260,3.437,0.1869
7BNH_BEZ,1,13,2,9,2.7506,127.322,157.646,1.9453,1.3994,3.507,0.1934
7BNH_BEZ,1,14,2,9,2.8131,127.682,155.492,2.0341,1.3860,3.721,0.1966
7BNH_BEZ,1,15,2,9,2.8978,128.504,153.733,2.1438,1.3874,3.567,0.1877
7BNH_BEZ,1,16,2,9,2.9929,129.712,152.542,2.2609,1.3956,3.535,0.1806
7BNH_BEZ,1,17,2,9,3.0949,131.101,151.537,2.3847,1.4129,3.358,0.1778
7BNH_BEZ,1,18,2,9,3.2052,132.381,150.452,2.5133,1.4458,3.452,0.1750
7BNH_BEZ,1,19,2,9,3.3237,133.630,149.219,2.6442,1.4957,3.366,0.1697
7BNH_BEZ,1,20,2,9,3.4452,134.983,148.108,2.7730,1.5508,3.455,0.1638
7BNH_BEZ,1,21,2,9,3.5742,136.316,146.965,2.9031,1.6222,3.485,0.1561
7BNH_BEZ,1,22,2,9,3.7044,137.613,145.644,3.0289,1.7024,3.607,0.1451
7BNH_BEZ,1,23,2,9,3.8360,138.786,143.904,3.1532,1.7976,3.706,0.1400
7BNH_BEZ,1,24,2,9,3.9722,139.930,142.012,3.2743,1.9123,0.000,0.0000
7C8Q_DSG,1,0,3,9,6.1620,124.216,157.693,5.6480,4.8910,0.224,0.2409
7C8Q_DSG,1,1,3,9,5.9382,124.275,157.863,5.4187,4.6642,0.231,0.2314
7C8Q_DSG,1,2,3,9,5.7252,124.325,158.028,5.1997,4.4470,0.299,0.2372
7C8Q_DSG,1,3,3,9,5.5094,124.368,158.207,4.9772,4.2241,0.409,0.2302
7C8Q_DSG,1,4,3,9,5.3021,124.409,158.400,4.7635,4.0079,0.530,0.2228
7C8Q_DSG,1,5,3,9,5.1053,124.450,158.617,4.5596,3.7994,0.689,0.2192
7C8Q_DSG,1,6,3,9,4.9158,124.499,158.909,4.3622,3.5957,0.827,0.1995
7C8Q_DSG,1,7,3,9,4.7470,124.579,159.352,4.1853,3.4131,1.196,0.1953
7C8Q_DSG,1,8,3,9,4.5908,124.734,160.110,4.0185,3.2366,1.525,0.1848
7C8Q_DSG,1,9,3,9,4.4516,124.953,161.100,3.8684,3.0729,1.889,0.1843
7C8Q_DSG,1,10,3,9,4.3247,125.366,162.529,3.7293,2.9121,2.443,0.1721
7C8Q_DSG,1,11,3,9,4.2226,126.068,164.513,3.6142,2.7660,2.870,0.1670
7C8Q_DSG,1,12,3,9,4.1366,127.011,167.024,3.5163,2.6272,3.167,0.1730
7C8Q_DSG,1,13,3,9,4.0591,128.134,169.882,3.4285,2.4839,3.394,0.1752
7C8Q_DSG,1,14,3,9,3.9888,129.441,173.064,3.3515,2.3379,3.565,0.1741
7C8Q_DSG,1,15,3,9,3.9276,130.956,176.532,3.2886,2.1975,3.675,0.1750
7C8Q_DSG,1,16,3,9,3.8764,132.518,179.900,3.2398,2.0597,3.819,0.1768
7C8Q_DSG,1,17,3,9,3.8320,131.882,176.381,3.2022,1.9259,3.991,0.1745
7C8Q_DSG,1,18,3,9,3.8011,131.367,172.898,3.1810,1.8048,4.289,0.1732
7C8Q_DSG,1,19,3,9,3.7808,130.922,169.488,3.1705,1.6922,4.557,0.1716
7C8Q_DSG,1,20,3,9,3.7751,130.547,165.944,3.1745,1.5882,4.807,0.1553
7C8Q_DSG,1,21,3,9,3.7839,130.262,162.591,3.1928,1.5084,5.002,0.1499
7C8Q_DSG,1,22,3,9,3.8104,130.064,158.968,3.2255,1.4436,5.078,0.1283
7C8Q_DSG,1,23,3,9,3.8595,129.933,155.195,3.2821,1.4034,4.921,0.1216
7C8Q_DSG,1,24,3,9,3.9281,129.721,150.908,3.3584,1.3788,0.000,0.0000
7CIJ_G0C,1,0,5,21,5.2514,124.067,173.057,4.2079,2.2500,0.112,0.1337
7CIJ_G0C,1,1,5,21,5.1751,123.964,172.922,4.1119,2.1785,0.124,0.1275
7CIJ_G0C,1,2,5,21,5.1036,123.860,172.789,4.0228,2.1112,0.145,0.1264
7CIJ_G0C,1,3,5,21,5.0335,123.766,172.646,3.9356,2.0445,0.261,0.1296
7CIJ_G0C,1,4,5,21,4.9625,123.722,172.551,3.8466,1.9762,0.372,0.1312
7CIJ_G0C,1,5,5,21,4.8923,123.651,172.493,3.7578,1.9101,0.491,0.1364
7CIJ_G0C,1,6,5,21,4.8232,123.524,172.498,3.6686,1.8461,0.603,0.1416
7CIJ_G0C,1,7,5,21,4.7551,123.410,172.585,3.5793,1.7841,0.898,0.1575
7CIJ_G0C,1,8,5,21,4.6867,123.347,172.834,3.4852,1.7285,1.019,0.1646
7CIJ_G0C,1,9,5,21,4.6196,123.452,173.276,3.3927,1.6707,1.184,0.1794
7CIJ_G0C,1,10,5,21,4.5488,123.774,173.851,3.2959,1.6097,1.216,0.1934
7CIJ_G0C,1,11,5,21,4.4774,124.216,174.600,3.2002,1.5463,1.453,0.2110
7CIJ_G0C,1,12,5,21,4.4067,124.850,175.320,3.1039,1.4798,1.561,0.2204
7CIJ_G0C,1,13,5,21,4.3437,125.643,176.037,3.0109,1.4096,1.597,0.2307
7CIJ_G0C,1,14,5,21,4.2918,126.614,176.677,2.9214,1.3352,1.583,0.2343
7CIJ_G0C,1,15,5,21,4.2530,127.523,177.210,2.8372,1.2573,1.554,0.2368
7CIJ_G0C,1,16,5,21,4.2279,128.355,177.729,2.7580,1.1722,1.596,0.2364
7CIJ_G0C,1,17,5,21,4.2202,129.202,178.291,2.6866,1.0851,1.742,0.2431
7CIJ_G0C,1,18,5,21,4.2299,130.093,178.773,2.6180,0.9978,1.858,0.2350
7CIJ_G0C,1,19,5,21,4.2584,131.099,179.035,2.5587,0.9169,1.929,0.2388
7CIJ_G0C,1,20,5,21,4.3035,132.242,179.308,2.5066,0.8435,2.045,0.2361
7CIJ_G0C,1,21,5,21,4.3653,133.549,179.688,2.4718,0.7832,2.046,0.2373
7CIJ_G0C,1,22,5,21,4.4366,134.695,179.981,2.4713,0.7387,2.745,0.2411
7CIJ_G0C,1,23,5,21,4.5087,135.432,179.572,2.5310,0.7004,3.551,0.2491
7CIJ_G0C,1,24,5,21,4.5849,136.152,178.741,2.6580,0.6554,0.000,0.0000
7CNQ_G8X,1,0,2,9,5.1236,46.313,46.922,5.1245,2.7309,0.460,0.1945
7CNQ_G8X,1,1,2,9,4.9347,46.574,47.078,4.9375,2.6196,0.403,0.1825
7CNQ_G8X,1,2,2,9,4.7576,46.755,47.093,4.7636,2.5135,0.413,0.1857
7CNQ_G8X,1,3,2,9,4.5779,47.006,47.151,4.5872,2.4071,0.471,0.1858
7CNQ_G8X,1,4,2,9,4.3988,47.263,47.460,4.4099,2.3031,0.647,0.1790
7CNQ_G8X,1,5,2,9,4.2260,47.618,48.272,4.2387,2.2023,0.837,0.1773
7CNQ_G8X,1,6,2,9,4.0538,48.002,49.151,4.0673,2.1042,1.041,0.1694
7CNQ_G8X,1,7,2,9,3.8895,48.401,50.069,3.9020,2.0143,1.323,0.1722
7CNQ_G8X,1,8,2,9,3.7220,48.724,51.189,3.7319,1.9201,1.416,0.1681
7CNQ_G8X,1,9,2,9,3.5618,49.023,52.348,3.5669,1.8402,1.622,0.1716
7CNQ_G8X,1,10,2,9,3.3993,49.275,53.596,3.3985,1.7591,1.882,0.1636
7CNQ_G8X,1,11,2,9,3.2502,49.598,54.968,3.2415,1.6936,2.009,0.1624
7CNQ_G8X,1,12,2,9,3.1059,49.941,56.303,3.0884,1.6322,2.034,0.1630
7CNQ_G8X,1,13,2,9,2.9624,50.254,57.480,2.9360,1.5684,2.018,0.1646
7CNQ_G8X,1,14,2,9,2.8214,50.599,58.420,2.7835,1.5086,1.932,0.1625
7CNQ_G8X,1,15,2,9,2.6836,50.889,59.028,2.6333,1.4486,2.023,0.1608
7CNQ_G8X,1,16,2,9,2.5518,51.214,59.429,2.4891,1.3944,2.328,0.1579
7CNQ_G8X,1,17,2,9,2.4278,51.693,59.724,2.3486,1.3424,2.278,0.1565
7CNQ_G8X,1,18,2,9,2.3117,52.157,59.724,2.2144,1.2980,2.407,0.1516
7CNQ_G8X,1,19,2,9,2.2053,52.513,59.488,2.0870,1.2600,2.385,0.1518
7CNQ_G8X,1,20,2,9,2.1071,52.901,59.175,1.9643,1.2297,2.225,0.1546
7CNQ_G8X,1,21,2,9,2.0160,53.283,59.144,1.8426,1.2053,2.252,0.1550
7CNQ_G8X,1,22,2,9,1.9435,53.805,59.193,1.7376,1.2021,2.094,0.1497
7CNQ_G8X,1,23,2,9,1.8940,54.512,59.716,1.6604,1.2207,2.220,0.1501
7CNQ_G8X,1,24,2,9,1.8716,55.532,60.828,1.6201,1.2673,0.000,0.0000
7CUO_PHB,1,0,2,10,3.3615,133.959,167.340,2.4982,2.4284,0.223,0.1072
7CUO_PHB,1,1,2,10,3.2992,133.969,167.525,2.4286,2.3320,0.217,0.1026
7CUO_PHB,1,2,2,10,3.2417,133.984,167.715,2.3644,2.2403,0.277,0.1006
7CUO_PHB,1,3,2,10,3.1855,133.970,167.909,2.3014,2.1487,0.439,0.0986
7CUO_PHB,1,4,2,10,3.1287,133.884,168.086,2.2382,2.0565,0.694,0.0949
7CUO_PHB,1,5,2,10,3.0708,133.731,168.275,2.1740,1.9649,1.043,0.0938
7CUO_PHB,1,6,2,10,3.0082,133.478,168.427,2.1046,1.8709,1.298,0.0906
7CUO_PHB,1,7,2,10,2.9438,133.196,168.586,2.0335,1.7781,1.944,0.0891
7CUO_PHB,1,8,2,10,2.8720,132.745,168.738,1.9543,1.6868,2.391,0.0922
7CUO_PHB,1,9,2,10,2.7954,132.199,168.877,1.8703,1.5958,2.905,0.1041
7CUO_PHB,1,10,2,10,2.7086,131.624,169.110,1.7735,1.4975,3.509,0.1089
7CUO_PHB,1,11,2,10,2.6167,130.884,169.220,1.6722,1.4033,3.942,0.1157
7CUO_PHB,1,12,2,10,2.5217,130.166,169.324,1.5667,1.3084,4.263,0.1226
7CUO_PHB,1,13,2,10,2.4255,129.478,169.494,1.4573,1.2134,4.428,0.1225
7CUO_PHB,1,14,2,10,2.3336,128.923,169.738,1.3516,1.1222,4.550,0.1244
7CUO_PHB,1,15,2,10,2.2491,128.686,170.292,1.2494,1.0338,4.524,0.1219
7CUO_PHB,1,16,2,10,2.1743,128.748,170.795,1.1560,0.9540,4.621,0.1230
7CUO_PHB,1,17,2,10,2.1097,129.198,171.453,1.0706,0.8795,4.789,0.1289
7CUO_PHB,1,18,2,10,2.0518,129.942,172.113,0.9891,0.8043,5.111,0.1265
7CUO_PHB,1,19,2,10,2.0063,130.996,172.822,0.9272,0.7364,5.362,0.1287
7CUO_PHB,1,20,2,10,1.9713,132.284,173.406,0.8837,0.6752,5.677,0.1227
7CUO_PHB,1,21,2,10,1.9499,133.777,174.011,0.8663,0.6221,6.094,0.1229
7CUO_PHB,1,22,2,10,1.9403,135.382,174.625,0.8773,0.5789,6.355,0.1057
7CUO_PHB,1,23,2,10,1.9406,136.711,174.804,0.9091,0.5481,6.206,0.0866
7CUO_PHB,1,24,2,10,1.9494,137.778,174.752,0.9581,0.5252,0.000,0.0000
7D8Q_GZF,1,0,4,28,5.7547,129.608,165.696,4.2109,4.3119,0.388,0.1733
7D8Q_GZF,1,1,4,28,5.6812,129.708,165.617,4.0889,4.2062,0.335,0.1644
7D8Q_GZF,1,2,4,28,5.6171,129.817,165.566,3.9779,4.1089,0.468,0.1567
7D8Q_GZF,1,3,4,28,5.5565,129.835,165.390,3.8731,4.0152,0.703,0.1514
7D8Q_GZF,1,4,4,28,5.4963,129.742,165.063,3.7729,3.9220,1.030,0.1475
7D8Q_GZF,1,5,4,28,5.4402,129.571,164.490,3.6806,3.8298,1.457,0.1501
7D8Q_GZF,1,6,4,28,5.3916,129.386,163.704,3.5996,3.7381,1.724,0.1536
7D8Q_GZF,1,7,4,28,5.3505,129.253,162.786,3.5352,3.6464,2.154,0.1658
7D8Q_GZF,1,8,4,28,5.3156,129.062,161.618,3.4878,3.5493,2.314,0.1683
7D8Q_GZF,1,9,4,28,5.2847,128.776,160.322,3.4550,3.4489,2.685,0.1832
7D8Q_GZF,1,10,4,28,5.2664,128.437,158.814,3.4387,3.3450,2.926,0.2014
7D8Q_GZF,1,11,4,28,5.2683,128.147,157.092,3.4429,3.2406,3.099,0.2240
7D8Q_GZF,1,12,4,28,5.2903,127.953,155.221,3.4703,3.1308,3.240,0.2428
7D8Q_GZF,1,13,4,28,5.3338,127.912,153.342,3.5179,3.0202,3.343,0.2673
7D8Q_GZF,1,14,4,28,5.3998,128.063,151.499,3.5911,2.9045,3.350,0.2687
7D8Q_GZF,1,15,4,28,5.4698,128.236,152.506,3.6740,2.7842,3.443,0.2712
7D8Q_GZF,1,16,4,28,5.5497,128.301,155.146,3.7692,2.6676,3.521,0.2811
7D8Q_GZF,1,17,4,28,5.6365,128.294,157.871,3.8800,2.5433,3.631,0.2812
7D8Q_GZF,1,18,4,28,5.7306,128.107,160.469,3.9961,2.4217,3.805,0.2826
7D8Q_GZF,1,19,4,28,5.8406,127.741,163.167,4.1222,2.3100,3.926,0.2788
7D8Q_GZF,1,20,4,28,5.9541,127.150,165.537,4.2509,2.1998,4.087,0.2602
7D8Q_GZF,1,21,4,28,6.0613,126.397,167.691,4.3732,2.0920,4.332,0.2550
7D8Q_GZF,1,22,4,28,6.1588,125.431,169.725,4.4956,1.9756,4.513,0.2546
7D8Q_GZF,1,23,4,28,6.2577,124.371,171.931,4.6180,1.8618,4.444,0.2539
7D8Q_GZF,1,24,4,28,6.3635,123.538,174.684,4.7473,1.7534,0.000,0.0000
7E4L_MDN,1,0,2,9,5.5991,123.334,141.247,5.1645,3.2974,0.146,0.2422
7E4L_MDN,1,1,2,9,5.3837,123.329,141.233,4.9397,3.1105,0.152,0.2280
7E4L_MDN,1,2,2,9,5.1848,123.359,141.223,4.7302,2.9380,0.181,0.2216
7E4L_MDN,1,3,2,9,4.9937,123.326,141.092,4.5284,2.7717,0.374,0.2212
7E4L_MDN,1,4,2,9,4.8047,123.182,140.778,4.3286,2.6072,0.509,0.2165
7E4L_MDN,1,5,2,9,4.6241,122.984,140.422,4.1368,2.4480,0.625,0.2081
7E4L_MDN,1,6,2,9,4.4535,122.703,139.987,3.9543,2.2990,0.848,0.2035
7E4L_MDN,1,7,2,9,4.2876,122.341,139.468,3.7757,2.1561,1.338,0.2019
7E4L_MDN,1,8,2,9,4.1247,121.800,138.594,3.6002,2.0139,1.513,0.1951
7E4L_MDN,1,9,2,9,3.9715,121.254,137.614,3.4335,1.8861,1.767,0.1984
7E4L_MDN,1,10,2,9,3.8191,120.599,136.481,3.2672,1.7600,2.074,0.1964
7E4L_MDN,1,11,2,9,3.6734,119.811,135.202,3.1071,1.6384,2.296,0.1937
7E4L_MDN,1,12,2,9,3.5342,118.956,133.906,2.9536,1.5207,2.663,0.1922
7E4L_MDN,1,13,2,9,3.4026,118.015,132.349,2.8089,1.3997,3.094,0.1979
7E4L_MDN,1,14,2,9,3.2755,116.955,130.536,2.6690,1.2796,3.092,0.1842
7E4L_MDN,1,15,2,9,3.1661,115.886,128.745,2.5488,1.1783,2.921,0.1750
7E4L_MDN,1,16,2,9,3.0706,114.858,127.037,2.4439,1.0774,2.957,0.1718
7E4L_MDN,1,17,2,9,2.9857,113.809,125.267,2.3508,0.9824,3.156,0.1786
7E4L_MDN,1,18,2,9,2.9119,112.608,123.401,2.2721,0.8979,3.287,0.1779
7E4L_MDN,1,19,2,9,2.8495,111.291,121.533,2.2076,0.8201,3.286,0.1696
7E4L_MDN,1,20,2,9,2.8070,109.902,119.664,2.1687,0.7578,3.029,0.1669
7E4L_MDN,1,21,2,9,2.7773,108.515,118.096,2.1448,0.7197,3.163,0.1649
7E4L_MDN,1,22,2,9,2.7625,107.040,116.795,2.1395,0.7059,3.481,0.1542
7E4L_MDN,1,23,2,9,2.7589,105.422,115.825,2.1481,0.7177,3.531,0.1438
7E4L_MDN,1,24,2,9,2.7726,103.892,115.049,2.1773,0.7537,0.000,0.0000
7ECR_SIN,1,0,2,8,5.7165,123.218,155.236,5.4673,3.1423,0.300,0.2003
7ECR_SIN,1,1,2,8,5.5407,123.388,155.159,5.2812,3.0423,0.430,0.1874
7ECR_SIN,1,2,2,8,5.3777,123.560,154.944,5.1079,2.9514,0.486,0.1824
7ECR_SIN,1,3,2,8,5.2207,123.734,154.665,4.9404,2.8664,0.444,0.1857
7ECR_SIN,1,4,2,8,5.0622,123.849,154.364,4.7706,2.7826,0.460,0.1812
7ECR_SIN,1,5,2,8,4.9077,123.941,154.041,4.6048,2.7005,0.466,0.1820
7ECR_SIN,1,6,2,8,4.7525,123.912,153.626,4.4378,2.6195,0.458,0.1808
7ECR_SIN,1,7,2,8,4.5980,123.885,153.251,4.2708,2.5334,0.561,0.1836
7ECR_SIN,1,8,2,8,4.4401,123.732,152.930,4.0998,2.4478,0.599,0.1742
7ECR_SIN,1,9,2,8,4.2932,123.638,152.761,3.9391,2.3688,0.953,0.1780
7ECR_SIN,1,10,2,8,4.1464,123.707,153.076,3.7773,2.2857,1.436,0.1752
7ECR_SIN,1,11,2,8,3.9989,123.304,153.150,3.6156,2.2083,1.816,0.1772
7ECR_SIN,1,12,2,8,3.8498,122.683,153.279,3.4519,2.1340,2.674,0.1862
7ECR_SIN,1,13,2,8,3.6940,121.645,153.446,3.2812,2.0578,3.001,0.1945
7ECR_SIN,1,14,2,8,3.5410,120.598,153.791,3.1123,1.9884,2.911,0.1887
7ECR_SIN,1,15,2,8,3.4016,119.861,154.383,2.9558,1.9264,2.792,0.1864
7ECR_SIN,1,16,2,8,3.2741,119.395,155.199,2.8088,1.8675,3.158,0.1857
7ECR_SIN,1,17,2,8,3.1648,118.990,156.085,2.6789,1.8222,3.150,0.1809
7ECR_SIN,1,18,2,8,3.0690,118.508,157.012,2.5619,1.7928,3.081,0.1854
7ECR_SIN,1,19,2,8,3.0010,118.334,158.151,2.4708,1.7800,2.803,0.1755
7ECR_SIN,1,20,2,8,2.9563,118.267,159.264,2.4035,1.7814,2.381,0.1453
7ECR_SIN,1,21,2,8,2.9385,118.263,160.108,2.3652,1.7941,2.708,0.1340
7ECR_SIN,1,22,2,8,2.9325,118.374,161.016,2.3407,1.8228,2.755,0.1075
7ECR_SIN,1,23,2,8,2.9321,118.609,161.729,2.3193,1.8502,2.474,0.1445
7ECR_SIN,1,24,2,8,2.9558,119.017,162.416,2.3095,1.8953,0.000,0.0000
7ED2_A3P,1,0,4,27,6.1903,135.587,157.585,5.6885,2.5584,0.376,0.2427
7ED2_A3P,1,1,4,27,6.0305,135.562,157.796,5.4932,2.4081,0.400,0.2353
7ED2_A3P,1,2,4,27,5.8810,135.548,158.082,5.3071,2.2666,0.639,0.2269
7ED2_A3P,1,3,4,27,5.7458,135.600,158.572,5.1350,2.1340,0.955,0.2125
7ED2_A3P,1,4,4,27,5.6341,135.798,159.358,4.9870,2.0136,1.313,0.2072
7ED2_A3P,1,5,4,27,5.5428,136.044,160.529,4.8600,1.9023,1.729,0.2089
7ED2_A3P,1,6,4,27,5.4803,136.309,162.084,4.7604,1.8051,2.118,0.2087
7ED2_A3P,1,7,4,27,5.4470,136.541,163.849,4.6916,1.7302,2.540,0.2159
7ED2_A3P,1,8,4,27,5.4447,136.916,165.860,4.6526,1.6750,2.741,0.2131
7ED2_A3P,1,9,4,27,5.4548,137.326,167.987,4.6261,1.6374,3.102,0.2159
7ED2_A3P,1,10,4,27,5.4849,137.868,170.426,4.6168,1.6174,3.386,0.2133
7ED2_A3P,1,11,4,27,5.5288,138.575,173.158,4.6201,1.6147,3.586,0.2125
7ED2_A3P,1,12,4,27,5.5837,139.337,175.800,4.6320,1.6247,3.891,0.2103
7ED2_A3P,1,13,4,27,5.6497,140.070,178.579,4.6564,1.6409,4.166,0.2085
7ED2_A3P,1,14,4,27,5.7255,140.024,178.558,4.6881,1.6675,4.324,0.1965
7ED2_A3P,1,15,4,27,5.8013,139.188,175.711,4.7253,1.6892,4.442,0.1963
7ED2_A3P,1,16,4,27,5.8866,138.389,172.930,4.7718,1.7145,4.566,0.1875
7ED2_A3P,1,17,4,27,5.9794,137.641,170.301,4.8294,1.7468,4.606,0.1883
7ED2_A3P,1,18,4,27,6.0763,136.832,167.695,4.8951,1.7876,4.544,0.1791
7ED2_A3P,1,19,4,27,6.1770,136.040,165.244,4.9659,1.8357,4.351,0.1716
7ED2_A3P,1,20,4,27,6.2766,135.226,163.042,5.0429,1.8875,3.959,0.1536
7ED2_A3P,1,21,4,27,6.3649,134.497,161.212,5.1151,1.9334,3.672,0.1419
7ED2_A3P,1,22,4,27,6.4494,133.875,159.643,5.1892,1.9768,3.795,0.1204
7ED2_A3P,1,23,4,27,6.5249,133.355,158.100,5.2566,2.0151,3.740,0.1373
7ED2_A3P,1,24,4,27,6.6150,133.147,157.068,5.3488,2.0459,0.000,0.0000
7EN7_J79,1,0,5,24,8.0699,140.658,157.081,7.9915,5.7417,0.422,0.2751
7EN7_J79,1,1,5,24,7.8180,140.642,157.094,7.7474,5.5352,0.391,0.2658
7EN7_J79,1,2,5,24,7.5808,140.713,157.215,7.5138,5.3367,0.486,0.2570
7EN7_J79,1,3,5,24,7.3560,140.737,157.112,7.2900,5.1424,0.674,0.2611
7EN7_J79,1,4,5,24,7.1310,140.852,156.951,7.0628,4.9368,0.910,0.2736
7EN7_J79,1,5,5,24,6.9024,140.983,156.479,6.8296,4.7192,1.223,0.2764
7EN7_J79,1,6,5,24,6.6766,141.150,155.843,6.5959,4.4942,1.521,0.2621
7EN7_J79,1,7,5,24,6.4746,141.398,155.571,6.3850,4.2868,1.974,0.2671
7EN7_J79,1,8,5,24,6.2818,141.732,156.621,6.1807,4.0812,2.266,0.2717
7EN7_J79,1,9,5,24,6.0944,142.119,157.740,5.9811,3.8716,2.603,0.2651
7EN7_J79,1,10,5,24,5.9322,142.610,159.347,5.8073,3.6837,2.941,0.2669
7EN7_J79,1,11,5,24,5.7900,143.194,161.186,5.6539,3.5032,3.409,0.2749
7EN7_J79,1,12,5,24,5.6694,143.920,163.593,5.5239,3.3290,3.682,0.2775
7EN7_J79,1,13,5,24,5.5737,144.663,166.380,5.4181,3.1774,3.961,0.2777
7EN7_J79,1,14,5,24,5.4913,145.456,169.569,5.3279,3.0213,4.170,0.2769
7EN7_J79,1,15,5,24,5.4261,146.202,173.003,5.2561,2.8689,4.297,0.2725
7EN7_J79,1,16,5,24,5.3771,146.918,176.735,5.2033,2.7191,4.423,0.2535
7EN7_J79,1,17,5,24,5.3429,147.245,179.223,5.1669,2.5773,4.490,0.2586
7EN7_J79,1,18,5,24,5.3191,145.964,174.913,5.1424,2.4236,4.658,0.2430
7EN7_J79,1,19,5,24,5.3144,144.498,170.578,5.1397,2.2935,4.769,0.2395
7EN7_J79,1,20,5,24,5.3231,142.914,166.169,5.1521,2.1685,4.689,0.2307
7EN7_J79,1,21,5,24,5.3399,141.380,165.324,5.1728,2.0504,4.589,0.2300
7EN7_J79,1,22,5,24,5.3708,139.937,167.631,5.2078,1.9392,4.474,0.2228
7EN7_J79,1,23,5,24,5.4102,138.772,169.748,5.2493,1.8366,4.391,0.2311
7EN7_J79,1,24,5,24,5.4661,137.946,171.018,5.2987,1.7462,0.000,0.0000
7EPV_FDA,1,0,9,53,9.4854,122.540,175.070,7.3803,2.5660,0.348,0.2242
7EPV_FDA,1,1,9,53,9.3794,122.437,175.319,7.2208,2.4601,0.359,0.2185
7EPV_FDA,1,2,9,53,9.2796,122.321,175.529,7.0686,2.3555,0.398,0.2118
7EPV_FDA,1,3,9,53,9.1894,122.229,175.882,6.9223,2.2552,0.633,0.2116
7EPV_FDA,1,4,9,53,9.1035,122.283,176.385,6.7735,2.1504,0.880,0.2109
7EPV_FDA,1,5,9,53,9.0286,122.317,176.938,6.6319,2.0416,1.089,0.2121
7EPV_FDA,1,6,9,53,8.9416,122.173,177.399,6.4851,1.9291,1.204,0.2080
7EPV_FDA,1,7,9,53,8.8489,121.965,177.797,6.3360,1.8225,1.546,0.2084
7EPV_FDA,1,8,9,53,8.7657,121.783,178.524,6.1920,1.7189,1.833,0.2094
7EPV_FDA,1,9,9,53,8.6893,121.645,179.393,6.0532,1.6246,2.175,0.2109
7EPV_FDA,1,10,9,53,8.6240,121.357,179.584,5.9246,1.5322,2.372,0.2176
7EPV_FDA,1,11,9,53,8.5499,120.790,178.556,5.7885,1.4438,2.435,0.2246
7EPV_FDA,1,12,9,53,8.4803,120.193,177.559,5.6538,1.3595,2.600,0.2232
7EPV_FDA,1,13,9,53,8.4286,119.634,176.674,5.5329,1.2903,2.786,0.2394
7EPV_FDA,1,14,9,53,8.4126,119.180,175.899,5.4357,1.2281,2.867,0.2541
7EPV_FDA,1,15,9,53,8.4217,118.885,175.637,5.3578,1.1833,2.950,0.2746
7EPV_FDA,1,16,9,53,8.4636,118.653,175.405,5.3129,1.1537,2.905,0.2846
7EPV_FDA,1,17,9,53,8.5269,118.491,175.862,5.2989,1.1322,2.903,0.2982
7EPV_FDA,1,18,9,53,8.5909,118.411,176.871,5.3009,1.1118,3.184,0.2987
7EPV_FDA,1,19,9,53,8.6621,118.464,178.409,5.3199,1.1052,3.241,0.3027
7EPV_FDA,1,20,9,53,8.7341,118.465,179.649,5.3598,1.0994,3.299,0.2972
7EPV_FDA,1,21,9,53,8.8029,117.921,177.351,5.4251,1.0908,3.428,0.2932
7EPV_FDA,1,22,9,53,8.8628,117.413,174.803,5.5120,1.0942,3.666,0.2858
7EPV_FDA,1,23,9,53,8.9133,116.970,172.179,5.6171,1.1053,4.120,0.2744
7EPV_FDA,1,24,9,53,8.9615,116.557,169.378,5.7355,1.1285,0.000,0.0000
7F5D_EUO,1,0,4,21,6.5043,141.462,171.393,5.7718,2.7725,0.225,0.2273
7F5D_EUO,1,1,4,21,6.3556,141.485,171.204,5.6191,2.6236,0.239,0.2204
7F5D_EUO,1,2,4,21,6.2156,141.463,171.006,5.4810,2.4786,0.336,0.2170
7F5D_EUO,1,3,4,21,6.0880,141.492,170.764,5.3580,2.3420,0.595,0.2208
7F5D_EUO,1,4,4,21,5.9726,141.547,170.453,5.2474,2.2103,0.719,0.2239
7F5D_EUO,1,5,4,21,5.8668,141.597,170.162,5.1482,2.0800,1.059,0.2300
7F5D_EUO,1,6,4,21,5.7792,141.569,169.655,5.0699,1.9531,1.453,0.2294
7F5D_EUO,1,7,4,21,5.7126,141.497,168.968,5.0174,1.8309,1.816,0.2284
7F5D_EUO,1,8,4,21,5.6711,141.604,168.448,4.9910,1.7196,1.992,0.2275
7F5D_EUO,1,9,4,21,5.6409,141.774,167.982,4.9755,1.6021,2.211,0.2275
7F5D_EUO,1,10,4,21,5.6238,141.932,167.468,4.9734,1.4814,2.405,0.2190
7F5D_EUO,1,11,4,21,5.6201,142.363,167.388,4.9820,1.3545,2.474,0.2147
7F5D_EUO,1,12,4,21,5.6269,142.845,167.700,4.9968,1.2202,2.628,0.2060
7F5D_EUO,1,13,4,21,5.6425,143.476,168.761,5.0167,1.0835,2.719,0.2035
7F5D_EUO,1,14,4,21,5.6633,144.073,170.319,5.0441,0.9453,3.006,0.2048
7F5D_EUO,1,15,4,21,5.6873,144.720,172.374,5.0723,0.8079,3.071,0.2061
7F5D_EUO,1,16,4,21,5.7222,145.468,174.794,5.1176,0.6688,3.336,0.1964
7F5D_EUO,1,17,4,21,5.7679,146.333,177.349,5.1764,0.5371,3.466,0.2069
7F5D_EUO,1,18,4,21,5.8282,147.273,179.917,5.2509,0.4015,3.493,0.2067
7F5D_EUO,1,19,4,21,5.8891,146.595,177.999,5.3237,0.2831,3.842,0.2122
7F5D_EUO,1,20,4,21,5.9633,145.929,175.973,5.4136,0.1815,4.259,0.2206
7F5D_EUO,1,21,4,21,6.0488,145.448,174.118,5.5159,0.1330,4.488,0.2267
7F5D_EUO,1,22,4,21,6.1461,145.063,172.661,5.6327,0.1825,4.774,0.2403
7F5D_EUO,1,23,4,21,6.2638,144.896,171.600,5.7733,0.2813,4.745,0.2570
7F5D_EUO,1,24,4,21,6.3962,144.914,170.916,5.9345,0.3852,0.000,0.0000
7F8T_FAD,1,0,9,53,8.0950,89.584,133.160,6.2280,1.5200,0.534,0.1812
7F8T_FAD,1,1,9,53,7.9339,89.259,133.159,6.0759,1.4632,0.518,0.1710
7F8T_FAD,1,2,9,53,7.7812,88.924,133.135,5.9350,1.4092,0.618,0.1651
7F8T_FAD,1,3,9,53,7.6438,88.589,133.145,5.8049,1.3588,0.836,0.1630
7F8T_FAD,1,4,9,53,7.5254,88.242,133.148,5.6866,1.3107,0.988,0.1602
7F8T_FAD,1,5,9,53,7.4261,87.847,133.118,5.5824,1.2684,1.126,0.1609
7F8T_FAD,1,6,9,53,7.3495,87.527,132.829,5.4963,1.2297,1.260,0.1624
7F8T_FAD,1,7,9,53,7.2905,87.270,132.382,5.4269,1.1938,1.458,0.1629
7F8T_FAD,1,8,9,53,7.2486,87.032,131.693,5.3745,1.1521,1.664,0.1646
7F8T_FAD,1,9,9,53,7.2136,86.786,130.658,5.3343,1.1068,1.816,0.1722
7F8T_FAD,1,10,9,53,7.1924,86.594,129.391,5.3070,1.0508,2.011,0.1820
7F8T_FAD,1,11,9,53,7.1790,86.334,127.653,5.2901,0.9835,2.341,0.1808
7F8T_FAD,1,12,9,53,7.1668,86.189,125.710,5.2780,0.9164,2.726,0.1801
7F8T_FAD,1,13,9,53,7.1576,86.167,123.303,5.2739,0.8490,3.005,0.1910
7F8T_FAD,1,14,9,53,7.1471,86.310,120.820,5.2756,0.7788,3.218,0.1969
7F8T_FAD,1,15,9,53,7.1430,86.691,118.476,5.2858,0.7050,3.438,0.2061
7F8T_FAD,1,16,9,53,7.1568,87.330,116.265,5.3113,0.6372,3.728,0.2088
7F8T_FAD,1,17,9,53,7.1829,88.229,114.075,5.3512,0.5725,3.968,0.2189
7F8T_FAD,1,18,9,53,7.2278,89.459,116.159,5.4095,0.5071,4.263,0.2211
7F8T_FAD,1,19,9,53,7.2833,90.752,121.971,5.4760,0.4552,4.557,0.2249
7F8T_FAD,1,20,9,53,7.3566,92.264,128.148,5.5566,0.4103,4.515,0.2154
7F8T_FAD,1,21,9,53,7.4392,93.940,134.452,5.6406,0.3765,4.420,0.2090
7F8T_FAD,1,22,9,53,7.5408,95.897,140.199,5.7334,0.3615,4.309,0.2094
7F8T_FAD,1,23,9,53,7.6715,98.170,146.074,5.8364,0.3695,4.191,0.2016
7F8T_FAD,1,24,9,53,7.8393,100.576,151.684,5.9455,0.4034,0.000,0.0000
7FB7_8NF,1,0,1,9,5.5374,178.712,178.712,4.0231,4.0231,0.233,0.1852
7FB7_8NF,1,1,1,9,5.4056,178.753,178.753,3.8392,3.8392,0.184,0.1691
7FB7_8NF,1,2,1,9,5.2880,178.763,178.763,3.6715,3.6715,0.193,0.1741
7FB7_8NF,1,3,1,9,5.1699,178.783,178.783,3.4989,3.4989,0.243,0.1806
7FB7_8NF,1,4,1,9,5.0510,178.803,178.803,3.3202,3.3202,0.272,0.1890
7FB7_8NF,1,5,1,9,4.9300,178.782,178.782,3.1325,3.1325,0.337,0.1976
7FB7_8NF,1,6,1,9,4.8083,178.778,178.778,2.9369,2.9369,0.342,0.1916
7FB7_8NF,1,7,1,9,4.6960,178.787,178.787,2.7490,2.7490,0.326,0.1843
7FB7_8NF,1,8,1,9,4.5928,178.807,178.807,2.5680,2.5680,0.383,0.1853
7FB7_8NF,1,9,1,9,4.4942,178.808,178.808,2.3861,2.3861,0.375,0.1992
7FB7_8NF,1,10,1,9,4.3946,178.867,178.867,2.1905,2.1905,0.498,0.1844
7FB7_8NF,1,11,1,9,4.3088,178.789,178.789,2.0097,2.0097,0.606,0.1855
7FB7_8NF,1,12,1,9,4.2294,178.713,178.713,1.8286,1.8286,0.687,0.1927
7FB7_8NF,1,13,1,9,4.1539,178.608,178.608,1.6399,1.6399,0.882,0.1869
7FB7_8NF,1,14,1,9,4.0892,178.514,178.514,1.4590,1.4590,0.878,0.1891
7FB7_8NF,1,15,1,9,4.0309,178.400,178.400,1.2749,1.2749,0.914,0.1871
7FB7_8NF,1,16,1,9,3.9819,178.397,178.397,1.0952,1.0952,0.908,0.1732
7FB7_8NF,1,17,1,9,3.9439,178.248,178.248,0.9311,0.9311,0.879,0.1717
7FB7_8NF,1,18,1,9,3.9130,178.201,178.201,0.7732,0.7732,0.940,0.1569
7FB7_8NF,1,19,1,9,3.8924,178.175,178.175,0.6438,0.6438,0.704,0.1570
7FB7_8NF,1,20,1,9,3.8769,178.164,178.164,0.5276,0.5276,0.718,0.1502
7FB7_8NF,1,21,1,9,3.8677,178.273,178.273,0.4427,0.4427,0.763,0.1437
7FB7_8NF,1,22,1,9,3.8636,178.503,178.503,0.4022,0.4022,0.845,0.1344
7FB7_8NF,1,23,1,9,3.8644,178.838,178.838,0.4150,0.4150,0.976,0.1303
7FB7_8NF,1,24,1,9,3.8681,179.296,179.296,0.4562,0.4562,0.000,0.0000
7FRX_O88,1,0,5,30,6.3802,107.189,160.641,6.1051,3.2085,0.452,0.2374
7FRX_O88,1,1,5,30,6.2175,106.983,160.363,5.9491,2.9992,0.470,0.2230
7FRX_O88,1,2,5,30,6.0702,106.779,160.051,5.8078,2.8019,0.500,0.2298
7FRX_O88,1,3,5,30,5.9172,106.461,159.589,5.6607,2.5994,0.609,0.2406
7FRX_O88,1,4,5,30,5.7453,106.052,158.971,5.4922,2.3933,0.778,0.2527
7FRX_O88,1,5,5,30,5.5497,105.537,158.063,5.2985,2.1819,0.996,0.2679
7FRX_O88,1,6,5,30,5.3315,104.820,156.828,5.0818,1.9679,1.305,0.2707
7FRX_O88,1,7,5,30,5.1065,103.901,155.349,4.8587,1.7597,1.702,0.2952
7FRX_O88,1,8,5,30,4.8532,102.712,153.547,4.6052,1.5512,2.074,0.2944
7FRX_O88,1,9,5,30,4.5972,101.299,151.418,4.3479,1.3564,2.326,0.3020
7FRX_O88,1,10,5,30,4.3348,99.735,148.988,4.0816,1.1692,2.539,0.3125
7FRX_O88,1,11,5,30,4.0679,97.906,146.468,3.8073,0.9843,2.858,0.3040
7FRX_O88,1,12,5,30,3.8107,95.867,143.886,3.5407,0.8143,3.069,0.2966
7FRX_O88,1,13,5,30,3.5648,93.645,141.545,3.2827,0.6584,3.273,0.2929
7FRX_O88,1,14,5,30,3.3269,91.276,139.352,3.0301,0.5103,3.447,0.2793
7FRX_O88,1,15,5,30,3.1048,88.765,137.310,2.7919,0.3780,3.607,0.2761
7FRX_O88,1,16,5,30,2.8916,86.189,135.687,2.5593,0.2662,4.071,0.2634
7FRX_O88,1,17,5,30,2.6952,83.320,134.419,2.3436,0.2011,4.400,0.2640
7FRX_O88,1,18,5,30,2.5085,80.220,133.227,2.1370,0.2143,4.992,0.2485
7FRX_O88,1,19,5,30,2.3389,76.821,132.575,1.9492,0.2843,5.381,0.2490
7FRX_O88,1,20,5,30,2.1811,73.224,132.263,1.7743,0.3716,5.771,0.2370
7FRX_O88,1,21,5,30,2.0493,69.705,132.439,1.6303,0.4641,6.088,0.2317
7FRX_O88,1,22,5,30,1.9399,66.245,133.020,1.5112,0.5516,5.979,0.2404
7FRX_O88,1,23,5,30,1.8696,63.132,133.602,1.4310,0.6460,6.193,0.2424
7FRX_O88,1,24,5,30,1.8495,60.807,133.627,1.3958,0.7260,0.000,0.0000
7FT9_4MB,1,0,3,14,5.0498,125.145,156.250,4.2237,1.6708,0.237,0.1827
7FT9_4MB,1,1,3,14,4.9230,125.016,156.144,4.1077,1.6272,0.181,0.1754
7FT9_4MB,1,2,3,14,4.8048,124.924,156.072,4.0011,1.5854,0.242,0.1759
7FT9_4MB,1,3,3,14,4.6898,124.809,156.023,3.9000,1.5403,0.322,0.1743
7FT9_4MB,1,4,3,14,4.5771,124.664,156.017,3.8032,1.4871,0.395,0.1676
7FT9_4MB,1,5,3,14,4.4773,124.526,156.112,3.7236,1.4340,0.654,0.1619
7FT9_4MB,1,6,3,14,4.3907,124.361,156.312,3.6611,1.3853,0.896,0.1648
7FT9_4MB,1,7,3,14,4.3237,124.288,156.727,3.6224,1.3393,1.125,0.1568
7FT9_4MB,1,8,3,14,4.2656,124.124,157.085,3.5927,1.2996,1.267,0.1516
7FT9_4MB,1,9,3,14,4.2126,123.868,157.365,3.5679,1.2544,1.356,0.1494
7FT9_4MB,1,10,3,14,4.1693,123.578,157.771,3.5515,1.2072,1.594,0.1498
7FT9_4MB,1,11,3,14,4.1379,123.270,158.164,3.5469,1.1649,1.511,0.1562
7FT9_4MB,1,12,3,14,4.1213,123.014,158.566,3.5559,1.1251,1.827,0.1538
7FT9_4MB,1,13,3,14,4.1150,122.801,159.096,3.5715,1.0834,2.014,0.1465
7FT9_4MB,1,14,3,14,4.1076,122.452,159.458,3.5814,1.0427,2.108,0.1599
7FT9_4MB,1,15,3,14,4.1159,122.338,159.792,3.6050,1.0055,2.201,0.1551
7FT9_4MB,1,16,3,14,4.1244,122.021,159.880,3.6234,0.9636,2.392,0.1642
7FT9_4MB,1,17,3,14,4.1493,121.908,160.114,3.6570,0.9306,2.728,0.1646
7FT9_4MB,1,18,3,14,4.1828,121.627,160.043,3.6958,0.9104,2.927,0.1709
7FT9_4MB,1,19,3,14,4.2263,121.421,160.057,3.7444,0.9146,3.290,0.1853
7FT9_4MB,1,20,3,14,4.2915,121.533,160.348,3.8144,0.9357,3.844,0.2019
7FT9_4MB,1,21,3,14,4.3767,121.976,160.821,3.9056,0.9752,4.733,0.2287
7FT9_4MB,1,22,3,14,4.4848,122.899,161.773,4.0207,1.0489,5.486,0.2597
7FT9_4MB,1,23,3,14,4.6301,124.200,162.850,4.1743,1.1408,5.992,0.2924
7FT9_4MB,1,24,3,14,4.8248,125.783,164.125,4.3750,1.2513,0.000,0.0000
7JG0_GAR,1,0,4,18,7.2119,116.810,137.699,6.7585,3.6431,0.556,0.2078
7JG0_GAR,1,1,4,18,6.9678,116.694,137.417,6.5878,3.4351,0.554,0.1990
7JG0_GAR,1,2,4,18,6.7401,116.606,137.211,6.4283,3.2355,0.693,0.1923
7JG0_GAR,1,3,4,18,6.5261,116.460,136.875,6.2791,3.0421,0.903,0.1816
7JG0_GAR,1,4,4,18,6.3325,116.295,136.524,6.1448,2.8635,1.233,0.1790
7JG0_GAR,1,5,4,18,6.1420,116.211,136.223,6.0029,2.6887,1.814,0.1837
7JG0_GAR,1,6,4,18,5.9489,116.344,136.136,5.8455,2.5144,2.038,0.1878
7JG0_GAR,1,7,4,18,5.7562,116.551,136.140,5.6783,2.3440,2.424,0.1836
7JG0_GAR,1,8,4,18,5.5777,116.941,136.441,5.5171,2.1870,2.449,0.1833
7JG0_GAR,1,9,4,18,5.4039,117.383,136.881,5.3593,2.0295,2.336,0.1961
7JG0_GAR,1,10,4,18,5.2208,117.760,137.212,5.1892,1.8647,2.253,0.1978
7JG0_GAR,1,11,4,18,5.0413,118.153,137.675,5.0157,1.7070,2.305,0.1940
7JG0_GAR,1,12,4,18,4.8723,118.559,138.190,4.8484,1.5592,2.414,0.1880
7JG0_GAR,1,13,4,18,4.7168,119.041,138.788,4.6916,1.4186,2.455,0.1761
7JG0_GAR,1,14,4,18,4.5812,119.606,139.533,4.5528,1.2919,2.290,0.1746
7JG0_GAR,1,15,4,18,4.4532,120.093,140.040,4.4205,1.1650,2.163,0.1664
7JG0_GAR,1,16,4,18,4.3413,120.537,140.541,4.3001,1.0486,2.095,0.1619
7JG0_GAR,1,17,4,18,4.2422,120.920,140.917,4.1934,0.9334,1.969,0.1627
7JG0_GAR,1,18,4,18,4.1519,121.266,141.222,4.0975,0.8085,1.793,0.1647
7JG0_GAR,1,19,4,18,4.0603,121.411,141.251,3.9952,0.6907,1.812,0.1646
7JG0_GAR,1,20,4,18,3.9791,121.609,141.316,3.9036,0.5809,1.814,0.1626
7JG0_GAR,1,21,4,18,3.9095,121.791,141.347,3.8261,0.4902,2.057,0.1731
7JG0_GAR,1,22,4,18,3.8474,121.876,141.052,3.7601,0.4455,2.432,0.1784
7JG0_GAR,1,23,4,18,3.8059,122.172,140.867,3.7158,0.4948,3.138,0.1939
7JG0_GAR,1,24,4,18,3.7912,122.824,141.067,3.6940,0.6125,0.000,0.0000
7JGW_V9S,1,0,8,45,10.2371,130.854,167.516,8.9469,4.1288,0.553,0.2395
7JGW_V9S,1,1,8,45,10.0540,130.713,167.527,8.7973,3.9953,0.572,0.2366
7JGW_V9S,1,2,8,45,9.8822,130.565,167.559,8.6560,3.8644,0.770,0.2301
7JGW_V9S,1,3,8,45,9.7255,130.269,167.664,8.5304,3.7463,1.100,0.2227
7JGW_V9S,1,4,8,45,9.5868,129.854,167.886,8.4262,3.6375,1.451,0.2189
7JGW_V9S,1,5,8,45,9.4782,129.385,168.394,8.3587,3.5342,1.655,0.2227
7JGW_V9S,1,6,8,45,9.3884,128.925,169.232,8.3069,3.4405,1.806,0.2190
7JGW_V9S,1,7,8,45,9.3161,128.334,170.124,8.2717,3.3652,2.078,0.2219
7JGW_V9S,1,8,8,45,9.2708,127.717,171.049,8.2575,3.2975,2.225,0.2321
7JGW_V9S,1,9,8,45,9.2490,127.110,172.062,8.2626,3.2325,2.556,0.2346
7JGW_V9S,1,10,8,45,9.2545,126.500,173.358,8.2835,3.1835,2.806,0.2459
7JGW_V9S,1,11,8,45,9.2823,125.935,174.881,8.3236,3.1349,2.984,0.2514
7JGW_V9S,1,12,8,45,9.3359,125.517,176.574,8.3819,3.0983,3.119,0.2524
7JGW_V9S,1,13,8,45,9.4045,125.200,178.400,8.4461,3.0682,3.229,0.2522
7JGW_V9S,1,14,8,45,9.4820,124.881,179.797,8.5103,3.0461,3.230,0.2500
7JGW_V9S,1,15,8,45,9.5712,124.217,178.056,8.5750,3.0431,3.215,0.2526
7JGW_V9S,1,16,8,45,9.6736,123.700,176.342,8.6437,3.0600,3.172,0.2449
7JGW_V9S,1,17,8,45,9.7838,123.338,174.767,8.7139,3.0958,3.195,0.2487
7JGW_V9S,1,18,8,45,9.9067,123.182,173.551,8.7929,3.1549,3.373,0.2455
7JGW_V9S,1,19,8,45,10.0337,123.004,172.204,8.8739,3.2284,3.506,0.2419
7JGW_V9S,1,20,8,45,10.1652,122.979,171.226,8.9583,3.3216,3.557,0.2356
7JGW_V9S,1,21,8,45,10.2991,122.995,170.492,9.0435,3.4318,3.665,0.2245
7JGW_V9S,1,22,8,45,10.4297,123.044,169.965,9.1286,3.5477,3.566,0.2125
7JGW_V9S,1,23,8,45,10.5599,123.143,169.892,9.2166,3.6799,3.412,0.1987
7JGW_V9S,1,24,8,45,10.6870,123.187,170.729,9.3133,3.8041,0.000,0.0000
7JHQ_VAJ,1,0,4,18,6.1349,120.483,178.858,6.1694,3.3985,0.250,0.2366
7JHQ_VAJ,1,1,4,18,5.9599,120.469,178.702,5.9734,3.2292,0.220,0.2272
7JHQ_VAJ,1,2,4,18,5.7954,120.451,178.520,5.7880,3.0656,0.253,0.2263
7JHQ_VAJ,1,3,4,18,5.6349,120.389,178.342,5.6057,2.9046,0.384,0.2273
7JHQ_VAJ,1,4,4,18,5.4778,120.312,178.135,5.4256,2.7466,0.589,0.2288
7JHQ_VAJ,1,5,4,18,5.3271,120.289,178.000,5.2510,2.5909,0.847,0.2304
7JHQ_VAJ,1,6,4,18,5.1797,120.337,177.955,5.0783,2.4377,1.040,0.2166
7JHQ_VAJ,1,7,4,18,5.0489,120.474,177.882,4.9230,2.2990,1.460,0.2226
7JHQ_VAJ,1,8,4,18,4.9222,120.619,177.815,4.7696,2.1632,1.683,0.2204
7JHQ_VAJ,1,9,4,18,4.8059,120.879,177.725,4.6258,2.0357,1.969,0.2270
7JHQ_VAJ,1,10,4,18,4.6963,121.293,177.690,4.4860,1.9114,2.225,0.2276
7JHQ_VAJ,1,11,4,18,4.5999,121.869,177.604,4.3589,1.7892,2.494,0.2275
7JHQ_VAJ,1,12,4,18,4.5185,122.654,177.499,4.2469,1.6691,2.744,0.2255
7JHQ_VAJ,1,13,4,18,4.4534,123.511,177.145,4.1518,1.5548,3.014,0.2291
7JHQ_VAJ,1,14,4,18,4.4056,124.349,176.480,4.0750,1.4418,2.993,0.2248
7JHQ_VAJ,1,15,4,18,4.3754,125.314,175.773,4.0177,1.3351,3.025,0.2226
7JHQ_VAJ,1,16,4,18,4.3580,126.379,174.881,3.9759,1.2243,3.041,0.2140
7JHQ_VAJ,1,17,4,18,4.3498,127.656,175.455,3.9462,1.1251,3.112,0.2075
7JHQ_VAJ,1,18,4,18,4.3549,129.248,176.571,3.9325,1.0305,3.244,0.1988
7JHQ_VAJ,1,19,4,18,4.3734,130.945,177.572,3.9379,0.9356,3.303,0.1963
7JHQ_VAJ,1,20,4,18,4.4023,132.825,178.756,3.9551,0.8448,3.084,0.1896
7JHQ_VAJ,1,21,4,18,4.4409,134.623,179.818,3.9820,0.7711,3.294,0.1920
7JHQ_VAJ,1,22,4,18,4.4810,135.862,178.272,4.0087,0.6922,3.212,0.1988
7JHQ_VAJ,1,23,4,18,4.5293,136.835,176.563,4.0362,0.6183,3.232,0.2237
7JHQ_VAJ,1,24,4,18,4.5882,137.532,175.262,4.0601,0.5340,0.000,0.0000
7JMV_4NC,1,0,2,11,3.0824,161.169,167.145,2.3526,0.8080,0.239,0.0941
7JMV_4NC,1,1,2,11,3.0533,161.358,167.385,2.3062,0.7668,0.260,0.0881
7JMV_4NC,1,2,2,11,3.0278,161.569,167.637,2.2640,0.7257,0.359,0.0901
7JMV_4NC,1,3,2,11,3.0050,161.854,167.969,2.2246,0.6832,0.476,0.0941
7JMV_4NC,1,4,2,11,2.9860,162.234,168.422,2.1901,0.6445,0.574,0.0970
7JMV_4NC,1,5,2,11,2.9723,162.695,168.993,2.1622,0.6072,0.728,0.1005
7JMV_4NC,1,6,2,11,2.9648,163.246,169.726,2.1430,0.5699,0.849,0.0984
7JMV_4NC,1,7,2,11,2.9632,163.871,170.599,2.1332,0.5383,1.086,0.1073
7JMV_4NC,1,8,2,11,2.9706,164.590,171.703,2.1386,0.5071,1.121,0.1105
7JMV_4NC,1,9,2,11,2.9846,165.336,172.814,2.1548,0.4862,1.474,0.1188
7JMV_4NC,1,10,2,11,3.0043,166.221,174.159,2.1819,0.4705,1.618,0.1232
7JMV_4NC,1,11,2,11,3.0346,167.110,175.467,2.2275,0.4608,1.848,0.1287
7JMV_4NC,1,12,2,11,3.0720,168.114,176.877,2.2856,0.4595,2.011,0.1350
7JMV_4NC,1,13,2,11,3.1175,168.964,178.060,2.3596,0.4563,2.294,0.1355
7JMV_4NC,1,14,2,11,3.1693,169.717,179.064,2.4448,0.4514,2.460,0.1345
7JMV_4NC,1,15,2,11,3.2240,170.500,179.994,2.5330,0.4586,2.620,0.1333
7JMV_4NC,1,16,2,11,3.2840,170.392,179.062,2.6281,0.4616,2.978,0.1394
7JMV_4NC,1,17,2,11,3.3511,170.428,178.323,2.7312,0.4671,2.988,0.1436
7JMV_4NC,1,18,2,11,3.4233,170.695,177.901,2.8391,0.4793,3.257,0.1472
7JMV_4NC,1,19,2,11,3.5000,171.049,177.486,2.9526,0.4823,3.267,0.1428
7JMV_4NC,1,20,2,11,3.5817,171.445,177.177,3.0687,0.4832,3.356,0.1534
7JMV_4NC,1,21,2,11,3.6737,172.295,177.278,3.1959,0.4769,3.822,0.1727
7JMV_4NC,1,22,2,11,3.7790,173.653,177.656,3.3373,0.4630,4.424,0.1942
7JMV_4NC,1,23,2,11,3.9036,175.604,178.655,3.5015,0.4440,5.361,0.2471
7JMV_4NC,1,24,2,11,4.0618,178.011,179.608,3.7089,0.4315,0.000,0.0000
7K0V_VQP,1,0,5,32,6.2026,141.073,159.080,6.4497,1.1257,0.332,0.1564
7K0V_VQP,1,1,5,32,6.1670,141.025,159.170,6.3570,1.1093,0.321,0.1495
7K0V_VQP,1,2,5,32,6.1356,140.988,159.211,6.2706,1.0971,0.394,0.1505
7K0V_VQP,1,3,5,32,6.1136,140.972,159.260,6.1954,1.0806,0.554,0.1513
7K0V_VQP,1,4,5,32,6.1134,141.133,159.408,6.1473,1.0602,0.890,0.1594
7K0V_VQP,1,5,5,32,6.1445,141.528,159.650,6.1338,1.0424,1.127,0.1760
7K0V_VQP,1,6,5,32,6.2130,142.157,159.989,6.1569,1.0344,1.143,0.2004
7K0V_VQP,1,7,5,32,6.3194,142.956,160.394,6.2167,1.0352,1.396,0.2249
7K0V_VQP,1,8,5,32,6.4667,143.978,161.096,6.3114,1.0569,1.485,0.2391
7K0V_VQP,1,9,5,32,6.6332,145.087,161.929,6.4234,1.0846,1.571,0.2559
7K0V_VQP,1,10,5,32,6.8110,146.313,163.015,6.5405,1.1158,1.789,0.2658
7K0V_VQP,1,11,5,32,7.0061,147.555,164.149,6.6628,1.1593,1.951,0.2798
7K0V_VQP,1,12,5,32,7.2125,148.714,165.305,6.7960,1.1963,2.083,0.2790
7K0V_VQP,1,13,5,32,7.4236,149.779,166.592,6.9229,1.2405,2.400,0.2871
7K0V_VQP,1,14,5,32,7.6460,150.882,168.020,7.0608,1.2776,2.710,0.2837
7K0V_VQP,1,15,5,32,7.8750,152.066,169.593,7.2060,1.3178,3.026,0.2823
7K0V_VQP,1,16,5,32,8.1145,153.394,171.402,7.3630,1.3637,3.347,0.2767
7K0V_VQP,1,17,5,32,8.3519,154.812,173.355,7.5176,1.4072,3.727,0.2781
7K0V_VQP,1,18,5,32,8.5927,156.376,175.892,7.6734,1.4501,4.092,0.2771
7K0V_VQP,1,19,5,32,8.8367,158.049,178.566,7.8311,1.4911,4.429,0.2826
7K0V_VQP,1,20,5,32,9.0910,158.888,177.924,8.0008,1.5312,4.533,0.2754
7K0V_VQP,1,21,5,32,9.3375,158.689,173.974,8.1691,1.5621,4.954,0.2771
7K0V_VQP,1,22,5,32,9.5794,158.276,169.162,8.3407,1.5775,5.032,0.2692
7K0V_VQP,1,23,5,32,9.7992,157.500,164.652,8.5120,1.5793,5.081,0.2496
7K0V_VQP,1,24,5,32,10.0029,156.825,164.041,8.6717,1.5670,0.000,0.0000
7K41_VUA,1,0,4,22,6.2895,140.832,157.240,5.5043,2.3318,0.440,0.2207
7K41_VUA,1,1,4,22,6.1414,140.798,157.013,5.3290,2.2148,0.377,0.2073
7K41_VUA,1,2,4,22,6.0053,140.739,156.816,5.1680,2.1082,0.497,0.2036
7K41_VUA,1,3,4,22,5.8738,140.641,156.493,5.0146,2.0001,0.783,0.2012
7K41_VUA,1,4,4,22,5.7472,140.428,155.989,4.8688,1.8899,0.940,0.1943
7K41_VUA,1,5,4,22,5.6292,140.178,155.390,4.7339,1.7851,1.217,0.1856
7K41_VUA,1,6,4,22,5.5175,139.764,154.515,4.6070,1.6828,1.327,0.1775
7K41_VUA,1,7,4,22,5.4085,139.280,153.367,4.4884,1.5923,1.369,0.1813
7K41_VUA,1,8,4,22,5.2994,138.942,152.359,4.3738,1.5068,1.664,0.1768
7K41_VUA,1,9,4,22,5.1984,138.609,151.300,4.2699,1.4241,1.807,0.1734
7K41_VUA,1,10,4,22,5.1017,138.259,150.834,4.1741,1.3551,2.022,0.1663
7K41_VUA,1,11,4,22,5.0132,137.732,152.475,4.0901,1.2933,2.215,0.1639
7K41_VUA,1,12,4,22,4.9354,137.301,154.508,4.0201,1.2349,2.376,0.1600
7K41_VUA,1,13,4,22,4.8693,136.883,156.848,3.9616,1.1777,2.824,0.1837
7K41_VUA,1,14,4,22,4.8286,136.604,159.756,3.9301,1.1148,2.950,0.2002
7K41_VUA,1,15,4,22,4.8040,136.326,162.626,3.9189,1.0516,3.145,0.2233
7K41_VUA,1,16,4,22,4.8059,136.232,165.752,3.9357,0.9849,3.553,0.2520
7K41_VUA,1,17,4,22,4.8459,136.371,169.349,3.9905,0.9156,3.976,0.2691
7K41_VUA,1,18,4,22,4.9200,136.610,173.356,4.0772,0.8487,3.888,0.2772
7K41_VUA,1,19,4,22,5.0137,137.454,177.794,4.1826,0.7898,4.051,0.2818
7K41_VUA,1,20,4,22,5.1378,136.893,177.360,4.3114,0.7418,4.328,0.2718
7K41_VUA,1,21,4,22,5.2764,135.032,172.027,4.4446,0.6976,4.640,0.2794
7K41_VUA,1,22,4,22,5.4487,133.332,166.082,4.6059,0.6636,4.858,0.2676
7K41_VUA,1,23,4,22,5.6348,132.011,160.093,4.7857,0.6570,5.207,0.2554
7K41_VUA,1,24,4,22,5.8270,131.093,157.262,4.9750,0.6759,0.000,0.0000
7KFO_IAC,1,0,2,13,4.1557,90.872,159.506,4.6713,1.7884,0.335,0.2429
7KFO_IAC,1,1,2,13,3.9752,90.950,159.692,4.4414,1.7273,0.342,0.2367
7KFO_IAC,1,2,2,13,3.8026,91.050,159.821,4.2192,1.6722,0.271,0.2301
7KFO_IAC,1,3,2,13,3.6373,91.072,159.886,4.0054,1.6160,0.368,0.2247
7KFO_IAC,1,4,2,13,3.4768,91.049,159.983,3.7990,1.5558,0.461,0.2150
7KFO_IAC,1,5,2,13,3.3244,90.937,160.071,3.6009,1.5029,0.810,0.2148
7KFO_IAC,1,6,2,13,3.1738,90.889,160.471,3.4025,1.4507,1.243,0.2001
7KFO_IAC,1,7,2,13,3.0304,90.739,161.069,3.2175,1.3950,1.923,0.1987
7KFO_IAC,1,8,2,13,2.8894,90.525,162.110,3.0343,1.3455,2.167,0.1950
7KFO_IAC,1,9,2,13,2.7515,90.355,163.370,2.8569,1.2958,2.642,0.1946
7KFO_IAC,1,10,2,13,2.6154,90.449,165.188,2.6853,1.2418,2.605,0.1971
7KFO_IAC,1,11,2,13,2.4833,90.708,167.002,2.5160,1.1910,2.752,0.1983
7KFO_IAC,1,12,2,13,2.3577,91.309,169.177,2.3526,1.1447,2.761,0.2047
7KFO_IAC,1,13,2,13,2.2360,92.509,171.995,2.1908,1.1048,2.735,0.2145
7KFO_IAC,1,14,2,13,2.1140,94.021,175.099,2.0313,1.0627,2.837,0.2095
7KFO_IAC,1,15,2,13,1.9997,95.863,178.629,1.8880,1.0183,2.823,0.2095
7KFO_IAC,1,16,2,13,1.8937,95.484,177.489,1.7591,0.9782,2.564,0.2148
7KFO_IAC,1,17,2,13,1.7910,93.841,173.833,1.6446,0.9353,2.242,0.1943
7KFO_IAC,1,18,2,13,1.6948,92.601,170.668,1.5461,0.8815,2.175,0.1918
7KFO_IAC,1,19,2,13,1.6079,91.428,167.718,1.4674,0.8230,2.228,0.1833
7KFO_IAC,1,20,2,13,1.5287,90.208,164.717,1.3990,0.7645,2.134,0.1678
7KFO_IAC,1,21,2,13,1.4623,89.209,161.972,1.3406,0.7096,2.336,0.1494
7KFO_IAC,1,22,2,13,1.4225,88.151,159.280,1.3087,0.6788,2.645,0.1375
7KFO_IAC,1,23,2,13,1.3910,87.710,157.147,1.2744,0.6567,3.078,0.1233
7KFO_IAC,1,24,2,13,1.3835,88.010,155.689,1.2583,0.6675,0.000,0.0000
7KQU_YOF,1,0,3,14,4.7672,115.944,170.648,3.6631,2.3592,0.225,0.1218
7KQU_YOF,1,1,3,14,4.6475,115.953,170.707,3.5655,2.2798,0.203,0.1175
7KQU_YOF,1,2,3,14,4.5343,115.946,170.746,3.4760,2.2037,0.231,0.1178
7KQU_YOF,1,3,3,14,4.4203,115.947,170.844,3.3829,2.1286,0.310,0.1190
7KQU_YOF,1,4,3,14,4.3028,115.953,170.978,3.2827,2.0526,0.384,0.1197
7KQU_YOF,1,5,3,14,4.1852,115.954,171.191,3.1781,1.9812,0.488,0.1229
7KQU_YOF,1,6,3,14,4.0675,115.920,171.337,3.0667,1.9137,0.508,0.1252
7KQU_YOF,1,7,3,14,3.9485,115.835,171.352,2.9509,1.8481,0.809,0.1467
7KQU_YOF,1,8,3,14,3.8123,115.575,171.303,2.8115,1.7867,0.949,0.1623
7KQU_YOF,1,9,3,14,3.6675,115.129,171.127,2.6569,1.7284,1.332,0.1754
7KQU_YOF,1,10,3,14,3.5152,114.553,170.854,2.4884,1.6729,1.617,0.1879
7KQU_YOF,1,11,3,14,3.3538,113.749,170.349,2.3086,1.6172,1.744,0.1886
7KQU_YOF,1,12,3,14,3.1960,112.847,169.680,2.1310,1.5609,2.153,0.1846
7KQU_YOF,1,13,3,14,3.0416,111.703,168.720,1.9624,1.5034,2.562,0.1903
7KQU_YOF,1,14,3,14,2.8845,110.351,167.481,1.8039,1.4410,2.863,0.1835
7KQU_YOF,1,15,3,14,2.7402,108.767,165.993,1.6770,1.3874,3.041,0.1819
7KQU_YOF,1,16,3,14,2.6036,107.042,164.171,1.5861,1.3412,3.245,0.1745
7KQU_YOF,1,17,3,14,2.4775,105.179,162.057,1.5225,1.2951,3.540,0.1702
7KQU_YOF,1,18,3,14,2.3696,103.014,159.509,1.4859,1.2586,3.870,0.1674
7KQU_YOF,1,19,3,14,2.2748,100.691,156.266,1.4617,1.2302,4.442,0.1676
7KQU_YOF,1,20,3,14,2.2017,98.104,152.436,1.4487,1.2168,4.943,0.1640
7KQU_YOF,1,21,3,14,2.1677,95.521,148.435,1.4565,1.2284,5.981,0.1804
7KQU_YOF,1,22,3,14,2.1704,92.773,143.516,1.4780,1.2654,6.901,0.2009
7KQU_YOF,1,23,3,14,2.2228,90.204,137.997,1.5238,1.3338,7.585,0.2076
7KQU_YOF,1,24,3,14,2.3123,88.025,132.127,1.6001,1.4200,0.000,0.0000
7KRU_ATP,1,0,5,31,7.4611,123.585,169.433,7.0606,2.9904,0.287,0.2072
7KRU_ATP,1,1,5,31,7.3205,123.696,169.557,6.9107,2.8451,0.284,0.1983
7KRU_ATP,1,2,5,31,7.1851,123.768,169.483,6.7672,2.7056,0.384,0.1937
7KRU_ATP,1,3,5,31,7.0565,123.983,169.364,6.6277,2.5680,0.675,0.1898
7KRU_ATP,1,4,5,31,6.9452,124.482,169.221,6.4973,2.4316,1.036,0.1814
7KRU_ATP,1,5,5,31,6.8599,125.139,168.951,6.3875,2.2988,1.495,0.1781
7KRU_ATP,1,6,5,31,6.8040,126.071,168.607,6.3004,2.1645,1.796,0.1786
7KRU_ATP,1,7,5,31,6.7607,127.169,168.224,6.2230,2.0303,2.131,0.1794
7KRU_ATP,1,8,5,31,6.7437,128.431,167.766,6.1701,1.8924,2.311,0.1743
7KRU_ATP,1,9,5,31,6.7305,129.760,167.053,6.1195,1.7703,2.688,0.1839
7KRU_ATP,1,10,5,31,6.7246,131.049,166.338,6.0764,1.6466,2.974,0.1807
7KRU_ATP,1,11,5,31,6.7227,132.281,165.313,6.0383,1.5406,3.156,0.1779
7KRU_ATP,1,12,5,31,6.7237,133.472,164.059,6.0028,1.4530,3.390,0.1748
7KRU_ATP,1,13,5,31,6.7321,134.588,163.007,5.9761,1.3788,3.661,0.1822
7KRU_ATP,1,14,5,31,6.7419,135.778,162.187,5.9490,1.3166,3.849,0.1863
7KRU_ATP,1,15,5,31,6.7609,136.947,161.225,5.9311,1.2701,3.884,0.1888
7KRU_ATP,1,16,5,31,6.7942,138.067,160.185,5.9256,1.2228,4.041,0.1909
7KRU_ATP,1,17,5,31,6.8336,139.268,163.067,5.9264,1.1831,4.126,0.1925
7KRU_ATP,1,18,5,31,6.8741,140.675,167.049,5.9278,1.1509,4.170,0.1890
7KRU_ATP,1,19,5,31,6.9182,142.134,170.599,5.9322,1.1192,4.199,0.1817
7KRU_ATP,1,20,5,31,6.9623,143.769,173.773,5.9407,1.0945,4.096,0.1727
7KRU_ATP,1,21,5,31,7.0086,145.665,176.278,5.9582,1.0967,4.284,0.1660
7KRU_ATP,1,22,5,31,7.0561,147.400,178.997,5.9880,1.1199,4.440,0.1626
7KRU_ATP,1,23,5,31,7.1002,146.756,179.457,6.0262,1.1640,4.422,0.1795
7KRU_ATP,1,24,5,31,7.1520,145.567,177.513,6.0985,1.2137,0.000,0.0000
7L00_XCJ,1,0,5,27,6.7623,106.922,127.635,6.2892,2.6001,0.360,0.1930
7L00_XCJ,1,1,5,27,6.6435,106.779,127.779,6.1637,2.4704,0.354,0.1845
7L00_XCJ,1,2,5,27,6.5320,106.633,127.855,6.0464,2.3474,0.532,0.1862
7L00_XCJ,1,3,5,27,6.4219,106.407,127.921,5.9279,2.2244,0.829,0.1890
7L00_XCJ,1,4,5,27,6.3150,106.092,128.195,5.8111,2.0993,1.195,0.1916
7L00_XCJ,1,5,5,27,6.2000,105.648,128.346,5.6894,1.9728,1.730,0.1916
7L00_XCJ,1,6,5,27,6.0834,104.989,128.120,5.5701,1.8500,1.999,0.1867
7L00_XCJ,1,7,5,27,5.9737,104.312,127.653,5.4563,1.7393,2.556,0.1845
7L00_XCJ,1,8,5,27,5.8693,103.388,126.569,5.3485,1.6447,2.721,0.1924
7L00_XCJ,1,9,5,27,5.7685,102.424,125.535,5.2402,1.5598,2.915,0.1927
7L00_XCJ,1,10,5,27,5.6715,101.440,124.250,5.1337,1.4765,3.052,0.1998
7L00_XCJ,1,11,5,27,5.5756,100.622,123.366,5.0245,1.4046,3.225,0.2043
7L00_XCJ,1,12,5,27,5.4905,99.900,122.298,4.9202,1.3481,3.342,0.2122
7L00_XCJ,1,13,5,27,5.4347,99.373,121.255,4.8387,1.3013,3.244,0.2179
7L00_XCJ,1,14,5,27,5.3937,98.944,120.098,4.7642,1.2647,3.022,0.2222
7L00_XCJ,1,15,5,27,5.3619,98.572,119.074,4.6986,1.2345,2.879,0.2279
7L00_XCJ,1,16,5,27,5.3478,98.393,118.349,4.6465,1.2227,2.794,0.2365
7L00_XCJ,1,17,5,27,5.3391,98.438,118.068,4.5986,1.2210,2.847,0.2491
7L00_XCJ,1,18,5,27,5.3373,98.768,118.087,4.5560,1.2241,2.994,0.2496
7L00_XCJ,1,19,5,27,5.3474,99.413,118.273,4.5219,1.2381,2.953,0.2539
7L00_XCJ,1,20,5,27,5.3556,100.189,118.572,4.4931,1.2561,3.074,0.2487
7L00_XCJ,1,21,5,27,5.3720,101.011,118.979,4.4848,1.2808,3.141,0.2477
7L00_XCJ,1,22,5,27,5.3847,101.795,119.425,4.4884,1.3232,3.047,0.2464
7L00_XCJ,1,23,5,27,5.3883,102.409,119.728,4.4997,1.3826,3.073,0.2539
7L00_XCJ,1,24,5,27,5.3903,102.768,120.144,4.5187,1.4505,0.000,0.0000
7L5F_XNG,1,0,7,18,5.7299,125.165,150.052,5.3896,2.8648,0.276,0.1441
7L5F_XNG,1,1,7,18,5.6443,125.244,150.094,5.2985,2.7904,0.297,0.1377
7L5F_XNG,1,2,7,18,5.5657,125.315,150.091,5.2129,2.7215,0.450,0.1383
7L5F_XNG,1,3,7,18,5.4906,125.324,149.791,5.1296,2.6509,0.563,0.1437
7L5F_XNG,1,4,7,18,5.4204,125.282,149.224,5.0494,2.5757,0.635,0.1461
7L5F_XNG,1,5,7,18,5.3624,125.382,148.884,4.9803,2.5005,0.710,0.1512
7L5F_XNG,1,6,7,18,5.3156,125.643,148.878,4.9231,2.4178,0.762,0.1525
7L5F_XNG,1,7,7,18,5.2956,125.921,148.841,4.8890,2.3435,0.972,0.1703
7L5F_XNG,1,8,7,18,5.3092,126.201,148.724,4.8849,2.2673,1.404,0.1864
7L5F_XNG,1,9,7,18,5.3557,126.526,148.569,4.9082,2.1902,2.054,0.2001
7L5F_XNG,1,10,7,18,5.4299,127.088,148.815,4.9525,2.1140,2.321,0.1993
7L5F_XNG,1,11,7,18,5.5288,127.776,149.233,5.0171,2.0418,2.490,0.2037
7L5F_XNG,1,12,7,18,5.6439,128.421,149.479,5.0932,1.9742,2.696,0.2010
7L5F_XNG,1,13,7,18,5.7618,129.016,150.040,5.1714,1.9030,2.853,0.2037
7L5F_XNG,1,14,7,18,5.8805,129.543,150.821,5.2490,1.8310,2.927,0.2017
7L5F_XNG,1,15,7,18,5.9963,129.918,151.397,5.3235,1.7613,3.351,0.1977
7L5F_XNG,1,16,7,18,6.1093,130.150,151.704,5.4003,1.6899,3.852,0.1948
7L5F_XNG,1,17,7,18,6.2252,130.466,152.035,5.4825,1.6206,4.199,0.1950
7L5F_XNG,1,18,7,18,6.3475,130.730,152.087,5.5733,1.5552,4.590,0.1878
7L5F_XNG,1,19,7,18,6.4674,131.116,152.377,5.6621,1.4958,4.910,0.1882
7L5F_XNG,1,20,7,18,6.5999,131.693,155.379,5.7659,1.4403,4.642,0.1830
7L5F_XNG,1,21,7,18,6.7357,132.554,158.795,5.8744,1.4003,4.780,0.1926
7L5F_XNG,1,22,7,18,6.8914,133.804,163.075,6.0016,1.3728,4.619,0.2114
7L5F_XNG,1,23,7,18,7.0685,135.527,168.688,6.1481,1.3614,4.583,0.2474
7L5F_XNG,1,24,7,18,7.2717,138.099,176.807,6.3137,1.3735,0.000,0.0000
7L6D_BMF,1,0,5,28,7.0476,142.308,168.918,6.5309,2.4239,0.599,0.2351
7L6D_BMF,1,1,5,28,6.8889,142.163,168.624,6.3910,2.2761,0.538,0.2219
7L6D_BMF,1,2,5,28,6.7439,142.058,168.275,6.2620,2.1353,0.675,0.2209
7L6D_BMF,1,3,5,28,6.6046,141.883,167.749,6.1380,1.9991,0.879,0.2178
7L6D_BMF,1,4,5,28,6.4737,141.728,167.397,6.0208,1.8691,1.120,0.2140
7L6D_BMF,1,5,5,28,6.3459,141.454,167.039,5.9019,1.7440,1.319,0.2131
7L6D_BMF,1,6,5,28,6.2238,141.102,166.665,5.7885,1.6229,1.624,0.2102
7L6D_BMF,1,7,5,28,6.1075,140.632,166.264,5.6841,1.5065,1.910,0.2098
7L6D_BMF,1,8,5,28,5.9895,139.977,165.641,5.5747,1.3914,2.082,0.2123
7L6D_BMF,1,9,5,28,5.8773,139.351,165.267,5.4666,1.2768,2.327,0.2229
7L6D_BMF,1,10,5,28,5.7763,138.564,164.562,5.3673,1.1634,2.562,0.2315
7L6D_BMF,1,11,5,28,5.6835,137.725,163.881,5.2736,1.0486,2.935,0.2442
7L6D_BMF,1,12,5,28,5.6034,136.758,162.702,5.1907,0.9349,3.303,0.2661
7L6D_BMF,1,13,5,28,5.5377,135.586,160.888,5.1186,0.8268,3.501,0.2827
7L6D_BMF,1,14,5,28,5.4887,134.561,159.318,5.0603,0.7268,3.681,0.2930
7L6D_BMF,1,15,5,28,5.4588,133.576,157.738,5.0202,0.6417,3.698,0.3000
7L6D_BMF,1,16,5,28,5.4520,132.766,155.993,4.9981,0.5793,3.833,0.2965
7L6D_BMF,1,17,5,28,5.4649,132.204,154.215,4.9929,0.5571,3.732,0.2939
7L6D_BMF,1,18,5,28,5.5033,131.815,152.270,5.0105,0.5801,3.956,0.2854
7L6D_BMF,1,19,5,28,5.5627,131.607,150.051,5.0461,0.6380,4.052,0.2817
7L6D_BMF,1,20,5,28,5.6450,131.503,149.064,5.1043,0.7192,3.855,0.2632
7L6D_BMF,1,21,5,28,5.7427,131.510,148.238,5.1815,0.8165,3.849,0.2636
7L6D_BMF,1,22,5,28,5.8553,131.607,147.429,5.2748,0.9329,3.516,0.2621
7L6D_BMF,1,23,5,28,5.9782,131.667,146.688,5.3877,1.0552,3.398,0.2658
7L6D_BMF,1,24,5,28,6.1136,131.711,145.671,5.5280,1.1661,0.000,0.0000
7LB3_XXS,1,0,5,29,5.9600,130.530,171.816,5.0262,3.2263,0.827,0.2456
7LB3_XXS,1,1,5,29,5.7893,130.710,171.225,4.8340,3.1089,0.796,0.2364
7LB3_XXS,1,2,5,29,5.6330,130.911,170.661,4.6554,2.9975,0.972,0.2433
7LB3_XXS,1,3,5,29,5.4801,131.153,170.064,4.4741,2.8810,1.229,0.2518
7LB3_XXS,1,4,5,29,5.3300,131.442,169.440,4.2921,2.7608,1.453,0.2534
7LB3_XXS,1,5,5,29,5.1901,131.648,168.713,4.1144,2.6471,1.693,0.2573
7LB3_XXS,1,6,5,29,5.0614,131.784,167.813,3.9434,2.5360,1.816,0.2473
7LB3_XXS,1,7,5,29,4.9498,131.851,166.635,3.7881,2.4302,2.106,0.2459
7LB3_XXS,1,8,5,29,4.8553,131.880,165.304,3.6498,2.3305,2.280,0.2418
7LB3_XXS,1,9,5,29,4.7740,131.847,163.802,3.5234,2.2327,2.528,0.2450
7LB3_XXS,1,10,5,29,4.7127,131.845,164.140,3.4118,2.1372,2.694,0.2405
7LB3_XXS,1,11,5,29,4.6585,131.843,166.268,3.3068,2.0368,2.995,0.2425
7LB3_XXS,1,12,5,29,4.6138,131.911,168.541,3.2130,1.9372,3.222,0.2328
7LB3_XXS,1,13,5,29,4.5766,131.943,170.717,3.1344,1.8347,3.412,0.2421
7LB3_XXS,1,14,5,29,4.5449,132.038,173.003,3.0740,1.7328,3.641,0.2469
7LB3_XXS,1,15,5,29,4.5250,132.289,175.389,3.0396,1.6367,3.839,0.2523
7LB3_XXS,1,16,5,29,4.5233,132.653,177.737,3.0328,1.5402,3.936,0.2538
7LB3_XXS,1,17,5,29,4.5353,133.104,179.843,3.0468,1.4449,4.127,0.2580
7LB3_XXS,1,18,5,29,4.5586,133.108,178.360,3.0820,1.3535,4.228,0.2600
7LB3_XXS,1,19,5,29,4.6027,133.482,176.763,3.1483,1.2708,4.565,0.2668
7LB3_XXS,1,20,5,29,4.6669,134.412,175.306,3.2492,1.1990,4.622,0.2690
7LB3_XXS,1,21,5,29,4.7556,135.721,174.234,3.3873,1.1533,5.067,0.2766
7LB3_XXS,1,22,5,29,4.8682,137.544,176.501,3.5512,1.1282,5.394,0.2844
7LB3_XXS,1,23,5,29,5.0103,138.877,177.130,3.7410,1.1411,5.480,0.2813
7LB3_XXS,1,24,5,29,5.1825,138.902,171.869,3.9451,1.1868,0.000,0.0000
7LEV_0JO,1,0,5,21,7.2714,147.035,165.775,5.6352,3.8818,0.454,0.2259
7LEV_0JO,1,1,5,21,7.0082,146.737,165.262,5.4344,3.6939,0.353,0.2174
7LEV_0JO,1,2,5,21,6.7596,146.548,164.815,5.2426,3.5154,0.499,0.2181
7LEV_0JO,1,3,5,21,6.5153,146.275,164.249,5.0525,3.3379,0.671,0.2268
7LEV_0JO,1,4,5,21,6.2744,146.080,163.787,4.8590,3.1636,1.081,0.2260
7LEV_0JO,1,5,5,21,6.0491,145.960,163.329,4.6741,2.9984,1.428,0.2331
7LEV_0JO,1,6,5,21,5.8299,145.995,163.035,4.4922,2.8276,1.727,0.2297
7LEV_0JO,1,7,5,21,5.6323,146.092,162.725,4.3212,2.6682,2.120,0.2338
7LEV_0JO,1,8,5,21,5.4449,146.048,162.100,4.1520,2.5199,2.119,0.2364
7LEV_0JO,1,9,5,21,5.2737,146.152,162.147,4.0000,2.3667,2.449,0.2339
7LEV_0JO,1,10,5,21,5.1298,146.524,162.510,3.8743,2.2155,2.895,0.2468
7LEV_0JO,1,11,5,21,4.9970,147.066,162.915,3.7558,2.0781,3.088,0.2555
7LEV_0JO,1,12,5,21,4.8815,147.682,163.241,3.6624,1.9496,3.454,0.2621
7LEV_0JO,1,13,5,21,4.7879,148.408,163.490,3.5949,1.8267,3.737,0.2654
7LEV_0JO,1,14,5,21,4.7234,149.466,164.174,3.5580,1.7152,3.697,0.2722
7LEV_0JO,1,15,5,21,4.6728,150.650,164.711,3.5300,1.6137,3.420,0.2679
7LEV_0JO,1,16,5,21,4.6389,151.784,165.286,3.5069,1.5295,3.305,0.2732
7LEV_0JO,1,17,5,21,4.6171,152.985,165.783,3.4863,1.4518,3.075,0.2818
7LEV_0JO,1,18,5,21,4.6141,154.249,166.387,3.4716,1.3775,3.227,0.2849
7LEV_0JO,1,19,5,21,4.6297,155.707,167.065,3.4573,1.3156,3.424,0.2785
7LEV_0JO,1,20,5,21,4.6662,157.357,167.737,3.4465,1.2633,3.407,0.2748
7LEV_0JO,1,21,5,21,4.7325,159.067,168.470,3.4570,1.2195,3.546,0.2758
7LEV_0JO,1,22,5,21,4.8247,160.878,169.180,3.4799,1.1879,3.908,0.2643
7LEV_0JO,1,23,5,21,4.9466,162.719,169.703,3.5232,1.1792,4.252,0.2735
7LEV_0JO,1,24,5,21,5.1098,164.574,170.129,3.6029,1.2175,0.000,0.0000
7LJN_GTP,1,0,5,32,7.4480,120.927,174.840,6.7558,3.9490,0.681,0.2333
7LJN_GTP,1,1,5,32,7.2730,120.983,175.153,6.5852,3.7948,0.651,0.2282
7LJN_GTP,1,2,5,32,7.1073,121.033,175.445,6.4240,3.6438,0.702,0.2277
7LJN_GTP,1,3,5,32,6.9460,121.125,175.820,6.2695,3.4908,0.811,0.2242
7LJN_GTP,1,4,5,32,6.7872,121.203,176.274,6.1158,3.3417,0.927,0.2137
7LJN_GTP,1,5,5,32,6.6274,121.114,176.828,5.9590,3.2009,1.175,0.2081
7LJN_GTP,1,6,5,32,6.4709,120.974,177.513,5.8055,3.0604,1.368,0.1989
7LJN_GTP,1,7,5,32,6.3215,120.819,178.338,5.6594,2.9277,1.677,0.2031
7LJN_GTP,1,8,5,32,6.1680,120.681,179.460,5.5120,2.7888,1.949,0.2038
7LJN_GTP,1,9,5,32,6.0193,120.232,179.140,5.3717,2.6479,2.242,0.2170
7LJN_GTP,1,10,5,32,5.8655,119.550,177.472,5.2283,2.4968,2.396,0.2200
7LJN_GTP,1,11,5,32,5.7119,118.705,175.612,5.0881,2.3459,2.648,0.2305
7LJN_GTP,1,12,5,32,5.5548,117.732,173.543,4.9448,2.1965,2.968,0.2364
7LJN_GTP,1,13,5,32,5.4083,116.839,171.110,4.8104,2.0393,3.221,0.2316
7LJN_GTP,1,14,5,32,5.2672,115.881,168.647,4.6831,1.8834,3.391,0.2297
7LJN_GTP,1,15,5,32,5.1391,114.632,165.841,4.5669,1.7334,3.628,0.2353
7LJN_GTP,1,16,5,32,5.0230,113.259,162.836,4.4614,1.5788,3.900,0.2290
7LJN_GTP,1,17,5,32,4.9243,111.793,159.765,4.3742,1.4346,4.211,0.2265
7LJN_GTP,1,18,5,32,4.8414,110.149,156.826,4.3028,1.2965,4.371,0.2149
7LJN_GTP,1,19,5,32,4.7782,108.670,154.298,4.2524,1.1692,4.322,0.2133
7LJN_GTP,1,20,5,32,4.7239,107.441,152.471,4.2123,1.0562,4.180,0.2035
7LJN_GTP,1,21,5,32,4.6819,106.475,151.253,4.1848,0.9691,4.271,0.2043
7LJN_GTP,1,22,5,32,4.6447,105.704,150.330,4.1623,0.8911,4.298,0.1858
7LJN_GTP,1,23,5,32,4.6158,105.139,149.752,4.1437,0.8451,4.519,0.1551
7LJN_GTP,1,24,5,32,4.5981,104.623,149.314,4.1301,0.8231,0.000,0.0000
7LOE_Y84,1,0,1,11,4.7578,166.236,166.236,3.3247,3.3247,0.068,0.1850
7LOE_Y84,1,1,1,11,4.6321,166.224,166.224,3.1421,3.1421,0.130,0.1728
7LOE_Y84,1,2,1,11,4.5188,166.193,166.193,2.9722,2.9722,0.066,0.1698
7LOE_Y84,1,3,1,11,4.4107,166.236,166.236,2.8050,2.8050,0.187,0.1688
7LOE_Y84,1,4,1,11,4.3068,166.396,166.396,2.6382,2.6382,0.329,0.1627
7LOE_Y84,1,5,1,11,4.2106,166.656,166.656,2.4775,2.4775,0.484,0.1648
7LOE_Y84,1,6,1,11,4.1175,166.984,166.984,2.3155,2.3155,0.540,0.1624
7LOE_Y84,1,7,1,11,4.0301,167.351,167.351,2.1561,2.1561,0.904,0.1569
7LOE_Y84,1,8,1,11,3.9501,167.901,167.901,2.0026,2.0026,0.892,0.1524
7LOE_Y84,1,9,1,11,3.8760,168.407,168.407,1.8525,1.8525,1.367,0.1570
7LOE_Y84,1,10,1,11,3.8046,169.129,169.129,1.6994,1.6994,1.411,0.1483
7LOE_Y84,1,11,1,11,3.7420,169.898,169.898,1.5552,1.5552,1.509,0.1493
7LOE_Y84,1,12,1,11,3.6841,170.656,170.656,1.4118,1.4118,1.736,0.1513
7LOE_Y84,1,13,1,11,3.6306,171.424,171.424,1.2687,1.2687,1.747,0.1554
7LOE_Y84,1,14,1,11,3.5814,172.246,172.246,1.1227,1.1227,1.814,0.1501
7LOE_Y84,1,15,1,11,3.5394,172.956,172.956,0.9842,0.9842,1.523,0.1468
7LOE_Y84,1,16,1,11,3.5045,173.535,173.535,0.8535,0.8535,1.586,0.1382
7LOE_Y84,1,17,1,11,3.4776,174.184,174.184,0.7384,0.7384,1.503,0.1442
7LOE_Y84,1,18,1,11,3.4551,174.626,174.626,0.6285,0.6285,1.440,0.1393
7LOE_Y84,1,19,1,11,3.4389,175.159,175.159,0.5353,0.5353,1.173,0.1360
7LOE_Y84,1,20,1,11,3.4294,175.503,175.503,0.4752,0.4752,1.009,0.1276
7LOE_Y84,1,21,1,11,3.4245,175.756,175.756,0.4433,0.4433,0.997,0.1152
7LOE_Y84,1,22,1,11,3.4252,175.921,175.921,0.4552,0.4552,0.774,0.0935
7LOE_Y84,1,23,1,11,3.4270,176.138,176.138,0.4723,0.4723,0.473,0.0665
7LOE_Y84,1,24,1,11,3.4288,176.292,176.292,0.4868,0.4868,0.000,0.0000
7LOU_IFM,1,0,2,10,4.0447,101.398,101.398,3.9748,3.4587,0.287,0.1902
7LOU_IFM,1,1,2,10,3.9004,101.290,101.290,3.8167,3.3223,0.255,0.1782
7LOU_IFM,1,2,2,10,3.7664,101.256,101.256,3.6699,3.1935,0.235,0.1787
7LOU_IFM,1,3,2,10,3.6324,101.247,101.247,3.5251,3.0614,0.224,0.1786
7LOU_IFM,1,4,2,10,3.4972,101.230,101.230,3.3810,2.9245,0.190,0.1753
7LOU_IFM,1,5,2,10,3.3662,101.167,101.167,3.2426,2.7885,0.228,0.1734
7LOU_IFM,1,6,2,10,3.2395,100.994,100.994,3.1105,2.6538,0.268,0.1699
7LOU_IFM,1,7,2,10,3.1186,100.913,100.913,2.9855,2.5195,0.384,0.1711
7LOU_IFM,1,8,2,10,3.0018,100.758,100.758,2.8651,2.3848,0.468,0.1720
7LOU_IFM,1,9,2,10,2.8927,100.624,100.624,2.7526,2.2519,0.508,0.1734
7LOU_IFM,1,10,2,10,2.7879,100.602,100.602,2.6408,2.1156,0.714,0.1742
7LOU_IFM,1,11,2,10,2.6944,100.783,100.783,2.5368,1.9804,0.876,0.1713
7LOU_IFM,1,12,2,10,2.6106,100.968,100.968,2.4389,1.8462,0.987,0.1699
7LOU_IFM,1,13,2,10,2.5355,101.223,101.223,2.3426,1.7109,1.153,0.1740
7LOU_IFM,1,14,2,10,2.4697,101.624,101.624,2.2473,1.5711,1.218,0.1772
7LOU_IFM,1,15,2,10,2.4219,102.205,102.205,2.1658,1.4378,1.433,0.1805
7LOU_IFM,1,16,2,10,2.3905,102.922,102.922,2.0961,1.3069,1.710,0.1773
7LOU_IFM,1,17,2,10,2.3801,103.750,103.750,2.0482,1.1804,2.140,0.1695
7LOU_IFM,1,18,2,10,2.3946,104.649,104.649,2.0363,1.0712,2.853,0.1919
7LOU_IFM,1,19,2,10,2.4384,106.495,106.495,2.0678,0.9579,3.333,0.2049
7LOU_IFM,1,20,2,10,2.5114,108.950,108.950,2.1626,0.8586,3.810,0.2159
7LOU_IFM,1,21,2,10,2.6122,112.001,112.001,2.3093,0.7854,4.676,0.2297
7LOU_IFM,1,22,2,10,2.7410,115.924,115.924,2.4877,0.7420,5.608,0.2393
7LOU_IFM,1,23,2,10,2.8966,120.708,120.708,2.6873,0.7372,6.595,0.2720
7LOU_IFM,1,24,2,10,3.0780,126.526,126.526,2.9044,0.7763,0.000,0.0000
7LZQ_YJV,1,0,3,22,7.6144,152.356,175.388,7.1453,1.9659,0.694,0.2162
7LZQ_YJV,1,1,3,22,7.4673,152.810,175.555,6.9642,1.8636,0.685,0.2073
7LZQ_YJV,1,2,3,22,7.3272,153.220,175.618,6.7909,1.7674,0.786,0.1955
7LZQ_YJV,1,3,3,22,7.2128,153.764,175.701,6.6419,1.6790,0.939,0.1990
7LZQ_YJV,1,4,3,22,7.1172,154.465,175.864,6.5093,1.5861,1.021,0.1965
7LZQ_YJV,1,5,3,22,7.0399,155.194,176.039,6.3950,1.4984,1.180,0.1953
7LZQ_YJV,1,6,3,22,6.9784,155.971,176.171,6.2977,1.4102,1.375,0.1866
7LZQ_YJV,1,7,3,22,6.9322,156.982,176.424,6.2137,1.3259,1.401,0.1797
7LZQ_YJV,1,8,3,22,6.9095,158.013,176.976,6.1534,1.2479,1.456,0.1810
7LZQ_YJV,1,9,3,22,6.8958,159.165,177.756,6.1016,1.1754,1.679,0.1818
7LZQ_YJV,1,10,3,22,6.8933,160.482,178.948,6.0620,1.1167,1.883,0.1882
7LZQ_YJV,1,11,3,22,6.9011,161.655,179.524,6.0332,1.0600,2.076,0.1870
7LZQ_YJV,1,12,3,22,6.9182,162.018,177.674,6.0128,1.0160,2.213,0.1829
7LZQ_YJV,1,13,3,22,6.9407,162.173,175.485,6.0005,0.9974,2.551,0.1762
7LZQ_YJV,1,14,3,22,6.9733,162.065,172.604,5.9993,0.9995,2.867,0.1747
7LZQ_YJV,1,15,3,22,7.0073,161.976,170.450,6.0003,1.0262,3.206,0.1723
7LZQ_YJV,1,16,3,22,7.0425,161.865,172.449,6.0078,1.0677,3.517,0.1645
7LZQ_YJV,1,17,3,22,7.0845,161.842,174.499,6.0290,1.1319,3.729,0.1719
7LZQ_YJV,1,18,3,22,7.1269,161.869,176.200,6.0545,1.2100,4.091,0.1566
7LZQ_YJV,1,19,3,22,7.1638,162.202,177.723,6.0738,1.2873,4.211,0.1627
7LZQ_YJV,1,20,3,22,7.1997,162.595,179.366,6.1006,1.3813,4.261,0.1617
7LZQ_YJV,1,21,3,22,7.2421,162.546,179.113,6.1379,1.4776,4.400,0.1752
7LZQ_YJV,1,22,3,22,7.2941,161.917,177.409,6.1914,1.5808,4.452,0.1937
7LZQ_YJV,1,23,3,22,7.3538,161.344,175.791,6.2568,1.6876,4.484,0.2197
7LZQ_YJV,1,24,3,22,7.4125,160.640,174.066,6.3241,1.7939,0.000,0.0000
7M3H_YPV,1,0,5,24,8.8828,110.526,179.040,8.3218,2.6006,0.306,0.2750
7M3H_YPV,1,1,5,24,8.5764,110.413,179.020,8.0700,2.4532,0.322,0.2690
7M3H_YPV,1,2,5,24,8.2807,110.454,179.034,7.8250,2.3107,0.392,0.2661
7M3H_YPV,1,3,5,24,7.9911,110.442,178.976,7.5841,2.1750,0.605,0.2765
7M3H_YPV,1,4,5,24,7.6951,110.487,178.912,7.3353,2.0405,0.843,0.2735
7M3H_YPV,1,5,5,24,7.4079,110.590,178.797,7.0919,1.9114,0.950,0.2824
7M3H_YPV,1,6,5,24,7.1173,110.761,179.189,6.8388,1.7811,1.250,0.2835
7M3H_YPV,1,7,5,24,6.8348,111.069,179.771,6.5870,1.6523,1.884,0.2873
7M3H_YPV,1,8,5,24,6.5545,110.946,178.781,6.3338,1.5307,2.171,0.2805
7M3H_YPV,1,9,5,24,6.2884,110.824,176.942,6.0921,1.4136,2.562,0.2875
7M3H_YPV,1,10,5,24,6.0269,110.570,174.278,5.8508,1.2920,2.823,0.2986
7M3H_YPV,1,11,5,24,5.7621,110.036,172.532,5.5997,1.1727,2.957,0.2964
7M3H_YPV,1,12,5,24,5.5125,109.404,172.785,5.3545,1.0577,3.447,0.3066
7M3H_YPV,1,13,5,24,5.2836,108.647,172.921,5.1283,0.9557,3.661,0.3028
7M3H_YPV,1,14,5,24,5.0789,108.005,173.324,4.9187,0.8571,3.794,0.3013
7M3H_YPV,1,15,5,24,4.8981,107.186,173.622,4.7264,0.7626,4.035,0.3098
7M3H_YPV,1,16,5,24,4.7408,106.443,173.623,4.5475,0.6742,4.093,0.3100
7M3H_YPV,1,17,5,24,4.6095,105.729,173.621,4.3846,0.6021,4.126,0.3166
7M3H_YPV,1,18,5,24,4.4900,105.229,173.867,4.2218,0.5475,4.257,0.3155
7M3H_YPV,1,19,5,24,4.3819,104.947,174.102,4.0566,0.5103,4.340,0.3154
7M3H_YPV,1,20,5,24,4.3003,104.824,175.007,3.9062,0.5028,4.338,0.3103
7M3H_YPV,1,21,5,24,4.2386,104.903,176.474,3.7638,0.5305,4.511,0.3087
7M3H_YPV,1,22,5,24,4.2106,105.261,178.557,3.6462,0.5787,5.046,0.2920
7M3H_YPV,1,23,5,24,4.2168,105.218,178.002,3.5640,0.6470,5.644,0.2804
7M3H_YPV,1,24,5,24,4.2505,104.239,173.026,3.5166,0.7244,0.000,0.0000
7M6K_YRJ,1,0,6,33,8.1565,127.654,175.146,7.3521,2.4834,0.526,0.2285
7M6K_YRJ,1,1,6,33,7.9969,127.786,175.808,7.2129,2.3567,0.462,0.2205
7M6K_YRJ,1,2,6,33,7.8495,127.905,176.351,7.0833,2.2404,0.820,0.2183
7M6K_YRJ,1,3,6,33,7.7228,128.170,177.300,6.9735,2.1361,1.281,0.2278
7M6K_YRJ,1,4,6,33,7.6226,128.593,178.611,6.8935,2.0430,1.709,0.2309
7M6K_YRJ,1,5,6,33,7.5494,129.091,179.543,6.8401,1.9587,2.172,0.2375
7M6K_YRJ,1,6,6,33,7.4970,129.223,177.314,6.8107,1.8705,2.412,0.2361
7M6K_YRJ,1,7,6,33,7.4641,129.476,178.104,6.7987,1.7893,2.643,0.2350
7M6K_YRJ,1,8,6,33,7.4479,129.233,178.430,6.8030,1.7099,2.802,0.2312
7M6K_YRJ,1,9,6,33,7.4400,128.478,175.090,6.8140,1.6270,3.074,0.2322
7M6K_YRJ,1,10,6,33,7.4368,127.922,171.806,6.8284,1.5389,3.097,0.2280
7M6K_YRJ,1,11,6,33,7.4511,127.245,168.424,6.8557,1.4624,3.156,0.2256
7M6K_YRJ,1,12,6,33,7.4805,126.727,165.441,6.8975,1.3859,3.194,0.2279
7M6K_YRJ,1,13,6,33,7.5142,126.540,163.156,6.9391,1.3086,3.438,0.2293
7M6K_YRJ,1,14,6,33,7.5547,126.652,161.047,6.9811,1.2417,3.410,0.2289
7M6K_YRJ,1,15,6,33,7.6088,126.871,161.059,7.0326,1.1822,3.421,0.2288
7M6K_YRJ,1,16,6,33,7.6784,127.154,161.965,7.0959,1.1370,3.629,0.2293
7M6K_YRJ,1,17,6,33,7.7555,127.523,163.144,7.1688,1.0957,3.779,0.2351
7M6K_YRJ,1,18,6,33,7.8436,127.968,164.719,7.2520,1.0613,3.716,0.2332
7M6K_YRJ,1,19,6,33,7.9391,128.382,166.266,7.3401,1.0385,3.828,0.2290
7M6K_YRJ,1,20,6,33,8.0451,128.895,169.575,7.4387,1.0220,3.520,0.2137
7M6K_YRJ,1,21,6,33,8.1663,129.327,174.123,7.5514,1.0072,3.481,0.2060
7M6K_YRJ,1,22,6,33,8.3021,129.552,178.974,7.6756,0.9986,3.336,0.1899
7M6K_YRJ,1,23,6,33,8.4534,128.317,175.465,7.8136,1.0026,3.962,0.1855
7M6K_YRJ,1,24,6,33,8.6173,126.608,173.861,7.9691,1.0106,0.000,0.0000
7MFP_Z7P,1,0,8,50,8.3781,143.858,173.493,7.4161,1.6253,0.433,0.1991
7MFP_Z7P,1,1,8,50,8.2439,143.642,173.405,7.2613,1.5936,0.444,0.1914
7MFP_Z7P,1,2,8,50,8.1195,143.438,173.321,7.1155,1.5575,0.699,0.1918
7MFP_Z7P,1,3,8,50,8.0049,143.155,173.171,6.9752,1.5211,0.957,0.2054
7MFP_Z7P,1,4,8,50,7.8975,142.821,173.167,6.8339,1.4818,1.163,0.2098
7MFP_Z7P,1,5,8,50,7.8030,142.486,173.292,6.7024,1.4359,1.468,0.2236
7MFP_Z7P,1,6,8,50,7.7159,141.983,173.123,6.5726,1.3766,1.676,0.2290
7MFP_Z7P,1,7,8,50,7.6448,141.373,172.978,6.4573,1.3059,1.989,0.2440
7MFP_Z7P,1,8,8,50,7.5955,140.633,172.802,6.3558,1.2320,2.169,0.2477
7MFP_Z7P,1,9,8,50,7.5595,139.821,172.522,6.2631,1.1640,2.441,0.2534
7MFP_Z7P,1,10,8,50,7.5381,138.833,171.982,6.1775,1.1024,2.614,0.2591
7MFP_Z7P,1,11,8,50,7.5370,137.706,171.380,6.1086,1.0400,2.790,0.2605
7MFP_Z7P,1,12,8,50,7.5484,136.546,170.680,6.0534,0.9784,2.944,0.2591
7MFP_Z7P,1,13,8,50,7.5694,135.265,169.660,6.0087,0.9227,3.139,0.2578
7MFP_Z7P,1,14,8,50,7.6005,133.841,168.645,5.9786,0.8711,3.292,0.2515
7MFP_Z7P,1,15,8,50,7.6434,132.441,167.624,5.9653,0.8233,3.651,0.2572
7MFP_Z7P,1,16,8,50,7.6975,130.943,166.556,5.9664,0.7771,4.012,0.2563
7MFP_Z7P,1,17,8,50,7.7574,129.391,165.236,5.9817,0.7347,4.254,0.2569
7MFP_Z7P,1,18,8,50,7.8284,127.877,163.807,6.0126,0.7014,4.577,0.2596
7MFP_Z7P,1,19,8,50,7.9060,126.094,161.656,6.0605,0.6775,4.822,0.2591
7MFP_Z7P,1,20,8,50,7.9867,124.098,159.032,6.1176,0.6658,4.926,0.2442
7MFP_Z7P,1,21,8,50,8.0643,121.975,156.283,6.1854,0.6636,5.374,0.2376
7MFP_Z7P,1,22,8,50,8.1427,119.610,153.136,6.2680,0.6721,5.660,0.2289
7MFP_Z7P,1,23,8,50,8.2226,117.212,149.303,6.3675,0.6803,5.593,0.2213
7MFP_Z7P,1,24,8,50,8.3174,115.077,145.211,6.4857,0.6953,0.000,0.0000
7MMH_ZJY,1,0,9,57,9.0205,99.594,150.870,8.5208,2.8643,0.678,0.2599
7MMH_ZJY,1,1,9,57,8.8656,99.536,151.491,8.3508,2.6941,0.676,0.2550
7MMH_ZJY,1,2,9,57,8.7210,99.488,152.159,8.1965,2.5233,0.795,0.2516
7MMH_ZJY,1,3,9,57,8.5897,99.503,153.086,8.0588,2.3472,1.051,0.2551
7MMH_ZJY,1,4,9,57,8.4686,99.584,154.306,7.9322,2.1609,1.249,0.2520
7MMH_ZJY,1,5,9,57,8.3590,99.661,155.877,7.8161,1.9772,1.459,0.2572
7MMH_ZJY,1,6,9,57,8.2625,99.818,157.814,7.7134,1.7908,1.628,0.2599
7MMH_ZJY,1,7,9,57,8.1802,100.055,160.034,7.6242,1.6116,2.131,0.2674
7MMH_ZJY,1,8,9,57,8.1089,100.334,162.556,7.5395,1.4411,2.411,0.2816
7MMH_ZJY,1,9,9,57,8.0456,100.626,165.237,7.4582,1.2769,2.665,0.2908
7MMH_ZJY,1,10,9,57,7.9933,100.847,167.922,7.3828,1.1242,2.722,0.3007
7MMH_ZJY,1,11,9,57,7.9472,100.968,170.471,7.3117,0.9773,2.771,0.3043
7MMH_ZJY,1,12,9,57,7.9131,101.001,172.825,7.2525,0.8436,2.888,0.3025
7MMH_ZJY,1,13,9,57,7.8917,100.799,174.820,7.2025,0.7357,2.940,0.3025
7MMH_ZJY,1,14,9,57,7.8846,100.457,176.552,7.1672,0.6663,3.012,0.3043
7MMH_ZJY,1,15,9,57,7.8917,99.991,177.852,7.1474,0.6468,3.021,0.3142
7MMH_ZJY,1,16,9,57,7.9193,99.485,178.707,7.1487,0.6798,3.006,0.3098
7MMH_ZJY,1,17,9,57,7.9614,98.901,179.202,7.1665,0.7547,3.083,0.3148
7MMH_ZJY,1,18,9,57,8.0183,98.253,179.699,7.2007,0.8620,3.160,0.3155
7MMH_ZJY,1,19,9,57,8.0979,97.659,179.768,7.2574,0.9853,3.309,0.3223
7MMH_ZJY,1,20,9,57,8.1991,97.167,179.276,7.3370,1.1329,3.371,0.3163
7MMH_ZJY,1,21,9,57,8.3174,96.994,178.522,7.4335,1.2880,3.491,0.3188
7MMH_ZJY,1,22,9,57,8.4557,97.507,177.640,7.5504,1.4495,3.683,0.3091
7MMH_ZJY,1,23,9,57,8.6089,98.578,176.758,7.6888,1.6092,4.083,0.2895
7MMH_ZJY,1,24,9,57,8.7657,99.906,175.946,7.8310,1.7621,0.000,0.0000
7MRH_ZMJ,1,0,4,24,6.4668,149.457,161.332,5.3707,2.4519,0.971,0.2060
7MRH_ZMJ,1,1,4,24,6.3231,149.185,161.356,5.1993,2.3953,0.895,0.1961
7MRH_ZMJ,1,2,4,24,6.1833,148.966,161.375,5.0356,2.3341,1.072,0.2042
7MRH_ZMJ,1,3,4,24,6.0406,148.737,161.401,4.8693,2.2778,1.247,0.2147
7MRH_ZMJ,1,4,4,24,5.8946,148.501,161.465,4.7001,2.2290,1.374,0.1952
7MRH_ZMJ,1,5,4,24,5.7583,148.351,161.648,4.5586,2.1666,1.723,0.1931
7MRH_ZMJ,1,6,4,24,5.6265,148.169,161.832,4.4284,2.1079,2.006,0.1850
7MRH_ZMJ,1,7,4,24,5.4989,147.911,161.948,4.3078,2.0549,2.367,0.1840
7MRH_ZMJ,1,8,4,24,5.3722,147.672,162.182,4.2007,1.9924,2.646,0.1929
7MRH_ZMJ,1,9,4,24,5.2550,147.528,162.376,4.1074,1.9382,3.038,0.1956
7MRH_ZMJ,1,10,4,24,5.1328,147.432,162.552,4.0265,1.8597,3.220,0.2097
7MRH_ZMJ,1,11,4,24,5.0161,147.590,162.678,3.9570,1.7799,3.397,0.2219
7MRH_ZMJ,1,12,4,24,4.9034,147.894,162.696,3.8958,1.7021,3.464,0.2370
7MRH_ZMJ,1,13,4,24,4.7975,148.326,162.500,3.8435,1.6292,3.562,0.2409
7MRH_ZMJ,1,14,4,24,4.7067,148.985,162.129,3.8088,1.5708,3.676,0.2380
7MRH_ZMJ,1,15,4,24,4.6306,149.916,161.737,3.7898,1.5236,3.632,0.2446
7MRH_ZMJ,1,16,4,24,4.5684,151.077,161.520,3.7887,1.4894,3.632,0.2377
7MRH_ZMJ,1,17,4,24,4.5238,152.533,161.292,3.8049,1.4657,3.745,0.2433
7MRH_ZMJ,1,18,4,24,4.4957,154.107,160.966,3.8391,1.4556,3.616,0.2292
7MRH_ZMJ,1,19,4,24,4.4857,155.806,160.702,3.8865,1.4608,3.543,0.2265
7MRH_ZMJ,1,20,4,24,4.4973,157.560,160.362,3.9544,1.4937,3.471,0.2195
7MRH_ZMJ,1,21,4,24,4.5187,159.275,160.765,4.0292,1.5344,3.416,0.2266
7MRH_ZMJ,1,22,4,24,4.5611,160.936,163.873,4.1247,1.6136,3.688,0.2320
7MRH_ZMJ,1,23,4,24,4.6191,162.499,166.765,4.2365,1.7199,3.894,0.2231
7MRH_ZMJ,1,24,4,24,4.6782,163.899,169.105,4.3431,1.8335,0.000,0.0000
7MS7_ZQ1,1,0,6,29,10.9394,144.647,176.287,8.8578,6.2715,0.794,0.2741
7MS7_ZQ1,1,1,6,29,10.6961,144.923,177.097,8.6444,6.0781,0.757,0.2700
7MS7_ZQ1,1,2,6,29,10.4604,145.168,177.867,8.4447,5.8869,0.917,0.2743
7MS7_ZQ1,1,3,6,29,10.2299,145.506,178.585,8.2518,5.6970,1.225,0.2842
7MS7_ZQ1,1,4,6,29,10.0049,145.957,179.366,8.0705,5.5011,1.383,0.2903
7MS7_ZQ1,1,5,6,29,9.7936,146.498,179.904,7.9104,5.3046,1.635,0.2997
7MS7_ZQ1,1,6,6,29,9.5944,146.975,179.064,7.7675,5.1094,1.894,0.2928
7MS7_ZQ1,1,7,6,29,9.4196,147.490,178.162,7.6462,4.9305,2.246,0.2959
7MS7_ZQ1,1,8,6,29,9.2719,148.281,177.431,7.5555,4.7607,2.463,0.2951
7MS7_ZQ1,1,9,6,29,9.1310,149.207,176.702,7.4751,4.5991,2.605,0.3002
7MS7_ZQ1,1,10,6,29,9.0097,150.236,175.815,7.4162,4.4419,2.844,0.3188
7MS7_ZQ1,1,11,6,29,8.9090,151.528,175.015,7.3930,4.2900,2.960,0.3128
7MS7_ZQ1,1,12,6,29,8.8228,152.818,178.186,7.3829,4.1535,2.791,0.3192
7MS7_ZQ1,1,13,6,29,8.7534,153.039,177.007,7.3943,4.0275,2.976,0.3226
7MS7_ZQ1,1,14,6,29,8.6962,152.716,172.780,7.4178,3.9126,2.898,0.3182
7MS7_ZQ1,1,15,6,29,8.6426,152.506,171.936,7.4437,3.8067,2.848,0.3124
7MS7_ZQ1,1,16,6,29,8.6080,152.520,171.335,7.4850,3.7146,2.818,0.3202
7MS7_ZQ1,1,17,6,29,8.5872,152.670,170.861,7.5418,3.6340,2.921,0.3259
7MS7_ZQ1,1,18,6,29,8.5764,153.054,170.777,7.6115,3.5740,3.107,0.3202
7MS7_ZQ1,1,19,6,29,8.5840,153.537,172.254,7.6915,3.5368,3.165,0.3212
7MS7_ZQ1,1,20,6,29,8.6092,154.133,173.869,7.7860,3.5264,3.157,0.3073
7MS7_ZQ1,1,21,6,29,8.6413,154.924,175.858,7.8816,3.5427,3.219,0.3087
7MS7_ZQ1,1,22,6,29,8.6816,155.973,177.980,7.9812,3.5804,3.187,0.3090
7MS7_ZQ1,1,23,6,29,8.7200,157.017,179.676,8.0782,3.6393,3.397,0.2969
7MS7_ZQ1,1,24,6,29,8.7532,157.410,178.292,8.1639,3.7090,0.000,0.0000
7MYU_ZR7,1,0,6,35,5.8664,118.748,151.397,5.4000,0.9147,0.661,0.1367
7MYU_ZR7,1,1,6,35,5.7900,118.633,151.064,5.3367,0.8646,0.639,0.1297
7MYU_ZR7,1,2,6,35,5.7211,118.537,150.684,5.2802,0.8170,0.845,0.1299
7MYU_ZR7,1,3,6,35,5.6370,118.442,150.259,5.2082,0.7756,1.240,0.1446
7MYU_ZR7,1,4,6,35,5.5232,118.250,149.681,5.1047,0.7387,1.628,0.1654
7MYU_ZR7,1,5,6,35,5.3822,118.007,149.151,4.9697,0.7023,2.047,0.1906
7MYU_ZR7,1,6,6,35,5.2145,117.717,148.694,4.8028,0.6687,2.309,0.2042
7MYU_ZR7,1,7,6,35,5.0345,117.362,148.246,4.6184,0.6382,2.594,0.2214
7MYU_ZR7,1,8,6,35,4.8411,117.072,147.900,4.4152,0.6114,2.831,0.2278
7MYU_ZR7,1,9,6,35,4.6459,116.746,147.618,4.2081,0.5881,3.073,0.2401
7MYU_ZR7,1,10,6,35,4.4431,116.533,147.542,3.9882,0.5713,3.234,0.2451
7MYU_ZR7,1,11,6,35,4.2415,116.342,147.416,3.7655,0.5653,3.374,0.2486
7MYU_ZR7,1,12,6,35,4.0430,116.183,147.408,3.5427,0.5599,3.545,0.2538
7MYU_ZR7,1,13,6,35,3.8478,116.128,147.551,3.3187,0.5560,3.620,0.2549
7MYU_ZR7,1,14,6,35,3.6626,116.212,147.741,3.1005,0.5541,3.664,0.2558
7MYU_ZR7,1,15,6,35,3.4858,116.335,148.015,2.8878,0.5565,3.717,0.2636
7MYU_ZR7,1,16,6,35,3.3164,116.578,148.526,2.6745,0.5807,3.819,0.2668
7MYU_ZR7,1,17,6,35,3.1616,116.902,149.343,2.4706,0.6159,4.039,0.2727
7MYU_ZR7,1,18,6,35,3.0189,117.065,150.191,2.2808,0.6598,4.096,0.2721
7MYU_ZR7,1,19,6,35,2.8989,117.380,151.609,2.1166,0.7107,4.361,0.2781
7MYU_ZR7,1,20,6,35,2.8015,117.775,153.675,1.9785,0.7715,4.457,0.2746
7MYU_ZR7,1,21,6,35,2.7384,118.230,155.332,1.8859,0.8354,4.767,0.2796
7MYU_ZR7,1,22,6,35,2.7112,118.788,156.935,1.8561,0.9207,4.775,0.2905
7MYU_ZR7,1,23,6,35,2.7251,119.405,158.394,1.8878,1.0158,4.625,0.3058
7MYU_ZR7,1,24,6,35,2.7949,120.275,159.428,1.9732,1.1183,0.000,0.0000
7N7H_CTP,1,0,5,29,6.9026,144.068,173.306,6.6665,3.4367,0.320,0.2434
7N7H_CTP,1,1,5,29,6.7363,144.062,173.211,6.4750,3.2855,0.305,0.2342
7N7H_CTP,1,2,5,29,6.5804,144.042,173.187,6.2923,3.1415,0.553,0.2335
7N7H_CTP,1,3,5,29,6.4365,144.055,173.039,6.1205,2.9998,0.901,0.2419
7N7H_CTP,1,4,5,29,6.3070,144.144,172.692,5.9600,2.8542,1.254,0.2391
7N7H_CTP,1,5,5,29,6.1893,144.164,171.989,5.8088,2.7095,1.638,0.2468
7N7H_CTP,1,6,5,29,6.0874,144.273,171.239,5.6676,2.5589,1.924,0.2478
7N7H_CTP,1,7,5,29,6.0107,144.565,170.780,5.5459,2.4148,2.432,0.2526
7N7H_CTP,1,8,5,29,5.9659,144.939,170.160,5.4499,2.2764,2.664,0.2556
7N7H_CTP,1,9,5,29,5.9462,145.414,169.655,5.3731,2.1403,3.125,0.2659
7N7H_CTP,1,10,5,29,5.9480,145.873,168.897,5.3081,2.0010,3.262,0.2688
7N7H_CTP,1,11,5,29,5.9763,146.405,168.221,5.2660,1.8657,3.154,0.2746
7N7H_CTP,1,12,5,29,6.0267,146.858,167.931,5.2462,1.7296,3.316,0.2807
7N7H_CTP,1,13,5,29,6.1019,147.146,167.803,5.2513,1.5920,3.244,0.2807
7N7H_CTP,1,14,5,29,6.1950,147.361,167.679,5.2790,1.4548,3.228,0.2791
7N7H_CTP,1,15,5,29,6.2978,147.523,167.602,5.3211,1.3179,3.137,0.2862
7N7H_CTP,1,16,5,29,6.4228,147.703,168.125,5.3929,1.1823,3.271,0.2892
7N7H_CTP,1,17,5,29,6.5597,147.719,168.838,5.4809,1.0507,3.291,0.2934
7N7H_CTP,1,18,5,29,6.7139,147.779,169.695,5.5952,0.9258,3.346,0.3007
7N7H_CTP,1,19,5,29,6.8857,147.882,170.678,5.7307,0.8093,3.595,0.2931
7N7H_CTP,1,20,5,29,7.0686,148.145,171.755,5.8831,0.7062,3.620,0.2720
7N7H_CTP,1,21,5,29,7.2494,148.481,172.738,6.0358,0.6316,3.773,0.2656
7N7H_CTP,1,22,5,29,7.4392,149.046,174.069,6.1979,0.5808,3.997,0.2383
7N7H_CTP,1,23,5,29,7.6264,150.017,175.570,6.3558,0.5595,4.185,0.1982
7N7H_CTP,1,24,5,29,7.8037,151.628,177.580,6.4925,0.5576,0.000,0.0000
7NA4_1I9,1,0,7,38,6.7838,122.184,173.738,5.7827,2.7978,0.744,0.2232
7NA4_1I9,1,1,7,38,6.6500,122.275,173.251,5.6288,2.6629,0.695,0.2124
7NA4_1I9,1,2,7,38,6.5277,122.304,172.761,5.4924,2.5353,0.820,0.2146
7NA4_1I9,1,3,7,38,6.4188,122.223,172.089,5.3742,2.4060,1.132,0.2229
7NA4_1I9,1,4,7,38,6.3206,122.181,171.253,5.2728,2.2728,1.322,0.2295
7NA4_1I9,1,5,7,38,6.2329,122.007,170.259,5.1917,2.1381,1.454,0.2393
7NA4_1I9,1,6,7,38,6.1535,121.705,169.046,5.1306,2.0001,1.627,0.2411
7NA4_1I9,1,7,7,38,6.0872,121.394,168.429,5.0919,1.8687,2.028,0.2515
7NA4_1I9,1,8,7,38,6.0321,121.075,169.373,5.0738,1.7362,2.277,0.2547
7NA4_1I9,1,9,7,38,5.9874,120.718,170.327,5.0711,1.6054,2.644,0.2631
7NA4_1I9,1,10,7,38,5.9568,120.372,171.652,5.0838,1.4718,2.691,0.2640
7NA4_1I9,1,11,7,38,5.9449,119.883,172.953,5.1138,1.3479,2.667,0.2617
7NA4_1I9,1,12,7,38,5.9530,119.384,174.219,5.1603,1.2372,2.655,0.2595
7NA4_1I9,1,13,7,38,5.9786,118.902,175.348,5.2171,1.1393,2.691,0.2666
7NA4_1I9,1,14,7,38,6.0211,118.356,176.079,5.2849,1.0611,2.684,0.2630
7NA4_1I9,1,15,7,38,6.0756,117.880,176.800,5.3550,1.0066,2.694,0.2581
7NA4_1I9,1,16,7,38,6.1450,117.481,177.412,5.4299,0.9819,2.769,0.2548
7NA4_1I9,1,17,7,38,6.2268,117.087,177.834,5.5114,0.9885,2.880,0.2541
7NA4_1I9,1,18,7,38,6.3184,116.769,178.336,5.5936,1.0260,2.989,0.2583
7NA4_1I9,1,19,7,38,6.4231,116.347,178.488,5.6851,1.0996,3.187,0.2569
7NA4_1I9,1,20,7,38,6.5433,116.042,178.416,5.7867,1.2032,3.287,0.2486
7NA4_1I9,1,21,7,38,6.6743,115.900,178.236,5.8947,1.3281,3.241,0.2569
7NA4_1I9,1,22,7,38,6.8201,116.108,178.106,6.0128,1.4820,3.455,0.2598
7NA4_1I9,1,23,7,38,6.9745,116.585,178.348,6.1411,1.6610,3.372,0.2708
7NA4_1I9,1,24,7,38,7.1378,117.110,178.361,6.2932,1.8515,0.000,0.0000
7NF3_4LU,1,0,5,36,6.4385,114.311,178.078,5.9340,2.6750,0.234,0.1882
7NF3_4LU,1,1,5,36,6.3336,114.484,178.245,5.7930,2.5580,0.156,0.1827
7NF3_4LU,1,2,5,36,6.2335,114.582,178.406,5.6581,2.4424,0.235,0.1864
7NF3_4LU,1,3,5,36,6.1273,114.687,178.624,5.5165,2.3233,0.287,0.1922
7NF3_4LU,1,4,5,36,6.0143,114.878,178.912,5.3658,2.2007,0.414,0.1950
7NF3_4LU,1,5,5,36,5.8942,115.086,179.298,5.2058,2.0794,0.542,0.1985
7NF3_4LU,1,6,5,36,5.7647,115.227,179.663,5.0318,1.9614,0.692,0.2026
7NF3_4LU,1,7,5,36,5.6344,115.398,179.913,4.8551,1.8436,0.694,0.2114
7NF3_4LU,1,8,5,36,5.4987,115.256,179.408,4.6653,1.7333,0.854,0.2177
7NF3_4LU,1,9,5,36,5.3648,115.108,178.947,4.4706,1.6277,0.977,0.2323
7NF3_4LU,1,10,5,36,5.2309,114.946,178.462,4.2651,1.5278,0.951,0.2346
7NF3_4LU,1,11,5,36,5.1082,114.827,178.058,4.0641,1.4313,1.004,0.2388
7NF3_4LU,1,12,5,36,4.9941,114.721,177.655,3.8654,1.3400,1.129,0.2391
7NF3_4LU,1,13,5,36,4.8882,114.490,177.131,3.6709,1.2479,1.264,0.2432
7NF3_4LU,1,14,5,36,4.7911,114.312,176.341,3.4826,1.1541,1.514,0.2367
7NF3_4LU,1,15,5,36,4.7075,114.153,175.450,3.3052,1.0581,1.691,0.2338
7NF3_4LU,1,16,5,36,4.6364,113.988,174.627,3.1371,0.9666,1.809,0.2341
7NF3_4LU,1,17,5,36,4.5740,113.794,173.916,2.9773,0.8794,1.871,0.2342
7NF3_4LU,1,18,5,36,4.5202,113.787,173.357,2.8270,0.8001,1.952,0.2276
7NF3_4LU,1,19,5,36,4.4799,113.910,172.905,2.6970,0.7428,2.093,0.2333
7NF3_4LU,1,20,5,36,4.4484,114.138,172.540,2.5802,0.6964,2.026,0.2338
7NF3_4LU,1,21,5,36,4.4282,114.468,172.215,2.4800,0.6714,1.985,0.2457
7NF3_4LU,1,22,5,36,4.4206,114.832,171.910,2.3952,0.6657,1.990,0.2628
7NF3_4LU,1,23,5,36,4.4242,115.113,171.802,2.3260,0.6803,2.390,0.2640
7NF3_4LU,1,24,5,36,4.4450,115.053,171.609,2.2924,0.7159,0.000,0.0000
7NFB_GEN,1,0,2,20,5.9974,103.253,132.614,5.3912,3.4736,0.348,0.2098
7NFB_GEN,1,1,2,20,5.8596,103.301,132.629,5.2176,3.2943,0.290,0.1992
7NFB_GEN,1,2,2,20,5.7317,103.345,132.642,5.0550,3.1235,0.326,0.1977
7NFB_GEN,1,3,2,20,5.6072,103.403,132.637,4.8952,2.9547,0.357,0.1966
7NFB_GEN,1,4,2,20,5.4856,103.455,132.587,4.7372,2.7880,0.433,0.1982
7NFB_GEN,1,5,2,20,5.3661,103.496,132.490,4.5799,2.6199,0.483,0.1972
7NFB_GEN,1,6,2,20,5.2463,103.490,132.287,4.4213,2.4526,0.582,0.1951
7NFB_GEN,1,7,2,20,5.1287,103.393,131.969,4.2640,2.2872,0.822,0.2032
7NFB_GEN,1,8,2,20,4.9917,103.078,131.286,4.0863,2.1200,0.968,0.2059
7NFB_GEN,1,9,2,20,4.8468,102.610,130.393,3.8999,1.9559,1.217,0.2107
7NFB_GEN,1,10,2,20,4.6963,101.893,129.172,3.7061,1.7920,1.350,0.2401
7NFB_GEN,1,11,2,20,4.5113,101.005,127.844,3.4761,1.6166,1.554,0.2472
7NFB_GEN,1,12,2,20,4.3190,100.047,126.548,3.2373,1.4435,1.840,0.2542
7NFB_GEN,1,13,2,20,4.1209,98.997,125.344,2.9916,1.2702,2.226,0.2548
7NFB_GEN,1,14,2,20,3.9231,97.792,124.316,2.7446,1.1040,2.462,0.2424
7NFB_GEN,1,15,2,20,3.7389,96.434,123.464,2.5103,0.9516,2.898,0.2318
7NFB_GEN,1,16,2,20,3.5662,94.909,122.931,2.2864,0.8124,3.593,0.2241
7NFB_GEN,1,17,2,20,3.3999,93.230,122.807,2.0707,0.6829,4.086,0.2266
7NFB_GEN,1,18,2,20,3.2399,91.215,122.854,1.8584,0.5428,4.711,0.2231
7NFB_GEN,1,19,2,20,3.0836,89.089,123.172,1.6530,0.4114,5.273,0.2209
7NFB_GEN,1,20,2,20,2.9348,86.784,123.737,1.4580,0.2822,5.581,0.2232
7NFB_GEN,1,21,2,20,2.7932,84.602,124.405,1.2819,0.1443,6.167,0.2216
7NFB_GEN,1,22,2,20,2.6625,82.899,125.832,1.1327,0.0167,5.963,0.2208
7NFB_GEN,1,23,2,20,2.5526,82.011,127.529,1.0290,0.1132,5.123,0.2299
7NFB_GEN,1,24,2,20,2.4770,81.671,128.610,0.9878,0.2163,0.000,0.0000
7NLK_UHK,1,0,3,16,6.7955,123.188,136.337,5.8556,4.8515,0.252,0.2764
7NLK_UHK,1,1,3,16,6.5533,123.326,136.469,5.6203,4.6090,0.222,0.2656
7NLK_UHK,1,2,3,16,6.3264,123.469,136.598,5.3980,4.3777,0.274,0.2635
7NLK_UHK,1,3,3,16,6.1064,123.614,136.732,5.1835,4.1485,0.421,0.2626
7NLK_UHK,1,4,3,16,5.8941,123.852,136.932,4.9762,3.9207,0.540,0.2596
7NLK_UHK,1,5,3,16,5.6926,124.172,137.176,4.7796,3.6972,0.753,0.2594
7NLK_UHK,1,6,3,16,5.5044,124.660,137.605,4.6025,3.4731,0.839,0.2578
7NLK_UHK,1,7,3,16,5.3274,125.205,138.125,4.4398,3.2506,0.904,0.2532
7NLK_UHK,1,8,3,16,5.1628,125.787,138.785,4.2917,3.0335,1.093,0.2535
7NLK_UHK,1,9,3,16,5.0173,126.511,139.518,4.1707,2.8178,1.173,0.2515
7NLK_UHK,1,10,3,16,4.8989,127.210,140.446,4.0794,2.6048,1.661,0.2522
7NLK_UHK,1,11,3,16,4.8238,128.109,141.537,4.0323,2.4035,2.075,0.2626
7NLK_UHK,1,12,3,16,4.7961,129.080,142.656,4.0416,2.2096,2.723,0.2766
7NLK_UHK,1,13,3,16,4.8127,130.430,144.041,4.1000,2.0248,3.097,0.2907
7NLK_UHK,1,14,3,16,4.8509,131.903,145.593,4.1794,1.8333,3.311,0.2892
7NLK_UHK,1,15,3,16,4.9027,133.374,147.066,4.2712,1.6468,3.525,0.2935
7NLK_UHK,1,16,3,16,4.9705,134.823,148.584,4.3740,1.4641,3.821,0.2956
7NLK_UHK,1,17,3,16,5.0527,136.377,150.210,4.4866,1.2895,3.642,0.2901
7NLK_UHK,1,18,3,16,5.1441,137.806,151.523,4.6071,1.1330,3.594,0.2779
7NLK_UHK,1,19,3,16,5.2465,139.208,153.061,4.7310,1.0032,3.353,0.2750
7NLK_UHK,1,20,3,16,5.3557,140.331,154.339,4.8627,0.9059,2.778,0.2550
7NLK_UHK,1,21,3,16,5.4683,141.056,155.217,4.9949,0.8552,2.513,0.2592
7NLK_UHK,1,22,3,16,5.5933,141.400,155.814,5.1410,0.8517,2.603,0.2367
7NLK_UHK,1,23,3,16,5.7143,141.288,155.520,5.2827,0.8930,2.118,0.1888
7NLK_UHK,1,24,3,16,5.8265,141.103,155.310,5.4180,0.9625,0.000,0.0000
7NLV_UJE,1,0,4,21,7.0026,142.168,152.097,5.7282,1.5190,0.383,0.1639
7NLV_UJE,1,1,4,21,6.8877,142.205,152.439,5.6038,1.4443,0.358,0.1560
7NLV_UJE,1,2,4,21,6.7798,142.229,152.743,5.4860,1.3748,0.421,0.1529
7NLV_UJE,1,3,4,21,6.6785,142.277,153.166,5.3742,1.3036,0.560,0.1508
7NLV_UJE,1,4,4,21,6.5924,142.416,153.776,5.2743,1.2290,0.780,0.1470
7NLV_UJE,1,5,4,21,6.5495,142.795,154.764,5.2082,1.1520,1.161,0.1503
7NLV_UJE,1,6,4,21,6.5501,143.409,155.985,5.1762,1.0680,1.258,0.1467
7NLV_UJE,1,7,4,21,6.5787,144.120,157.252,5.1709,0.9967,1.474,0.1526
7NLV_UJE,1,8,4,21,6.6391,144.919,158.818,5.1949,0.9414,1.541,0.1547
7NLV_UJE,1,9,4,21,6.7111,145.647,160.395,5.2308,0.8906,1.775,0.1558
7NLV_UJE,1,10,4,21,6.7911,146.412,162.205,5.2725,0.8481,1.998,0.1577
7NLV_UJE,1,11,4,21,6.8813,147.092,164.162,5.3237,0.8114,2.185,0.1613
7NLV_UJE,1,12,4,21,6.9754,147.755,166.145,5.3786,0.7790,2.507,0.1579
7NLV_UJE,1,13,4,21,7.0727,148.407,168.285,5.4373,0.7530,2.750,0.1608
7NLV_UJE,1,14,4,21,7.1729,148.940,170.465,5.5003,0.7293,3.181,0.1535
7NLV_UJE,1,15,4,21,7.2670,149.547,172.868,5.5581,0.7053,3.364,0.1490
7NLV_UJE,1,16,4,21,7.3660,150.160,175.407,5.6190,0.6758,3.692,0.1447
7NLV_UJE,1,17,4,21,7.4632,150.924,178.423,5.6799,0.6519,4.146,0.1416
7NLV_UJE,1,18,4,21,7.5610,150.623,178.107,5.7453,0.6282,4.476,0.1366
7NLV_UJE,1,19,4,21,7.6546,149.072,174.288,5.8083,0.6096,4.837,0.1281
7NLV_UJE,1,20,4,21,7.7549,147.433,170.102,5.8751,0.5920,4.909,0.1186
7NLV_UJE,1,21,4,21,7.8428,145.859,165.999,5.9309,0.5769,5.274,0.1098
7NLV_UJE,1,22,4,21,7.9245,144.206,161.482,5.9815,0.5673,5.145,0.1001
7NLV_UJE,1,23,4,21,7.9844,142.770,157.363,6.0143,0.5741,5.085,0.0872
7NLV_UJE,1,24,4,21,8.0278,141.832,153.827,6.0353,0.5795,0.000,0.0000
7NML_I7B,1,0,3,16,5.9363,146.800,151.238,5.6909,2.4373,0.313,0.2365
7NML_I7B,1,1,3,16,5.7553,146.901,151.295,5.5098,2.3379,0.391,0.2285
7NML_I7B,1,2,3,16,5.5805,146.949,151.391,5.3319,2.2429,0.451,0.2234
7NML_I7B,1,3,3,16,5.4141,146.899,151.460,5.1601,2.1609,0.639,0.2241
7NML_I7B,1,4,3,16,5.2515,146.773,151.584,4.9907,2.0869,0.929,0.2276
7NML_I7B,1,5,3,16,5.0893,146.578,151.856,4.8195,2.0195,1.294,0.2196
7NML_I7B,1,6,3,16,4.9375,146.157,151.970,4.6569,1.9609,1.426,0.2118
7NML_I7B,1,7,3,16,4.7997,145.765,152.246,4.5060,1.9183,1.607,0.2168
7NML_I7B,1,8,3,16,4.6592,145.240,152.636,4.3489,1.8651,1.836,0.2245
7NML_I7B,1,9,3,16,4.5200,144.581,153.037,4.1903,1.8134,1.691,0.2167
7NML_I7B,1,10,3,16,4.3931,143.838,153.346,4.0427,1.7817,2.002,0.2399
7NML_I7B,1,11,3,16,4.2643,143.051,153.887,3.8883,1.7321,2.037,0.2492
7NML_I7B,1,12,3,16,4.1418,142.223,154.374,3.7368,1.6865,2.061,0.2533
7NML_I7B,1,13,3,16,4.0306,141.544,154.866,3.5932,1.6421,2.174,0.2684
7NML_I7B,1,14,3,16,3.9253,140.946,155.483,3.4517,1.6086,2.110,0.2643
7NML_I7B,1,15,3,16,3.8382,140.325,155.955,3.3298,1.5949,2.155,0.2667
7NML_I7B,1,16,3,16,3.7821,139.708,156.230,3.2435,1.6122,2.210,0.2664
7NML_I7B,1,17,3,16,3.7397,139.146,156.558,3.1724,1.6452,2.476,0.2664
7NML_I7B,1,18,3,16,3.7165,138.535,157.067,3.1231,1.7013,2.499,0.2573
7NML_I7B,1,19,3,16,3.7067,137.909,157.404,3.0936,1.7685,2.590,0.2495
7NML_I7B,1,20,3,16,3.7128,137.328,157.582,3.0857,1.8519,2.798,0.2411
7NML_I7B,1,21,3,16,3.7344,136.703,157.841,3.0990,1.9455,3.008,0.2297
7NML_I7B,1,22,3,16,3.7644,136.075,158.211,3.1276,2.0413,3.381,0.2277
7NML_I7B,1,23,3,16,3.8132,135.283,158.418,3.1820,2.1531,3.686,0.2272
7NML_I7B,1,24,3,16,3.8761,134.346,158.678,3.2550,2.2749,0.000,0.0000
7NPL_UKZ,1,0,5,27,7.6532,150.930,178.161,7.2493,2.4079,0.360,0.2004
7NPL_UKZ,1,1,5,27,7.5317,151.123,177.971,7.0844,2.2947,0.344,0.1881
7NPL_UKZ,1,2,5,27,7.4207,151.297,177.782,6.9305,2.1907,0.538,0.1889
7NPL_UKZ,1,3,5,27,7.3253,151.581,177.627,6.7855,2.0865,0.899,0.1891
7NPL_UKZ,1,4,5,27,7.2533,151.989,177.309,6.6560,1.9822,1.176,0.1841
7NPL_UKZ,1,5,5,27,7.2027,152.513,176.967,6.5421,1.8819,1.481,0.1799
7NPL_UKZ,1,6,5,27,7.1705,153.192,176.590,6.4431,1.7838,1.693,0.1766
7NPL_UKZ,1,7,5,27,7.1427,153.926,176.316,6.3463,1.6863,1.890,0.1749
7NPL_UKZ,1,8,5,27,7.1297,154.799,176.118,6.2615,1.5903,1.939,0.1762
7NPL_UKZ,1,9,5,27,7.1294,155.748,175.976,6.1863,1.4954,2.105,0.1807
7NPL_UKZ,1,10,5,27,7.1412,156.778,176.009,6.1195,1.3966,2.258,0.1810
7NPL_UKZ,1,11,5,27,7.1618,157.898,176.457,6.0594,1.2973,2.380,0.1846
7NPL_UKZ,1,12,5,27,7.1926,159.111,177.085,6.0056,1.1966,2.537,0.1898
7NPL_UKZ,1,13,5,27,7.2319,160.410,177.973,5.9582,1.0927,2.543,0.1883
7NPL_UKZ,1,14,5,27,7.2792,161.608,178.431,5.9183,0.9884,2.624,0.1892
7NPL_UKZ,1,15,5,27,7.3335,162.927,179.315,5.8824,0.8897,2.685,0.1858
7NPL_UKZ,1,16,5,27,7.4025,164.106,179.758,5.8601,0.8003,2.736,0.1811
7NPL_UKZ,1,17,5,27,7.4669,164.884,178.664,5.8340,0.7182,2.699,0.1784
7NPL_UKZ,1,18,5,27,7.5389,165.733,177.894,5.8113,0.6491,2.720,0.1751
7NPL_UKZ,1,19,5,27,7.6190,166.518,178.398,5.7965,0.5910,2.718,0.1740
7NPL_UKZ,1,20,5,27,7.7084,167.067,179.607,5.7882,0.5486,2.856,0.1671
7NPL_UKZ,1,21,5,27,7.8115,166.808,177.487,5.7955,0.5241,3.462,0.1588
7NPL_UKZ,1,22,5,27,7.9221,166.187,175.579,5.8202,0.5110,3.711,0.1687
7NPL_UKZ,1,23,5,27,8.0491,165.344,173.352,5.8636,0.5037,3.912,0.1923
7NPL_UKZ,1,24,5,27,8.2012,164.405,170.670,5.9448,0.4822,0.000,0.0000
7NR6_UO8,1,0,2,17,3.7913,140.999,156.207,3.0021,2.2890,0.492,0.1768
7NR6_UO8,1,1,2,17,3.6856,141.130,156.303,2.8539,2.1286,0.469,0.1700
7NR6_UO8,1,2,2,17,3.5908,141.279,156.476,2.7172,1.9736,0.488,0.1628
7NR6_UO8,1,3,2,17,3.5035,141.422,156.593,2.5888,1.8271,0.528,0.1562
7NR6_UO8,1,4,2,17,3.4209,141.527,156.633,2.4653,1.6887,0.679,0.1568
7NR6_UO8,1,5,2,17,3.3408,141.599,156.707,2.3432,1.5504,0.858,0.1482
7NR6_UO8,1,6,2,17,3.2642,141.584,156.612,2.2261,1.4200,0.953,0.1425
7NR6_UO8,1,7,2,17,3.1932,141.573,156.462,2.1156,1.2945,1.222,0.1385
7NR6_UO8,1,8,2,17,3.1221,141.404,156.170,2.0055,1.1733,1.373,0.1351
7NR6_UO8,1,9,2,17,3.0547,141.139,155.847,1.9010,1.0565,1.653,0.1407
7NR6_UO8,1,10,2,17,2.9842,140.787,155.499,1.7914,0.9389,1.878,0.1413
7NR6_UO8,1,11,2,17,2.9154,140.337,155.065,1.6841,0.8210,2.116,0.1490
7NR6_UO8,1,12,2,17,2.8482,139.807,154.538,1.5789,0.6992,2.320,0.1531
7NR6_UO8,1,13,2,17,2.7839,139.312,154.013,1.4760,0.5798,2.519,0.1609
7NR6_UO8,1,14,2,17,2.7241,138.802,153.502,1.3778,0.4644,2.653,0.1623
7NR6_UO8,1,15,2,17,2.6758,138.255,152.926,1.2976,0.3729,2.691,0.1620
7NR6_UO8,1,16,2,17,2.6380,137.853,152.521,1.2288,0.3110,2.805,0.1632
7NR6_UO8,1,17,2,17,2.6109,137.352,151.951,1.1750,0.3026,2.995,0.1672
7NR6_UO8,1,18,2,17,2.6022,136.787,151.264,1.1491,0.3631,3.354,0.1628
7NR6_UO8,1,19,2,17,2.6043,136.033,150.492,1.1364,0.4557,3.765,0.1618
7NR6_UO8,1,20,2,17,2.6210,135.170,149.488,1.1442,0.5641,4.078,0.1620
7NR6_UO8,1,21,2,17,2.6590,134.197,148.049,1.1845,0.6871,4.839,0.1586
7NR6_UO8,1,22,2,17,2.7100,133.055,146.415,1.2413,0.8076,5.068,0.1835
7NR6_UO8,1,23,2,17,2.7843,131.820,144.152,1.3317,0.9382,4.607,0.2150
7NR6_UO8,1,24,2,17,2.8734,130.413,141.271,1.4411,1.0746,0.000,0.0000
7NR8_UOE,1,0,8,45,7.1747,111.100,158.861,6.7601,2.0913,0.493,0.1707
7NR8_UOE,1,1,8,45,7.1052,110.944,158.727,6.6667,2.0387,0.523,0.1631
7NR8_UOE,1,2,8,45,7.0381,110.780,158.654,6.5765,1.9879,0.754,0.1599
7NR8_UOE,1,3,8,45,6.9592,110.556,158.630,6.4781,1.9358,1.215,0.1590
7NR8_UOE,1,4,8,45,6.8584,110.405,158.954,6.3651,1.8818,1.670,0.1579
7NR8_UOE,1,5,8,45,6.7443,110.368,159.673,6.2483,1.8239,2.018,0.1595
7NR8_UOE,1,6,8,45,6.6210,110.396,160.627,6.1273,1.7651,2.221,0.1653
7NR8_UOE,1,7,8,45,6.4865,110.469,161.799,5.9970,1.7136,2.449,0.1807
7NR8_UOE,1,8,8,45,6.3382,110.534,163.375,5.8559,1.6648,2.586,0.1818
7NR8_UOE,1,9,8,45,6.1940,110.593,165.149,5.7194,1.6221,2.879,0.1940
7NR8_UOE,1,10,8,45,6.0421,110.569,167.309,5.5744,1.5822,3.153,0.2004
7NR8_UOE,1,11,8,45,5.8923,110.583,170.245,5.4326,1.5421,3.395,0.1987
7NR8_UOE,1,12,8,45,5.7504,110.512,173.471,5.2970,1.5061,3.619,0.1910
7NR8_UOE,1,13,8,45,5.6279,110.508,177.200,5.1809,1.4760,3.757,0.1819
7NR8_UOE,1,14,8,45,5.5212,110.182,178.668,5.0792,1.4507,3.921,0.1686
7NR8_UOE,1,15,8,45,5.4278,108.947,174.197,4.9887,1.4290,4.028,0.1592
7NR8_UOE,1,16,8,45,5.3466,107.713,169.752,4.9107,1.4132,4.220,0.1472
7NR8_UOE,1,17,8,45,5.2777,106.411,164.981,4.8450,1.3989,4.469,0.1415
7NR8_UOE,1,18,8,45,5.2199,105.082,159.969,4.7926,1.3884,4.675,0.1399
7NR8_UOE,1,19,8,45,5.1722,103.810,155.274,4.7533,1.3844,4.925,0.1373
7NR8_UOE,1,20,8,45,5.1325,102.428,150.327,4.7248,1.3819,5.115,0.1392
7NR8_UOE,1,21,8,45,5.1023,101.025,145.348,4.7110,1.3797,5.289,0.1544
7NR8_UOE,1,22,8,45,5.0776,99.554,140.380,4.7052,1.3816,5.377,0.1775
7NR8_UOE,1,23,8,45,5.0543,98.213,135.935,4.7059,1.3822,5.586,0.2293
7NR8_UOE,1,24,8,45,5.0429,97.068,132.388,4.7219,1.3768,0.000,0.0000
7NTG_F6R,1,0,5,16,6.8867,125.630,173.818,5.1907,3.4354,0.599,0.2283
7NTG_F6R,1,1,5,16,6.6342,125.468,174.025,4.9866,3.2495,0.515,0.2189
7NTG_F6R,1,2,5,16,6.3951,125.376,174.243,4.7933,3.0698,0.426,0.2113
7NTG_F6R,1,3,5,16,6.1696,125.442,174.454,4.6103,2.8988,0.352,0.1986
7NTG_F6R,1,4,5,16,5.9678,125.590,174.677,4.4436,2.7432,0.487,0.1990
7NTG_F6R,1,5,5,16,5.7756,125.832,174.687,4.2839,2.5820,0.831,0.1992
7NTG_F6R,1,6,5,16,5.5949,126.255,174.686,4.1332,2.4115,1.086,0.1924
7NTG_F6R,1,7,5,16,5.4381,126.584,174.382,4.0019,2.2479,1.540,0.1916
7NTG_F6R,1,8,5,16,5.3046,127.275,174.255,3.8884,2.0868,1.866,0.1850
7NTG_F6R,1,9,5,16,5.1967,127.965,173.788,3.7954,1.9437,2.137,0.1865
7NTG_F6R,1,10,5,16,5.1060,128.957,173.361,3.7155,1.8062,2.439,0.1840
7NTG_F6R,1,11,5,16,5.0493,129.966,172.544,3.6608,1.6805,2.672,0.1796
7NTG_F6R,1,12,5,16,5.0097,131.062,171.597,3.6213,1.5613,2.959,0.1765
7NTG_F6R,1,13,5,16,4.9847,132.456,170.810,3.5966,1.4436,3.208,0.1736
7NTG_F6R,1,14,5,16,4.9689,134.030,170.202,3.5836,1.3247,3.383,0.1737
7NTG_F6R,1,15,5,16,4.9549,135.753,169.730,3.5777,1.2068,3.584,0.1781
7NTG_F6R,1,16,5,16,4.9509,137.582,169.376,3.5893,1.0810,3.658,0.1767
7NTG_F6R,1,17,5,16,4.9565,139.646,169.416,3.6120,0.9591,3.935,0.1785
7NTG_F6R,1,18,5,16,4.9658,141.920,169.634,3.6425,0.8415,4.327,0.1773
7NTG_F6R,1,19,5,16,4.9820,144.564,170.334,3.6784,0.7285,4.470,0.1765
7NTG_F6R,1,20,5,16,5.0029,147.502,171.693,3.7221,0.6363,4.430,0.1756
7NTG_F6R,1,21,5,16,5.0268,150.425,175.733,3.7692,0.5682,4.556,0.1781
7NTG_F6R,1,22,5,16,5.0584,153.547,179.792,3.8298,0.5295,4.289,0.1734
7NTG_F6R,1,23,5,16,5.0978,154.296,179.657,3.8999,0.5223,4.056,0.1736
7NTG_F6R,1,24,5,16,5.1522,152.543,176.106,3.9812,0.5205,0.000,0.0000
7NU0_DCL,1,0,3,8,4.6675,158.585,158.585,3.5605,1.9107,0.383,0.1417
7NU0_DCL,1,1,3,8,4.5470,158.630,158.630,3.4669,1.8486,0.314,0.1369
7NU0_DCL,1,2,3,8,4.4314,158.740,158.740,3.3782,1.7858,0.300,0.1382
7NU0_DCL,1,3,3,8,4.3181,158.825,158.825,3.2920,1.7227,0.237,0.1387
7NU0_DCL,1,4,3,8,4.2042,158.863,158.863,3.2070,1.6555,0.439,0.1431
7NU0_DCL,1,5,3,8,4.0983,158.932,158.932,3.1300,1.5906,0.639,0.1397
7NU0_DCL,1,6,3,8,4.0022,158.935,158.935,3.0617,1.5312,0.722,0.1417
7NU0_DCL,1,7,3,8,3.9112,158.879,158.879,3.0013,1.4691,0.856,0.1391
7NU0_DCL,1,8,3,8,3.8265,158.890,158.890,2.9488,1.4056,1.005,0.1368
7NU0_DCL,1,9,3,8,3.7494,158.867,158.867,2.9035,1.3445,1.089,0.1458
7NU0_DCL,1,10,3,8,3.6643,158.590,158.590,2.8566,1.2772,1.363,0.1400
7NU0_DCL,1,11,3,8,3.5882,158.298,158.298,2.8146,1.2141,1.658,0.1431
7NU0_DCL,1,12,3,8,3.5201,157.946,157.946,2.7788,1.1519,1.722,0.1393
7NU0_DCL,1,13,3,8,3.4509,157.439,157.439,2.7411,1.0849,1.891,0.1466
7NU0_DCL,1,14,3,8,3.4011,157.241,157.241,2.7185,1.0180,1.687,0.1432
7NU0_DCL,1,15,3,8,3.3584,157.140,157.140,2.6982,0.9489,1.569,0.1462
7NU0_DCL,1,16,3,8,3.3352,156.994,156.994,2.6955,0.8804,1.160,0.1438
7NU0_DCL,1,17,3,8,3.3178,156.628,156.628,2.6951,0.8033,1.082,0.1362
7NU0_DCL,1,18,3,8,3.3051,156.241,156.241,2.6965,0.7197,0.806,0.1368
7NU0_DCL,1,19,3,8,3.3129,155.910,155.910,2.7164,0.6456,0.705,0.1311
7NU0_DCL,1,20,3,8,3.3260,155.520,155.520,2.7384,0.5768,0.840,0.1305
7NU0_DCL,1,21,3,8,3.3306,155.035,155.035,2.7463,0.5183,1.010,0.1349
7NU0_DCL,1,22,3,8,3.3319,154.482,154.482,2.7489,0.4691,0.894,0.1429
7NU0_DCL,1,23,3,8,3.3179,154.128,154.128,2.7363,0.4396,0.393,0.1692
7NU0_DCL,1,24,3,8,3.2888,154.080,154.080,2.7083,0.4207,0.000,0.0000
7NXO_UU8,1,0,5,34,8.3266,167.109,179.867,7.9104,2.4037,0.411,0.1867
7NXO_UU8,1,1,5,34,8.2074,167.188,179.874,7.7754,2.3170,0.416,0.1759
7NXO_UU8,1,2,5,34,8.0989,167.246,179.880,7.6502,2.2385,0.753,0.1755
7NXO_UU8,1,3,5,34,8.0145,167.321,179.878,7.5497,2.1559,1.204,0.1867
7NXO_UU8,1,4,5,34,7.9612,167.472,179.821,7.4813,2.0675,1.588,0.2015
7NXO_UU8,1,5,5,34,7.9402,167.756,179.697,7.4445,1.9832,1.935,0.2160
7NXO_UU8,1,6,5,34,7.9467,168.083,179.276,7.4346,1.8990,2.183,0.2207
7NXO_UU8,1,7,5,34,7.9700,168.450,179.502,7.4401,1.8115,2.332,0.2324
7NXO_UU8,1,8,5,34,8.0144,168.833,179.862,7.4639,1.7212,2.432,0.2330
7NXO_UU8,1,9,5,34,8.0608,169.023,179.054,7.4863,1.6242,2.490,0.2365
7NXO_UU8,1,10,5,34,8.1149,169.186,178.142,7.5134,1.5258,2.643,0.2438
7NXO_UU8,1,11,5,34,8.1770,169.386,177.030,7.5460,1.4158,2.732,0.2464
7NXO_UU8,1,12,5,34,8.2473,169.555,175.799,7.5864,1.3009,2.757,0.2474
7NXO_UU8,1,13,5,34,8.3230,169.757,174.898,7.6319,1.1754,2.863,0.2566
7NXO_UU8,1,14,5,34,8.4073,169.869,175.962,7.6884,1.0385,2.958,0.2551
7NXO_UU8,1,15,5,34,8.4974,170.033,177.322,7.7510,0.9031,3.003,0.2581
7NXO_UU8,1,16,5,34,8.6020,170.222,178.635,7.8313,0.7718,3.152,0.2584
7NXO_UU8,1,17,5,34,8.7125,170.316,179.966,7.9253,0.6449,3.198,0.2611
7NXO_UU8,1,18,5,34,8.8323,169.960,178.445,8.0351,0.5292,3.200,0.2612
7NXO_UU8,1,19,5,34,8.9592,169.581,176.833,8.1600,0.4425,3.328,0.2608
7NXO_UU8,1,20,5,34,9.0953,169.234,175.121,8.3021,0.3996,3.286,0.2530
7NXO_UU8,1,21,5,34,9.2416,168.981,173.403,8.4607,0.4074,3.308,0.2531
7NXO_UU8,1,22,5,34,9.3958,168.837,172.236,8.6328,0.4545,3.210,0.2487
7NXO_UU8,1,23,5,34,9.5599,168.642,173.421,8.8216,0.5263,3.147,0.2527
7NXO_UU8,1,24,5,34,9.7309,168.559,174.281,9.0259,0.6052,0.000,0.0000
7O1T_5X8,1,0,5,25,5.5888,97.182,177.461,5.1465,1.0855,0.365,0.1312
7O1T_5X8,1,1,5,25,5.5033,97.217,177.664,5.0581,1.0756,0.344,0.1261
7O1T_5X8,1,2,5,25,5.4228,97.249,177.903,4.9753,1.0669,0.436,0.1301
7O1T_5X8,1,3,5,25,5.3336,97.290,178.144,4.8846,1.0595,0.651,0.1425
7O1T_5X8,1,4,5,25,5.2250,97.333,178.463,4.7730,1.0521,0.923,0.1544
7O1T_5X8,1,5,5,25,5.1005,97.396,178.978,4.6438,1.0475,1.254,0.1693
7O1T_5X8,1,6,5,25,4.9587,97.477,179.655,4.4968,1.0460,1.484,0.1760
7O1T_5X8,1,7,5,25,4.8067,97.312,179.503,4.3401,1.0495,1.815,0.1980
7O1T_5X8,1,8,5,25,4.6347,96.875,178.283,4.1622,1.0649,2.085,0.2028
7O1T_5X8,1,9,5,25,4.4580,96.392,176.872,3.9822,1.0880,2.370,0.2102
7O1T_5X8,1,10,5,25,4.2739,95.827,175.035,3.7950,1.1127,2.707,0.2074
7O1T_5X8,1,11,5,25,4.0907,95.178,173.022,3.6108,1.1416,3.110,0.2047
7O1T_5X8,1,12,5,25,3.9110,94.497,171.147,3.4317,1.1708,3.471,0.2055
7O1T_5X8,1,13,5,25,3.7334,93.762,169.506,3.2522,1.1824,3.807,0.2114
7O1T_5X8,1,14,5,25,3.5573,93.093,168.343,3.0720,1.1860,4.054,0.2140
7O1T_5X8,1,15,5,25,3.3881,92.459,167.553,2.8954,1.1766,4.270,0.2187
7O1T_5X8,1,16,5,25,3.2239,91.891,167.142,2.7181,1.1606,4.548,0.2260
7O1T_5X8,1,17,5,25,3.0655,91.446,167.470,2.5408,1.1318,4.790,0.2270
7O1T_5X8,1,18,5,25,2.9198,91.120,168.049,2.3687,1.1053,4.993,0.2290
7O1T_5X8,1,19,5,25,2.7887,90.914,168.928,2.2022,1.0770,5.180,0.2425
7O1T_5X8,1,20,5,25,2.6724,90.710,169.860,2.0404,1.0442,5.323,0.2396
7O1T_5X8,1,21,5,25,2.5842,90.627,171.016,1.9085,1.0129,5.628,0.2433
7O1T_5X8,1,22,5,25,2.5236,90.889,172.743,1.8158,0.9773,5.493,0.2513
7O1T_5X8,1,23,5,25,2.5010,91.558,174.812,1.7664,0.9485,4.869,0.2500
7O1T_5X8,1,24,5,25,2.5270,92.858,177.203,1.7687,0.9290,0.000,0.0000
7OCB_V88,1,0,8,41,9.4406,120.838,165.669,8.5814,5.1596,0.754,0.2705
7OCB_V88,1,1,8,41,9.2419,121.152,166.956,8.3858,4.9108,0.722,0.2641
7OCB_V88,1,2,8,41,9.0531,121.430,168.123,8.1995,4.6692,0.799,0.2593
7OCB_V88,1,3,8,41,8.8834,121.671,169.521,8.0244,4.4353,0.944,0.2598
7OCB_V88,1,4,8,41,8.7339,121.898,171.247,7.8588,4.2052,1.043,0.2546
7OCB_V88,1,5,8,41,8.6152,122.179,173.253,7.7141,3.9825,1.221,0.2507
7OCB_V88,1,6,8,41,8.5297,122.578,175.638,7.5953,3.7666,1.255,0.2430
7OCB_V88,1,7,8,41,8.4734,123.019,178.218,7.5030,3.5633,1.450,0.2428
7OCB_V88,1,8,8,41,8.4510,123.180,178.953,7.4362,3.3717,1.624,0.2413
7OCB_V88,1,9,8,41,8.4416,122.715,176.208,7.3742,3.1871,1.811,0.2444
7OCB_V88,1,10,8,41,8.4618,122.326,173.189,7.3334,3.0160,1.983,0.2526
7OCB_V88,1,11,8,41,8.4917,122.085,170.253,7.2960,2.8479,2.151,0.2550
7OCB_V88,1,12,8,41,8.5392,121.800,167.166,7.2685,2.6957,2.358,0.2514
7OCB_V88,1,13,8,41,8.6009,121.651,164.281,7.2468,2.5591,2.641,0.2532
7OCB_V88,1,14,8,41,8.6829,121.656,161.578,7.2368,2.4391,2.786,0.2473
7OCB_V88,1,15,8,41,8.7822,121.780,158.970,7.2416,2.3432,3.102,0.2514
7OCB_V88,1,16,8,41,8.8988,122.151,156.667,7.2602,2.2708,3.382,0.2467
7OCB_V88,1,17,8,41,9.0308,122.612,154.569,7.2941,2.2313,3.596,0.2523
7OCB_V88,1,18,8,41,9.1696,122.993,154.350,7.3323,2.2200,3.735,0.2420
7OCB_V88,1,19,8,41,9.3222,123.456,154.396,7.3844,2.2348,4.131,0.2416
7OCB_V88,1,20,8,41,9.4836,123.991,154.527,7.4474,2.2793,4.355,0.2396
7OCB_V88,1,21,8,41,9.6505,124.657,155.095,7.5158,2.3402,4.718,0.2435
7OCB_V88,1,22,8,41,9.8272,125.499,156.261,7.5925,2.4263,4.938,0.2531
7OCB_V88,1,23,8,41,10.0080,126.398,157.850,7.6754,2.5268,5.383,0.2494
7OCB_V88,1,24,8,41,10.1984,127.441,159.586,7.7609,2.6283,0.000,0.0000
7ODX_DGP,1,0,3,23,6.7637,109.508,154.889,6.4153,2.9557,0.236,0.2173
7ODX_DGP,1,1,3,23,6.6010,109.456,154.952,6.2308,2.8642,0.229,0.2100
7ODX_DGP,1,2,3,23,6.4464,109.427,154.999,6.0552,2.7741,0.373,0.2104
7ODX_DGP,1,3,3,23,6.2953,109.512,155.469,5.8801,2.6860,0.670,0.2071
7ODX_DGP,1,4,3,23,6.1496,109.622,156.331,5.7067,2.6043,1.009,0.2133
7ODX_DGP,1,5,3,23,6.0042,109.742,157.501,5.5276,2.5204,1.205,0.2052
7ODX_DGP,1,6,3,23,5.8691,109.722,158.632,5.3580,2.4400,1.641,0.2011
7ODX_DGP,1,7,3,23,5.7384,109.620,159.859,5.1907,2.3692,1.804,0.1958
7ODX_DGP,1,8,3,23,5.6206,109.455,161.142,5.0342,2.3018,2.253,0.1973
7ODX_DGP,1,9,3,23,5.5155,109.561,162.875,4.8839,2.2358,2.490,0.2056
7ODX_DGP,1,10,3,23,5.4209,109.639,164.667,4.7431,2.1790,2.628,0.2122
7ODX_DGP,1,11,3,23,5.3282,109.596,166.240,4.6003,2.1302,2.828,0.2310
7ODX_DGP,1,12,3,23,5.2485,109.831,168.016,4.4614,2.0884,2.740,0.2329
7ODX_DGP,1,13,3,23,5.1890,110.282,169.875,4.3377,2.0440,2.623,0.2409
7ODX_DGP,1,14,3,23,5.1476,110.901,171.413,4.2263,1.9988,2.826,0.2533
7ODX_DGP,1,15,3,23,5.1265,111.839,172.778,4.1217,1.9574,2.671,0.2575
7ODX_DGP,1,16,3,23,5.1228,113.016,173.925,4.0310,1.9186,2.609,0.2732
7ODX_DGP,1,17,3,23,5.1435,114.435,174.858,3.9718,1.8862,2.716,0.2991
7ODX_DGP,1,18,3,23,5.1908,116.036,175.362,3.9942,1.8572,2.935,0.3171
7ODX_DGP,1,19,3,23,5.2723,117.792,175.663,4.1191,1.8274,3.266,0.3268
7ODX_DGP,1,20,3,23,5.3857,119.803,175.734,4.2915,1.8008,3.084,0.3017
7ODX_DGP,1,21,3,23,5.5146,121.571,175.365,4.4723,1.7824,3.213,0.2883
7ODX_DGP,1,22,3,23,5.6673,123.405,174.829,4.6702,1.7692,3.162,0.2693
7ODX_DGP,1,23,3,23,5.8343,125.297,174.534,4.8813,1.7673,3.599,0.2277
7ODX_DGP,1,24,3,23,5.9903,127.297,174.546,5.0716,1.7697,0.000,0.0000
7OEO_V9Z,1,0,8,32,6.9483,132.150,169.583,7.2223,3.3599,0.471,0.2523
7OEO_V9Z,1,1,8,32,6.7693,132.271,169.441,7.0265,3.1962,0.454,0.2433
7OEO_V9Z,1,2,8,32,6.5986,132.377,169.242,6.8404,3.0395,0.660,0.2385
7OEO_V9Z,1,3,8,32,6.4323,132.537,169.061,6.6587,2.8867,0.916,0.2337
7OEO_V9Z,1,4,8,32,6.2705,132.764,168.977,6.4805,2.7356,1.163,0.2178
7OEO_V9Z,1,5,8,32,6.1210,133.147,169.116,6.3124,2.5995,1.413,0.2149
7OEO_V9Z,1,6,8,32,5.9762,133.680,169.391,6.1486,2.4659,1.422,0.2079
7OEO_V9Z,1,7,8,32,5.8365,134.194,169.704,5.9859,2.3364,1.741,0.2115
7OEO_V9Z,1,8,8,32,5.7018,134.801,170.005,5.8222,2.2157,1.978,0.2087
7OEO_V9Z,1,9,8,32,5.5784,135.513,170.297,5.6656,2.1043,2.153,0.2115
7OEO_V9Z,1,10,8,32,5.4654,136.344,170.487,5.5126,2.0081,2.377,0.2212
7OEO_V9Z,1,11,8,32,5.3654,137.153,170.561,5.3671,1.9228,2.600,0.2261
7OEO_V9Z,1,12,8,32,5.2770,137.982,170.580,5.2280,1.8451,2.718,0.2268
7OEO_V9Z,1,13,8,32,5.2045,138.934,170.593,5.1030,1.7804,2.867,0.2315
7OEO_V9Z,1,14,8,32,5.1450,139.942,170.640,4.9867,1.7256,3.041,0.2335
7OEO_V9Z,1,15,8,32,5.1002,141.051,170.720,4.8848,1.6837,3.319,0.2412
7OEO_V9Z,1,16,8,32,5.0720,142.255,170.840,4.7988,1.6556,3.541,0.2418
7OEO_V9Z,1,17,8,32,5.0601,143.536,171.587,4.7311,1.6475,3.605,0.2441
7OEO_V9Z,1,18,8,32,5.0671,144.982,172.374,4.6880,1.6565,3.788,0.2419
7OEO_V9Z,1,19,8,32,5.0854,146.443,173.021,4.6586,1.6797,3.879,0.2439
7OEO_V9Z,1,20,8,32,5.1193,147.970,173.592,4.6528,1.7175,3.847,0.2346
7OEO_V9Z,1,21,8,32,5.1642,149.331,173.781,4.6685,1.7685,4.063,0.2440
7OEO_V9Z,1,22,8,32,5.2280,150.687,173.876,4.7130,1.8350,4.309,0.2543
7OEO_V9Z,1,23,8,32,5.3053,151.732,173.693,4.7846,1.9178,4.444,0.2603
7OEO_V9Z,1,24,8,32,5.3977,152.116,174.530,4.8831,2.0116,0.000,0.0000
7OFF_VCB,1,0,4,27,5.1741,165.482,177.920,4.5987,2.8766,0.456,0.1709
7OFF_VCB,1,1,4,27,5.1040,165.379,177.587,4.4970,2.7965,0.409,0.1644
7OFF_VCB,1,2,4,27,5.0423,165.301,177.286,4.4062,2.7220,0.510,0.1539
7OFF_VCB,1,3,4,27,4.9863,165.233,176.907,4.3241,2.6524,0.660,0.1461
7OFF_VCB,1,4,4,27,4.9331,165.208,176.480,4.2474,2.5887,0.765,0.1405
7OFF_VCB,1,5,4,27,4.8840,165.226,176.183,4.1777,2.5332,0.905,0.1332
7OFF_VCB,1,6,4,27,4.8404,165.265,176.633,4.1160,2.4883,1.060,0.1273
7OFF_VCB,1,7,4,27,4.8029,165.318,177.225,4.0626,2.4534,1.246,0.1253
7OFF_VCB,1,8,4,27,4.7717,165.437,178.032,4.0172,2.4280,1.447,0.1240
7OFF_VCB,1,9,4,27,4.7494,165.530,178.770,3.9828,2.4136,1.634,0.1267
7OFF_VCB,1,10,4,27,4.7328,165.629,179.678,3.9543,2.4055,1.710,0.1319
7OFF_VCB,1,11,4,27,4.7225,165.473,179.500,3.9322,2.4044,1.834,0.1369
7OFF_VCB,1,12,4,27,4.7256,165.204,178.848,3.9266,2.4199,2.074,0.1422
7OFF_VCB,1,13,4,27,4.7430,164.937,178.198,3.9375,2.4496,2.311,0.1498
7OFF_VCB,1,14,4,27,4.7728,164.755,177.669,3.9605,2.4943,2.579,0.1464
7OFF_VCB,1,15,4,27,4.8116,164.676,177.444,3.9912,2.5475,2.883,0.1542
7OFF_VCB,1,16,4,27,4.8621,164.661,177.366,4.0317,2.6155,3.223,0.1598
7OFF_VCB,1,17,4,27,4.9271,164.703,177.457,4.0833,2.7002,3.458,0.1694
7OFF_VCB,1,18,4,27,5.0127,164.879,178.055,4.1542,2.8066,3.709,0.1771
7OFF_VCB,1,19,4,27,5.1206,165.289,179.299,4.2412,2.9381,3.819,0.1915
7OFF_VCB,1,20,4,27,5.2531,165.201,178.495,4.3496,3.0960,3.958,0.1979
7OFF_VCB,1,21,4,27,5.4023,164.565,175.562,4.4662,3.2707,4.159,0.2086
7OFF_VCB,1,22,4,27,5.5700,163.864,175.450,4.5928,3.4669,4.271,0.2183
7OFF_VCB,1,23,4,27,5.7494,163.251,176.516,4.7259,3.6776,4.281,0.2083
7OFF_VCB,1,24,4,27,5.9245,162.864,177.391,4.8484,3.8836,0.000,0.0000
7OFK_VCH,1,0,7,35,6.1206,146.441,179.136,5.6449,1.9244,0.345,0.1519
7OFK_VCH,1,1,7,35,6.0426,146.423,179.280,5.5562,1.8764,0.351,0.1436
7OFK_VCH,1,2,7,35,5.9729,146.386,179.390,5.4767,1.8330,0.420,0.1450
7OFK_VCH,1,3,7,35,5.8978,146.247,179.448,5.3938,1.7849,0.652,0.1479
7OFK_VCH,1,4,7,35,5.8161,146.013,179.455,5.3073,1.7378,0.917,0.1543
7OFK_VCH,1,5,7,35,5.7189,145.690,179.472,5.2089,1.6804,1.157,0.1591
7OFK_VCH,1,6,7,35,5.6123,145.266,179.452,5.1041,1.6265,1.381,0.1668
7OFK_VCH,1,7,7,35,5.4961,144.765,179.360,4.9943,1.5640,1.863,0.1935
7OFK_VCH,1,8,7,35,5.3569,144.079,179.304,4.8684,1.4929,2.143,0.2021
7OFK_VCH,1,9,7,35,5.2138,143.329,179.189,4.7397,1.4214,2.346,0.2121
7OFK_VCH,1,10,7,35,5.0705,142.552,178.957,4.6111,1.3402,2.649,0.2166
7OFK_VCH,1,11,7,35,4.9299,141.700,178.597,4.4841,1.2580,2.809,0.2172
7OFK_VCH,1,12,7,35,4.8004,140.867,178.221,4.3645,1.1678,2.975,0.2192
7OFK_VCH,1,13,7,35,4.6865,140.113,177.805,4.2567,1.0766,3.102,0.2175
7OFK_VCH,1,14,7,35,4.5876,139.252,177.321,4.1598,0.9846,3.146,0.2101
7OFK_VCH,1,15,7,35,4.5010,138.437,176.786,4.0683,0.9015,3.044,0.2099
7OFK_VCH,1,16,7,35,4.4290,137.716,176.319,3.9871,0.8237,3.126,0.1979
7OFK_VCH,1,17,7,35,4.3730,137.045,176.651,3.9181,0.7620,3.354,0.1934
7OFK_VCH,1,18,7,35,4.3246,136.287,177.084,3.8528,0.7098,3.393,0.1851
7OFK_VCH,1,19,7,35,4.2851,135.565,177.369,3.7943,0.6675,3.607,0.1820
7OFK_VCH,1,20,7,35,4.2541,134.835,177.618,3.7425,0.6323,3.643,0.1797
7OFK_VCH,1,21,7,35,4.2331,134.023,177.932,3.6997,0.6000,3.918,0.1809
7OFK_VCH,1,22,7,35,4.2258,133.114,177.689,3.6698,0.5702,4.172,0.1957
7OFK_VCH,1,23,7,35,4.2391,131.921,176.414,3.6606,0.5502,4.347,0.2164
7OFK_VCH,1,24,7,35,4.2821,130.495,173.688,3.6834,0.5429,0.000,0.0000
7OLI_8HG,1,0,3,20,4.7782,136.152,159.415,3.8006,2.6801,0.321,0.1497
7OLI_8HG,1,1,3,20,4.6872,136.014,159.275,3.6736,2.5807,0.281,0.1398
7OLI_8HG,1,2,3,20,4.6055,135.880,159.191,3.5584,2.4898,0.324,0.1405
7OLI_8HG,1,3,3,20,4.5249,135.761,159.104,3.4436,2.3946,0.367,0.1421
7OLI_8HG,1,4,3,20,4.4467,135.695,159.005,3.3309,2.2962,0.369,0.1393
7OLI_8HG,1,5,3,20,4.3751,135.708,158.969,3.2277,2.1986,0.476,0.1346
7OLI_8HG,1,6,3,20,4.3118,135.763,158.927,3.1362,2.1027,0.607,0.1298
7OLI_8HG,1,7,3,20,4.2572,135.889,158.958,3.0556,2.0096,0.815,0.1285
7OLI_8HG,1,8,3,20,4.2105,136.085,159.086,2.9860,1.9163,1.022,0.1291
7OLI_8HG,1,9,3,20,4.1740,136.427,159.311,2.9288,1.8255,1.475,0.1376
7OLI_8HG,1,10,3,20,4.1365,136.727,159.634,2.8770,1.7225,1.682,0.1377
7OLI_8HG,1,11,3,20,4.1095,136.932,159.774,2.8454,1.6265,2.059,0.1420
7OLI_8HG,1,12,3,20,4.0904,137.004,159.771,2.8284,1.5352,2.606,0.1428
7OLI_8HG,1,13,3,20,4.0695,136.682,159.275,2.8154,1.4412,3.066,0.1507
7OLI_8HG,1,14,3,20,4.0555,136.101,158.457,2.8117,1.3523,3.525,0.1623
7OLI_8HG,1,15,3,20,4.0484,135.424,157.515,2.8253,1.2617,3.815,0.1676
7OLI_8HG,1,16,3,20,4.0595,134.621,156.536,2.8657,1.1884,4.029,0.1756
7OLI_8HG,1,17,3,20,4.0856,133.658,155.513,2.9243,1.1307,4.280,0.1962
7OLI_8HG,1,18,3,20,4.1284,132.358,154.187,3.0056,1.0855,4.444,0.2022
7OLI_8HG,1,19,3,20,4.1940,130.740,152.678,3.1051,1.0791,4.812,0.2151
7OLI_8HG,1,20,3,20,4.2834,129.018,151.054,3.2236,1.1007,5.164,0.2170
7OLI_8HG,1,21,3,20,4.3999,127.353,149.475,3.3602,1.1631,5.674,0.2300
7OLI_8HG,1,22,3,20,4.5483,125.565,147.773,3.5224,1.2553,5.600,0.2488
7OLI_8HG,1,23,3,20,4.7316,124.123,146.535,3.7095,1.3688,5.510,0.2534
7OLI_8HG,1,24,3,20,4.9312,122.811,145.466,3.8989,1.4883,0.000,0.0000
7OMX_CNA,1,0,8,44,7.8711,134.768,176.160,7.5212,3.7686,0.506,0.2125
7OMX_CNA,1,1,8,44,7.7010,134.763,175.777,7.3652,3.6354,0.454,0.2052
7OMX_CNA,1,2,8,44,7.5381,134.709,175.412,7.2153,3.5051,0.555,0.2090
7OMX_CNA,1,3,8,44,7.3743,134.652,175.047,7.0609,3.3699,0.666,0.2199
7OMX_CNA,1,4,8,44,7.2030,134.539,174.622,6.8978,3.2263,0.812,0.2229
7OMX_CNA,1,5,8,44,7.0300,134.400,174.229,6.7308,3.0778,1.065,0.2163
7OMX_CNA,1,6,8,44,6.8627,134.194,173.742,6.5675,2.9347,1.283,0.2142
7OMX_CNA,1,7,8,44,6.7010,133.919,173.173,6.4077,2.7970,1.692,0.2124
7OMX_CNA,1,8,8,44,6.5402,133.703,172.649,6.2490,2.6628,1.934,0.2186
7OMX_CNA,1,9,8,44,6.3706,133.473,172.198,6.0817,2.5388,2.423,0.2281
7OMX_CNA,1,10,8,44,6.1982,133.327,172.767,5.9116,2.4201,2.828,0.2304
7OMX_CNA,1,11,8,44,6.0328,133.324,174.417,5.7493,2.3024,3.109,0.2360
7OMX_CNA,1,12,8,44,5.8707,133.481,176.257,5.5890,2.1888,3.370,0.2356
7OMX_CNA,1,13,8,44,5.7263,133.912,178.381,5.4458,2.0758,3.737,0.2365
7OMX_CNA,1,14,8,44,5.5979,134.551,179.374,5.3173,1.9649,3.999,0.2397
7OMX_CNA,1,15,8,44,5.4875,134.860,176.381,5.2053,1.8529,4.218,0.2434
7OMX_CNA,1,16,8,44,5.3947,135.317,175.519,5.1091,1.7453,4.347,0.2442
7OMX_CNA,1,17,8,44,5.3232,135.965,176.872,5.0330,1.6422,4.392,0.2455
7OMX_CNA,1,18,8,44,5.2679,136.849,178.394,4.9733,1.5358,4.557,0.2386
7OMX_CNA,1,19,8,44,5.2297,137.999,179.744,4.9307,1.4381,4.554,0.2403
7OMX_CNA,1,20,8,44,5.2043,138.867,177.899,4.9028,1.3437,4.486,0.2329
7OMX_CNA,1,21,8,44,5.1956,139.882,177.097,4.8896,1.2591,4.523,0.2247
7OMX_CNA,1,22,8,44,5.2052,141.024,178.583,4.8953,1.1809,4.641,0.2185
7OMX_CNA,1,23,8,44,5.2307,142.076,179.946,4.9167,1.1172,4.928,0.2132
7OMX_CNA,1,24,8,44,5.2730,142.782,178.574,4.9557,1.0705,0.000,0.0000
7OPG_06N,1,0,3,19,4.6684,96.028,176.348,3.9599,1.4137,0.544,0.1343
7OPG_06N,1,1,3,19,4.5918,96.176,176.965,3.8841,1.4058,0.554,0.1327
7OPG_06N,1,2,3,19,4.5195,96.351,177.618,3.8121,1.4020,0.755,0.1230
7OPG_06N,1,3,3,19,4.4446,96.614,178.553,3.7362,1.3915,0.987,0.1090
7OPG_06N,1,4,3,19,4.3644,96.900,179.715,3.6510,1.3712,1.357,0.0968
7OPG_06N,1,5,3,19,4.2845,96.485,178.957,3.5664,1.3472,1.695,0.0997
7OPG_06N,1,6,3,19,4.2067,95.709,177.422,3.4881,1.3275,1.896,0.0988
7OPG_06N,1,7,3,19,4.1321,94.840,175.859,3.4172,1.3096,2.249,0.1038
7OPG_06N,1,8,3,19,4.0545,93.986,174.391,3.3404,1.2876,2.338,0.1066
7OPG_06N,1,9,3,19,3.9758,93.084,173.009,3.2638,1.2660,2.706,0.1094
7OPG_06N,1,10,3,19,3.8992,92.312,172.042,3.1866,1.2435,2.981,0.1022
7OPG_06N,1,11,3,19,3.8327,91.892,171.726,3.1160,1.2271,3.301,0.0990
7OPG_06N,1,12,3,19,3.7775,91.879,172.073,3.0582,1.2148,3.679,0.1020
7OPG_06N,1,13,3,19,3.7311,92.194,172.947,3.0050,1.2036,4.026,0.1040
7OPG_06N,1,14,3,19,3.6941,92.902,174.502,2.9611,1.1913,4.054,0.0983
7OPG_06N,1,15,3,19,3.6640,93.730,176.420,2.9295,1.1744,3.877,0.0964
7OPG_06N,1,16,3,19,3.6400,94.765,178.514,2.9022,1.1551,3.819,0.0951
7OPG_06N,1,17,3,19,3.6223,95.531,179.421,2.8816,1.1345,3.783,0.0945
7OPG_06N,1,18,3,19,3.6143,95.516,177.364,2.8713,1.1191,3.594,0.0956
7OPG_06N,1,19,3,19,3.6079,95.578,175.460,2.8640,1.1052,3.513,0.0951
7OPG_06N,1,20,3,19,3.6106,95.616,173.447,2.8660,1.0936,3.278,0.0949
7OPG_06N,1,21,3,19,3.6205,95.588,171.454,2.8785,1.0851,3.135,0.0886
7OPG_06N,1,22,3,19,3.6324,95.541,169.587,2.8948,1.0825,2.976,0.0890
7OPG_06N,1,23,3,19,3.6459,95.173,167.108,2.9233,1.0854,2.702,0.1253
7OPG_06N,1,24,3,19,3.6701,94.234,163.879,2.9878,1.0933,0.000,0.0000
7ORW_7WA,1,0,1,10,7.5413,27.417,27.417,7.4972,7.4972,0.363,0.2933
7ORW_7WA,1,1,1,10,7.2506,27.720,27.720,7.2039,7.2039,0.335,0.2884
7ORW_7WA,1,2,1,10,6.9651,27.997,27.997,6.9157,6.9157,0.287,0.2853
7ORW_7WA,1,3,1,10,6.6830,28.226,28.226,6.6310,6.6310,0.417,0.2924
7ORW_7WA,1,4,1,10,6.3948,28.505,28.505,6.3395,6.3395,0.347,0.3066
7ORW_7WA,1,5,1,10,6.0938,28.761,28.761,6.0348,6.0348,0.353,0.3107
7ORW_7WA,1,6,1,10,5.7904,28.961,28.961,5.7273,5.7273,0.538,0.3015
7ORW_7WA,1,7,1,10,5.4984,29.310,29.310,5.4301,5.4301,0.333,0.2993
7ORW_7WA,1,8,1,10,5.2114,29.457,29.457,5.1384,5.1384,0.531,0.3111
7ORW_7WA,1,9,1,10,4.9131,29.543,29.543,4.8343,4.8343,0.822,0.3252
7ORW_7WA,1,10,1,10,4.6047,29.580,29.580,4.5189,4.5189,0.869,0.3173
7ORW_7WA,1,11,1,10,4.3044,29.367,29.367,4.2122,4.2122,1.196,0.3141
7ORW_7WA,1,12,1,10,4.0097,28.953,28.953,3.9111,3.9111,1.396,0.3218
7ORW_7WA,1,13,1,10,3.7116,29.232,29.232,3.6001,3.6001,2.022,0.3204
7ORW_7WA,1,14,1,10,3.4228,29.660,29.660,3.2939,3.2939,2.287,0.3089
7ORW_7WA,1,15,1,10,3.1461,30.079,30.079,2.9969,2.9969,2.078,0.3167
7ORW_7WA,1,16,1,10,2.8645,30.568,30.568,2.6906,2.6906,2.297,0.3008
7ORW_7WA,1,17,1,10,2.6100,31.421,31.421,2.4032,2.4032,2.373,0.3170
7ORW_7WA,1,18,1,10,2.3501,32.202,32.202,2.1021,2.1021,2.361,0.2924
7ORW_7WA,1,19,1,10,2.1357,33.497,33.497,1.8324,1.8324,2.641,0.2919
7ORW_7WA,1,20,1,10,1.9458,34.939,34.939,1.5714,1.5714,2.115,0.2892
7ORW_7WA,1,21,1,10,1.7796,36.383,36.383,1.3183,1.3183,2.338,0.2618
7ORW_7WA,1,22,1,10,1.6722,38.021,38.021,1.1129,1.1129,1.581,0.2348
7ORW_7WA,1,23,1,10,1.6002,39.253,39.253,0.9504,0.9504,0.979,0.1980
7ORW_7WA,1,24,1,10,1.5803,40.159,40.159,0.8745,0.8745,0.000,0.0000
7OSO_0V1,1,0,3,7,5.9501,59.213,59.213,5.8543,1.9241,0.311,0.2482
7OSO_0V1,1,1,3,7,5.7380,59.458,59.458,5.6256,1.7531,0.303,0.2377
7OSO_0V1,1,2,3,7,5.5362,59.695,59.695,5.4070,1.5919,0.448,0.2318
7OSO_0V1,1,3,3,7,5.3424,60.020,60.020,5.1949,1.4368,0.687,0.2289
7OSO_0V1,1,4,3,7,5.1557,60.514,60.514,4.9879,1.2850,0.908,0.2164
7OSO_0V1,1,5,3,7,4.9817,61.147,61.147,4.7935,1.1483,1.069,0.2150
7OSO_0V1,1,6,3,7,4.8156,61.792,61.792,4.6050,1.0134,1.228,0.2056
7OSO_0V1,1,7,3,7,4.6621,62.253,62.253,4.4280,0.8905,1.629,0.1980
7OSO_0V1,1,8,3,7,4.5181,62.931,62.931,4.2607,0.7872,1.962,0.1963
7OSO_0V1,1,9,3,7,4.3814,63.815,63.815,4.0998,0.6990,2.309,0.1875
7OSO_0V1,1,10,3,7,4.2526,64.902,64.902,3.9487,0.6370,2.614,0.1851
7OSO_0V1,1,11,3,7,4.1325,66.056,66.056,3.8050,0.5862,2.836,0.1906
7OSO_0V1,1,12,3,7,4.0186,67.105,67.105,3.6658,0.5461,2.951,0.1882
7OSO_0V1,1,13,3,7,3.9149,68.119,68.119,3.5388,0.5283,3.258,0.1863
7OSO_0V1,1,14,3,7,3.8237,69.301,69.301,3.4252,0.5267,3.624,0.1896
7OSO_0V1,1,15,3,7,3.7351,70.620,70.620,3.3190,0.5381,4.065,0.1852
7OSO_0V1,1,16,3,7,3.6632,72.216,72.216,3.2348,0.5615,4.741,0.1884
7OSO_0V1,1,17,3,7,3.6013,74.292,74.292,3.1693,0.5922,5.080,0.1875
7OSO_0V1,1,18,3,7,3.5458,76.737,76.737,3.1186,0.6261,5.513,0.1909
7OSO_0V1,1,19,3,7,3.5023,79.459,79.459,3.0856,0.6664,6.053,0.1860
7OSO_0V1,1,20,3,7,3.4745,82.779,82.779,3.0676,0.7087,6.656,0.1948
7OSO_0V1,1,21,3,7,3.4520,86.844,86.844,3.0570,0.7583,7.139,0.1951
7OSO_0V1,1,22,3,7,3.4446,91.452,91.452,3.0606,0.8167,8.206,0.2073
7OSO_0V1,1,23,3,7,3.4394,96.484,96.484,3.0643,0.8751,9.090,0.2324
7OSO_0V1,1,24,3,7,3.4458,101.980,101.980,3.0740,0.9394,0.000,0.0000
7OZ9_NGK,1,0,4,19,6.6126,116.918,129.805,6.2285,5.3793,0.226,0.2375
7OZ9_NGK,1,1,4,19,6.4043,116.762,129.841,6.0185,5.1725,0.178,0.2269
7OZ9_NGK,1,2,4,19,6.2081,116.625,129.860,5.8201,4.9760,0.234,0.2212
7OZ9_NGK,1,3,4,19,6.0189,116.436,129.866,5.6293,4.7842,0.349,0.2121
7OZ9_NGK,1,4,4,19,5.8387,116.183,129.898,5.4483,4.5997,0.445,0.2057
7OZ9_NGK,1,5,4,19,5.6665,115.950,130.024,5.2757,4.4211,0.615,0.2038
7OZ9_NGK,1,6,4,19,5.4967,115.696,130.283,5.1068,4.2397,0.729,0.1931
7OZ9_NGK,1,7,4,19,5.3354,115.292,130.475,4.9468,4.0680,1.062,0.1916
7OZ9_NGK,1,8,4,19,5.1731,114.891,131.035,4.7867,3.8939,1.358,0.1884
7OZ9_NGK,1,9,4,19,5.0090,114.286,131.567,4.6246,3.7233,1.816,0.1883
7OZ9_NGK,1,10,4,19,4.8410,113.531,132.265,4.4605,3.5567,2.334,0.1998
7OZ9_NGK,1,11,4,19,4.6621,112.536,133.146,4.2832,3.3906,2.599,0.2039
7OZ9_NGK,1,12,4,19,4.4812,111.387,133.979,4.1044,3.2254,3.056,0.2089
7OZ9_NGK,1,13,4,19,4.2968,110.149,135.108,3.9253,3.0590,3.529,0.2188
7OZ9_NGK,1,14,4,19,4.1035,108.823,136.367,3.7419,2.8818,3.725,0.2071
7OZ9_NGK,1,15,4,19,3.9200,107.411,137.666,3.5741,2.7121,3.955,0.2175
7OZ9_NGK,1,16,4,19,3.7271,105.852,138.772,3.3999,2.5271,4.224,0.2146
7OZ9_NGK,1,17,4,19,3.5376,104.247,139.992,3.2313,2.3424,4.361,0.2071
7OZ9_NGK,1,18,4,19,3.3578,102.455,140.851,3.0726,2.1710,4.445,0.2038
7OZ9_NGK,1,19,4,19,3.1793,100.621,141.413,2.9156,1.9977,4.564,0.2044
7OZ9_NGK,1,20,4,19,3.0024,98.522,141.187,2.7598,1.8235,4.577,0.1842
7OZ9_NGK,1,21,4,19,2.8457,96.296,140.570,2.6259,1.6637,5.003,0.1923
7OZ9_NGK,1,22,4,19,2.6828,93.754,139.156,2.4849,1.4900,5.254,0.1784
7OZ9_NGK,1,23,4,19,2.5433,91.020,137.191,2.3685,1.3274,5.481,0.1753
7OZ9_NGK,1,24,4,19,2.4292,88.112,134.941,2.2799,1.1705,0.000,0.0000
7OZC_G6S,1,0,2,16,7.5495,139.806,146.978,6.8832,4.4856,0.339,0.1868
7OZC_G6S,1,1,2,16,7.3586,139.942,147.066,6.7015,4.3140,0.344,0.1749
7OZC_G6S,1,2,2,16,7.1798,140.078,147.183,6.5316,4.1516,0.462,0.1732
7OZC_G6S,1,3,2,16,7.0045,140.291,147.385,6.3644,3.9885,0.722,0.1653
7OZC_G6S,1,4,2,16,6.8397,140.650,147.762,6.2080,3.8259,0.875,0.1609
7OZC_G6S,1,5,2,16,6.6841,141.111,148.266,6.0592,3.6650,1.176,0.1513
7OZC_G6S,1,6,2,16,6.5430,141.806,148.922,5.9268,3.5024,1.492,0.1413
7OZC_G6S,1,7,2,16,6.4206,142.719,149.692,5.8138,3.3424,1.994,0.1393
7OZC_G6S,1,8,2,16,6.3169,143.946,150.751,5.7190,3.1829,2.083,0.1355
7OZC_G6S,1,9,2,16,6.2179,145.225,151.852,5.6279,3.0268,2.298,0.1436
7OZC_G6S,1,10,2,16,6.1259,146.653,153.109,5.5399,2.8687,2.499,0.1358
7OZC_G6S,1,11,2,16,6.0479,148.188,154.504,5.4654,2.7193,2.600,0.1353
7OZC_G6S,1,12,2,16,5.9802,149.802,155.987,5.3992,2.5752,2.822,0.1408
7OZC_G6S,1,13,2,16,5.9266,151.559,157.718,5.3460,2.4350,2.783,0.1392
7OZC_G6S,1,14,2,16,5.8832,153.258,159.287,5.3013,2.3028,2.671,0.1395
7OZC_G6S,1,15,2,16,5.8486,154.875,160.718,5.2666,2.1743,2.460,0.1334
7OZC_G6S,1,16,2,16,5.8227,156.333,161.994,5.2409,2.0560,2.485,0.1284
7OZC_G6S,1,17,2,16,5.8074,157.756,163.268,5.2254,1.9502,2.485,0.1272
7OZC_G6S,1,18,2,16,5.7977,159.166,164.577,5.2190,1.8438,2.472,0.1195
7OZC_G6S,1,19,2,16,5.7894,160.444,165.745,5.2128,1.7469,2.567,0.1139
7OZC_G6S,1,20,2,16,5.7877,161.747,167.012,5.2156,1.6563,2.443,0.1067
7OZC_G6S,1,21,2,16,5.7940,162.972,168.193,5.2293,1.5738,2.424,0.1072
7OZC_G6S,1,22,2,16,5.8064,164.081,169.252,5.2507,1.4956,2.393,0.0940
7OZC_G6S,1,23,2,16,5.8306,165.276,170.509,5.2858,1.4366,0.838,0.1263
7OZC_G6S,1,24,2,16,5.9087,165.510,170.583,5.3880,1.4036,0.000,0.0000
7P1M_4IU,1,0,4,24,6.2764,133.323,166.602,5.9228,2.8186,0.452,0.1865
7P1M_4IU,1,1,4,24,6.1992,133.107,166.031,5.8554,2.7215,0.448,0.1794
7P1M_4IU,1,2,4,24,6.1300,132.961,165.604,5.7993,2.6288,0.531,0.1772
7P1M_4IU,1,3,4,24,6.0746,132.939,165.210,5.7613,2.5393,0.737,0.1806
7P1M_4IU,1,4,4,24,6.0418,133.167,164.920,5.7537,2.4518,1.010,0.1888
7P1M_4IU,1,5,4,24,6.0314,133.575,164.707,5.7760,2.3659,1.364,0.1998
7P1M_4IU,1,6,4,24,6.0399,134.113,164.445,5.8240,2.2766,1.642,0.2071
7P1M_4IU,1,7,4,24,6.0693,134.777,164.281,5.8991,2.1912,2.183,0.2282
7P1M_4IU,1,8,4,24,6.1261,135.803,164.332,6.0074,2.1044,2.472,0.2446
7P1M_4IU,1,9,4,24,6.2065,137.031,164.705,6.1442,2.0213,2.830,0.2633
7P1M_4IU,1,10,4,24,6.3151,138.353,165.162,6.3151,1.9365,2.762,0.2710
7P1M_4IU,1,11,4,24,6.4325,139.702,166.152,6.4974,1.8485,2.824,0.2758
7P1M_4IU,1,12,4,24,6.5597,141.046,167.899,6.6883,1.7639,3.128,0.2812
7P1M_4IU,1,13,4,24,6.6979,142.619,169.902,6.8894,1.6763,3.459,0.2877
7P1M_4IU,1,14,4,24,6.8494,144.330,171.868,7.1019,1.5927,3.711,0.2812
7P1M_4IU,1,15,4,24,7.0034,146.070,173.513,7.3125,1.5157,3.954,0.2789
7P1M_4IU,1,16,4,24,7.1644,147.808,174.978,7.5262,1.4437,4.247,0.2806
7P1M_4IU,1,17,4,24,7.3326,149.612,176.379,7.7449,1.3799,4.492,0.2772
7P1M_4IU,1,18,4,24,7.4974,151.639,177.690,7.9589,1.3265,4.625,0.2638
7P1M_4IU,1,19,4,24,7.6579,153.622,178.879,8.1657,1.2830,4.752,0.2664
7P1M_4IU,1,20,4,24,7.8233,155.533,179.888,8.3783,1.2545,4.945,0.2552
7P1M_4IU,1,21,4,24,7.9893,156.599,178.545,8.5902,1.2532,5.311,0.2674
7P1M_4IU,1,22,4,24,8.1681,157.607,177.258,8.8185,1.2668,5.661,0.2651
7P1M_4IU,1,23,4,24,8.3481,159.070,176.212,9.0513,1.3103,5.919,0.2688
7P1M_4IU,1,24,4,24,8.5176,160.400,174.582,9.2820,1.3669,0.000,0.0000
7P2I_MFU,1,0,2,12,5.8063,170.112,170.112,6.0458,4.0729,0.422,0.2186
7P2I_MFU,1,1,2,12,5.6339,169.719,169.719,5.8412,3.9245,0.444,0.2077
7P2I_MFU,1,2,2,12,5.4757,169.357,169.357,5.6486,3.7888,0.498,0.2116
7P2I_MFU,1,3,2,12,5.3163,168.942,168.942,5.4529,3.6508,0.569,0.2223
7P2I_MFU,1,4,2,12,5.1498,168.477,168.477,5.2489,3.5018,0.695,0.2205
7P2I_MFU,1,5,2,12,4.9894,167.935,167.935,5.0502,3.3585,0.701,0.2208
7P2I_MFU,1,6,2,12,4.8317,167.380,167.380,4.8525,3.2150,0.751,0.2134
7P2I_MFU,1,7,2,12,4.6844,166.769,166.769,4.6656,3.0811,1.033,0.2179
7P2I_MFU,1,8,2,12,4.5426,166.000,166.000,4.4832,2.9533,1.283,0.2203
7P2I_MFU,1,9,2,12,4.4051,164.998,164.998,4.3055,2.8260,1.245,0.2235
7P2I_MFU,1,10,2,12,4.2682,164.076,164.076,4.1311,2.6947,1.501,0.2137
7P2I_MFU,1,11,2,12,4.1541,163.112,163.112,3.9826,2.5886,1.514,0.2173
7P2I_MFU,1,12,2,12,4.0456,162.242,162.242,3.8430,2.4831,1.620,0.2163
7P2I_MFU,1,13,2,12,3.9471,161.416,161.416,3.7141,2.3839,1.666,0.2204
7P2I_MFU,1,14,2,12,3.8581,160.667,160.667,3.5975,2.2877,1.639,0.2185
7P2I_MFU,1,15,2,12,3.7766,159.886,159.886,3.4877,2.1949,1.648,0.2254
7P2I_MFU,1,16,2,12,3.7025,159.221,159.221,3.3890,2.0979,1.623,0.2219
7P2I_MFU,1,17,2,12,3.6405,158.848,158.848,3.3068,2.0086,1.778,0.1996
7P2I_MFU,1,18,2,12,3.5835,158.123,158.123,3.2297,1.9214,1.664,0.2056
7P2I_MFU,1,19,2,12,3.5370,158.104,158.104,3.1649,1.8363,1.809,0.2073
7P2I_MFU,1,20,2,12,3.5012,158.413,158.413,3.1154,1.7539,1.956,0.1959
7P2I_MFU,1,21,2,12,3.4843,158.628,158.628,3.0852,1.6899,2.331,0.2076
7P2I_MFU,1,22,2,12,3.4899,159.193,159.193,3.0808,1.6447,2.878,0.1924
7P2I_MFU,1,23,2,12,3.5259,159.448,159.448,3.1126,1.6386,3.278,0.1925
7P2I_MFU,1,24,2,12,3.5963,159.992,159.992,3.1800,1.6685,0.000,0.0000
7P2W_4QR,1,0,6,34,7.2006,125.301,177.416,6.9898,4.8714,0.741,0.2401
7P2W_4QR,1,1,6,34,7.0115,125.277,177.831,6.7927,4.6937,0.679,0.2343
7P2W_4QR,1,2,6,34,6.8321,125.283,178.149,6.6034,4.5170,0.827,0.2259
7P2W_4QR,1,3,6,34,6.6600,125.283,178.477,6.4224,4.3463,1.044,0.2170
7P2W_4QR,1,4,6,34,6.4921,125.242,178.750,6.2474,4.1818,1.296,0.2199
7P2W_4QR,1,5,6,34,6.3164,125.173,179.434,6.0678,4.0110,1.729,0.2319
7P2W_4QR,1,6,6,34,6.1251,124.879,179.204,5.8753,3.8271,1.843,0.2246
7P2W_4QR,1,7,6,34,5.9363,124.361,177.912,5.6862,3.6516,2.181,0.2328
7P2W_4QR,1,8,6,34,5.7377,123.696,176.101,5.4881,3.4738,2.382,0.2377
7P2W_4QR,1,9,6,34,5.5357,122.970,174.052,5.2858,3.2945,2.787,0.2418
7P2W_4QR,1,10,6,34,5.3283,122.031,174.276,5.0789,3.1191,2.943,0.2512
7P2W_4QR,1,11,6,34,5.1177,121.126,174.435,4.8687,2.9404,3.159,0.2544
7P2W_4QR,1,12,6,34,4.9089,120.266,174.511,4.6608,2.7581,3.270,0.2539
7P2W_4QR,1,13,6,34,4.7072,119.430,174.061,4.4584,2.5809,3.378,0.2567
7P2W_4QR,1,14,6,34,4.5139,118.672,173.263,4.2624,2.4015,3.333,0.2532
7P2W_4QR,1,15,6,34,4.3346,118.073,172.438,4.0786,2.2254,3.237,0.2548
7P2W_4QR,1,16,6,34,4.1693,117.585,171.691,3.9055,2.0530,3.218,0.2559
7P2W_4QR,1,17,6,34,4.0208,117.304,171.246,3.7464,1.8856,3.290,0.2597
7P2W_4QR,1,18,6,34,3.8898,117.121,171.100,3.6015,1.7171,3.488,0.2655
7P2W_4QR,1,19,6,34,3.7777,117.111,170.913,3.4735,1.5511,3.564,0.2744
7P2W_4QR,1,20,6,34,3.6881,117.184,170.598,3.3628,1.3851,3.665,0.2700
7P2W_4QR,1,21,6,34,3.6276,117.232,170.010,3.2809,1.2283,3.847,0.2778
7P2W_4QR,1,22,6,34,3.5920,117.194,169.077,3.2251,1.0772,3.917,0.2717
7P2W_4QR,1,23,6,34,3.5916,116.989,167.850,3.2106,0.9452,4.050,0.2792
7P2W_4QR,1,24,6,34,3.6270,117.058,165.946,3.2404,0.8383,0.000,0.0000
7P5T_5YG,1,0,4,23,6.9129,142.428,173.010,6.8757,1.6068,0.311,0.1851
7P5T_5YG,1,1,4,23,6.7814,142.471,172.874,6.7348,1.5300,0.275,0.1740
7P5T_5YG,1,2,4,23,6.6602,142.505,172.854,6.6023,1.4629,0.405,0.1823
7P5T_5YG,1,3,4,23,6.5301,142.534,172.753,6.4580,1.3979,0.696,0.1979
7P5T_5YG,1,4,4,23,6.3791,142.442,172.493,6.2892,1.3404,1.068,0.2188
7P5T_5YG,1,5,4,23,6.1974,142.089,172.004,6.0861,1.3029,1.746,0.2539
7P5T_5YG,1,6,4,23,5.9785,141.499,171.414,5.8436,1.2789,2.301,0.2805
7P5T_5YG,1,7,4,23,5.7337,140.640,170.834,5.5757,1.2619,2.744,0.2991
7P5T_5YG,1,8,4,23,5.4755,139.656,170.371,5.2953,1.2611,2.522,0.3019
7P5T_5YG,1,9,4,23,5.2217,138.862,170.065,5.0180,1.2646,2.313,0.2973
7P5T_5YG,1,10,4,23,4.9717,138.092,169.930,4.7444,1.2522,2.493,0.2933
7P5T_5YG,1,11,4,23,4.7262,137.328,170.239,4.4744,1.2408,2.340,0.2855
7P5T_5YG,1,12,4,23,4.4877,136.663,170.755,4.2086,1.2169,2.436,0.2795
7P5T_5YG,1,13,4,23,4.2545,135.831,171.407,3.9482,1.1862,2.832,0.2856
7P5T_5YG,1,14,4,23,4.0166,134.780,172.405,3.6835,1.1531,3.107,0.2837
7P5T_5YG,1,15,4,23,3.7824,133.572,173.862,3.4232,1.1167,3.283,0.2890
7P5T_5YG,1,16,4,23,3.5476,132.213,175.468,3.1606,1.0787,3.778,0.2917
7P5T_5YG,1,17,4,23,3.3160,130.526,177.105,2.8982,1.0354,4.097,0.3032
7P5T_5YG,1,18,4,23,3.0900,128.526,178.446,2.6403,0.9950,4.195,0.2939
7P5T_5YG,1,19,4,23,2.8902,126.649,179.561,2.4109,0.9661,4.286,0.3052
7P5T_5YG,1,20,4,23,2.7017,124.609,179.752,2.1963,0.9342,4.197,0.2979
7P5T_5YG,1,21,4,23,2.5459,122.942,179.558,2.0167,0.9053,4.315,0.3132
7P5T_5YG,1,22,4,23,2.4172,121.738,179.788,1.8626,0.8845,3.407,0.3157
7P5T_5YG,1,23,4,23,2.3490,121.174,179.758,1.7631,0.8850,3.102,0.3131
7P5T_5YG,1,24,4,23,2.3131,120.570,179.147,1.6750,0.9089,0.000,0.0000
7P85_5ZG,1,0,3,14,2.2649,86.845,104.451,1.8053,0.4615,0.236,0.0700
7P85_5ZG,1,1,3,14,2.2447,86.730,104.098,1.7695,0.4515,0.246,0.0671
7P85_5ZG,1,2,3,14,2.2284,86.633,103.767,1.7418,0.4422,0.267,0.0687
7P85_5ZG,1,3,3,14,2.2102,86.505,103.387,1.7148,0.4341,0.337,0.0724
7P85_5ZG,1,4,3,14,2.1890,86.304,102.873,1.6884,0.4274,0.447,0.0781
7P85_5ZG,1,5,3,14,2.1568,85.994,102.266,1.6505,0.4226,0.646,0.0859
7P85_5ZG,1,6,3,14,2.1109,85.532,101.554,1.5938,0.4193,0.710,0.0905
7P85_5ZG,1,7,3,14,2.0602,85.076,100.943,1.5288,0.4208,0.995,0.1038
7P85_5ZG,1,8,3,14,1.9989,84.464,100.207,1.4477,0.4223,1.139,0.1030
7P85_5ZG,1,9,3,14,1.9413,83.766,99.424,1.3707,0.4267,1.413,0.1076
7P85_5ZG,1,10,3,14,1.8832,82.923,98.488,1.2927,0.4359,1.772,0.0948
7P85_5ZG,1,11,3,14,1.8346,81.981,97.445,1.2278,0.4347,1.895,0.0856
7P85_5ZG,1,12,3,14,1.7931,80.925,96.657,1.1764,0.4362,2.036,0.0887
7P85_5ZG,1,13,3,14,1.7504,79.749,95.852,1.1240,0.4340,2.125,0.0991
7P85_5ZG,1,14,3,14,1.7074,78.534,95.007,1.0725,0.4291,2.399,0.1048
7P85_5ZG,1,15,3,14,1.6636,77.043,93.836,1.0227,0.4280,2.476,0.1104
7P85_5ZG,1,16,3,14,1.6234,75.523,92.529,0.9788,0.4220,2.618,0.1134
7P85_5ZG,1,17,3,14,1.5861,73.890,90.998,0.9440,0.4098,2.768,0.1265
7P85_5ZG,1,18,3,14,1.5500,72.042,89.256,0.9193,0.3988,2.610,0.1260
7P85_5ZG,1,19,3,14,1.5275,70.407,87.791,0.9167,0.3935,2.645,0.1297
7P85_5ZG,1,20,3,14,1.5130,68.666,85.919,0.9364,0.3858,2.420,0.1304
7P85_5ZG,1,21,3,14,1.5106,67.047,83.803,0.9802,0.3762,2.368,0.1287
7P85_5ZG,1,22,3,14,1.5243,65.630,81.758,1.0424,0.3700,2.209,0.1401
7P85_5ZG,1,23,3,14,1.5561,64.342,79.822,1.1272,0.3665,2.204,0.1634
7P85_5ZG,1,24,3,14,1.6134,63.323,78.289,1.2387,0.3802,0.000,0.0000
7PA4_C,1,0,3,21,5.7461,130.142,168.529,5.4002,1.5366,0.614,0.2267
7PA4_C,1,1,3,21,5.5805,129.898,168.208,5.2204,1.4214,0.528,0.2150
7PA4_C,1,2,3,21,5.4277,129.695,168.058,5.0542,1.3164,0.650,0.2119
7PA4_C,1,3,3,21,5.2804,129.641,168.014,4.8929,1.2154,0.885,0.2170
7PA4_C,1,4,3,21,5.1347,129.663,167.992,4.7321,1.1092,1.111,0.2178
7PA4_C,1,5,3,21,4.9950,129.938,168.421,4.5766,1.0038,1.481,0.2158
7PA4_C,1,6,3,21,4.8608,130.471,169.285,4.4253,0.9043,1.829,0.1987
7PA4_C,1,7,3,21,4.7424,131.252,170.603,4.2896,0.8263,2.123,0.1937
7PA4_C,1,8,3,21,4.6255,131.949,171.787,4.1543,0.7577,2.440,0.1869
7PA4_C,1,9,3,21,4.5197,132.815,173.490,4.0289,0.7009,2.900,0.1848
7PA4_C,1,10,3,21,4.4210,133.788,175.410,3.9103,0.6586,3.243,0.1849
7PA4_C,1,11,3,21,4.3342,134.974,178.172,3.8049,0.6371,3.755,0.1747
7PA4_C,1,12,3,21,4.2638,135.412,178.495,3.7173,0.6417,4.166,0.1796
7PA4_C,1,13,3,21,4.2045,134.502,174.704,3.6450,0.6777,4.672,0.1780
7PA4_C,1,14,3,21,4.1562,133.333,170.059,3.5884,0.7469,4.820,0.1679
7PA4_C,1,15,3,21,4.1193,132.107,170.199,3.5471,0.8292,4.835,0.1597
7PA4_C,1,16,3,21,4.0960,130.834,173.890,3.5251,0.9166,4.899,0.1555
7PA4_C,1,17,3,21,4.0783,129.512,177.585,3.5129,1.0229,5.068,0.1610
7PA4_C,1,18,3,21,4.0728,127.346,178.628,3.5176,1.1419,4.724,0.1549
7PA4_C,1,19,3,21,4.0720,123.871,175.687,3.5303,1.2553,4.703,0.1650
7PA4_C,1,20,3,21,4.0818,120.624,173.037,3.5572,1.3819,3.909,0.1766
7PA4_C,1,21,3,21,4.1065,118.338,171.475,3.5966,1.5150,3.638,0.1977
7PA4_C,1,22,3,21,4.1373,116.503,170.721,3.6415,1.6625,3.456,0.2199
7PA4_C,1,23,3,21,4.1793,115.424,170.882,3.6935,1.8156,3.577,0.2484
7PA4_C,1,24,3,21,4.2498,115.138,171.950,3.7679,1.9658,0.000,0.0000
7PIH_7QW,1,0,3,24,8.5803,161.167,176.232,7.5583,5.8402,0.550,0.2874
7PIH_7QW,1,1,3,24,8.3447,160.876,176.209,7.2770,5.5991,0.543,0.2802
7PIH_7QW,1,2,3,24,8.1178,160.658,176.185,7.0040,5.3615,0.581,0.2730
7PIH_7QW,1,3,3,24,7.8997,160.528,176.208,6.7397,5.1300,0.778,0.2680
7PIH_7QW,1,4,3,24,7.6928,160.421,176.310,6.4834,4.9014,1.037,0.2606
7PIH_7QW,1,5,3,24,7.5042,160.402,176.567,6.2423,4.6749,1.530,0.2540
7PIH_7QW,1,6,3,24,7.3398,160.445,176.921,6.0285,4.4478,1.841,0.2504
7PIH_7QW,1,7,3,24,7.1915,160.642,177.333,5.8568,4.2220,2.064,0.2422
7PIH_7QW,1,8,3,24,7.0673,160.964,177.781,5.7445,4.0018,2.232,0.2442
7PIH_7QW,1,9,3,24,6.9491,161.263,178.116,5.6608,3.7795,2.236,0.2402
7PIH_7QW,1,10,3,24,6.8440,161.651,178.624,5.5941,3.5614,2.153,0.2370
7PIH_7QW,1,11,3,24,6.7577,162.043,178.941,5.5464,3.3441,2.236,0.2326
7PIH_7QW,1,12,3,24,6.6794,162.509,179.264,5.5000,3.1310,2.171,0.2233
7PIH_7QW,1,13,3,24,6.6164,162.995,179.578,5.4614,2.9269,2.300,0.2178
7PIH_7QW,1,14,3,24,6.5628,163.592,179.747,5.4248,2.7300,2.482,0.2071
7PIH_7QW,1,15,3,24,6.5165,164.278,179.933,5.3874,2.5436,2.541,0.2006
7PIH_7QW,1,16,3,24,6.4776,164.890,179.943,5.3487,2.3638,2.461,0.1907
7PIH_7QW,1,17,3,24,6.4505,165.340,179.697,5.3151,2.1963,2.488,0.1919
7PIH_7QW,1,18,3,24,6.4304,165.683,179.460,5.2819,2.0316,2.646,0.1793
7PIH_7QW,1,19,3,24,6.4142,166.035,179.225,5.2453,1.8874,2.826,0.1805
7PIH_7QW,1,20,3,24,6.4096,166.370,179.019,5.2166,1.7424,3.247,0.1671
7PIH_7QW,1,21,3,24,6.4137,166.769,178.895,5.1924,1.6239,3.529,0.1627
7PIH_7QW,1,22,3,24,6.4241,166.971,178.426,5.1770,1.5128,4.084,0.1527
7PIH_7QW,1,23,3,24,6.4457,167.151,178.149,5.1741,1.4296,4.455,0.1582
7PIH_7QW,1,24,3,24,6.4846,167.343,177.350,5.1888,1.3515,0.000,0.0000
7PK0_BYC,1,0,14,56,8.8776,142.332,178.458,8.6589,3.2686,0.735,0.2074
7PK0_BYC,1,1,14,56,8.8144,142.781,178.973,8.5611,3.1325,0.705,0.2001
7PK0_BYC,1,2,14,56,8.7556,143.210,179.544,8.4681,3.0004,0.881,0.1983
7PK0_BYC,1,3,14,56,8.7282,143.673,179.717,8.4046,2.8726,1.111,0.1996
7PK0_BYC,1,4,14,56,8.7317,144.139,178.878,8.3709,2.7487,1.373,0.2006
7PK0_BYC,1,5,14,56,8.7627,144.705,177.839,8.3665,2.6328,1.653,0.1992
7PK0_BYC,1,6,14,56,8.8152,145.346,176.475,8.3809,2.5251,1.819,0.1961
7PK0_BYC,1,7,14,56,8.8757,146.010,175.060,8.4015,2.4181,2.042,0.1995
7PK0_BYC,1,8,14,56,8.9506,146.760,173.433,8.4337,2.3195,2.235,0.2024
7PK0_BYC,1,9,14,56,9.0354,147.550,171.481,8.4731,2.2240,2.562,0.2119
7PK0_BYC,1,10,14,56,9.1430,148.468,169.170,8.5302,2.1387,2.741,0.2165
7PK0_BYC,1,11,14,56,9.2621,149.456,171.771,8.5930,2.0535,2.826,0.2247
7PK0_BYC,1,12,14,56,9.3934,150.515,176.210,8.6626,1.9658,2.904,0.2228
7PK0_BYC,1,13,14,56,9.5340,151.500,179.754,8.7403,1.8835,3.013,0.2301
7PK0_BYC,1,14,14,56,9.6818,151.337,178.220,8.8250,1.8012,3.156,0.2404
7PK0_BYC,1,15,14,56,9.8421,150.839,173.956,8.9197,1.7193,3.179,0.2497
7PK0_BYC,1,16,14,56,10.0153,150.443,173.736,9.0244,1.6340,3.179,0.2480
7PK0_BYC,1,17,14,56,10.1944,150.116,177.107,9.1332,1.5547,3.143,0.2540
7PK0_BYC,1,18,14,56,10.3840,149.872,179.434,9.2511,1.4684,3.094,0.2573
7PK0_BYC,1,19,14,56,10.5811,149.111,177.687,9.3718,1.3859,3.082,0.2599
7PK0_BYC,1,20,14,56,10.7849,148.133,178.217,9.4971,1.3036,2.863,0.2580
7PK0_BYC,1,21,14,56,10.9934,146.918,173.959,9.6289,1.2262,2.642,0.2643
7PK0_BYC,1,22,14,56,11.2098,146.032,169.394,9.7671,1.1546,2.778,0.2703
7PK0_BYC,1,23,14,56,11.4287,145.103,165.437,9.9093,1.0941,3.158,0.2638
7PK0_BYC,1,24,14,56,11.6364,143.829,161.579,10.0456,1.0367,0.000,0.0000
7Q19_DSM,1,0,3,20,6.6689,140.073,171.275,5.8063,5.2655,0.654,0.2666
7Q19_DSM,1,1,3,20,6.4366,139.771,171.013,5.5644,5.0242,0.651,0.2622
7Q19_DSM,1,2,3,20,6.2162,139.377,170.728,5.3263,4.7931,0.853,0.2661
7Q19_DSM,1,3,3,20,5.9998,138.854,170.367,5.0820,4.5638,1.191,0.2721
7Q19_DSM,1,4,3,20,5.7887,138.121,169.937,4.8310,4.3383,1.438,0.2637
7Q19_DSM,1,5,3,20,5.5888,137.217,169.476,4.5897,4.1220,1.750,0.2649
7Q19_DSM,1,6,3,20,5.3938,136.150,168.875,4.3449,3.9087,1.767,0.2641
7Q19_DSM,1,7,3,20,5.2059,135.051,168.143,4.1000,3.7006,1.996,0.2664
7Q19_DSM,1,8,3,20,5.0154,133.825,167.320,3.8548,3.4867,2.129,0.2670
7Q19_DSM,1,9,3,20,4.8318,132.602,166.450,3.6108,3.2787,2.414,0.2630
7Q19_DSM,1,10,3,20,4.6459,131.248,165.482,3.3703,3.0648,2.519,0.2691
7Q19_DSM,1,11,3,20,4.4620,129.826,164.419,3.1288,2.8517,2.695,0.2635
7Q19_DSM,1,12,3,20,4.2837,128.485,163.438,2.8964,2.6418,3.022,0.2556
7Q19_DSM,1,13,3,20,4.1054,127.078,162.418,2.6745,2.4259,2.989,0.2595
7Q19_DSM,1,14,3,20,3.9306,125.751,161.571,2.4563,2.2104,2.827,0.2489
7Q19_DSM,1,15,3,20,3.7698,124.556,160.765,2.2545,2.0026,2.631,0.2427
7Q19_DSM,1,16,3,20,3.6167,123.454,159.989,2.0665,1.7941,2.500,0.2394
7Q19_DSM,1,17,3,20,3.4822,122.314,159.274,1.8912,1.5949,2.518,0.2475
7Q19_DSM,1,18,3,20,3.3607,120.906,158.280,1.7280,1.4004,2.546,0.2371
7Q19_DSM,1,19,3,20,3.2714,119.440,157.334,1.6109,1.2541,2.600,0.2375
7Q19_DSM,1,20,3,20,3.2081,117.837,156.174,1.5281,1.1501,2.444,0.2258
7Q19_DSM,1,21,3,20,3.1768,116.097,154.805,1.4949,1.1011,2.359,0.2260
7Q19_DSM,1,22,3,20,3.1782,114.267,153.271,1.5072,1.1169,2.492,0.2205
7Q19_DSM,1,23,3,20,3.2082,112.228,151.251,1.5642,1.1773,2.674,0.2163
7Q19_DSM,1,24,3,20,3.2636,110.060,148.539,1.6619,1.2757,0.000,0.0000
7Q2B_M6H,1,0,2,12,6.7857,123.756,124.090,6.4675,2.1410,0.311,0.1884
7Q2B_M6H,1,1,2,12,6.6310,123.903,124.093,6.3018,2.0940,0.339,0.1756
7Q2B_M6H,1,2,2,12,6.4883,124.077,124.088,6.1483,2.0532,0.446,0.1722
7Q2B_M6H,1,3,2,12,6.3511,124.331,124.560,5.9998,2.0155,0.779,0.1681
7Q2B_M6H,1,4,2,12,6.2214,124.852,125.366,5.8580,1.9782,0.984,0.1579
7Q2B_M6H,1,5,2,12,6.1051,125.586,126.460,5.7291,1.9490,1.642,0.1384
7Q2B_M6H,1,6,2,12,6.0114,126.849,128.221,5.6214,1.9243,2.000,0.1324
7Q2B_M6H,1,7,2,12,5.9314,128.431,130.482,5.5266,1.8975,2.406,0.1229
7Q2B_M6H,1,8,2,12,5.8641,130.393,133.102,5.4446,1.8678,2.357,0.1239
7Q2B_M6H,1,9,2,12,5.8013,132.312,135.775,5.3677,1.8387,2.549,0.1180
7Q2B_M6H,1,10,2,12,5.7471,134.355,138.526,5.2998,1.8148,2.657,0.1121
7Q2B_M6H,1,11,2,12,5.7004,136.457,141.436,5.2397,1.7891,2.761,0.1125
7Q2B_M6H,1,12,2,12,5.6578,138.517,144.388,5.1848,1.7711,2.923,0.1089
7Q2B_M6H,1,13,2,12,5.6250,140.587,147.384,5.1416,1.7601,2.877,0.1124
7Q2B_M6H,1,14,2,12,5.5904,142.571,150.333,5.0971,1.7501,2.813,0.1114
7Q2B_M6H,1,15,2,12,5.5607,144.375,153.107,5.0591,1.7449,2.728,0.1018
7Q2B_M6H,1,16,2,12,5.5368,145.989,155.617,5.0288,1.7452,2.830,0.1018
7Q2B_M6H,1,17,2,12,5.5132,147.577,158.050,5.0001,1.7475,2.858,0.1036
7Q2B_M6H,1,18,2,12,5.4942,148.819,160.228,4.9780,1.7549,3.034,0.0992
7Q2B_M6H,1,19,2,12,5.4737,149.946,162.273,4.9555,1.7670,3.114,0.0916
7Q2B_M6H,1,20,2,12,5.4571,150.786,163.869,4.9386,1.7763,3.070,0.0859
7Q2B_M6H,1,21,2,12,5.4428,151.335,164.944,4.9251,1.7897,3.193,0.0834
7Q2B_M6H,1,22,2,12,5.4263,151.590,165.587,4.9098,1.8075,2.712,0.0752
7Q2B_M6H,1,23,2,12,5.4182,151.633,165.617,4.9043,1.8270,2.244,0.0711
7Q2B_M6H,1,24,2,12,5.4105,151.589,165.138,4.8991,1.8502,0.000,0.0000
7Q5I_I0F,1,0,5,27,5.0644,105.223,156.361,5.0312,1.3075,0.451,0.1224
7Q5I_I0F,1,1,5,27,5.0166,105.006,156.525,4.9718,1.2823,0.509,0.1163
7Q5I_I0F,1,2,5,27,4.9720,104.715,156.724,4.9162,1.2571,0.747,0.1085
7Q5I_I0F,1,3,5,27,4.9218,104.236,156.917,4.8546,1.2361,1.063,0.1046
7Q5I_I0F,1,4,5,27,4.8601,103.484,157.046,4.7806,1.2201,1.469,0.1070
7Q5I_I0F,1,5,5,27,4.7853,102.404,157.096,4.6926,1.2009,1.853,0.1133
7Q5I_I0F,1,6,5,27,4.7043,100.992,157.045,4.5971,1.1805,1.930,0.1183
7Q5I_I0F,1,7,5,27,4.6195,99.503,156.922,4.4958,1.1598,2.366,0.1270
7Q5I_I0F,1,8,5,27,4.5296,97.660,156.664,4.3870,1.1345,2.480,0.1250
7Q5I_I0F,1,9,5,27,4.4464,95.748,156.437,4.2846,1.1121,2.697,0.1310
7Q5I_I0F,1,10,5,27,4.3618,93.678,156.070,4.1798,1.0904,2.802,0.1331
7Q5I_I0F,1,11,5,27,4.2775,91.528,155.669,4.0739,1.0648,2.968,0.1357
7Q5I_I0F,1,12,5,27,4.1961,89.276,155.255,3.9698,1.0484,3.157,0.1358
7Q5I_I0F,1,13,5,27,4.1181,86.864,154.655,3.8688,1.0392,3.289,0.1379
7Q5I_I0F,1,14,5,27,4.0454,84.365,153.981,3.7716,1.0413,3.286,0.1308
7Q5I_I0F,1,15,5,27,3.9768,81.935,153.205,3.6791,1.0508,3.180,0.1351
7Q5I_I0F,1,16,5,27,3.9124,79.643,152.345,3.5886,1.0684,3.165,0.1308
7Q5I_I0F,1,17,5,27,3.8472,77.453,151.377,3.4987,1.0841,2.993,0.1320
7Q5I_I0F,1,18,5,27,3.7851,75.441,150.433,3.4193,1.1025,2.963,0.1361
7Q5I_I0F,1,19,5,27,3.7209,73.568,149.524,3.3402,1.1217,2.829,0.1464
7Q5I_I0F,1,20,5,27,3.6578,71.828,148.551,3.2704,1.1386,2.532,0.1515
7Q5I_I0F,1,21,5,27,3.5947,70.311,147.277,3.2149,1.1508,2.442,0.1669
7Q5I_I0F,1,22,5,27,3.5305,68.889,145.836,3.1694,1.1585,2.219,0.1804
7Q5I_I0F,1,23,5,27,3.4731,67.781,144.368,3.1389,1.1509,1.873,0.1960
7Q5I_I0F,1,24,5,27,3.4255,66.898,143.076,3.1134,1.1439,0.000,0.0000
7QE4_NGA,1,0,3,15,8.5322,132.499,164.085,6.7710,6.4826,0.448,0.3282
7QE4_NGA,1,1,3,15,8.2188,132.874,164.517,6.4499,6.2051,0.448,0.3233
7QE4_NGA,1,2,3,15,7.9119,133.201,164.939,6.1339,5.9280,0.502,0.3184
7QE4_NGA,1,3,3,15,7.6100,133.549,165.407,5.8241,5.6585,0.528,0.3135
7QE4_NGA,1,4,3,15,7.3172,133.919,165.890,5.5244,5.3989,0.586,0.3047
7QE4_NGA,1,5,3,15,7.0405,134.357,166.399,5.3089,5.1560,0.758,0.2998
7QE4_NGA,1,6,3,15,6.7754,134.879,167.076,5.1602,4.9242,0.633,0.2839
7QE4_NGA,1,7,3,15,6.5301,135.202,167.307,5.0263,4.7066,0.906,0.2685
7QE4_NGA,1,8,3,15,6.3084,135.753,167.764,4.9089,4.5109,1.130,0.2685
7QE4_NGA,1,9,3,15,6.1011,136.392,168.063,4.8034,4.3223,1.289,0.2592
7QE4_NGA,1,10,3,15,5.9133,137.081,168.220,4.7106,4.1439,1.745,0.2664
7QE4_NGA,1,11,3,15,5.7411,138.121,168.533,4.6341,3.9712,2.151,0.2745
7QE4_NGA,1,12,3,15,5.5799,139.169,168.440,4.5657,3.8032,2.389,0.2754
7QE4_NGA,1,13,3,15,5.4329,140.281,168.214,4.5079,3.6397,2.947,0.2824
7QE4_NGA,1,14,3,15,5.2954,141.947,168.422,4.4564,3.4676,3.120,0.2806
7QE4_NGA,1,15,3,15,5.1656,143.555,168.468,4.4071,3.2960,3.518,0.2901
7QE4_NGA,1,16,3,15,5.0449,145.155,167.992,4.3646,3.1145,3.689,0.2923
7QE4_NGA,1,17,3,15,4.9390,147.180,168.087,4.3292,2.9329,3.687,0.3114
7QE4_NGA,1,18,3,15,4.8435,149.348,168.321,4.3011,2.7423,3.911,0.3168
7QE4_NGA,1,19,3,15,4.7546,151.211,167.983,4.2724,2.5427,4.096,0.3308
7QE4_NGA,1,20,3,15,4.6874,153.116,167.457,4.2582,2.3407,4.098,0.3286
7QE4_NGA,1,21,3,15,4.6468,154.441,165.872,4.2671,2.1547,4.345,0.3371
7QE4_NGA,1,22,3,15,4.6258,155.412,163.523,4.2956,1.9699,4.431,0.3234
7QE4_NGA,1,23,3,15,4.6408,155.819,160.406,4.3705,1.8255,4.617,0.3247
7QE4_NGA,1,24,3,15,4.7101,155.245,156.167,4.5085,1.7215,0.000,0.0000
7QF4_RBF,1,0,5,27,6.6330,166.787,166.787,4.9484,5.0563,0.292,0.1214
7QF4_RBF,1,1,5,27,6.4929,166.766,166.766,4.8573,4.8933,0.274,0.1153
7QF4_RBF,1,2,5,27,6.3612,166.795,166.795,4.7739,4.7378,0.445,0.1226
7QF4_RBF,1,3,5,27,6.2320,166.849,166.849,4.6804,4.5861,0.680,0.1360
7QF4_RBF,1,4,5,27,6.1019,166.906,166.906,4.5715,4.4372,0.896,0.1447
7QF4_RBF,1,5,5,27,5.9677,167.047,167.047,4.4557,4.2868,1.213,0.1533
7QF4_RBF,1,6,5,27,5.8297,167.310,167.310,4.3345,4.1365,1.521,0.1564
7QF4_RBF,1,7,5,27,5.6928,167.758,167.758,4.2151,3.9905,1.965,0.1712
7QF4_RBF,1,8,5,27,5.5511,168.459,168.459,4.0830,3.8445,2.190,0.1752
7QF4_RBF,1,9,5,27,5.4112,169.303,169.303,3.9531,3.7032,3.155,0.1800
7QF4_RBF,1,10,5,27,5.2570,170.488,170.488,3.8220,3.5559,3.375,0.1892
7QF4_RBF,1,11,5,27,5.0943,171.870,171.870,3.6870,3.4009,3.902,0.1943
7QF4_RBF,1,12,5,27,4.9239,173.488,173.488,3.5514,3.2428,4.392,0.1969
7QF4_RBF,1,13,5,27,4.7431,175.306,175.306,3.4106,3.0741,4.677,0.2106
7QF4_RBF,1,14,5,27,4.5523,177.226,177.226,3.2598,2.8945,4.726,0.2064
7QF4_RBF,1,15,5,27,4.3658,179.224,179.224,3.1188,2.7168,4.664,0.2062
7QF4_RBF,1,16,5,27,4.1749,178.914,178.914,2.9720,2.5302,4.700,0.2058
7QF4_RBF,1,17,5,27,3.9903,177.007,177.007,2.8317,2.3427,4.781,0.2019
7QF4_RBF,1,18,5,27,3.8170,174.879,174.879,2.7108,2.1645,4.725,0.1969
7QF4_RBF,1,19,5,27,3.6620,172.771,172.771,2.6101,2.0073,4.494,0.1969
7QF4_RBF,1,20,5,27,3.5190,170.680,170.680,2.5173,1.8568,4.197,0.1917
7QF4_RBF,1,21,5,27,3.4022,168.540,168.540,2.4451,1.7347,3.828,0.1910
7QF4_RBF,1,22,5,27,3.3087,166.314,166.314,2.3922,1.6356,3.473,0.1903
7QF4_RBF,1,23,5,27,3.2448,163.833,163.833,2.3627,1.5656,3.252,0.1858
7QF4_RBF,1,24,5,27,3.2071,160.969,160.969,2.3527,1.5196,0.000,0.0000
7QHL_D5P,1,0,5,30,8.0614,115.846,157.114,7.3818,6.5292,0.563,0.2659
7QHL_D5P,1,1,5,30,7.8283,115.933,157.369,7.1535,6.2770,0.537,0.2584
7QHL_D5P,1,2,5,30,7.6048,116.035,157.598,6.9342,6.0309,0.766,0.2527
7QHL_D5P,1,3,5,30,7.3935,116.243,157.958,6.7258,5.7936,1.107,0.2462
7QHL_D5P,1,4,5,30,7.1993,116.559,158.547,6.5311,5.5704,1.268,0.2430
7QHL_D5P,1,5,5,30,7.0125,116.894,159.215,6.3430,5.3564,1.582,0.2449
7QHL_D5P,1,6,5,30,6.8279,117.281,160.024,6.1564,5.1453,1.710,0.2421
7QHL_D5P,1,7,5,30,6.6478,117.683,160.878,5.9727,4.9423,1.818,0.2393
7QHL_D5P,1,8,5,30,6.4733,118.008,161.873,5.7917,4.7557,2.018,0.2434
7QHL_D5P,1,9,5,30,6.3035,118.287,163.084,5.6143,4.5758,2.436,0.2587
7QHL_D5P,1,10,5,30,6.1290,118.496,164.416,5.4303,4.3966,2.489,0.2575
7QHL_D5P,1,11,5,30,5.9629,118.729,165.668,5.2568,4.2195,2.616,0.2652
7QHL_D5P,1,12,5,30,5.8024,119.081,166.928,5.0911,4.0394,2.815,0.2693
7QHL_D5P,1,13,5,30,5.6500,119.666,167.947,4.9376,3.8528,3.244,0.2800
7QHL_D5P,1,14,5,30,5.5099,120.507,168.585,4.7989,3.6589,3.434,0.2842
7QHL_D5P,1,15,5,30,5.3814,121.248,168.843,4.6748,3.4677,3.570,0.2836
7QHL_D5P,1,16,5,30,5.2883,122.300,169.063,4.5862,3.3000,3.884,0.2899
7QHL_D5P,1,17,5,30,5.2030,123.728,169.802,4.5120,3.1294,4.008,0.2908
7QHL_D5P,1,18,5,30,5.1222,125.139,170.637,4.4463,2.9641,4.267,0.2889
7QHL_D5P,1,19,5,30,5.0628,126.940,172.235,4.4030,2.8180,4.374,0.2948
7QHL_D5P,1,20,5,30,5.0107,128.837,175.934,4.3688,2.6755,4.089,0.2805
7QHL_D5P,1,21,5,30,4.9754,130.547,179.942,4.3499,2.5581,3.864,0.2797
7QHL_D5P,1,22,5,30,4.9546,130.633,178.436,4.3437,2.4551,3.433,0.2751
7QHL_D5P,1,23,5,30,4.9472,130.207,179.119,4.3544,2.3671,3.273,0.3007
7QHL_D5P,1,24,5,30,4.9766,129.211,176.934,4.4083,2.2999,0.000,0.0000
7QK0_EBL,1,0,4,38,9.1243,94.125,166.556,9.2933,6.4057,1.129,0.3492
7QK0_EBL,1,1,4,38,8.8548,93.706,166.234,8.9906,6.1457,1.006,0.3465
7QK0_EBL,1,2,4,38,8.5884,93.247,166.040,8.6882,5.8838,1.117,0.3446
7QK0_EBL,1,3,4,38,8.3252,92.884,165.889,8.3854,5.6247,1.223,0.3481
7QK0_EBL,1,4,4,38,8.0629,92.505,165.667,8.0802,5.3607,1.355,0.3508
7QK0_EBL,1,5,4,38,7.7981,92.018,165.284,7.7717,5.0950,1.499,0.3549
7QK0_EBL,1,6,4,38,7.5304,91.428,164.691,7.4626,4.8226,1.644,0.3431
7QK0_EBL,1,7,4,38,7.2766,90.942,163.967,7.1671,4.5610,1.808,0.3445
7QK0_EBL,1,8,4,38,7.0308,90.348,163.015,6.8820,4.3048,1.884,0.3499
7QK0_EBL,1,9,4,38,6.7890,89.657,162.005,6.6003,4.0469,1.983,0.3550
7QK0_EBL,1,10,4,38,6.5559,88.948,160.956,6.3253,3.7968,2.268,0.3569
7QK0_EBL,1,11,4,38,6.3336,88.148,159.520,6.0632,3.5561,2.396,0.3536
7QK0_EBL,1,12,4,38,6.1231,87.327,158.014,5.8109,3.3218,2.493,0.3588
7QK0_EBL,1,13,4,38,5.9208,86.425,156.622,5.5653,3.0885,2.545,0.3622
7QK0_EBL,1,14,4,38,5.7284,85.500,155.471,5.3278,2.8616,2.649,0.3593
7QK0_EBL,1,15,4,38,5.5552,84.566,154.486,5.1045,2.6464,2.608,0.3594
7QK0_EBL,1,16,4,38,5.4041,83.723,153.610,4.8960,2.4458,2.583,0.3523
7QK0_EBL,1,17,4,38,5.2796,82.948,152.750,4.7107,2.2672,2.774,0.3726
7QK0_EBL,1,18,4,38,5.1723,82.037,151.385,4.5332,2.0941,2.736,0.3690
7QK0_EBL,1,19,4,38,5.0895,81.163,150.187,4.3786,1.9450,2.654,0.3804
7QK0_EBL,1,20,4,38,5.0354,80.429,149.047,4.2466,1.8211,2.973,0.3804
7QK0_EBL,1,21,4,38,5.0127,79.624,147.344,4.1510,1.7303,3.706,0.3694
7QK0_EBL,1,22,4,38,5.0081,78.438,144.593,4.1000,1.6712,4.102,0.3559
7QK0_EBL,1,23,4,38,5.0297,77.386,141.143,4.1046,1.6397,4.552,0.3458
7QK0_EBL,1,24,4,38,5.0725,76.574,137.246,4.1663,1.6378,0.000,0.0000
7R3D_APR,1,0,6,36,6.9760,100.184,150.185,5.7334,1.5682,0.470,0.1604
7R3D_APR,1,1,6,36,6.8469,100.070,150.051,5.5891,1.5287,0.461,0.1522
7R3D_APR,1,2,6,36,6.7247,99.957,149.886,5.4521,1.4910,0.649,0.1635
7R3D_APR,1,3,6,36,6.5822,99.751,149.521,5.3003,1.4496,0.904,0.1801
7R3D_APR,1,4,6,36,6.4142,99.451,148.963,5.1306,1.4041,0.998,0.1948
7R3D_APR,1,5,6,36,6.2214,99.054,148.359,4.9453,1.3506,1.254,0.2137
7R3D_APR,1,6,6,36,5.9989,98.456,147.465,4.7405,1.2956,1.540,0.2241
7R3D_APR,1,7,6,36,5.7591,97.586,146.060,4.5243,1.2480,1.799,0.2495
7R3D_APR,1,8,6,36,5.4908,96.464,144.300,4.2864,1.2067,1.949,0.2557
7R3D_APR,1,9,6,36,5.2153,95.078,142.371,4.0434,1.1632,2.155,0.2677
7R3D_APR,1,10,6,36,4.9281,93.485,139.972,3.7917,1.1159,2.507,0.2697
7R3D_APR,1,11,6,36,4.6369,91.461,136.953,3.5406,1.0657,2.751,0.2733
7R3D_APR,1,12,6,36,4.3438,89.204,133.536,3.2892,1.0148,3.016,0.2722
7R3D_APR,1,13,6,36,4.0523,86.746,129.824,3.0413,0.9597,3.246,0.2736
7R3D_APR,1,14,6,36,3.7626,84.234,125.763,2.7963,0.8981,3.472,0.2706
7R3D_APR,1,15,6,36,3.4849,81.618,121.496,2.5568,0.8377,3.631,0.2703
7R3D_APR,1,16,6,36,3.2121,78.864,116.865,2.3269,0.7791,3.965,0.2662
7R3D_APR,1,17,6,36,2.9492,75.860,111.739,2.1064,0.7271,4.122,0.2664
7R3D_APR,1,18,6,36,2.6953,72.825,106.737,1.8943,0.6788,4.262,0.2607
7R3D_APR,1,19,6,36,2.4535,69.761,102.016,1.6974,0.6473,4.223,0.2579
7R3D_APR,1,20,6,36,2.2261,66.889,97.806,1.5181,0.6275,4.318,0.2479
7R3D_APR,1,21,6,36,2.0255,64.152,93.477,1.3706,0.6126,4.782,0.2377
7R3D_APR,1,22,6,36,1.8533,61.244,88.455,1.2661,0.5915,5.056,0.2360
7R3D_APR,1,23,6,36,1.7213,58.529,83.959,1.1966,0.5771,5.189,0.2497
7R3D_APR,1,24,6,36,1.6316,56.324,84.248,1.1300,0.5825,0.000,0.0000
7R7R_AWJ,1,0,5,33,6.1727,113.720,129.367,5.3468,0.7603,0.608,0.2111
7R7R_AWJ,1,1,5,33,6.0026,113.764,129.112,5.1725,0.7642,0.619,0.2042
7R7R_AWJ,1,2,5,33,5.8406,113.796,128.855,5.0041,0.7774,0.861,0.2040
7R7R_AWJ,1,3,5,33,5.6745,113.878,128.454,4.8280,0.7924,1.106,0.2113
7R7R_AWJ,1,4,5,33,5.5039,113.974,127.973,4.6434,0.8054,1.419,0.2256
7R7R_AWJ,1,5,5,33,5.3276,114.011,127.184,4.4517,0.8164,1.716,0.2448
7R7R_AWJ,1,6,5,33,5.1549,114.062,127.211,4.2593,0.8390,1.807,0.2477
7R7R_AWJ,1,7,5,33,4.9918,114.047,128.204,4.0772,0.8608,2.025,0.2661
7R7R_AWJ,1,8,5,33,4.8371,114.040,129.446,3.9006,0.8813,2.056,0.2687
7R7R_AWJ,1,9,5,33,4.6967,114.024,130.795,3.7386,0.9041,2.133,0.2656
7R7R_AWJ,1,10,5,33,4.5697,113.984,132.344,3.5940,0.9284,2.210,0.2584
7R7R_AWJ,1,11,5,33,4.4707,114.198,133.770,3.4770,0.9556,2.316,0.2495
7R7R_AWJ,1,12,5,33,4.3935,114.533,135.505,3.3873,0.9840,2.617,0.2382
7R7R_AWJ,1,13,5,33,4.3362,115.187,137.337,3.3195,1.0136,3.029,0.2324
7R7R_AWJ,1,14,5,33,4.2980,116.168,139.405,3.2768,1.0416,3.173,0.2347
7R7R_AWJ,1,15,5,33,4.2651,117.241,141.567,3.2495,1.0664,3.403,0.2338
7R7R_AWJ,1,16,5,33,4.2569,118.480,143.651,3.2560,1.1006,3.614,0.2309
7R7R_AWJ,1,17,5,33,4.2685,119.887,145.771,3.2934,1.1432,3.603,0.2376
7R7R_AWJ,1,18,5,33,4.2966,121.293,148.053,3.3533,1.1946,3.602,0.2351
7R7R_AWJ,1,19,5,33,4.3363,122.796,150.508,3.4322,1.2556,3.584,0.2410
7R7R_AWJ,1,20,5,33,4.3928,124.282,152.917,3.5309,1.3301,3.367,0.2371
7R7R_AWJ,1,21,5,33,4.4639,125.638,155.356,3.6432,1.4113,3.289,0.2424
7R7R_AWJ,1,22,5,33,4.5559,126.886,157.587,3.7759,1.5075,3.189,0.2328
7R7R_AWJ,1,23,5,33,4.6669,127.377,159.501,3.9250,1.6109,3.084,0.2288
7R7R_AWJ,1,24,5,33,4.8020,127.175,161.179,4.0894,1.7145,0.000,0.0000
7RC3_SAH,1,0,5,26,5.4379,124.005,159.291,5.2772,2.1686,0.226,0.1321
7RC3_SAH,1,1,5,26,5.3719,124.032,159.018,5.2186,2.1170,0.284,0.1250
7RC3_SAH,1,2,5,26,5.3170,124.083,158.658,5.1753,2.0733,0.301,0.1224
7RC3_SAH,1,3,5,26,5.2637,124.079,158.275,5.1355,2.0330,0.403,0.1227
7RC3_SAH,1,4,5,26,5.1989,123.896,157.874,5.0821,1.9929,0.691,0.1188
7RC3_SAH,1,5,5,26,5.1266,123.523,157.625,5.0169,1.9575,0.969,0.1215
7RC3_SAH,1,6,5,26,5.0451,122.958,157.322,4.9390,1.9336,1.279,0.1374
7RC3_SAH,1,7,5,26,4.9412,122.089,156.785,4.8330,1.9088,1.675,0.1560
7RC3_SAH,1,8,5,26,4.8185,120.939,156.253,4.7031,1.8825,1.965,0.1751
7RC3_SAH,1,9,5,26,4.6826,119.596,155.555,4.5580,1.8639,2.168,0.2064
7RC3_SAH,1,10,5,26,4.5236,118.040,154.904,4.3850,1.8477,2.354,0.2233
7RC3_SAH,1,11,5,26,4.3564,116.322,154.247,4.2012,1.8353,2.472,0.2385
7RC3_SAH,1,12,5,26,4.1799,114.461,153.460,4.0067,1.8216,2.608,0.2429
7RC3_SAH,1,13,5,26,3.9963,112.412,152.349,3.8087,1.7987,2.770,0.2496
7RC3_SAH,1,14,5,26,3.8074,110.192,151.014,3.6095,1.7736,2.854,0.2462
7RC3_SAH,1,15,5,26,3.6268,107.873,149.630,3.4221,1.7517,2.882,0.2549
7RC3_SAH,1,16,5,26,3.4492,105.513,148.017,3.2395,1.7418,3.141,0.2476
7RC3_SAH,1,17,5,26,3.2816,102.981,146.103,3.0747,1.7342,3.413,0.2473
7RC3_SAH,1,18,5,26,3.1262,100.303,144.068,2.9275,1.7350,3.687,0.2399
7RC3_SAH,1,19,5,26,2.9962,97.523,141.671,2.8109,1.7550,4.042,0.2372
7RC3_SAH,1,20,5,26,2.8818,94.568,139.023,2.7113,1.7795,4.315,0.2255
7RC3_SAH,1,21,5,26,2.8042,91.653,136.067,2.6441,1.8180,4.796,0.2261
7RC3_SAH,1,22,5,26,2.7578,88.667,132.334,2.5993,1.8717,5.516,0.2264
7RC3_SAH,1,23,5,26,2.7457,85.598,127.564,2.5787,1.9325,6.155,0.2252
7RC3_SAH,1,24,5,26,2.7679,82.489,128.436,2.5822,2.0000,0.000,0.0000
7REE_4LY,1,0,8,42,6.5345,133.830,165.966,5.5540,3.4318,0.765,0.2347
7REE_4LY,1,1,8,42,6.3561,133.451,166.159,5.3761,3.2690,0.714,0.2284
7REE_4LY,1,2,8,42,6.1920,133.046,166.327,5.2108,3.1110,0.946,0.2301
7REE_4LY,1,3,8,42,6.0142,132.489,166.501,5.0356,2.9505,1.224,0.2378
7REE_4LY,1,4,8,42,5.8166,131.758,166.692,4.8454,2.7859,1.488,0.2441
7REE_4LY,1,5,8,42,5.6123,130.919,166.864,4.6475,2.6184,1.860,0.2530
7REE_4LY,1,6,8,42,5.4012,129.904,167.086,4.4434,2.4520,2.062,0.2573
7REE_4LY,1,7,8,42,5.1890,128.723,167.212,4.2383,2.2859,2.424,0.2641
7REE_4LY,1,8,8,42,4.9712,127.340,167.377,4.0296,2.1209,2.679,0.2577
7REE_4LY,1,9,8,42,4.7523,125.756,167.476,3.8268,1.9575,3.093,0.2617
7REE_4LY,1,10,8,42,4.5274,123.923,167.479,3.6212,1.7976,3.585,0.2653
7REE_4LY,1,11,8,42,4.2978,121.830,167.522,3.4151,1.6375,4.076,0.2749
7REE_4LY,1,12,8,42,4.0563,119.406,167.514,3.2020,1.4761,4.528,0.2747
7REE_4LY,1,13,8,42,3.8121,116.725,167.707,2.9905,1.3205,4.817,0.2853
7REE_4LY,1,14,8,42,3.5713,113.866,167.987,2.7788,1.1683,5.081,0.2828
7REE_4LY,1,15,8,42,3.3419,110.922,168.749,2.5756,1.0206,5.177,0.2871
7REE_4LY,1,16,8,42,3.1222,108.005,169.826,2.3791,0.8766,5.369,0.2807
7REE_4LY,1,17,8,42,2.9220,105.142,171.444,2.2006,0.7461,5.578,0.2813
7REE_4LY,1,18,8,42,2.7357,102.238,173.658,2.0381,0.6250,5.726,0.2816
7REE_4LY,1,19,8,42,2.5766,99.503,176.450,1.9020,0.5332,5.867,0.2826
7REE_4LY,1,20,8,42,2.4436,96.779,179.751,1.7941,0.4779,5.843,0.2859
7REE_4LY,1,21,8,42,2.3540,93.097,176.230,1.7332,0.4810,6.444,0.2892
7REE_4LY,1,22,8,42,2.2904,88.834,171.457,1.7172,0.5368,6.798,0.2900
7REE_4LY,1,23,8,42,2.2606,84.296,165.792,1.7808,0.6240,7.388,0.2834
7REE_4LY,1,24,8,42,2.2608,79.607,159.270,1.8640,0.7215,0.000,0.0000
7RH3_59O,1,0,8,34,5.2479,126.912,178.363,5.1541,2.1358,0.507,0.2025
7RH3_59O,1,1,8,34,5.1411,127.018,178.574,5.0129,2.0277,0.474,0.1948
7RH3_59O,1,2,8,34,5.0416,127.123,178.709,4.8781,1.9278,0.548,0.1862
7RH3_59O,1,3,8,34,4.9537,127.142,178.574,4.7538,1.8383,0.735,0.1816
7RH3_59O,1,4,8,34,4.8777,127.058,178.147,4.6385,1.7538,0.959,0.1795
7RH3_59O,1,5,8,34,4.8103,126.879,177.550,4.5305,1.6735,1.251,0.1791
7RH3_59O,1,6,8,34,4.7567,126.638,176.983,4.4318,1.6035,1.438,0.1736
7RH3_59O,1,7,8,34,4.7173,126.490,176.590,4.3451,1.5446,1.783,0.1814
7RH3_59O,1,8,8,34,4.6869,126.255,176.078,4.2615,1.4872,2.020,0.1851
7RH3_59O,1,9,8,34,4.6737,126.058,175.686,4.1880,1.4433,2.357,0.1947
7RH3_59O,1,10,8,34,4.6759,125.820,175.241,4.1228,1.4054,2.614,0.2037
7RH3_59O,1,11,8,34,4.6995,125.656,174.796,4.0720,1.3746,2.920,0.2110
7RH3_59O,1,12,8,34,4.7375,125.576,174.613,4.0312,1.3564,3.200,0.2160
7RH3_59O,1,13,8,34,4.7924,125.464,174.565,4.0052,1.3498,3.361,0.2241
7RH3_59O,1,14,8,34,4.8622,125.342,174.431,3.9946,1.3576,3.461,0.2287
7RH3_59O,1,15,8,34,4.9440,125.086,174.280,3.9943,1.3866,3.625,0.2324
7RH3_59O,1,16,8,34,5.0397,124.608,173.810,4.0048,1.4426,3.814,0.2254
7RH3_59O,1,17,8,34,5.1438,123.928,173.045,4.0213,1.5122,4.073,0.2239
7RH3_59O,1,18,8,34,5.2607,123.185,172.333,4.0466,1.5966,4.239,0.2299
7RH3_59O,1,19,8,34,5.3887,122.277,171.362,4.0815,1.7041,4.530,0.2290
7RH3_59O,1,20,8,34,5.5249,121.268,170.383,4.1251,1.8227,4.799,0.2304
7RH3_59O,1,21,8,34,5.6670,120.155,169.461,4.1757,1.9548,5.224,0.2411
7RH3_59O,1,22,8,34,5.8152,119.015,170.851,4.2258,2.1009,5.485,0.2535
7RH3_59O,1,23,8,34,5.9719,117.964,173.251,4.2758,2.2554,5.823,0.2627
7RH3_59O,1,24,8,34,6.1330,117.052,175.473,4.3297,2.4052,0.000,0.0000
7RKW_5TV,1,0,4,25,7.2500,131.656,161.892,6.1005,3.1669,0.630,0.2307
7RKW_5TV,1,1,4,25,7.0731,131.915,162.442,5.9367,3.0403,0.608,0.2169
7RKW_5TV,1,2,4,25,6.9056,132.145,163.034,5.7846,2.9195,0.652,0.2180
7RKW_5TV,1,3,4,25,6.7462,132.402,163.736,5.6389,2.8017,0.774,0.2213
7RKW_5TV,1,4,4,25,6.5990,132.742,164.521,5.5051,2.6849,1.008,0.2248
7RKW_5TV,1,5,4,25,6.4638,133.205,165.442,5.3857,2.5686,1.514,0.2333
7RKW_5TV,1,6,4,25,6.3365,133.925,166.944,5.2767,2.4484,1.847,0.2344
7RKW_5TV,1,7,4,25,6.2311,134.737,168.640,5.1849,2.3359,2.228,0.2371
7RKW_5TV,1,8,4,25,6.1463,135.639,170.540,5.1105,2.2298,2.364,0.2383
7RKW_5TV,1,9,4,25,6.0638,136.560,172.667,5.0333,2.1284,2.522,0.2493
7RKW_5TV,1,10,4,25,5.9959,137.616,175.009,4.9703,2.0317,2.673,0.2545
7RKW_5TV,1,11,4,25,5.9438,138.841,177.122,4.9215,1.9335,2.580,0.2555
7RKW_5TV,1,12,4,25,5.9025,140.185,179.004,4.8807,1.8297,2.774,0.2593
7RKW_5TV,1,13,4,25,5.8753,141.376,179.097,4.8517,1.7147,2.848,0.2565
7RKW_5TV,1,14,4,25,5.8539,142.080,177.147,4.8224,1.5909,2.590,0.2560
7RKW_5TV,1,15,4,25,5.8423,142.747,175.259,4.7957,1.4701,2.871,0.2550
7RKW_5TV,1,16,4,25,5.8466,143.582,173.269,4.7790,1.3496,2.852,0.2516
7RKW_5TV,1,17,4,25,5.8658,144.614,171.544,4.7767,1.2293,2.671,0.2621
7RKW_5TV,1,18,4,25,5.9067,145.723,170.052,4.7945,1.1153,2.788,0.2685
7RKW_5TV,1,19,4,25,5.9727,146.993,169.657,4.8348,1.0163,2.705,0.2727
7RKW_5TV,1,20,4,25,6.0602,148.324,172.988,4.8931,0.9347,2.936,0.2637
7RKW_5TV,1,21,4,25,6.1657,149.916,177.325,4.9655,0.8870,3.276,0.2644
7RKW_5TV,1,22,4,25,6.2780,150.689,177.563,5.0411,0.8715,3.619,0.2502
7RKW_5TV,1,23,4,25,6.3895,149.932,170.824,5.1122,0.8793,3.696,0.2390
7RKW_5TV,1,24,4,25,6.5295,149.076,168.679,5.2210,0.9073,0.000,0.0000
7RSV_7IQ,1,0,2,20,6.0959,133.167,142.961,4.0197,3.4910,0.834,0.1782
7RSV_7IQ,1,1,2,20,5.9596,132.664,142.212,3.8940,3.3726,0.696,0.1665
7RSV_7IQ,1,2,2,20,5.8351,132.207,141.621,3.7828,3.2608,0.892,0.1643
7RSV_7IQ,1,3,2,20,5.7094,131.618,140.809,3.6747,3.1466,1.086,0.1595
7RSV_7IQ,1,4,2,20,5.5829,130.837,139.794,3.5685,3.0329,1.318,0.1534
7RSV_7IQ,1,5,2,20,5.4619,129.962,138.584,3.4717,2.9252,1.823,0.1420
7RSV_7IQ,1,6,2,20,5.3333,128.700,136.788,3.3730,2.8193,2.090,0.1383
7RSV_7IQ,1,7,2,20,5.2024,127.285,134.620,3.2757,2.7172,2.566,0.1319
7RSV_7IQ,1,8,2,20,5.0534,125.394,132.092,3.1627,2.6093,2.769,0.1332
7RSV_7IQ,1,9,2,20,4.9003,123.421,129.579,3.0458,2.5031,2.960,0.1441
7RSV_7IQ,1,10,2,20,4.7300,121.379,127.038,2.9097,2.3867,3.619,0.1635
7RSV_7IQ,1,11,2,20,4.5412,119.153,124.815,2.7496,2.2591,3.955,0.1726
7RSV_7IQ,1,12,2,20,4.3483,117.025,122.854,2.5832,2.1306,4.678,0.1949
7RSV_7IQ,1,13,2,20,4.1511,115.186,121.820,2.4033,1.9928,5.160,0.2030
7RSV_7IQ,1,14,2,20,3.9659,113.849,121.700,2.2266,1.8600,5.409,0.2028
7RSV_7IQ,1,15,2,20,3.8009,113.013,122.240,2.0598,1.7361,5.741,0.2008
7RSV_7IQ,1,16,2,20,3.6600,112.883,123.498,1.9074,1.6234,6.178,0.1883
7RSV_7IQ,1,17,2,20,3.5440,113.180,125.256,1.7721,1.5275,6.339,0.1824
7RSV_7IQ,1,18,2,20,3.4491,113.788,127.162,1.6545,1.4478,6.515,0.1711
7RSV_7IQ,1,19,2,20,3.3826,114.977,129.323,1.5546,1.3971,6.412,0.1649
7RSV_7IQ,1,20,2,20,3.3332,116.338,131.179,1.4731,1.3598,6.155,0.1546
7RSV_7IQ,1,21,2,20,3.3073,117.813,132.555,1.4174,1.3561,6.023,0.1507
7RSV_7IQ,1,22,2,20,3.3039,119.558,133.475,1.3949,1.3794,5.691,0.1369
7RSV_7IQ,1,23,2,20,3.3218,121.181,133.910,1.4110,1.4302,5.012,0.1281
7RSV_7IQ,1,24,2,20,3.3548,122.660,134.080,1.4585,1.4992,0.000,0.0000
7RUI_7QZ,1,0,9,51,8.1747,142.692,173.301,7.3480,2.5097,0.451,0.2198
7RUI_7QZ,1,1,9,51,8.0143,142.824,173.618,7.2098,2.3950,0.492,0.2171
7RUI_7QZ,1,2,9,51,7.8637,142.973,173.982,7.0806,2.2799,0.714,0.2157
7RUI_7QZ,1,3,9,51,7.7335,143.190,174.280,6.9708,2.1705,0.924,0.2220
7RUI_7QZ,1,4,9,51,7.6211,143.496,174.552,6.8793,2.0642,1.074,0.2251
7RUI_7QZ,1,5,9,51,7.5265,143.837,174.749,6.8056,1.9606,1.382,0.2366
7RUI_7QZ,1,6,9,51,7.4561,144.263,174.906,6.7560,1.8584,1.486,0.2360
7RUI_7QZ,1,7,9,51,7.4033,144.759,175.039,6.7231,1.7689,1.738,0.2437
7RUI_7QZ,1,8,9,51,7.3706,145.392,177.274,6.7117,1.6895,1.894,0.2441
7RUI_7QZ,1,9,9,51,7.3527,146.091,179.949,6.7152,1.6233,2.186,0.2552
7RUI_7QZ,1,10,9,51,7.3497,146.232,176.736,6.7331,1.5627,2.418,0.2615
7RUI_7QZ,1,11,9,51,7.3675,146.355,177.405,6.7711,1.5139,2.620,0.2667
7RUI_7QZ,1,12,9,51,7.4041,146.458,177.753,6.8275,1.4807,2.758,0.2724
7RUI_7QZ,1,13,9,51,7.4576,146.596,177.798,6.9005,1.4630,3.023,0.2806
7RUI_7QZ,1,14,9,51,7.5289,146.818,177.806,6.9909,1.4625,3.221,0.2837
7RUI_7QZ,1,15,9,51,7.6100,147.135,177.843,7.0897,1.4769,3.456,0.2896
7RUI_7QZ,1,16,9,51,7.7071,147.463,177.574,7.2024,1.5118,3.711,0.2884
7RUI_7QZ,1,17,9,51,7.8182,147.880,176.835,7.3268,1.5693,3.919,0.2888
7RUI_7QZ,1,18,9,51,7.9396,148.324,176.926,7.4578,1.6458,4.198,0.2829
7RUI_7QZ,1,19,9,51,8.0739,148.828,179.737,7.5992,1.7428,4.448,0.2825
7RUI_7QZ,1,20,9,51,8.2153,148.321,179.140,7.7431,1.8601,4.615,0.2738
7RUI_7QZ,1,21,9,51,8.3603,147.586,177.406,7.8858,1.9960,4.775,0.2750
7RUI_7QZ,1,22,9,51,8.5169,147.070,176.032,8.0350,2.1522,4.812,0.2696
7RUI_7QZ,1,23,9,51,8.6800,146.753,174.842,8.1885,2.3268,5.040,0.2530
7RUI_7QZ,1,24,9,51,8.8440,146.513,173.761,8.3420,2.5014,0.000,0.0000
7RWO_7WN,1,0,2,20,5.9669,112.433,146.006,5.2534,4.1271,0.589,0.1694
7RWO_7WN,1,1,2,20,5.8573,112.241,145.970,5.1240,3.9907,0.559,0.1599
7RWO_7WN,1,2,2,20,5.7598,112.137,146.018,5.0059,3.8650,0.554,0.1621
7RWO_7WN,1,3,2,20,5.6663,111.993,145.980,4.8901,3.7385,0.494,0.1645
7RWO_7WN,1,4,2,20,5.5840,111.849,145.792,4.7831,3.6120,0.513,0.1718
7RWO_7WN,1,5,2,20,5.5077,111.764,145.613,4.6800,3.4800,0.600,0.1815
7RWO_7WN,1,6,2,20,5.4431,111.762,145.404,4.5861,3.3410,0.711,0.1813
7RWO_7WN,1,7,2,20,5.3900,111.760,145.242,4.5046,3.2034,0.868,0.1884
7RWO_7WN,1,8,2,20,5.3588,112.012,145.104,4.4434,3.0645,1.073,0.1968
7RWO_7WN,1,9,2,20,5.3420,112.436,144.976,4.3982,2.9218,1.368,0.2060
7RWO_7WN,1,10,2,20,5.3401,112.995,144.806,4.3686,2.7740,1.869,0.2133
7RWO_7WN,1,11,2,20,5.3559,113.949,144.749,4.3599,2.6203,2.265,0.2238
7RWO_7WN,1,12,2,20,5.3881,115.157,144.736,4.3761,2.4551,2.603,0.2299
7RWO_7WN,1,13,2,20,5.4401,116.395,144.445,4.4209,2.2932,2.931,0.2337
7RWO_7WN,1,14,2,20,5.5111,117.842,144.166,4.4931,2.1318,2.966,0.2338
7RWO_7WN,1,15,2,20,5.5950,119.352,143.874,4.5856,1.9763,2.854,0.2355
7RWO_7WN,1,16,2,20,5.6919,120.859,143.755,4.6980,1.8252,3.107,0.2221
7RWO_7WN,1,17,2,20,5.7993,122.496,143.608,4.8211,1.6891,3.116,0.2344
7RWO_7WN,1,18,2,20,5.9167,124.233,143.589,4.9543,1.5618,3.340,0.2281
7RWO_7WN,1,19,2,20,6.0430,126.103,143.551,5.0944,1.4527,3.596,0.2344
7RWO_7WN,1,20,2,20,6.1791,128.043,143.497,5.2448,1.3493,3.957,0.2469
7RWO_7WN,1,21,2,20,6.3279,129.941,142.967,5.4105,1.2667,4.555,0.2573
7RWO_7WN,1,22,2,20,6.4863,131.503,141.687,5.5914,1.1881,4.496,0.2580
7RWO_7WN,1,23,2,20,6.6498,132.274,139.515,5.7833,1.1286,4.101,0.2486
7RWO_7WN,1,24,2,20,6.8120,132.669,136.875,5.9762,1.0771,0.000,0.0000
7RWS_4UR,1,0,3,45,8.2214,128.758,164.337,7.7619,1.4554,0.600,0.1557
7RWS_4UR,1,1,3,45,8.1324,128.802,163.868,7.6675,1.4454,0.553,0.1495
7RWS_4UR,1,2,3,45,8.0476,128.841,163.443,7.5779,1.4389,0.788,0.1459
7RWS_4UR,1,3,3,45,7.9820,128.957,162.915,7.5088,1.4369,1.112,0.1412
7RWS_4UR,1,4,3,45,7.9405,129.224,162.282,7.4631,1.4341,1.344,0.1350
7RWS_4UR,1,5,3,45,7.9220,129.649,161.691,7.4384,1.4306,1.724,0.1419
7RWS_4UR,1,6,3,45,7.9312,130.294,161.206,7.4391,1.4324,1.881,0.1374
7RWS_4UR,1,7,3,45,7.9506,130.922,160.578,7.4482,1.4281,2.229,0.1550
7RWS_4UR,1,8,3,45,7.9917,131.765,160.023,7.4769,1.4364,2.399,0.1467
7RWS_4UR,1,9,3,45,8.0290,132.390,159.099,7.5007,1.4402,2.653,0.1447
7RWS_4UR,1,10,3,45,8.0720,133.058,158.127,7.5246,1.4344,2.864,0.1525
7RWS_4UR,1,11,3,45,8.1204,133.802,157.238,7.5526,1.4245,3.218,0.1554
7RWS_4UR,1,12,3,45,8.1790,134.489,156.122,7.5921,1.4230,3.516,0.1528
7RWS_4UR,1,13,3,45,8.2375,135.056,154.823,7.6309,1.4170,3.943,0.1533
7RWS_4UR,1,14,3,45,8.2975,135.409,153.160,7.6728,1.4098,4.154,0.1514
7RWS_4UR,1,15,3,45,8.3580,135.719,151.473,7.7148,1.4027,4.356,0.1613
7RWS_4UR,1,16,3,45,8.4267,135.933,149.424,7.7670,1.4045,4.563,0.1576
7RWS_4UR,1,17,3,45,8.4999,136.223,147.602,7.8254,1.4094,4.716,0.1691
7RWS_4UR,1,18,3,45,8.5801,136.760,145.952,7.8922,1.4295,4.727,0.1678
7RWS_4UR,1,19,3,45,8.6633,137.367,144.409,7.9640,1.4568,4.681,0.1884
7RWS_4UR,1,20,3,45,8.7550,138.127,142.805,8.0475,1.5019,4.487,0.1922
7RWS_4UR,1,21,3,45,8.8570,139.162,145.754,8.1487,1.5734,4.433,0.1997
7RWS_4UR,1,22,3,45,8.9672,140.349,149.332,8.2654,1.6582,4.074,0.2108
7RWS_4UR,1,23,3,45,9.0834,141.532,152.777,8.3990,1.7554,3.628,0.2346
7RWS_4UR,1,24,3,45,9.2161,142.433,155.634,8.5592,1.8514,0.000,0.0000
7RZL_NPO,1,0,2,10,4.4847,123.731,155.618,4.1658,1.8338,0.326,0.1511
7RZL_NPO,1,1,2,10,4.3860,123.812,155.792,4.0429,1.7384,0.309,0.1411
7RZL_NPO,1,2,2,10,4.2953,123.880,155.937,3.9289,1.6513,0.350,0.1375
7RZL_NPO,1,3,2,10,4.2084,123.963,156.080,3.8190,1.5669,0.396,0.1336
7RZL_NPO,1,4,2,10,4.1257,124.079,156.185,3.7135,1.4839,0.541,0.1337
7RZL_NPO,1,5,2,10,4.0465,124.285,156.338,3.6114,1.4009,0.782,0.1345
7RZL_NPO,1,6,2,10,3.9728,124.646,156.572,3.5156,1.3154,0.945,0.1259
7RZL_NPO,1,7,2,10,3.9076,125.056,156.792,3.4308,1.2374,1.401,0.1298
7RZL_NPO,1,8,2,10,3.8525,125.648,157.137,3.3586,1.1569,1.580,0.1283
7RZL_NPO,1,9,2,10,3.8038,126.305,157.485,3.2942,1.0764,2.173,0.1315
7RZL_NPO,1,10,2,10,3.7705,127.192,157.968,3.2497,0.9934,2.545,0.1446
7RZL_NPO,1,11,2,10,3.7422,128.296,158.469,3.2109,0.9029,2.772,0.1487
7RZL_NPO,1,12,2,10,3.7241,129.674,158.988,3.1835,0.8106,3.158,0.1528
7RZL_NPO,1,13,2,10,3.7198,131.328,159.505,3.1728,0.7181,3.383,0.1599
7RZL_NPO,1,14,2,10,3.7249,133.260,160.117,3.1720,0.6315,3.433,0.1646
7RZL_NPO,1,15,2,10,3.7366,135.224,160.552,3.1781,0.5562,3.571,0.1638
7RZL_NPO,1,16,2,10,3.7631,137.498,161.038,3.2009,0.5025,3.642,0.1648
7RZL_NPO,1,17,2,10,3.7977,139.979,161.394,3.2316,0.4814,3.858,0.1679
7RZL_NPO,1,18,2,10,3.8439,142.843,161.786,3.2745,0.4946,3.741,0.1543
7RZL_NPO,1,19,2,10,3.8939,145.850,162.112,3.3215,0.5370,4.002,0.1529
7RZL_NPO,1,20,2,10,3.9518,149.090,162.476,3.3779,0.6010,3.932,0.1493
7RZL_NPO,1,21,2,10,4.0088,152.315,162.784,3.4329,0.6779,4.000,0.1411
7RZL_NPO,1,22,2,10,4.0647,155.625,162.932,3.4870,0.7589,4.064,0.1306
7RZL_NPO,1,23,2,10,4.1152,159.040,163.126,3.5333,0.8407,4.010,0.1122
7RZL_NPO,1,24,2,10,4.1412,162.502,163.227,3.5476,0.9099,0.000,0.0000
7SCW_GSP,1,0,5,32,10.2542,129.372,162.165,7.6289,5.4213,0.521,0.2280
7SCW_GSP,1,1,5,32,10.0645,129.609,162.222,7.4649,5.2505,0.543,0.2207
7SCW_GSP,1,2,5,32,9.8802,129.890,162.315,7.3084,5.0753,0.706,0.2269
7SCW_GSP,1,3,5,32,9.7087,130.315,162.458,7.1668,4.8992,0.922,0.2405
7SCW_GSP,1,4,5,32,9.5609,130.872,162.620,7.0466,4.7231,1.144,0.2537
7SCW_GSP,1,5,5,32,9.4337,131.621,162.816,6.9502,4.5408,1.407,0.2675
7SCW_GSP,1,6,5,32,9.3235,132.595,163.099,6.8786,4.3517,1.653,0.2738
7SCW_GSP,1,7,5,32,9.2375,133.737,163.360,6.8373,4.1598,1.917,0.2850
7SCW_GSP,1,8,5,32,9.1694,135.071,163.785,6.8152,3.9676,2.139,0.2856
7SCW_GSP,1,9,5,32,9.1100,136.580,164.239,6.8026,3.7753,2.431,0.2926
7SCW_GSP,1,10,5,32,9.0596,138.298,164.892,6.7995,3.5770,2.684,0.2859
7SCW_GSP,1,11,5,32,9.0150,140.206,165.655,6.7975,3.3800,2.945,0.2841
7SCW_GSP,1,12,5,32,8.9787,142.225,166.360,6.8030,3.1806,3.321,0.2847
7SCW_GSP,1,13,5,32,8.9491,144.490,167.440,6.8153,2.9811,3.650,0.2875
7SCW_GSP,1,14,5,32,8.9255,146.867,168.670,6.8294,2.7837,3.945,0.2903
7SCW_GSP,1,15,5,32,8.9106,149.375,171.690,6.8536,2.5930,4.015,0.2947
7SCW_GSP,1,16,5,32,8.9141,151.906,174.820,6.8962,2.4083,3.995,0.2893
7SCW_GSP,1,17,5,32,8.9269,154.510,177.965,6.9516,2.2311,3.945,0.2929
7SCW_GSP,1,18,5,32,8.9534,156.596,178.721,7.0252,2.0569,3.852,0.2845
7SCW_GSP,1,19,5,32,8.9949,157.939,176.795,7.1137,1.9031,3.641,0.2869
7SCW_GSP,1,20,5,32,9.0543,159.254,178.886,7.2248,1.7631,3.282,0.2773
7SCW_GSP,1,21,5,32,9.1281,159.953,179.014,7.3556,1.6401,3.306,0.2635
7SCW_GSP,1,22,5,32,9.2114,160.183,176.814,7.4928,1.5366,3.572,0.2345
7SCW_GSP,1,23,5,32,9.3022,160.017,173.737,7.6264,1.4454,3.446,0.2245
7SCW_GSP,1,24,5,32,9.4125,159.336,170.447,7.7738,1.3792,0.000,0.0000
7SED_8VD,1,0,3,17,6.6589,130.007,157.493,6.4546,3.3735,0.634,0.2652
7SED_8VD,1,1,3,17,6.4377,129.791,157.544,6.2129,3.2113,0.618,0.2664
7SED_8VD,1,2,3,17,6.2191,129.573,157.507,5.9721,3.0499,0.671,0.2649
7SED_8VD,1,3,3,17,6.0018,129.289,157.348,5.7318,2.8915,0.861,0.2676
7SED_8VD,1,4,3,17,5.7833,128.722,156.715,5.4900,2.7369,1.081,0.2658
7SED_8VD,1,5,3,17,5.5726,128.046,155.859,5.2550,2.5873,1.317,0.2737
7SED_8VD,1,6,3,17,5.3536,127.273,154.649,5.0104,2.4163,1.739,0.2652
7SED_8VD,1,7,3,17,5.1458,126.239,153.017,4.7778,2.2630,2.276,0.2575
7SED_8VD,1,8,3,17,4.9510,125.079,150.979,4.5595,2.1106,2.815,0.2530
7SED_8VD,1,9,3,17,4.7601,123.631,148.477,4.3491,1.9684,3.284,0.2414
7SED_8VD,1,10,3,17,4.5886,122.048,145.564,4.1604,1.8451,3.733,0.2396
7SED_8VD,1,11,3,17,4.4332,120.258,142.195,3.9912,1.7199,4.163,0.2403
7SED_8VD,1,12,3,17,4.2868,118.014,137.968,3.8345,1.5969,4.701,0.2427
7SED_8VD,1,13,3,17,4.1513,115.447,133.252,3.6909,1.4670,5.225,0.2402
7SED_8VD,1,14,3,17,4.0131,112.379,129.698,3.5506,1.3221,5.511,0.2536
7SED_8VD,1,15,3,17,3.8665,108.926,129.261,3.4073,1.1546,6.070,0.2593
7SED_8VD,1,16,3,17,3.7186,105.078,128.781,3.2691,0.9785,6.721,0.2695
7SED_8VD,1,17,3,17,3.5720,100.847,128.096,3.1378,0.7814,6.979,0.2903
7SED_8VD,1,18,3,17,3.4390,96.583,127.461,3.0232,0.5711,6.831,0.2902
7SED_8VD,1,19,3,17,3.3271,92.564,126.997,2.9307,0.3764,6.867,0.3053
7SED_8VD,1,20,3,17,3.2489,88.971,126.692,2.8680,0.2380,6.283,0.3088
7SED_8VD,1,21,3,17,3.2198,86.207,126.636,2.8442,0.2907,6.051,0.3186
7SED_8VD,1,22,3,17,3.2332,84.089,126.958,2.8489,0.4765,5.467,0.3095
7SED_8VD,1,23,3,17,3.2812,82.681,127.371,2.8694,0.6621,5.147,0.3123
7SED_8VD,1,24,3,17,3.3624,81.979,127.988,2.9005,0.8345,0.000,0.0000
7SNE_9XR,1,0,8,45,8.0457,134.166,171.014,6.9226,2.7453,0.366,0.2454
7SNE_9XR,1,1,8,45,7.8967,134.205,171.076,6.7327,2.6424,0.397,0.2329
7SNE_9XR,1,2,8,45,7.7614,134.278,171.195,6.5561,2.5455,0.532,0.2306
7SNE_9XR,1,3,8,45,7.6389,134.419,171.412,6.3886,2.4500,0.778,0.2302
7SNE_9XR,1,4,8,45,7.5263,134.616,171.811,6.2275,2.3529,0.999,0.2214
7SNE_9XR,1,5,8,45,7.4229,134.845,172.334,6.0727,2.2609,1.389,0.2153
7SNE_9XR,1,6,8,45,7.3288,135.010,173.066,5.9241,2.1726,1.614,0.2029
7SNE_9XR,1,7,8,45,7.2299,135.232,174.150,5.7769,2.0956,1.945,0.2018
7SNE_9XR,1,8,8,45,7.1273,135.312,175.481,5.6248,2.0239,2.250,0.2023
7SNE_9XR,1,9,8,45,7.0189,135.350,177.170,5.4689,1.9593,2.644,0.2078
7SNE_9XR,1,10,8,45,6.9029,135.361,179.045,5.3056,1.8960,2.924,0.2099
7SNE_9XR,1,11,8,45,6.7858,135.136,178.905,5.1442,1.8283,3.261,0.2115
7SNE_9XR,1,12,8,45,6.6731,134.688,176.766,4.9893,1.7633,3.429,0.2099
7SNE_9XR,1,13,8,45,6.5786,134.404,174.474,4.8530,1.6928,3.629,0.2184
7SNE_9XR,1,14,8,45,6.4997,134.329,172.062,4.7312,1.6183,3.675,0.2230
7SNE_9XR,1,15,8,45,6.4320,134.434,169.464,4.6251,1.5415,3.804,0.2280
7SNE_9XR,1,16,8,45,6.3757,134.767,167.151,4.5366,1.4536,3.950,0.2271
7SNE_9XR,1,17,8,45,6.3298,135.229,166.633,4.4687,1.3688,4.089,0.2390
7SNE_9XR,1,18,8,45,6.2924,135.732,166.235,4.4194,1.2835,4.295,0.2496
7SNE_9XR,1,19,8,45,6.2824,136.379,165.816,4.4045,1.2071,4.314,0.2542
7SNE_9XR,1,20,8,45,6.2847,137.136,166.019,4.4198,1.1466,4.241,0.2456
7SNE_9XR,1,21,8,45,6.2971,137.749,166.115,4.4544,1.1065,4.368,0.2383
7SNE_9XR,1,22,8,45,6.3276,138.038,165.719,4.5095,1.0769,4.350,0.2269
7SNE_9XR,1,23,8,45,6.3706,137.882,165.040,4.5800,1.0648,4.334,0.2176
7SNE_9XR,1,24,8,45,6.4184,137.206,163.873,4.6401,1.0601,0.000,0.0000
7SZA_DUI,1,0,2,20,7.6292,147.217,155.671,6.9756,2.5680,0.240,0.2021
7SZA_DUI,1,1,2,20,7.4550,147.358,155.727,6.7803,2.4729,0.198,0.1911
7SZA_DUI,1,2,2,20,7.2906,147.420,155.729,6.5951,2.3870,0.329,0.1924
7SZA_DUI,1,3,2,20,7.1278,147.638,155.896,6.4100,2.2991,0.506,0.1858
7SZA_DUI,1,4,2,20,6.9749,148.017,156.246,6.2330,2.2134,0.684,0.1742
7SZA_DUI,1,5,2,20,6.8365,148.485,156.675,6.0702,2.1300,1.012,0.1619
7SZA_DUI,1,6,2,20,6.7146,149.095,157.213,5.9219,2.0546,1.359,0.1485
7SZA_DUI,1,7,2,20,6.6118,149.899,157.898,5.7913,1.9844,1.960,0.1347
7SZA_DUI,1,8,2,20,6.5367,150.917,158.631,5.6874,1.9200,2.247,0.1294
7SZA_DUI,1,9,2,20,6.4708,152.030,159.418,5.5909,1.8601,2.818,0.1233
7SZA_DUI,1,10,2,20,6.4248,153.249,160.153,5.5121,1.7984,3.266,0.1155
7SZA_DUI,1,11,2,20,6.3948,154.492,160.945,5.4475,1.7420,3.664,0.1085
7SZA_DUI,1,12,2,20,6.3771,155.796,161.794,5.3930,1.6881,4.051,0.1125
7SZA_DUI,1,13,2,20,6.3729,157.078,162.533,5.3484,1.6459,4.559,0.1175
7SZA_DUI,1,14,2,20,6.3743,158.605,163.482,5.3040,1.6087,4.908,0.1211
7SZA_DUI,1,15,2,20,6.3827,160.143,164.305,5.2657,1.5845,5.124,0.1155
7SZA_DUI,1,16,2,20,6.3959,161.682,164.999,5.2353,1.5611,5.423,0.1136
7SZA_DUI,1,17,2,20,6.4117,163.119,165.523,5.2101,1.5429,5.597,0.1146
7SZA_DUI,1,18,2,20,6.4275,164.550,166.007,5.1859,1.5365,5.855,0.1102
7SZA_DUI,1,19,2,20,6.4429,166.000,166.351,5.1638,1.5325,6.147,0.1150
7SZA_DUI,1,20,2,20,6.4682,167.562,168.424,5.1550,1.5492,5.973,0.1117
7SZA_DUI,1,21,2,20,6.4906,169.254,171.405,5.1458,1.5765,5.907,0.1134
7SZA_DUI,1,22,2,20,6.5184,170.935,174.472,5.1463,1.6231,5.171,0.1102
7SZA_DUI,1,23,2,20,6.5408,172.831,177.595,5.1445,1.6837,4.593,0.0957
7SZA_DUI,1,24,2,20,6.5672,174.440,179.756,5.1536,1.7524,0.000,0.0000
7T0D_FPP,1,0,5,24,7.8693,110.333,132.092,7.6114,5.2739,0.495,0.2867
7T0D_FPP,1,1,5,24,7.6418,110.089,131.713,7.3722,5.0415,0.461,0.2759
7T0D_FPP,1,2,5,24,7.4288,109.910,131.413,7.1462,4.8169,0.562,0.2727
7T0D_FPP,1,3,5,24,7.2129,109.689,131.245,6.9164,4.5964,0.913,0.2705
7T0D_FPP,1,4,5,24,6.9866,109.352,131.274,6.6757,4.3851,1.213,0.2769
7T0D_FPP,1,5,5,24,6.7501,108.875,131.337,6.4236,4.1797,1.605,0.2904
7T0D_FPP,1,6,5,24,6.5003,108.191,131.362,6.1551,3.9863,1.789,0.2870
7T0D_FPP,1,7,5,24,6.2527,107.423,131.402,5.8880,3.8109,2.017,0.2958
7T0D_FPP,1,8,5,24,5.9975,106.470,131.176,5.6118,3.6460,2.112,0.2922
7T0D_FPP,1,9,5,24,5.7488,105.433,130.916,5.3399,3.4941,2.257,0.2955
7T0D_FPP,1,10,5,24,5.5015,104.208,130.625,5.0685,3.3501,2.337,0.2915
7T0D_FPP,1,11,5,24,5.2582,102.823,130.117,4.8011,3.2106,2.406,0.2882
7T0D_FPP,1,12,5,24,5.0206,101.397,129.567,4.5385,3.0729,2.470,0.2890
7T0D_FPP,1,13,5,24,4.7852,99.915,129.005,4.2773,2.9325,2.610,0.2968
7T0D_FPP,1,14,5,24,4.5472,98.311,128.185,4.0119,2.7898,2.609,0.2936
7T0D_FPP,1,15,5,24,4.3170,96.737,127.490,3.7539,2.6433,2.622,0.3044
7T0D_FPP,1,16,5,24,4.0866,95.224,126.822,3.4957,2.4965,2.537,0.3040
7T0D_FPP,1,17,5,24,3.8658,93.728,126.223,3.2506,2.3556,2.450,0.3014
7T0D_FPP,1,18,5,24,3.6632,92.278,125.997,3.0331,2.2202,2.540,0.2902
7T0D_FPP,1,19,5,24,3.4777,90.739,125.859,2.8507,2.1014,2.468,0.2866
7T0D_FPP,1,20,5,24,3.3121,89.259,125.883,2.7007,1.9903,2.145,0.2690
7T0D_FPP,1,21,5,24,3.1701,88.029,126.023,2.5778,1.8910,2.042,0.2711
7T0D_FPP,1,22,5,24,3.0465,86.918,126.232,2.4732,1.8047,1.944,0.2550
7T0D_FPP,1,23,5,24,2.9511,85.897,126.512,2.4037,1.7294,1.460,0.2392
7T0D_FPP,1,24,5,24,2.8881,85.063,126.538,2.3700,1.6611,0.000,0.0000
7T1D_E7K,1,0,5,34,7.9458,138.097,148.603,7.2651,3.5749,0.389,0.2022
7T1D_E7K,1,1,5,34,7.8491,138.170,148.752,7.1528,3.4734,0.414,0.1931
7T1D_E7K,1,2,5,34,7.7638,138.225,148.935,7.0514,3.3780,0.542,0.1931
7T1D_E7K,1,3,5,34,7.6873,138.261,149.161,6.9599,3.2783,0.637,0.1986
7T1D_E7K,1,4,5,34,7.6286,138.241,149.332,6.8885,3.1706,0.842,0.1989
7T1D_E7K,1,5,5,34,7.5977,138.158,149.463,6.8470,3.0654,1.218,0.1993
7T1D_E7K,1,6,5,34,7.5919,138.031,149.464,6.8315,2.9575,1.685,0.2010
7T1D_E7K,1,7,5,34,7.6088,137.857,149.430,6.8411,2.8478,2.077,0.2196
7T1D_E7K,1,8,5,34,7.6788,137.849,149.383,6.9069,2.7387,2.428,0.2332
7T1D_E7K,1,9,5,34,7.7750,138.112,149.291,6.9996,2.6309,2.606,0.2509
7T1D_E7K,1,10,5,34,7.9055,138.647,149.317,7.1237,2.5228,2.760,0.2649
7T1D_E7K,1,11,5,34,8.0503,139.475,150.072,7.2585,2.4067,3.037,0.2566
7T1D_E7K,1,12,5,34,8.2044,140.443,151.653,7.3980,2.2993,3.466,0.2516
7T1D_E7K,1,13,5,34,8.3686,141.576,153.577,7.5457,2.2008,4.073,0.2472
7T1D_E7K,1,14,5,34,8.5342,142.900,155.830,7.6956,2.1112,4.559,0.2412
7T1D_E7K,1,15,5,34,8.6985,144.353,158.230,7.8448,2.0323,4.649,0.2450
7T1D_E7K,1,16,5,34,8.8656,146.001,160.864,7.9966,1.9544,4.734,0.2321
7T1D_E7K,1,17,5,34,9.0281,147.889,163.458,8.1441,1.8848,4.749,0.2314
7T1D_E7K,1,18,5,34,9.1929,150.034,165.962,8.2927,1.8261,4.841,0.2131
7T1D_E7K,1,19,5,34,9.3489,152.328,168.331,8.4313,1.7805,4.911,0.2088
7T1D_E7K,1,20,5,34,9.5006,154.800,170.447,8.5666,1.7431,4.936,0.2014
7T1D_E7K,1,21,5,34,9.6360,157.358,175.916,8.6849,1.7163,4.928,0.2026
7T1D_E7K,1,22,5,34,9.7539,158.786,176.952,8.7895,1.7034,4.616,0.2013
7T1D_E7K,1,23,5,34,9.8565,158.710,175.598,8.8793,1.7044,4.391,0.2032
7T1D_E7K,1,24,5,34,9.9362,158.679,177.162,8.9503,1.7246,0.000,0.0000
7T9O_GEI,1,0,7,41,7.3470,97.912,142.547,7.4679,3.4712,0.569,0.2600
7T9O_GEI,1,1,7,41,7.2114,97.860,142.761,7.3106,3.2897,0.594,0.2457
7T9O_GEI,1,2,7,41,7.0844,97.739,142.857,7.1590,3.1227,0.682,0.2383
7T9O_GEI,1,3,7,41,6.9878,97.702,142.689,7.0367,2.9643,0.818,0.2448
7T9O_GEI,1,4,7,41,6.9208,97.733,142.311,6.9427,2.8067,0.940,0.2402
7T9O_GEI,1,5,7,41,6.8773,97.819,141.641,6.8720,2.6587,1.107,0.2387
7T9O_GEI,1,6,7,41,6.8533,97.983,140.837,6.8197,2.5181,1.238,0.2345
7T9O_GEI,1,7,7,41,6.8469,98.172,139.858,6.7843,2.3903,1.487,0.2305
7T9O_GEI,1,8,7,41,6.8657,98.500,138.720,6.7762,2.2783,1.685,0.2341
7T9O_GEI,1,9,7,41,6.8974,98.902,139.423,6.7813,2.1730,1.889,0.2380
7T9O_GEI,1,10,7,41,6.9400,99.298,141.138,6.7985,2.0754,1.949,0.2370
7T9O_GEI,1,11,7,41,6.9920,99.642,142.793,6.8270,1.9898,2.027,0.2385
7T9O_GEI,1,12,7,41,7.0473,99.909,144.267,6.8587,1.9092,2.126,0.2415
7T9O_GEI,1,13,7,41,7.1057,100.074,145.598,6.8940,1.8366,2.238,0.2451
7T9O_GEI,1,14,7,41,7.1714,100.193,146.846,6.9377,1.7770,2.020,0.2305
7T9O_GEI,1,15,7,41,7.2319,100.367,148.567,6.9859,1.7353,2.409,0.2393
7T9O_GEI,1,16,7,41,7.3008,100.538,150.149,7.0426,1.7174,2.460,0.2374
7T9O_GEI,1,17,7,41,7.3738,100.603,151.195,7.1027,1.7168,2.606,0.2543
7T9O_GEI,1,18,7,41,7.4488,100.553,151.698,7.1620,1.7439,2.587,0.2531
7T9O_GEI,1,19,7,41,7.5280,100.341,151.866,7.2254,1.7991,2.420,0.2561
7T9O_GEI,1,20,7,41,7.6136,100.167,151.925,7.2965,1.8839,2.142,0.2490
7T9O_GEI,1,21,7,41,7.6933,100.008,151.617,7.3648,1.9832,2.002,0.2483
7T9O_GEI,1,22,7,41,7.7699,99.807,150.894,7.4330,2.0996,2.091,0.2494
7T9O_GEI,1,23,7,41,7.8369,99.627,149.604,7.4943,2.2280,2.422,0.2534
7T9O_GEI,1,24,7,41,7.9081,99.466,148.280,7.5550,2.3583,0.000,0.0000
7TB0_UD1,1,0,7,39,7.0396,110.707,155.767,6.4250,2.7488,0.327,0.2028
7TB0_UD1,1,1,7,39,6.8879,110.705,155.400,6.2746,2.5884,0.293,0.1966
7TB0_UD1,1,2,7,39,6.7454,110.698,155.074,6.1326,2.4329,0.330,0.1963
7TB0_UD1,1,3,7,39,6.6048,110.665,154.628,5.9934,2.2754,0.511,0.1946
7TB0_UD1,1,4,7,39,6.4664,110.598,153.993,5.8571,2.1163,0.692,0.1906
7TB0_UD1,1,5,7,39,6.3329,110.540,153.244,5.7259,1.9588,0.893,0.1891
7TB0_UD1,1,6,7,39,6.1981,110.433,152.707,5.5960,1.8036,0.978,0.1923
7TB0_UD1,1,7,7,39,6.0540,110.316,152.725,5.4577,1.6546,1.206,0.2028
7TB0_UD1,1,8,7,39,5.8981,110.154,152.862,5.3065,1.5112,1.310,0.2148
7TB0_UD1,1,9,7,39,5.7289,110.102,153.165,5.1443,1.3791,1.342,0.2518
7TB0_UD1,1,10,7,39,5.5246,110.046,153.398,4.9467,1.2583,1.373,0.2680
7TB0_UD1,1,11,7,39,5.3081,109.928,153.559,4.7387,1.1474,1.419,0.2857
7TB0_UD1,1,12,7,39,5.0764,109.811,153.681,4.5165,1.0455,1.587,0.2898
7TB0_UD1,1,13,7,39,4.8490,109.652,153.703,4.2941,0.9540,1.764,0.2864
7TB0_UD1,1,14,7,39,4.6377,109.465,153.896,4.0853,0.8769,1.997,0.2805
7TB0_UD1,1,15,7,39,4.4465,109.302,154.231,3.8931,0.8201,2.361,0.2881
7TB0_UD1,1,16,7,39,4.2697,109.188,154.970,3.7116,0.7858,2.633,0.2875
7TB0_UD1,1,17,7,39,4.1127,109.078,156.229,3.5487,0.7636,2.873,0.2833
7TB0_UD1,1,18,7,39,3.9827,109.071,157.767,3.4104,0.7638,3.247,0.2861
7TB0_UD1,1,19,7,39,3.8806,109.116,160.044,3.3051,0.7790,3.451,0.2870
7TB0_UD1,1,20,7,39,3.8114,109.190,162.426,3.2432,0.8011,3.513,0.2750
7TB0_UD1,1,21,7,39,3.7726,109.377,164.632,3.2230,0.8255,3.844,0.2711
7TB0_UD1,1,22,7,39,3.7663,109.562,167.002,3.2380,0.8568,4.417,0.2552
7TB0_UD1,1,23,7,39,3.7937,109.781,168.960,3.2784,0.8885,4.555,0.2445
7TB0_UD1,1,24,7,39,3.8447,109.735,170.716,3.3388,0.9181,0.000,0.0000
7TH4_FFO,1,0,7,34,7.5644,87.280,118.397,5.7942,3.2184,0.365,0.1843
7TH4_FFO,1,1,7,34,7.4402,87.329,118.565,5.6843,3.1346,0.341,0.1819
7TH4_FFO,1,2,7,34,7.3200,87.314,118.641,5.5771,3.0567,0.422,0.1810
7TH4_FFO,1,3,7,34,7.1990,87.280,118.620,5.4655,2.9900,0.475,0.1832
7TH4_FFO,1,4,7,34,7.0701,87.195,118.510,5.3453,2.9313,0.605,0.1943
7TH4_FFO,1,5,7,34,6.9321,87.020,118.249,5.2161,2.8747,0.836,0.2091
7TH4_FFO,1,6,7,34,6.7852,86.712,117.721,5.0829,2.8266,1.032,0.2131
7TH4_FFO,1,7,7,34,6.6367,86.264,116.972,4.9559,2.7841,1.376,0.2315
7TH4_FFO,1,8,7,34,6.4743,85.668,115.999,4.8259,2.7392,1.541,0.2446
7TH4_FFO,1,9,7,34,6.3087,85.012,114.964,4.6976,2.6989,1.760,0.2536
7TH4_FFO,1,10,7,34,6.1367,84.249,113.935,4.5773,2.6563,1.935,0.2620
7TH4_FFO,1,11,7,34,5.9692,83.448,112.843,4.4750,2.6190,2.082,0.2653
7TH4_FFO,1,12,7,34,5.8092,82.649,111.765,4.3907,2.5884,2.232,0.2617
7TH4_FFO,1,13,7,34,5.6465,81.817,110.775,4.3214,2.5516,2.274,0.2612
7TH4_FFO,1,14,7,34,5.4949,81.132,109.778,4.2737,2.5226,2.387,0.2601
7TH4_FFO,1,15,7,34,5.3581,80.562,108.973,4.2459,2.5019,2.489,0.2595
7TH4_FFO,1,16,7,34,5.2322,80.081,107.995,4.2361,2.4841,2.614,0.2635
7TH4_FFO,1,17,7,34,5.1100,79.644,106.929,4.2384,2.4697,2.611,0.2656
7TH4_FFO,1,18,7,34,5.0097,79.411,105.845,4.2564,2.4722,2.755,0.2580
7TH4_FFO,1,19,7,34,4.9302,79.328,104.529,4.2892,2.4899,2.854,0.2569
7TH4_FFO,1,20,7,34,4.8716,79.513,103.327,4.3347,2.5229,2.830,0.2463
7TH4_FFO,1,21,7,34,4.8373,80.006,102.415,4.3929,2.5700,3.068,0.2488
7TH4_FFO,1,22,7,34,4.8205,80.756,104.779,4.4609,2.6306,3.383,0.2558
7TH4_FFO,1,23,7,34,4.8312,81.712,107.762,4.5430,2.7185,3.701,0.2724
7TH4_FFO,1,24,7,34,4.8661,82.762,110.358,4.6389,2.8233,0.000,0.0000
7THI_PGA,1,0,2,9,4.6927,150.992,157.194,3.6291,3.0518,0.136,0.1907
7THI_PGA,1,1,2,9,4.5374,150.937,157.137,3.4764,2.8713,0.141,0.1764
7THI_PGA,1,2,2,9,4.3962,150.894,157.077,3.3389,2.7056,0.187,0.1749
7THI_PGA,1,3,2,9,4.2596,150.849,156.993,3.2086,2.5414,0.242,0.1691
7THI_PGA,1,4,2,9,4.1310,150.791,156.874,3.0885,2.3844,0.323,0.1692
7THI_PGA,1,5,2,9,4.0082,150.744,156.743,2.9775,2.2275,0.472,0.1706
7THI_PGA,1,6,2,9,3.8920,150.677,156.581,2.8749,2.0724,0.518,0.1669
7THI_PGA,1,7,2,9,3.7841,150.559,156.342,2.7828,1.9220,0.733,0.1701
7THI_PGA,1,8,2,9,3.6864,150.487,156.065,2.7032,1.7734,0.746,0.1618
7THI_PGA,1,9,2,9,3.5992,150.364,155.697,2.6322,1.6368,1.085,0.1717
7THI_PGA,1,10,2,9,3.5275,150.387,155.486,2.5839,1.4941,1.384,0.1693
7THI_PGA,1,11,2,9,3.4726,150.486,155.281,2.5571,1.3584,1.688,0.1700
7THI_PGA,1,12,2,9,3.4397,150.729,155.298,2.5544,1.2285,2.360,0.1802
7THI_PGA,1,13,2,9,3.4334,151.216,155.575,2.5825,1.1009,2.823,0.1777
7THI_PGA,1,14,2,9,3.4493,151.888,155.969,2.6325,0.9842,3.079,0.1724
7THI_PGA,1,15,2,9,3.4792,152.598,156.461,2.6931,0.8803,3.359,0.1837
7THI_PGA,1,16,2,9,3.5242,153.535,157.199,2.7692,0.7764,3.770,0.1788
7THI_PGA,1,17,2,9,3.5865,154.593,158.040,2.8600,0.6903,3.599,0.1981
7THI_PGA,1,18,2,9,3.6675,155.434,158.498,2.9711,0.6182,3.595,0.1969
7THI_PGA,1,19,2,9,3.7612,156.252,158.837,3.0920,0.5776,3.461,0.2004
7THI_PGA,1,20,2,9,3.8693,156.845,158.875,3.2272,0.5696,3.201,0.1917
7THI_PGA,1,21,2,9,3.9824,157.376,158.802,3.3643,0.5883,3.317,0.1908
7THI_PGA,1,22,2,9,4.1025,157.590,158.302,3.5067,0.6271,3.135,0.1717
7THI_PGA,1,23,2,9,4.2191,157.460,157.539,3.6428,0.6661,2.556,0.1578
7THI_PGA,1,24,2,9,4.3377,157.080,157.965,3.7803,0.7073,0.000,0.0000
7TOM_5AD,1,0,2,18,5.5562,123.870,157.250,4.7572,2.9453,0.352,0.1400
7TOM_5AD,1,1,2,18,5.4561,123.994,157.424,4.6371,2.8235,0.340,0.1370
7TOM_5AD,1,2,2,18,5.3611,124.099,157.574,4.5219,2.7045,0.305,0.1370
7TOM_5AD,1,3,2,18,5.2666,124.198,157.748,4.4062,2.5870,0.285,0.1409
7TOM_5AD,1,4,2,18,5.1708,124.317,157.990,4.2877,2.4665,0.272,0.1410
7TOM_5AD,1,5,2,18,5.0792,124.437,158.280,4.1722,2.3474,0.275,0.1387
7TOM_5AD,1,6,2,18,4.9957,124.602,158.598,4.0642,2.2297,0.468,0.1359
7TOM_5AD,1,7,2,18,4.9242,124.830,158.896,3.9682,2.1128,0.937,0.1313
7TOM_5AD,1,8,2,18,4.8731,125.062,158.897,3.8935,2.0029,1.331,0.1349
7TOM_5AD,1,9,2,18,4.8401,125.362,158.754,3.8387,1.8938,2.221,0.1517
7TOM_5AD,1,10,2,18,4.8429,125.781,158.085,3.8244,1.7858,2.530,0.1539
7TOM_5AD,1,11,2,18,4.8590,126.410,157.422,3.8268,1.6792,2.944,0.1618
7TOM_5AD,1,12,2,18,4.8910,127.196,156.657,3.8499,1.5725,3.376,0.1650
7TOM_5AD,1,13,2,18,4.9368,128.263,155.848,3.8910,1.4646,3.614,0.1663
7TOM_5AD,1,14,2,18,4.9884,129.450,155.094,3.9441,1.3498,3.595,0.1639
7TOM_5AD,1,15,2,18,5.0456,130.781,154.521,4.0064,1.2431,3.536,0.1585
7TOM_5AD,1,16,2,18,5.1054,132.206,154.131,4.0739,1.1382,3.576,0.1552
7TOM_5AD,1,17,2,18,5.1685,133.814,153.922,4.1475,1.0388,3.586,0.1582
7TOM_5AD,1,18,2,18,5.2378,135.528,153.791,4.2293,0.9461,3.470,0.1539
7TOM_5AD,1,19,2,18,5.3162,137.499,154.016,4.3195,0.8664,3.545,0.1585
7TOM_5AD,1,20,2,18,5.4042,139.583,154.340,4.4218,0.8002,3.606,0.1557
7TOM_5AD,1,21,2,18,5.5027,142.072,155.299,4.5351,0.7601,3.841,0.1538
7TOM_5AD,1,22,2,18,5.6093,145.051,156.859,4.6551,0.7415,4.516,0.1493
7TOM_5AD,1,23,2,18,5.7292,148.944,159.579,4.7889,0.7465,5.064,0.1349
7TOM_5AD,1,24,2,18,5.8451,153.656,163.337,4.9163,0.7641,0.000,0.0000
7TS6_KMI,1,0,3,17,7.6929,143.028,168.543,7.4793,5.9485,0.284,0.3282
7TS6_KMI,1,1,3,17,7.4249,142.995,168.840,7.1999,5.7147,0.393,0.3203
7TS6_KMI,1,2,3,17,7.1688,142.923,169.112,6.9298,5.4890,0.588,0.3176
7TS6_KMI,1,3,3,17,6.9197,142.715,169.437,6.6670,5.2699,0.705,0.3167
7TS6_KMI,1,4,3,17,6.6801,142.407,169.826,6.4146,5.0589,0.955,0.3055
7TS6_KMI,1,5,3,17,6.4501,141.836,170.255,6.1704,4.8526,1.224,0.2799
7TS6_KMI,1,6,3,17,6.2420,141.116,170.739,5.9495,4.6675,1.534,0.2457
7TS6_KMI,1,7,3,17,6.0500,140.198,171.211,5.7451,4.4945,1.830,0.2274
7TS6_KMI,1,8,3,17,5.8645,139.183,171.683,5.5464,4.3219,2.170,0.2245
7TS6_KMI,1,9,3,17,5.6864,137.860,172.203,5.3563,4.1597,2.693,0.2111
7TS6_KMI,1,10,3,17,5.5225,136.401,172.782,5.1819,4.0161,3.137,0.2014
7TS6_KMI,1,11,3,17,5.3675,134.763,173.307,5.0174,3.8837,3.487,0.1939
7TS6_KMI,1,12,3,17,5.2166,133.001,173.851,4.8565,3.7561,3.864,0.2010
7TS6_KMI,1,13,3,17,5.0602,131.093,174.302,4.6870,3.6165,4.122,0.1976
7TS6_KMI,1,14,3,17,4.9045,129.156,174.609,4.5170,3.4764,4.328,0.1900
7TS6_KMI,1,15,3,17,4.7582,127.245,174.769,4.3568,3.3404,4.497,0.1873
7TS6_KMI,1,16,3,17,4.6167,125.398,174.782,4.1996,3.2035,4.566,0.1781
7TS6_KMI,1,17,3,17,4.4833,123.596,174.677,4.0507,3.0737,4.594,0.1780
7TS6_KMI,1,18,3,17,4.3574,121.704,174.333,3.9089,2.9423,4.587,0.1602
7TS6_KMI,1,19,3,17,4.2476,119.708,173.705,3.7867,2.8325,4.499,0.1558
7TS6_KMI,1,20,3,17,4.1427,117.702,173.106,3.6679,2.7233,4.279,0.1481
7TS6_KMI,1,21,3,17,4.0531,115.669,172.395,3.5664,2.6279,4.288,0.1496
7TS6_KMI,1,22,3,17,3.9760,113.431,171.753,3.4787,2.5420,3.998,0.1626
7TS6_KMI,1,23,3,17,3.9119,111.315,171.359,3.4044,2.4624,3.506,0.1881
7TS6_KMI,1,24,3,17,3.8685,109.540,171.116,3.3508,2.3870,0.000,0.0000
7TSF_H4B,1,0,3,17,4.7446,113.225,153.008,3.8028,3.1587,0.409,0.1685
7TSF_H4B,1,1,3,17,4.6119,113.377,152.973,3.6600,3.0423,0.400,0.1619
7TSF_H4B,1,2,3,17,4.4879,113.527,152.922,3.5228,2.9345,0.580,0.1614
7TSF_H4B,1,3,3,17,4.3701,113.577,152.737,3.3871,2.8342,0.762,0.1611
7TSF_H4B,1,4,3,17,4.2548,113.548,152.486,3.2546,2.7356,0.878,0.1633
7TSF_H4B,1,5,3,17,4.1391,113.451,152.121,3.1282,2.6315,0.977,0.1681
7TSF_H4B,1,6,3,17,4.0227,113.262,151.672,3.0050,2.5287,0.929,0.1698
7TSF_H4B,1,7,3,17,3.9128,113.090,151.287,2.8907,2.4347,1.056,0.1765
7TSF_H4B,1,8,3,17,3.7899,112.802,150.762,2.7748,2.3335,1.041,0.1798
7TSF_H4B,1,9,3,17,3.6744,112.446,150.209,2.6710,2.2371,1.168,0.1880
7TSF_H4B,1,10,3,17,3.5473,111.892,149.551,2.5666,2.1386,1.201,0.1876
7TSF_H4B,1,11,3,17,3.4051,111.351,148.833,2.4605,2.0274,1.386,0.1938
7TSF_H4B,1,12,3,17,3.2651,110.732,148.004,2.3686,1.9134,2.023,0.1876
7TSF_H4B,1,13,3,17,3.1149,109.802,147.031,2.2692,1.8041,2.350,0.1896
7TSF_H4B,1,14,3,17,2.9515,108.808,146.082,2.1587,1.6906,2.666,0.1902
7TSF_H4B,1,15,3,17,2.7918,107.626,145.270,2.0508,1.5879,2.860,0.1878
7TSF_H4B,1,16,3,17,2.6350,106.465,144.594,1.9443,1.4933,3.115,0.1886
7TSF_H4B,1,17,3,17,2.4874,105.231,144.040,1.8378,1.4168,3.304,0.1849
7TSF_H4B,1,18,3,17,2.3527,103.846,143.675,1.7417,1.3607,3.530,0.1790
7TSF_H4B,1,19,3,17,2.2104,102.353,143.421,1.6391,1.2940,3.935,0.1813
7TSF_H4B,1,20,3,17,2.0719,100.578,143.115,1.5367,1.2380,4.468,0.1731
7TSF_H4B,1,21,3,17,1.9412,98.483,142.751,1.4455,1.1868,5.075,0.1774
7TSF_H4B,1,22,3,17,1.8130,96.148,142.422,1.3604,1.1357,5.258,0.1689
7TSF_H4B,1,23,3,17,1.7098,94.066,142.261,1.3052,1.0901,5.256,0.1734
7TSF_H4B,1,24,3,17,1.6494,92.985,142.263,1.2813,1.0580,0.000,0.0000
7TUO_KL9,1,0,5,30,7.0870,162.523,178.119,5.9948,0.8411,0.954,0.1690
7TUO_KL9,1,1,5,30,7.0013,162.454,178.254,5.8625,0.8266,0.981,0.1625
7TUO_KL9,1,2,5,30,6.9176,162.398,178.406,5.7342,0.8106,1.238,0.1640
7TUO_KL9,1,3,5,30,6.8285,162.360,178.567,5.5996,0.7977,1.814,0.1731
7TUO_KL9,1,4,5,30,6.7215,162.379,178.746,5.4466,0.7912,2.463,0.1888
7TUO_KL9,1,5,5,30,6.5920,162.495,178.958,5.2733,0.7831,3.219,0.2061
7TUO_KL9,1,6,5,30,6.4435,162.792,179.199,5.0835,0.7700,3.595,0.2249
7TUO_KL9,1,7,5,30,6.2697,163.244,179.606,4.8745,0.7541,4.180,0.2560
7TUO_KL9,1,8,5,30,6.0634,163.633,179.660,4.6400,0.7203,4.277,0.2706
7TUO_KL9,1,9,5,30,5.8396,163.761,178.421,4.3889,0.6837,4.193,0.2852
7TUO_KL9,1,10,5,30,5.6014,163.793,177.017,4.1241,0.6371,4.090,0.2959
7TUO_KL9,1,11,5,30,5.3565,163.757,175.436,3.8499,0.5857,4.070,0.2935
7TUO_KL9,1,12,5,30,5.1193,163.863,173.855,3.5802,0.5395,4.161,0.2835
7TUO_KL9,1,13,5,30,4.9017,163.975,172.097,3.3258,0.4963,4.239,0.2809
7TUO_KL9,1,14,5,30,4.6996,164.084,170.055,3.0846,0.4581,4.458,0.2773
7TUO_KL9,1,15,5,30,4.5164,164.234,167.876,2.8601,0.4294,4.586,0.2764
7TUO_KL9,1,16,5,30,4.3421,164.436,168.828,2.6544,0.4054,4.832,0.2701
7TUO_KL9,1,17,5,30,4.1895,164.419,169.209,2.4831,0.3853,4.828,0.2706
7TUO_KL9,1,18,5,30,4.0483,164.299,169.051,2.3344,0.3695,4.954,0.2637
7TUO_KL9,1,19,5,30,3.9267,163.814,170.168,2.2140,0.3599,4.963,0.2606
7TUO_KL9,1,20,5,30,3.8222,163.150,172.992,2.1183,0.3539,5.019,0.2492
7TUO_KL9,1,21,5,30,3.7364,162.068,175.321,2.0504,0.3496,5.081,0.2353
7TUO_KL9,1,22,5,30,3.6698,160.628,177.180,2.0123,0.3518,5.103,0.2219
7TUO_KL9,1,23,5,30,3.6252,158.816,178.259,2.0028,0.3650,5.014,0.2065
7TUO_KL9,1,24,5,30,3.6111,156.908,178.544,2.0229,0.3882,0.000,0.0000
7TWC_CXS,1,0,3,14,4.7476,102.423,152.014,4.2576,2.6590,0.398,0.1829
7TWC_CXS,1,1,3,14,4.6724,102.600,152.515,4.1683,2.5908,0.287,0.1738
7TWC_CXS,1,2,3,14,4.5991,102.751,152.876,4.0923,2.5276,0.409,0.1708
7TWC_CXS,1,3,3,14,4.5366,102.778,153.198,4.0332,2.4683,0.637,0.1655
7TWC_CXS,1,4,3,14,4.4865,102.639,153.506,3.9946,2.4175,0.771,0.1585
7TWC_CXS,1,5,3,14,4.4383,102.465,153.840,3.9630,2.3729,0.922,0.1606
7TWC_CXS,1,6,3,14,4.3910,102.305,154.271,3.9400,2.3264,1.283,0.1636
7TWC_CXS,1,7,3,14,4.3381,102.086,154.882,3.9136,2.2808,1.651,0.1738
7TWC_CXS,1,8,3,14,4.2903,101.786,155.614,3.8996,2.2457,1.634,0.1740
7TWC_CXS,1,9,3,14,4.2525,101.473,156.319,3.8914,2.2171,1.727,0.1782
7TWC_CXS,1,10,3,14,4.2356,101.346,157.222,3.9012,2.2155,1.930,0.1779
7TWC_CXS,1,11,3,14,4.2289,101.220,158.267,3.9206,2.2321,1.795,0.1802
7TWC_CXS,1,12,3,14,4.2352,101.160,159.284,3.9477,2.2579,1.910,0.1819
7TWC_CXS,1,13,3,14,4.2646,101.441,160.750,3.9948,2.3067,1.858,0.1869
7TWC_CXS,1,14,3,14,4.3168,101.852,162.325,4.0574,2.3744,1.744,0.1885
7TWC_CXS,1,15,3,14,4.3877,102.462,164.032,4.1304,2.4553,1.618,0.1890
7TWC_CXS,1,16,3,14,4.4871,103.220,165.891,4.2252,2.5587,1.589,0.1947
7TWC_CXS,1,17,3,14,4.6158,103.961,167.739,4.3438,2.6964,1.530,0.1925
7TWC_CXS,1,18,3,14,4.7330,104.493,169.271,4.4417,2.8521,1.358,0.1866
7TWC_CXS,1,19,3,14,4.8615,105.088,170.875,4.5479,2.9854,1.248,0.2076
7TWC_CXS,1,20,3,14,5.0258,105.838,172.554,4.6792,3.1433,1.013,0.2150
7TWC_CXS,1,21,3,14,5.2137,106.544,173.891,4.8195,3.3117,1.094,0.2244
7TWC_CXS,1,22,3,14,5.4298,107.327,175.165,4.9779,3.5067,1.266,0.2139
7TWC_CXS,1,23,3,14,5.6442,108.170,176.517,5.1268,3.6853,1.558,0.1988
7TWC_CXS,1,24,3,14,5.8402,108.892,178.019,5.2635,3.8446,0.000,0.0000
7TXK_LW8,1,0,3,15,6.7132,135.650,167.974,6.3288,3.2304,0.342,0.2635
7TXK_LW8,1,1,3,15,6.4849,135.882,168.100,6.0842,3.0823,0.219,0.2525
7TXK_LW8,1,2,3,15,6.2659,136.041,168.252,5.8506,2.9465,0.296,0.2577
7TXK_LW8,1,3,3,15,6.0443,136.206,168.524,5.6130,2.8101,0.294,0.2619
7TXK_LW8,1,4,3,15,5.8202,136.294,168.680,5.3711,2.6726,0.323,0.2577
7TXK_LW8,1,5,3,15,5.5983,136.280,168.731,5.1318,2.5372,0.485,0.2684
7TXK_LW8,1,6,3,15,5.3691,136.135,168.730,4.8836,2.3924,0.737,0.2626
7TXK_LW8,1,7,3,15,5.1446,135.858,168.616,4.6403,2.2576,0.930,0.2706
7TXK_LW8,1,8,3,15,4.9118,135.556,168.405,4.3880,2.1199,1.179,0.2690
7TXK_LW8,1,9,3,15,4.6802,135.222,167.860,4.1369,1.9921,1.470,0.2696
7TXK_LW8,1,10,3,15,4.4513,134.772,166.806,3.8894,1.8677,1.769,0.2704
7TXK_LW8,1,11,3,15,4.2136,134.200,165.616,3.6355,1.7490,2.220,0.2737
7TXK_LW8,1,12,3,15,3.9686,133.477,163.912,3.3786,1.6369,2.438,0.2775
7TXK_LW8,1,13,3,15,3.7149,132.595,161.891,3.1158,1.5242,2.519,0.2731
7TXK_LW8,1,14,3,15,3.4680,131.668,159.779,2.8606,1.4099,2.698,0.2726
7TXK_LW8,1,15,3,15,3.2238,130.528,157.268,2.6046,1.3046,2.579,0.2724
7TXK_LW8,1,16,3,15,2.9818,129.469,154.853,2.3528,1.1989,2.696,0.2580
7TXK_LW8,1,17,3,15,2.7519,128.566,152.660,2.1084,1.0976,2.745,0.2479
7TXK_LW8,1,18,3,15,2.5378,127.776,150.732,1.8728,0.9947,2.830,0.2456
7TXK_LW8,1,19,3,15,2.3395,127.181,149.200,1.6470,0.8867,2.924,0.2457
7TXK_LW8,1,20,3,15,2.1603,126.823,148.356,1.4288,0.7848,3.089,0.2293
7TXK_LW8,1,21,3,15,2.0149,126.260,147.441,1.2327,0.7013,3.352,0.2304
7TXK_LW8,1,22,3,15,1.8947,125.367,146.264,1.0477,0.6291,3.581,0.2226
7TXK_LW8,1,23,3,15,1.8197,124.172,144.568,0.9065,0.5957,3.316,0.2139
7TXK_LW8,1,24,3,15,1.7907,122.867,142.489,0.8454,0.5947,0.000,0.0000
7U0U_FK5,1,0,7,57,8.4071,138.205,174.257,5.9190,3.3586,0.192,0.1882
7U0U_FK5,1,1,7,57,8.3063,138.222,174.238,5.8487,3.1840,0.187,0.1783
7U0U_FK5,1,2,7,57,8.2155,138.195,174.216,5.7880,3.0211,0.264,0.1712
7U0U_FK5,1,3,7,57,8.1329,138.171,174.179,5.7354,2.8684,0.412,0.1715
7U0U_FK5,1,4,7,57,8.0561,138.177,174.108,5.6912,2.7214,0.607,0.1714
7U0U_FK5,1,5,7,57,7.9864,138.294,173.984,5.6603,2.5795,0.775,0.1656
7U0U_FK5,1,6,7,57,7.9250,138.557,173.859,5.6413,2.4457,0.879,0.1693
7U0U_FK5,1,7,7,57,7.8739,138.934,174.195,5.6387,2.3190,1.148,0.1793
7U0U_FK5,1,8,7,57,7.8333,139.590,175.739,5.6551,2.1975,1.431,0.1886
7U0U_FK5,1,9,7,57,7.8033,140.458,177.622,5.6863,2.0868,1.732,0.1996
7U0U_FK5,1,10,7,57,7.7804,141.526,179.973,5.7304,1.9822,1.969,0.2164
7U0U_FK5,1,11,7,57,7.7710,140.967,177.105,5.8023,1.8781,2.325,0.2291
7U0U_FK5,1,12,7,57,7.7722,140.279,173.578,5.8965,1.7807,2.553,0.2402
7U0U_FK5,1,13,7,57,7.7837,139.369,172.044,6.0114,1.6919,2.967,0.2651
7U0U_FK5,1,14,7,57,7.8074,138.254,171.863,6.1577,1.6114,3.204,0.2744
7U0U_FK5,1,15,7,57,7.8402,136.954,171.702,6.3198,1.5446,3.385,0.2760
7U0U_FK5,1,16,7,57,7.8832,135.446,171.591,6.4959,1.4954,3.629,0.2781
7U0U_FK5,1,17,7,57,7.9288,133.683,171.494,6.6815,1.4421,3.873,0.2738
7U0U_FK5,1,18,7,57,7.9802,131.802,171.453,6.8728,1.3918,4.122,0.2691
7U0U_FK5,1,19,7,57,8.0361,129.777,171.418,7.0673,1.3607,4.224,0.2712
7U0U_FK5,1,20,7,57,8.0966,127.688,171.470,7.2696,1.3316,4.329,0.2690
7U0U_FK5,1,21,7,57,8.1602,125.863,171.694,7.4731,1.3301,4.485,0.2784
7U0U_FK5,1,22,7,57,8.2293,124.017,171.781,7.6852,1.3441,4.434,0.2775
7U0U_FK5,1,23,7,57,8.3029,122.350,171.592,7.8941,1.3691,3.941,0.2851
7U0U_FK5,1,24,7,57,8.3848,121.053,170.848,8.1075,1.4205,0.000,0.0000
7U3J_L6U,1,0,11,38,8.0514,123.599,172.548,6.5288,4.0750,0.614,0.2329
7U3J_L6U,1,1,11,38,7.8408,123.356,172.733,6.3807,3.8897,0.616,0.2276
7U3J_L6U,1,2,11,38,7.6372,123.116,172.879,6.2409,3.7057,0.839,0.2229
7U3J_L6U,1,3,11,38,7.4369,122.809,172.916,6.1014,3.5276,1.206,0.2193
7U3J_L6U,1,4,11,38,7.2323,122.438,172.734,5.9527,3.3548,1.463,0.2152
7U3J_L6U,1,5,11,38,7.0272,121.949,172.225,5.7981,3.1847,1.814,0.2128
7U3J_L6U,1,6,11,38,6.8282,121.263,171.648,5.6457,3.0183,2.089,0.2090
7U3J_L6U,1,7,11,38,6.6325,120.418,171.160,5.4915,2.8599,2.363,0.2165
7U3J_L6U,1,8,11,38,6.4280,119.534,170.701,5.3258,2.7110,2.444,0.2227
7U3J_L6U,1,9,11,38,6.2222,118.691,170.183,5.1521,2.5689,2.571,0.2306
7U3J_L6U,1,10,11,38,6.0121,117.698,169.812,4.9729,2.4276,2.895,0.2428
7U3J_L6U,1,11,11,38,5.7966,116.540,169.243,4.7850,2.2866,3.191,0.2544
7U3J_L6U,1,12,11,38,5.5775,115.189,168.490,4.5887,2.1486,3.242,0.2541
7U3J_L6U,1,13,11,38,5.3702,113.889,167.642,4.3952,2.0238,3.279,0.2594
7U3J_L6U,1,14,11,38,5.1690,112.971,167.240,4.1991,1.9050,3.487,0.2586
7U3J_L6U,1,15,11,38,4.9909,112.491,167.090,4.0113,1.8064,3.909,0.2619
7U3J_L6U,1,16,11,38,4.8348,112.638,167.356,3.8322,1.7184,4.009,0.2737
7U3J_L6U,1,17,11,38,4.6915,112.990,167.891,3.6565,1.6420,3.981,0.2787
7U3J_L6U,1,18,11,38,4.5658,113.450,168.574,3.4910,1.5813,4.131,0.2750
7U3J_L6U,1,19,11,38,4.4632,114.094,169.530,3.3472,1.5239,4.041,0.2736
7U3J_L6U,1,20,11,38,4.3849,114.837,170.551,3.2248,1.4782,3.845,0.2660
7U3J_L6U,1,21,11,38,4.3449,115.709,171.545,3.1337,1.4550,3.550,0.2619
7U3J_L6U,1,22,11,38,4.3376,116.562,172.717,3.0724,1.4412,3.152,0.2591
7U3J_L6U,1,23,11,38,4.3532,117.342,173.697,3.0314,1.4440,2.825,0.2470
7U3J_L6U,1,24,11,38,4.3822,118.037,174.616,3.0138,1.4431,0.000,0.0000
7UAS_MBU,1,0,7,40,7.8834,121.032,160.198,6.9544,3.4720,0.419,0.2280
7UAS_MBU,1,1,7,40,7.6907,121.078,160.650,6.7760,3.3068,0.497,0.2238
7UAS_MBU,1,2,7,40,7.5048,121.088,161.203,6.6031,3.1411,0.745,0.2141
7UAS_MBU,1,3,7,40,7.3270,120.945,161.727,6.4394,2.9757,0.937,0.2059
7UAS_MBU,1,4,7,40,7.1588,120.722,162.184,6.2874,2.8140,1.024,0.2070
7UAS_MBU,1,5,7,40,7.0001,120.503,162.458,6.1439,2.6470,1.260,0.2125
7UAS_MBU,1,6,7,40,6.8533,120.241,162.618,6.0119,2.4716,1.545,0.2110
7UAS_MBU,1,7,7,40,6.7270,119.928,162.510,5.9046,2.2998,1.818,0.2143
7UAS_MBU,1,8,7,40,6.6178,119.571,162.179,5.8109,2.1313,2.072,0.2217
7UAS_MBU,1,9,7,40,6.5194,119.162,161.625,5.7262,1.9660,2.480,0.2280
7UAS_MBU,1,10,7,40,6.4353,118.656,160.486,5.6521,1.8052,2.726,0.2339
7UAS_MBU,1,11,7,40,6.3591,118.085,159.034,5.5830,1.6429,2.845,0.2375
7UAS_MBU,1,12,7,40,6.2940,117.402,157.079,5.5203,1.4778,2.832,0.2379
7UAS_MBU,1,13,7,40,6.2414,116.578,154.759,5.4659,1.3173,2.935,0.2406
7UAS_MBU,1,14,7,40,6.2028,115.698,152.330,5.4211,1.1629,2.881,0.2370
7UAS_MBU,1,15,7,40,6.1726,114.756,149.920,5.3773,1.0100,3.003,0.2392
7UAS_MBU,1,16,7,40,6.1558,113.718,147.484,5.3413,0.8605,2.944,0.2309
7UAS_MBU,1,17,7,40,6.1473,112.688,145.200,5.3090,0.7212,2.832,0.2287
7UAS_MBU,1,18,7,40,6.1464,111.680,143.052,5.2748,0.5866,2.875,0.2281
7UAS_MBU,1,19,7,40,6.1540,110.687,141.033,5.2456,0.4643,2.778,0.2225
7UAS_MBU,1,20,7,40,6.1639,109.611,138.843,5.2172,0.3745,2.633,0.2134
7UAS_MBU,1,21,7,40,6.1730,108.525,137.337,5.1895,0.3304,2.547,0.2111
7UAS_MBU,1,22,7,40,6.1823,107.418,136.452,5.1700,0.3386,2.268,0.2135
7UAS_MBU,1,23,7,40,6.1931,106.446,136.702,5.1601,0.3931,2.188,0.2208
7UAS_MBU,1,24,7,40,6.2081,105.767,136.379,5.1600,0.4787,0.000,0.0000
7UAW_MF6,1,0,2,35,7.7885,129.241,150.493,5.5576,4.3943,0.257,0.2339
7UAW_MF6,1,1,2,35,7.5805,129.350,150.704,5.3590,4.2142,0.316,0.2182
7UAW_MF6,1,2,2,35,7.3932,129.473,150.886,5.1771,4.0525,0.302,0.2142
7UAW_MF6,1,3,2,35,7.2118,129.611,151.111,4.9992,3.8907,0.325,0.2155
7UAW_MF6,1,4,2,35,7.0347,129.812,151.388,4.8206,3.7267,0.441,0.2103
7UAW_MF6,1,5,2,35,6.8673,130.094,151.692,4.6468,3.5654,0.566,0.2009
7UAW_MF6,1,6,2,35,6.7112,130.472,152.140,4.4791,3.4094,0.824,0.1949
7UAW_MF6,1,7,2,35,6.5663,130.967,152.647,4.3149,3.2590,1.068,0.1856
7UAW_MF6,1,8,2,35,6.4284,131.593,153.347,4.1524,3.1056,1.261,0.1750
7UAW_MF6,1,9,2,35,6.3040,132.300,154.105,3.9984,2.9573,1.391,0.1798
7UAW_MF6,1,10,2,35,6.1854,133.161,155.080,3.8384,2.8108,1.681,0.1895
7UAW_MF6,1,11,2,35,6.0714,134.260,156.373,3.6708,2.6645,2.037,0.1755
7UAW_MF6,1,12,2,35,5.9706,135.199,157.254,3.5192,2.5163,2.582,0.1675
7UAW_MF6,1,13,2,35,5.8841,135.994,157.708,3.3786,2.3691,3.238,0.1683
7UAW_MF6,1,14,2,35,5.8064,136.624,157.866,3.2420,2.2334,3.514,0.1630
7UAW_MF6,1,15,2,35,5.7428,137.297,158.097,3.1198,2.1167,4.237,0.1659
7UAW_MF6,1,16,2,35,5.6926,137.726,157.863,3.0198,2.0106,4.984,0.1678
7UAW_MF6,1,17,2,35,5.6538,137.920,157.248,2.9524,1.9219,5.437,0.1661
7UAW_MF6,1,18,2,35,5.6289,137.892,156.179,2.9217,1.8445,5.754,0.1606
7UAW_MF6,1,19,2,35,5.6102,137.759,155.074,2.9187,1.7962,5.739,0.1501
7UAW_MF6,1,20,2,35,5.5972,137.667,154.053,2.9360,1.7577,5.686,0.1249
7UAW_MF6,1,21,2,35,5.5881,137.514,153.001,2.9622,1.7398,5.426,0.1053
7UAW_MF6,1,22,2,35,5.5773,137.358,151.970,2.9818,1.7355,5.378,0.0766
7UAW_MF6,1,23,2,35,5.5684,137.132,150.748,2.9959,1.7478,5.032,0.0656
7UAW_MF6,1,24,2,35,5.5637,136.710,149.206,3.0052,1.7777,0.000,0.0000
7UEY_N0R,1,0,6,27,7.8489,124.877,174.844,7.5848,4.2915,0.580,0.2966
7UEY_N0R,1,1,6,27,7.6533,124.785,174.538,7.3976,4.0980,0.575,0.3003
7UEY_N0R,1,2,6,27,7.4717,124.770,174.342,7.2212,3.9147,0.656,0.2971
7UEY_N0R,1,3,6,27,7.3043,124.772,174.114,7.0555,3.7455,0.864,0.3041
7UEY_N0R,1,4,6,27,7.1453,124.929,173.979,6.8975,3.5786,0.924,0.3025
7UEY_N0R,1,5,6,27,7.0050,125.243,174.232,6.7567,3.4307,1.221,0.2951
7UEY_N0R,1,6,6,27,6.8745,125.835,174.869,6.6255,3.2865,1.300,0.2799
7UEY_N0R,1,7,6,27,6.7471,126.692,175.791,6.4938,3.1449,1.532,0.2675
7UEY_N0R,1,8,6,27,6.6270,127.744,177.188,6.3659,3.0164,1.894,0.2652
7UEY_N0R,1,9,6,27,6.5100,129.055,178.852,6.2420,2.8893,2.297,0.2572
7UEY_N0R,1,10,6,27,6.3889,130.196,179.539,6.1135,2.7674,2.612,0.2640
7UEY_N0R,1,11,6,27,6.2551,130.684,177.456,5.9760,2.6280,2.907,0.2683
7UEY_N0R,1,12,6,27,6.1123,131.385,177.798,5.8337,2.4958,3.213,0.2646
7UEY_N0R,1,13,6,27,5.9725,131.562,178.618,5.6970,2.3571,3.711,0.2641
7UEY_N0R,1,14,6,27,5.8397,130.684,174.567,5.5635,2.2146,3.980,0.2574
7UEY_N0R,1,15,6,27,5.7292,129.695,170.386,5.4526,2.0814,4.358,0.2582
7UEY_N0R,1,16,6,27,5.6338,128.839,168.837,5.3583,1.9504,4.671,0.2512
7UEY_N0R,1,17,6,27,5.5521,128.150,167.411,5.2784,1.8295,4.831,0.2571
7UEY_N0R,1,18,6,27,5.4946,127.646,165.848,5.2223,1.7214,5.237,0.2445
7UEY_N0R,1,19,6,27,5.4590,127.373,164.481,5.1926,1.6423,5.381,0.2432
7UEY_N0R,1,20,6,27,5.4403,127.359,163.027,5.1883,1.5846,5.271,0.2406
7UEY_N0R,1,21,6,27,5.4345,127.358,165.676,5.2068,1.5571,5.482,0.2482
7UEY_N0R,1,22,6,27,5.4452,127.409,170.843,5.2544,1.5535,5.288,0.2549
7UEY_N0R,1,23,6,27,5.4818,127.500,176.238,5.3347,1.5786,4.844,0.2556
7UEY_N0R,1,24,6,27,5.5412,126.886,178.919,5.4513,1.6260,0.000,0.0000
7UF2_5SP,1,0,5,14,6.1307,128.622,157.948,6.0183,3.4837,0.274,0.2280
7UF2_5SP,1,1,5,14,5.9245,128.805,157.979,5.8165,3.3149,0.225,0.2276
7UF2_5SP,1,2,5,14,5.7237,128.917,157.956,5.6190,3.1432,0.340,0.2206
7UF2_5SP,1,3,5,14,5.5310,129.023,157.835,5.4288,2.9760,0.407,0.2148
7UF2_5SP,1,4,5,14,5.3429,129.102,157.631,5.2425,2.8192,0.444,0.2138
7UF2_5SP,1,5,5,14,5.1572,129.190,157.440,5.0574,2.6645,0.577,0.2133
7UF2_5SP,1,6,5,14,4.9734,129.363,157.234,4.8732,2.5075,0.621,0.2120
7UF2_5SP,1,7,5,14,4.7947,129.565,156.985,4.6917,2.3498,0.609,0.2107
7UF2_5SP,1,8,5,14,4.6158,129.830,156.814,4.5055,2.1985,0.856,0.2082
7UF2_5SP,1,9,5,14,4.4382,130.271,156.617,4.3175,2.0556,0.899,0.2016
7UF2_5SP,1,10,5,14,4.2693,130.819,156.425,4.1376,1.9194,0.943,0.1989
7UF2_5SP,1,11,5,14,4.1018,131.252,156.222,3.9574,1.7957,1.129,0.1988
7UF2_5SP,1,12,5,14,3.9369,131.837,156.102,3.7773,1.6795,1.296,0.1971
7UF2_5SP,1,13,5,14,3.7777,132.578,156.092,3.6013,1.5680,1.692,0.2053
7UF2_5SP,1,14,5,14,3.6149,133.446,156.019,3.4190,1.4614,1.988,0.2055
7UF2_5SP,1,15,5,14,3.4560,134.482,155.955,3.2401,1.3540,2.345,0.2041
7UF2_5SP,1,16,5,14,3.3055,135.755,156.107,3.0691,1.2563,2.420,0.2057
7UF2_5SP,1,17,5,14,3.1607,136.782,155.982,2.9037,1.1652,2.677,0.2073
7UF2_5SP,1,18,5,14,3.0317,138.022,156.077,2.7556,1.0788,2.997,0.1960
7UF2_5SP,1,19,5,14,2.9172,139.265,156.088,2.6236,0.9996,3.282,0.1959
7UF2_5SP,1,20,5,14,2.8122,140.443,155.775,2.5013,0.9312,2.881,0.1989
7UF2_5SP,1,21,5,14,2.7184,141.778,155.443,2.3898,0.8711,2.718,0.2167
7UF2_5SP,1,22,5,14,2.6453,143.302,155.151,2.2997,0.8152,3.260,0.2332
7UF2_5SP,1,23,5,14,2.6189,145.397,154.627,2.2612,0.7704,4.516,0.2580
7UF2_5SP,1,24,5,14,2.6552,148.240,153.649,2.2908,0.7386,0.000,0.0000
7UJ5_DGL,1,0,3,10,3.9577,102.639,155.626,2.9871,2.7489,0.132,0.1384
7UJ5_DGL,1,1,3,10,3.8444,102.667,155.590,2.8873,2.6145,0.141,0.1311
7UJ5_DGL,1,2,3,10,3.7394,102.682,155.543,2.7939,2.4874,0.162,0.1317
7UJ5_DGL,1,3,3,10,3.6356,102.688,155.471,2.7003,2.3598,0.182,0.1266
7UJ5_DGL,1,4,3,10,3.5348,102.646,155.346,2.6066,2.2378,0.258,0.1228
7UJ5_DGL,1,5,3,10,3.4353,102.574,155.199,2.5117,2.1201,0.364,0.1236
7UJ5_DGL,1,6,3,10,3.3364,102.468,155.015,2.4157,2.0028,0.434,0.1199
7UJ5_DGL,1,7,3,10,3.2416,102.303,154.797,2.3223,1.8906,0.645,0.1181
7UJ5_DGL,1,8,3,10,3.1479,102.049,154.495,2.2268,1.7861,0.769,0.1191
7UJ5_DGL,1,9,3,10,3.0552,101.684,154.102,2.1297,1.6857,0.988,0.1233
7UJ5_DGL,1,10,3,10,2.9609,101.220,153.636,2.0288,1.5894,1.091,0.1254
7UJ5_DGL,1,11,3,10,2.8671,100.636,153.009,1.9270,1.4983,1.156,0.1292
7UJ5_DGL,1,12,3,10,2.7736,100.000,152.406,1.8241,1.4073,1.376,0.1335
7UJ5_DGL,1,13,3,10,2.6822,99.246,151.772,1.7216,1.3191,1.551,0.1351
7UJ5_DGL,1,14,3,10,2.5920,98.392,151.127,1.6205,1.2287,1.707,0.1356
7UJ5_DGL,1,15,3,10,2.5082,97.491,150.525,1.5232,1.1409,1.806,0.1384
7UJ5_DGL,1,16,3,10,2.4218,96.504,150.035,1.4254,1.0456,1.917,0.1384
7UJ5_DGL,1,17,3,10,2.3441,95.447,149.524,1.3357,0.9591,1.855,0.1500
7UJ5_DGL,1,18,3,10,2.2671,94.523,149.143,1.2437,0.8710,2.058,0.1540
7UJ5_DGL,1,19,3,10,2.2011,93.603,148.943,1.1647,0.7837,2.138,0.1573
7UJ5_DGL,1,20,3,10,2.1446,92.626,148.712,1.0942,0.7045,2.101,0.1623
7UJ5_DGL,1,21,3,10,2.1141,91.844,148.729,1.0570,0.6387,2.094,0.1677
7UJ5_DGL,1,22,3,10,2.1051,91.246,149.097,1.0534,0.5861,2.247,0.1797
7UJ5_DGL,1,23,3,10,2.1386,90.885,149.516,1.1119,0.5605,2.509,0.1833
7UJ5_DGL,1,24,3,10,2.2072,90.810,149.862,1.2173,0.5573,0.000,0.0000
7USH_82V,1,0,3,26,6.0945,112.185,154.942,5.6087,1.4756,0.644,0.1885
7USH_82V,1,1,3,26,5.9648,112.095,154.047,5.4723,1.4032,0.610,0.1816
7USH_82V,1,2,3,26,5.8416,111.938,153.092,5.3429,1.3337,0.775,0.1836
7USH_82V,1,3,3,26,5.7240,111.802,152.059,5.2181,1.2647,1.014,0.1902
7USH_82V,1,4,3,26,5.6091,111.676,150.897,5.0958,1.1906,1.143,0.1924
7USH_82V,1,5,3,26,5.5009,111.543,149.646,4.9797,1.1159,1.333,0.1950
7USH_82V,1,6,3,26,5.4073,111.504,148.483,4.8799,1.0342,1.591,0.1901
7USH_82V,1,7,3,26,5.3305,111.514,147.247,4.7969,0.9640,2.076,0.2026
7USH_82V,1,8,3,26,5.2696,111.608,145.905,4.7307,0.8899,2.567,0.2112
7USH_82V,1,9,3,26,5.2289,111.813,144.306,4.6841,0.8191,3.337,0.2401
7USH_82V,1,10,3,26,5.2283,112.284,142.564,4.6753,0.7549,4.013,0.2676
7USH_82V,1,11,3,26,5.2592,113.072,141.056,4.6988,0.6787,4.565,0.2811
7USH_82V,1,12,3,26,5.3249,114.362,140.198,4.7562,0.6007,5.002,0.2964
7USH_82V,1,13,3,26,5.4285,116.176,140.007,4.8522,0.5215,5.439,0.2996
7USH_82V,1,14,3,26,5.5638,118.671,140.934,4.9794,0.4496,5.537,0.2817
7USH_82V,1,15,3,26,5.7092,121.436,142.427,5.1170,0.3979,5.556,0.2747
7USH_82V,1,16,3,26,5.8683,124.410,144.442,5.2684,0.3795,5.565,0.2676
7USH_82V,1,17,3,26,6.0341,127.507,146.643,5.4263,0.4049,5.790,0.2720
7USH_82V,1,18,3,26,6.2119,130.537,148.755,5.5960,0.4863,5.793,0.2664
7USH_82V,1,19,3,26,6.3989,133.833,151.208,5.7731,0.6030,5.989,0.2757
7USH_82V,1,20,3,26,6.5990,137.110,153.666,5.9650,0.7440,5.910,0.2713
7USH_82V,1,21,3,26,6.7955,140.237,156.363,6.1561,0.8971,5.693,0.2708
7USH_82V,1,22,3,26,6.9932,143.046,158.867,6.3540,1.0590,4.849,0.2659
7USH_82V,1,23,3,26,7.1924,145.475,161.205,6.5610,1.2255,3.697,0.2568
7USH_82V,1,24,3,26,7.3912,146.860,162.612,6.7742,1.3761,0.000,0.0000
7UTW_NAI,1,0,8,44,7.8436,132.216,175.346,6.4276,3.7840,0.472,0.2139
7UTW_NAI,1,1,8,44,7.7433,132.184,175.215,6.3465,3.6055,0.456,0.2059
7UTW_NAI,1,2,8,44,7.6519,132.174,175.119,6.2715,3.4327,0.667,0.2060
7UTW_NAI,1,3,8,44,7.5706,132.094,174.971,6.1994,3.2622,1.000,0.2077
7UTW_NAI,1,4,8,44,7.4931,131.933,174.721,6.1204,3.0980,1.452,0.2085
7UTW_NAI,1,5,8,44,7.4260,131.765,174.195,6.0387,2.9446,2.007,0.2153
7UTW_NAI,1,6,8,44,7.3750,131.729,174.379,5.9615,2.7986,2.491,0.2225
7UTW_NAI,1,7,8,44,7.3392,131.828,174.668,5.8925,2.6569,3.013,0.2338
7UTW_NAI,1,8,8,44,7.3152,132.085,175.162,5.8188,2.5321,3.324,0.2439
7UTW_NAI,1,9,8,44,7.2991,132.566,175.758,5.7456,2.4161,3.777,0.2610
7UTW_NAI,1,10,8,44,7.3045,133.379,176.486,5.6867,2.2993,3.964,0.2625
7UTW_NAI,1,11,8,44,7.3378,134.478,177.351,5.6481,2.1977,4.217,0.2702
7UTW_NAI,1,12,8,44,7.3914,135.775,178.385,5.6293,2.0973,4.326,0.2699
7UTW_NAI,1,13,8,44,7.4655,137.233,179.661,5.6355,1.9992,4.444,0.2734
7UTW_NAI,1,14,8,44,7.5525,137.472,178.899,5.6565,1.9083,4.423,0.2692
7UTW_NAI,1,15,8,44,7.6554,136.672,177.512,5.6980,1.8273,4.342,0.2702
7UTW_NAI,1,16,8,44,7.7721,135.881,176.104,5.7589,1.7574,4.242,0.2632
7UTW_NAI,1,17,8,44,7.8948,135.056,174.768,5.8329,1.7009,3.989,0.2531
7UTW_NAI,1,18,8,44,8.0250,134.255,173.464,5.9197,1.6606,3.924,0.2439
7UTW_NAI,1,19,8,44,8.1595,133.442,172.155,6.0152,1.6372,3.747,0.2350
7UTW_NAI,1,20,8,44,8.2952,132.642,171.311,6.1221,1.6193,3.546,0.2178
7UTW_NAI,1,21,8,44,8.4261,132.052,170.857,6.2322,1.6103,3.520,0.2043
7UTW_NAI,1,22,8,44,8.5485,131.742,170.772,6.3416,1.6020,3.527,0.1894
7UTW_NAI,1,23,8,44,8.6590,131.618,170.767,6.4517,1.5843,3.599,0.1817
7UTW_NAI,1,24,8,44,8.7530,131.674,170.391,6.5590,1.5585,0.000,0.0000
7UY4_SMI,1,0,3,24,4.7214,88.139,88.139,5.8558,2.4637,0.121,0.1503
7UY4_SMI,1,1,3,24,4.6439,88.150,88.150,5.7138,2.4112,0.122,0.1460
7UY4_SMI,1,2,3,24,4.5689,88.093,88.093,5.5764,2.3616,0.140,0.1486
7UY4_SMI,1,3,3,24,4.4927,88.025,88.025,5.4365,2.3121,0.164,0.1510
7UY4_SMI,1,4,3,24,4.4177,87.976,87.976,5.2949,2.2658,0.385,0.1578
7UY4_SMI,1,5,3,24,4.3342,87.871,87.871,5.1463,2.2132,0.783,0.1726
7UY4_SMI,1,6,3,24,4.2360,87.645,87.645,4.9865,2.1491,1.083,0.1819
7UY4_SMI,1,7,3,24,4.1299,87.394,87.394,4.8217,2.0786,1.351,0.1960
7UY4_SMI,1,8,3,24,4.0166,87.102,87.102,4.6508,2.0029,1.510,0.2049
7UY4_SMI,1,9,3,24,3.9042,86.907,86.907,4.4795,1.9276,1.606,0.2112
7UY4_SMI,1,10,3,24,3.7968,86.761,86.761,4.3120,1.8603,1.746,0.2165
7UY4_SMI,1,11,3,24,3.6874,86.493,86.493,4.1467,1.7913,1.811,0.2289
7UY4_SMI,1,12,3,24,3.5826,86.289,86.289,3.9829,1.7279,1.784,0.2347
7UY4_SMI,1,13,3,24,3.4836,86.047,86.047,3.8275,1.6693,1.933,0.2551
7UY4_SMI,1,14,3,24,3.3843,85.815,85.815,3.6720,1.6087,1.873,0.2575
7UY4_SMI,1,15,3,24,3.2971,85.542,85.542,3.5283,1.5624,1.815,0.2553
7UY4_SMI,1,16,3,24,3.2236,85.398,85.398,3.4107,1.5176,1.920,0.2651
7UY4_SMI,1,17,3,24,3.1596,85.121,85.121,3.3087,1.4842,2.139,0.2750
7UY4_SMI,1,18,3,24,3.1116,85.015,85.015,3.2320,1.4593,2.273,0.2777
7UY4_SMI,1,19,3,24,3.0705,85.081,85.081,3.1713,1.4301,2.300,0.2891
7UY4_SMI,1,20,3,24,3.0480,85.413,85.413,3.1408,1.4096,2.307,0.2907
7UY4_SMI,1,21,3,24,3.0402,85.925,85.925,3.1207,1.4051,2.470,0.2950
7UY4_SMI,1,22,3,24,3.0438,86.687,86.687,3.1155,1.4052,2.515,0.2898
7UY4_SMI,1,23,3,24,3.0638,87.532,87.532,3.1266,1.4250,2.667,0.2875
7UY4_SMI,1,24,3,24,3.0964,88.919,88.919,3.1476,1.4480,0.000,0.0000
7V14_ORU,1,0,6,35,7.5471,96.635,147.792,7.2587,5.0308,0.491,0.2926
7V14_ORU,1,1,6,35,7.3167,96.711,148.128,7.0176,4.8195,0.476,0.2822
7V14_ORU,1,2,6,35,7.0966,96.750,148.436,6.7850,4.6143,0.684,0.2762
7V14_ORU,1,3,6,35,6.8828,96.754,148.964,6.5560,4.4152,1.102,0.2742
7V14_ORU,1,4,6,35,6.6718,96.631,149.915,6.3259,4.2225,1.354,0.2762
7V14_ORU,1,5,6,35,6.4539,96.380,151.230,6.0866,4.0342,1.971,0.2813
7V14_ORU,1,6,6,35,6.2286,96.003,153.256,5.8363,3.8516,2.330,0.2845
7V14_ORU,1,7,6,35,6.0084,95.635,156.003,5.5855,3.6763,2.646,0.2961
7V14_ORU,1,8,6,35,5.7774,95.135,158.861,5.3218,3.4960,2.772,0.3056
7V14_ORU,1,9,6,35,5.5407,94.612,161.899,5.0501,3.3150,3.052,0.3072
7V14_ORU,1,10,6,35,5.3135,94.162,165.582,4.7817,3.1371,2.991,0.3045
7V14_ORU,1,11,6,35,5.0922,93.797,169.463,4.5175,2.9583,3.046,0.3044
7V14_ORU,1,12,6,35,4.8784,93.512,173.900,4.2565,2.7757,3.085,0.3012
7V14_ORU,1,13,6,35,4.6722,93.015,178.417,4.0034,2.5945,3.251,0.3074
7V14_ORU,1,14,6,35,4.4685,91.465,176.994,3.7555,2.4146,3.474,0.3020
7V14_ORU,1,15,6,35,4.2752,89.100,172.240,3.5290,2.2486,3.541,0.3047
7V14_ORU,1,16,6,35,4.0855,86.570,167.504,3.3267,2.0899,3.713,0.3037
7V14_ORU,1,17,6,35,3.9072,83.880,163.018,3.1604,1.9425,3.899,0.3039
7V14_ORU,1,18,6,35,3.7508,81.175,157.987,3.0352,1.8072,4.159,0.2947
7V14_ORU,1,19,6,35,3.6181,78.378,152.755,2.9409,1.6912,4.327,0.2860
7V14_ORU,1,20,6,35,3.5102,75.680,147.459,2.8696,1.5877,4.493,0.2643
7V14_ORU,1,21,6,35,3.4371,73.068,141.571,2.8207,1.5071,4.665,0.2486
7V14_ORU,1,22,6,35,3.3909,70.611,136.913,2.7873,1.4435,4.809,0.2100
7V14_ORU,1,23,6,35,3.3876,68.254,138.819,2.7864,1.4139,4.716,0.1868
7V14_ORU,1,24,6,35,3.4234,66.138,139.659,2.8158,1.4182,0.000,0.0000
7VB8_STL,1,0,3,17,5.5338,143.399,177.413,4.9022,1.6379,0.194,0.1513
7VB8_STL,1,1,3,17,5.4308,143.387,177.440,4.7615,1.5958,0.150,0.1394
7VB8_STL,1,2,3,17,5.3384,143.353,177.437,4.6315,1.5609,0.195,0.1426
7VB8_STL,1,3,3,17,5.2419,143.322,177.446,4.4969,1.5303,0.388,0.1531
7VB8_STL,1,4,3,17,5.1343,143.328,177.525,4.3497,1.5083,0.718,0.1628
7VB8_STL,1,5,3,17,5.0159,143.378,177.625,4.1921,1.4941,1.172,0.1831
7VB8_STL,1,6,3,17,4.8753,143.413,177.669,4.0174,1.4822,1.394,0.1926
7VB8_STL,1,7,3,17,4.7242,143.477,177.761,3.8351,1.4668,1.741,0.2123
7VB8_STL,1,8,3,17,4.5557,143.564,177.836,3.6345,1.4480,1.858,0.2102
7VB8_STL,1,9,3,17,4.3919,143.727,177.969,3.4356,1.4260,2.177,0.2138
7VB8_STL,1,10,3,17,4.2240,144.141,178.274,3.2336,1.3955,2.376,0.2161
7VB8_STL,1,11,3,17,4.0555,144.778,178.664,3.0299,1.3554,2.538,0.2129
7VB8_STL,1,12,3,17,3.8926,145.613,179.226,2.8302,1.3077,2.850,0.2131
7VB8_STL,1,13,3,17,3.7321,146.772,179.947,2.6322,1.2527,3.076,0.2159
7VB8_STL,1,14,3,17,3.5757,147.388,179.173,2.4328,1.1889,3.378,0.2068
7VB8_STL,1,15,3,17,3.4358,148.153,178.140,2.2470,1.1260,3.578,0.2019
7VB8_STL,1,16,3,17,3.3045,149.038,176.981,2.0671,1.0557,3.889,0.2038
7VB8_STL,1,17,3,17,3.1791,150.085,175.773,1.8875,0.9726,4.141,0.2016
7VB8_STL,1,18,3,17,3.0715,151.175,174.296,1.7203,0.8873,4.240,0.2019
7VB8_STL,1,19,3,17,2.9755,152.413,172.855,1.5606,0.7909,4.241,0.2051
7VB8_STL,1,20,3,17,2.8871,153.630,171.437,1.4076,0.6874,3.917,0.2039
7VB8_STL,1,21,3,17,2.8177,154.796,170.300,1.2826,0.5855,4.069,0.1881
7VB8_STL,1,22,3,17,2.7662,156.142,169.383,1.1995,0.4745,3.783,0.2021
7VB8_STL,1,23,3,17,2.7263,157.223,168.836,1.1606,0.3698,3.644,0.1974
7VB8_STL,1,24,3,17,2.7160,158.108,168.759,1.1625,0.2770,0.000,0.0000
7VBU_6I4,1,0,2,17,4.6969,120.944,155.040,3.9656,1.7879,0.601,0.1890
7VBU_6I4,1,1,2,17,4.6133,120.799,154.617,3.8460,1.7257,0.600,0.1810
7VBU_6I4,1,2,2,17,4.5405,120.751,154.370,3.7395,1.6741,0.727,0.1800
7VBU_6I4,1,3,2,17,4.4721,120.671,154.065,3.6399,1.6219,0.846,0.1789
7VBU_6I4,1,4,2,17,4.4105,120.544,153.663,3.5495,1.5722,0.939,0.1795
7VBU_6I4,1,5,2,17,4.3558,120.241,152.933,3.4673,1.5323,1.325,0.1818
7VBU_6I4,1,6,2,17,4.3065,119.656,151.691,3.3936,1.4979,1.508,0.1765
7VBU_6I4,1,7,2,17,4.2665,119.093,150.422,3.3332,1.4611,2.031,0.1740
7VBU_6I4,1,8,2,17,4.2360,118.339,148.685,3.2857,1.4220,2.186,0.1740
7VBU_6I4,1,9,2,17,4.1993,117.276,146.790,3.2462,1.3845,2.597,0.1704
7VBU_6I4,1,10,2,17,4.1533,115.851,144.564,3.2059,1.3379,3.078,0.1667
7VBU_6I4,1,11,2,17,4.1044,114.203,142.231,3.1698,1.2955,3.489,0.1697
7VBU_6I4,1,12,2,17,4.0700,112.623,139.785,3.1462,1.2508,3.765,0.1514
7VBU_6I4,1,13,2,17,4.0226,110.580,137.045,3.1203,1.2246,4.339,0.1378
7VBU_6I4,1,14,2,17,3.9672,107.946,133.359,3.0839,1.2079,4.738,0.1353
7VBU_6I4,1,15,2,17,3.9098,104.937,129.138,3.0505,1.2163,5.183,0.1252
7VBU_6I4,1,16,2,17,3.8470,101.481,124.094,3.0092,1.2403,5.767,0.1251
7VBU_6I4,1,17,2,17,3.7806,97.650,118.418,2.9670,1.2696,6.474,0.1406
7VBU_6I4,1,18,2,17,3.7170,93.380,111.984,2.9432,1.3272,6.864,0.1401
7VBU_6I4,1,19,2,17,3.6541,88.860,105.014,2.9262,1.3863,7.430,0.1472
7VBU_6I4,1,20,2,17,3.5883,84.202,97.990,2.9205,1.4461,7.378,0.1446
7VBU_6I4,1,21,2,17,3.5416,79.972,91.543,2.9416,1.5093,7.773,0.1548
7VBU_6I4,1,22,2,17,3.5042,76.059,85.812,2.9853,1.5737,8.197,0.1614
7VBU_6I4,1,23,2,17,3.4897,72.672,81.035,3.0650,1.6324,8.074,0.2078
7VBU_6I4,1,24,2,17,3.5095,69.592,76.642,3.1954,1.6915,0.000,0.0000
7VJT_7IJ,1,0,2,27,5.9721,168.676,170.132,4.3707,4.6028,0.363,0.2171
7VJT_7IJ,1,1,2,27,5.8427,168.634,170.321,4.2213,4.4691,0.434,0.2014
7VJT_7IJ,1,2,2,27,5.7233,168.618,170.613,4.0874,4.3482,0.531,0.1905
7VJT_7IJ,1,3,2,27,5.6031,168.629,170.859,3.9558,4.2299,0.811,0.1905
7VJT_7IJ,1,4,2,27,5.4773,168.634,170.955,3.8160,4.1135,1.012,0.1892
7VJT_7IJ,1,5,2,27,5.3500,168.801,170.873,3.6741,3.9987,1.353,0.1905
7VJT_7IJ,1,6,2,27,5.2195,168.975,170.480,3.5256,3.8820,1.406,0.1840
7VJT_7IJ,1,7,2,27,5.0929,168.829,169.798,3.3851,3.7634,1.674,0.1810
7VJT_7IJ,1,8,2,27,4.9698,168.461,168.873,3.2458,3.6508,1.715,0.1716
7VJT_7IJ,1,9,2,27,4.8571,168.073,168.314,3.1152,3.5434,1.710,0.1645
7VJT_7IJ,1,10,2,27,4.7435,167.441,168.313,2.9876,3.4282,1.727,0.1617
7VJT_7IJ,1,11,2,27,4.6403,166.976,168.511,2.8685,3.3163,1.697,0.1626
7VJT_7IJ,1,12,2,27,4.5407,166.475,168.699,2.7496,3.2016,1.548,0.1613
7VJT_7IJ,1,13,2,27,4.4452,166.063,169.071,2.6354,3.0854,1.342,0.1685
7VJT_7IJ,1,14,2,27,4.3569,165.760,169.496,2.5308,2.9627,1.522,0.1680
7VJT_7IJ,1,15,2,27,4.2812,165.589,170.144,2.4290,2.8549,1.515,0.1746
7VJT_7IJ,1,16,2,27,4.2101,165.550,170.910,2.3420,2.7405,1.941,0.1756
7VJT_7IJ,1,17,2,27,4.1533,165.903,172.100,2.2754,2.6339,2.436,0.1817
7VJT_7IJ,1,18,2,27,4.1201,166.567,173.971,2.2273,2.5567,2.715,0.1828
7VJT_7IJ,1,19,2,27,4.0982,167.278,175.845,2.2058,2.4860,3.025,0.1800
7VJT_7IJ,1,20,2,27,4.0921,168.450,178.286,2.2052,2.4348,3.296,0.1711
7VJT_7IJ,1,21,2,27,4.1038,168.762,178.697,2.2232,2.4124,3.697,0.1493
7VJT_7IJ,1,22,2,27,4.1331,167.110,175.146,2.2609,2.4116,3.784,0.1507
7VJT_7IJ,1,23,2,27,4.1968,165.231,171.146,2.3382,2.4564,4.021,0.1832
7VJT_7IJ,1,24,2,27,4.2908,162.949,166.705,2.4597,2.5359,0.000,0.0000
7VKZ_NOJ,1,0,2,11,5.3939,90.403,90.403,4.7461,4.1200,0.288,0.1940
7VKZ_NOJ,1,1,2,11,5.2242,90.189,90.189,4.5673,3.9606,0.344,0.1864
7VKZ_NOJ,1,2,2,11,5.0610,89.965,89.965,4.3989,3.8051,0.300,0.1957
7VKZ_NOJ,1,3,2,11,4.8907,89.751,89.751,4.2228,3.6403,0.299,0.2082
7VKZ_NOJ,1,4,2,11,4.7092,89.510,89.510,4.0371,3.4617,0.243,0.2089
7VKZ_NOJ,1,5,2,11,4.5283,89.374,89.374,3.8516,3.2819,0.247,0.2123
7VKZ_NOJ,1,6,2,11,4.3449,89.273,89.273,3.6629,3.0981,0.244,0.2109
7VKZ_NOJ,1,7,2,11,4.1632,89.213,89.213,3.4796,2.9130,0.583,0.2275
7VKZ_NOJ,1,8,2,11,3.9667,89.011,89.011,3.2817,2.7116,0.696,0.2230
7VKZ_NOJ,1,9,2,11,3.7768,88.775,88.775,3.0854,2.5189,1.103,0.2337
7VKZ_NOJ,1,10,2,11,3.5814,88.546,88.546,2.8805,2.3168,1.196,0.2324
7VKZ_NOJ,1,11,2,11,3.3930,88.177,88.177,2.6792,2.1196,1.200,0.2347
7VKZ_NOJ,1,12,2,11,3.2116,87.926,87.926,2.4779,1.9250,1.692,0.2335
7VKZ_NOJ,1,13,2,11,3.0316,87.439,87.439,2.2751,1.7324,1.937,0.2377
7VKZ_NOJ,1,14,2,11,2.8512,86.755,86.755,2.0721,1.5359,1.971,0.2345
7VKZ_NOJ,1,15,2,11,2.6803,85.972,85.972,1.8772,1.3405,2.500,0.2293
7VKZ_NOJ,1,16,2,11,2.5107,84.891,84.891,1.6895,1.1402,2.781,0.2263
7VKZ_NOJ,1,17,2,11,2.3521,83.463,83.463,1.5093,0.9505,2.741,0.2231
7VKZ_NOJ,1,18,2,11,2.2101,82.015,82.015,1.3485,0.7630,3.200,0.2098
7VKZ_NOJ,1,19,2,11,2.0805,80.186,80.186,1.2054,0.5902,3.180,0.1992
7VKZ_NOJ,1,20,2,11,1.9693,78.261,78.261,1.0839,0.4338,2.912,0.1860
7VKZ_NOJ,1,21,2,11,1.8790,76.182,76.182,0.9904,0.3024,2.858,0.1689
7VKZ_NOJ,1,22,2,11,1.8049,74.129,74.129,0.9200,0.2077,1.876,0.1437
7VKZ_NOJ,1,23,2,11,1.7580,72.467,72.467,0.8848,0.1654,1.133,0.1094
7VKZ_NOJ,1,24,2,11,1.7334,71.366,71.366,0.8714,0.1508,0.000,0.0000
7VWF_K55,1,0,8,33,7.5831,119.053,173.815,6.6065,2.8024,0.513,0.1997
7VWF_K55,1,1,8,33,7.4443,119.229,173.715,6.4936,2.7097,0.475,0.1861
7VWF_K55,1,2,8,33,7.3167,119.420,173.557,6.3913,2.6267,0.598,0.1768
7VWF_K55,1,3,8,33,7.1935,119.627,173.278,6.2959,2.5499,0.791,0.1600
7VWF_K55,1,4,8,33,7.0682,119.785,172.837,6.1999,2.4854,0.947,0.1482
7VWF_K55,1,5,8,33,6.9436,119.814,172.260,6.1095,2.4298,1.106,0.1449
7VWF_K55,1,6,8,33,6.8158,119.766,171.770,6.0183,2.3724,1.222,0.1429
7VWF_K55,1,7,8,33,6.6940,119.791,171.708,5.9333,2.3135,1.658,0.1439
7VWF_K55,1,8,8,33,6.5722,119.926,172.384,5.8489,2.2504,1.695,0.1469
7VWF_K55,1,9,8,33,6.4453,119.966,172.913,5.7601,2.1909,1.860,0.1526
7VWF_K55,1,10,8,33,6.3183,119.944,173.110,5.6677,2.1407,1.782,0.1580
7VWF_K55,1,11,8,33,6.1892,119.771,172.823,5.5761,2.1050,1.942,0.1620
7VWF_K55,1,12,8,33,6.0595,119.649,172.689,5.4843,2.0729,2.066,0.1638
7VWF_K55,1,13,8,33,5.9296,119.523,172.706,5.3909,2.0494,2.189,0.1706
7VWF_K55,1,14,8,33,5.8052,119.334,172.760,5.3032,2.0221,2.296,0.1781
7VWF_K55,1,15,8,33,5.6872,119.063,172.977,5.2225,1.9968,2.325,0.1917
7VWF_K55,1,16,8,33,5.5795,118.607,173.264,5.1524,1.9782,2.440,0.2068
7VWF_K55,1,17,8,33,5.4772,118.086,173.611,5.0892,1.9640,2.415,0.2162
7VWF_K55,1,18,8,33,5.3851,117.510,173.896,5.0360,1.9556,2.534,0.2143
7VWF_K55,1,19,8,33,5.3019,116.788,173.967,4.9893,1.9438,2.608,0.2177
7VWF_K55,1,20,8,33,5.2287,116.001,173.950,4.9489,1.9330,2.763,0.2095
7VWF_K55,1,21,8,33,5.1846,115.196,173.992,4.9318,1.9360,3.162,0.2068
7VWF_K55,1,22,8,33,5.1707,114.259,174.244,4.9408,1.9606,3.510,0.2127
7VWF_K55,1,23,8,33,5.1850,113.455,174.955,4.9760,2.0053,3.655,0.2237
7VWF_K55,1,24,8,33,5.2381,112.782,175.698,5.0458,2.0704,0.000,0.0000
7W05_GMP,1,0,3,20,7.4927,89.665,91.348,6.7855,4.7374,0.406,0.2226
7W05_GMP,1,1,3,20,7.2637,89.463,91.275,6.5754,4.5575,0.367,0.2137
7W05_GMP,1,2,3,20,7.0427,89.265,91.159,6.3747,4.3806,0.449,0.2120
7W05_GMP,1,3,3,20,6.8270,89.044,91.048,6.1774,4.2077,0.542,0.2130
7W05_GMP,1,4,3,20,6.6120,88.799,90.882,5.9813,4.0342,0.639,0.2138
7W05_GMP,1,5,3,20,6.3971,88.562,90.690,5.7879,3.8556,0.792,0.2146
7W05_GMP,1,6,3,20,6.1828,88.397,90.370,5.6000,3.6695,1.021,0.2110
7W05_GMP,1,7,3,20,5.9732,88.166,89.883,5.4207,3.4850,1.290,0.2087
7W05_GMP,1,8,3,20,5.7677,87.983,89.211,5.2530,3.2916,1.553,0.2168
7W05_GMP,1,9,3,20,5.5601,87.658,88.271,5.0846,3.0936,1.947,0.2206
7W05_GMP,1,10,3,20,5.3621,87.288,87.433,4.9286,2.8908,2.102,0.2318
7W05_GMP,1,11,3,20,5.1673,86.886,88.042,4.7765,2.6868,2.472,0.2411
7W05_GMP,1,12,3,20,4.9773,86.367,88.598,4.6324,2.4816,2.773,0.2443
7W05_GMP,1,13,3,20,4.8020,85.720,89.079,4.5044,2.2807,3.101,0.2534
7W05_GMP,1,14,3,20,4.6446,85.134,89.598,4.3942,2.0820,3.408,0.2467
7W05_GMP,1,15,3,20,4.5129,84.703,90.097,4.3057,1.9018,3.448,0.2560
7W05_GMP,1,16,3,20,4.3974,84.294,90.379,4.2312,1.7304,3.691,0.2510
7W05_GMP,1,17,3,20,4.3010,83.939,90.560,4.1739,1.5801,3.929,0.2515
7W05_GMP,1,18,3,20,4.2300,83.975,90.996,4.1408,1.4306,4.500,0.2493
7W05_GMP,1,19,3,20,4.1765,84.271,91.597,4.1224,1.2998,4.635,0.2632
7W05_GMP,1,20,3,20,4.1362,84.715,92.072,4.1160,1.1891,4.839,0.2510
7W05_GMP,1,21,3,20,4.1156,85.579,92.797,4.1196,1.1027,4.861,0.2582
7W05_GMP,1,22,3,20,4.1179,86.711,93.524,4.1412,1.0296,4.949,0.2585
7W05_GMP,1,23,3,20,4.1499,87.900,93.997,4.1903,0.9773,4.851,0.2390
7W05_GMP,1,24,3,20,4.1965,88.986,94.149,4.2507,0.9153,0.000,0.0000
7W06_ITN,1,0,2,9,4.2497,130.840,133.369,3.8472,0.6138,0.222,0.1096
7W06_ITN,1,1,2,9,4.1596,130.855,133.337,3.7450,0.5833,0.235,0.1051
7W06_ITN,1,2,2,9,4.0740,130.924,133.320,3.6471,0.5585,0.283,0.1022
7W06_ITN,1,3,2,9,3.9929,130.983,133.287,3.5534,0.5346,0.331,0.0987
7W06_ITN,1,4,2,9,3.9172,130.988,133.216,3.4652,0.5104,0.422,0.0969
7W06_ITN,1,5,2,9,3.8475,130.945,133.134,3.3826,0.4899,0.537,0.0931
7W06_ITN,1,6,2,9,3.7859,130.926,133.089,3.3087,0.4687,0.560,0.0931
7W06_ITN,1,7,2,9,3.7270,130.933,133.080,3.2370,0.4498,0.749,0.0884
7W06_ITN,1,8,2,9,3.6782,130.888,133.113,3.1766,0.4312,0.752,0.0855
7W06_ITN,1,9,2,9,3.6331,130.817,133.158,3.1206,0.4160,0.933,0.0791
7W06_ITN,1,10,2,9,3.5986,130.648,133.321,3.0775,0.3986,1.021,0.0761
7W06_ITN,1,11,2,9,3.5714,130.542,133.629,3.0429,0.3826,1.143,0.0723
7W06_ITN,1,12,2,9,3.5508,130.429,134.086,3.0170,0.3682,1.482,0.0698
7W06_ITN,1,13,2,9,3.5387,130.316,134.818,3.0014,0.3541,1.792,0.0699
7W06_ITN,1,14,2,9,3.5296,130.068,135.677,2.9906,0.3459,1.890,0.0672
7W06_ITN,1,15,2,9,3.5233,129.766,136.583,2.9834,0.3450,1.981,0.0671
7W06_ITN,1,16,2,9,3.5248,129.322,137.495,2.9872,0.3479,2.245,0.0657
7W06_ITN,1,17,2,9,3.5310,128.917,138.664,2.9961,0.3614,2.367,0.0667
7W06_ITN,1,18,2,9,3.5424,128.669,140.139,3.0112,0.3822,2.358,0.0619
7W06_ITN,1,19,2,9,3.5528,128.461,141.685,3.0251,0.4036,2.309,0.0646
7W06_ITN,1,20,2,9,3.5691,128.262,143.276,3.0467,0.4319,2.117,0.0568
7W06_ITN,1,21,2,9,3.5817,128.044,144.705,3.0639,0.4603,2.242,0.0609
7W06_ITN,1,22,2,9,3.5865,127.683,146.079,3.0738,0.4893,2.458,0.0672
7W06_ITN,1,23,2,9,3.5836,127.266,147.466,3.0767,0.5093,2.545,0.0965
7W06_ITN,1,24,2,9,3.6259,126.565,148.529,3.1352,0.5258,0.000,0.0000
7W6F_8I6,1,0,6,20,7.0500,151.484,179.742,7.1332,2.6574,0.335,0.2509
7W6F_8I6,1,1,6,20,6.8958,151.318,179.714,6.9505,2.5702,0.406,0.2457
7W6F_8I6,1,2,6,20,6.7543,151.074,179.605,6.7809,2.4847,0.504,0.2521
7W6F_8I6,1,3,6,20,6.6255,150.895,179.601,6.6235,2.3986,0.637,0.2631
7W6F_8I6,1,4,6,20,6.5134,150.970,179.962,6.4792,2.3063,1.017,0.2611
7W6F_8I6,1,5,6,20,6.4079,150.698,179.280,6.3379,2.2143,1.072,0.2564
7W6F_8I6,1,6,6,20,6.3072,150.503,178.393,6.1988,2.1271,1.206,0.2490
7W6F_8I6,1,7,6,20,6.2208,150.531,177.665,6.0731,2.0458,1.574,0.2474
7W6F_8I6,1,8,6,20,6.1683,150.596,176.638,5.9750,1.9822,1.857,0.2504
7W6F_8I6,1,9,6,20,6.1400,150.900,175.400,5.8976,1.9176,2.171,0.2536
7W6F_8I6,1,10,6,20,6.1351,150.984,173.532,5.8367,1.8606,2.379,0.2524
7W6F_8I6,1,11,6,20,6.1523,151.349,171.545,5.7960,1.8027,2.766,0.2454
7W6F_8I6,1,12,6,20,6.1815,151.849,169.675,5.7659,1.7515,3.082,0.2358
7W6F_8I6,1,13,6,20,6.2266,152.449,168.023,5.7498,1.7104,3.694,0.2321
7W6F_8I6,1,14,6,20,6.2753,152.903,166.105,5.7393,1.6713,4.395,0.2278
7W6F_8I6,1,15,6,20,6.3269,153.234,163.865,5.7333,1.6321,5.345,0.2274
7W6F_8I6,1,16,6,20,6.3843,153.417,166.204,5.7370,1.5919,6.332,0.2261
7W6F_8I6,1,17,6,20,6.4511,153.625,172.233,5.7524,1.5663,6.988,0.2226
7W6F_8I6,1,18,6,20,6.5204,153.952,178.868,5.7762,1.5540,7.074,0.2234
7W6F_8I6,1,19,6,20,6.5889,150.805,174.732,5.7983,1.5537,6.989,0.2274
7W6F_8I6,1,20,6,20,6.6771,147.197,168.522,5.8413,1.5762,6.521,0.2281
7W6F_8I6,1,21,6,20,6.7711,144.260,162.891,5.8932,1.6051,6.447,0.2324
7W6F_8I6,1,22,6,20,6.8758,141.953,157.578,5.9567,1.6410,6.507,0.2360
7W6F_8I6,1,23,6,20,6.9909,140.287,151.991,6.0370,1.6786,6.510,0.2506
7W6F_8I6,1,24,6,20,7.1108,138.890,147.343,6.1251,1.7084,0.000,0.0000
7WCF_ACP,1,0,5,31,6.2601,139.372,176.664,5.7798,2.1826,0.442,0.1964
7WCF_ACP,1,1,5,31,6.1100,139.201,176.552,5.6292,2.0534,0.438,0.1838
7WCF_ACP,1,2,5,31,5.9761,139.043,176.390,5.4937,1.9308,0.618,0.1841
7WCF_ACP,1,3,5,31,5.8418,138.813,176.104,5.3544,1.8089,0.830,0.1812
7WCF_ACP,1,4,5,31,5.7102,138.517,175.642,5.2169,1.6939,1.072,0.1827
7WCF_ACP,1,5,5,31,5.5755,138.160,175.084,5.0732,1.5867,1.251,0.1826
7WCF_ACP,1,6,5,31,5.4410,137.655,174.226,4.9266,1.4902,1.412,0.1871
7WCF_ACP,1,7,5,31,5.3039,137.036,173.212,4.7742,1.3964,1.755,0.2151
7WCF_ACP,1,8,5,31,5.1452,136.257,171.752,4.5928,1.3070,1.991,0.2311
7WCF_ACP,1,9,5,31,4.9787,135.401,169.889,4.3988,1.2242,2.398,0.2453
7WCF_ACP,1,10,5,31,4.8084,134.546,168.944,4.1987,1.1434,2.722,0.2541
7WCF_ACP,1,11,5,31,4.6381,133.667,169.524,3.9961,1.0724,2.903,0.2463
7WCF_ACP,1,12,5,31,4.4798,132.772,170.278,3.8069,0.9993,3.226,0.2395
7WCF_ACP,1,13,5,31,4.3368,131.880,171.162,3.6355,0.9275,3.614,0.2361
7WCF_ACP,1,14,5,31,4.2097,131.173,173.061,3.4856,0.8523,3.771,0.2260
7WCF_ACP,1,15,5,31,4.0990,130.531,175.199,3.3571,0.7888,3.895,0.2241
7WCF_ACP,1,16,5,31,4.0042,130.133,177.792,3.2465,0.7243,4.094,0.2188
7WCF_ACP,1,17,5,31,3.9238,129.569,179.081,3.1575,0.6671,4.152,0.2102
7WCF_ACP,1,18,5,31,3.8526,127.931,175.018,3.0796,0.6114,4.182,0.2001
7WCF_ACP,1,19,5,31,3.8005,126.522,171.653,3.0241,0.5588,4.630,0.1963
7WCF_ACP,1,20,5,31,3.7661,124.786,167.818,2.9928,0.5185,5.006,0.1914
7WCF_ACP,1,21,5,31,3.7411,122.776,163.507,2.9770,0.4875,5.325,0.1810
7WCF_ACP,1,22,5,31,3.7285,120.718,159.005,2.9735,0.4564,5.618,0.1681
7WCF_ACP,1,23,5,31,3.7265,118.580,154.602,2.9860,0.4383,5.854,0.1597
7WCF_ACP,1,24,5,31,3.7493,116.460,149.963,3.0330,0.4221,0.000,0.0000
7WKL_CAQ,1,0,1,8,5.0966,29.687,29.687,5.0604,5.0604,0.610,0.1825
7WKL_CAQ,1,1,1,8,4.9185,29.811,29.811,4.8809,4.8809,0.611,0.1721
7WKL_CAQ,1,2,1,8,4.7517,29.925,29.925,4.7127,4.7127,0.548,0.1755
7WKL_CAQ,1,3,1,8,4.5813,30.042,30.042,4.5406,4.5406,0.489,0.1782
7WKL_CAQ,1,4,1,8,4.4078,30.143,30.143,4.3653,4.3653,0.422,0.1819
7WKL_CAQ,1,5,1,8,4.2312,30.200,30.200,4.1867,4.1867,0.288,0.1916
7WKL_CAQ,1,6,1,8,4.0443,30.130,30.130,3.9978,3.9978,0.341,0.1973
7WKL_CAQ,1,7,1,8,3.8514,29.960,29.960,3.8030,3.8030,0.437,0.2043
7WKL_CAQ,1,8,1,8,3.6514,29.649,29.649,3.6010,3.6010,0.569,0.1989
7WKL_CAQ,1,9,1,8,3.4566,29.215,29.215,3.4044,3.4044,0.834,0.2080
7WKL_CAQ,1,10,1,8,3.2524,28.585,28.585,3.1986,3.1986,1.035,0.2057
7WKL_CAQ,1,11,1,8,3.0506,27.764,27.764,2.9954,2.9954,1.381,0.2043
7WKL_CAQ,1,12,1,8,2.8494,26.667,26.667,2.7933,2.7933,1.836,0.2069
7WKL_CAQ,1,13,1,8,2.6445,25.236,25.236,2.5884,2.5884,2.234,0.2103
7WKL_CAQ,1,14,1,8,2.4361,23.575,23.575,2.3801,2.3801,2.603,0.1974
7WKL_CAQ,1,15,1,8,2.2409,21.902,21.902,2.1847,2.1847,2.741,0.1953
7WKL_CAQ,1,16,1,8,2.0490,20.410,20.410,1.9917,1.9917,2.975,0.1874
7WKL_CAQ,1,17,1,8,1.8664,19.023,19.023,1.8070,1.8070,3.256,0.1682
7WKL_CAQ,1,18,1,8,1.7048,18.131,18.131,1.6411,1.6411,3.253,0.1693
7WKL_CAQ,1,19,1,8,1.5445,17.557,17.557,1.4744,1.4744,3.272,0.1489
7WKL_CAQ,1,20,1,8,1.4084,17.772,17.772,1.3276,1.3276,2.796,0.1288
7WKL_CAQ,1,21,1,8,1.2937,18.397,18.397,1.1997,1.1997,2.931,0.1123
7WKL_CAQ,1,22,1,8,1.1998,19.527,19.527,1.0882,1.0882,1.808,0.0870
7WKL_CAQ,1,23,1,8,1.1312,20.533,20.533,1.0029,1.0029,1.394,0.0667
7WKL_CAQ,1,24,1,8,1.0813,21.410,21.410,0.9370,0.9370,0.000,0.0000
7WL4_JFU,1,0,5,34,5.8808,128.783,164.995,5.3749,2.9041,0.259,0.2028
7WL4_JFU,1,1,5,34,5.7355,128.695,164.834,5.2309,2.7988,0.234,0.1946
7WL4_JFU,1,2,5,34,5.6002,128.626,164.676,5.0965,2.6951,0.300,0.1918
7WL4_JFU,1,3,5,34,5.4696,128.550,164.297,4.9677,2.5902,0.471,0.1882
7WL4_JFU,1,4,5,34,5.3460,128.512,163.679,4.8467,2.4863,0.718,0.1775
7WL4_JFU,1,5,5,34,5.2367,128.515,162.751,4.7446,2.3890,0.983,0.1722
7WL4_JFU,1,6,5,34,5.1414,128.632,161.639,4.6612,2.2974,1.117,0.1707
7WL4_JFU,1,7,5,34,5.0601,128.791,160.410,4.5931,2.2147,1.592,0.1818
7WL4_JFU,1,8,5,34,5.0042,129.184,158.937,4.5551,2.1314,1.716,0.1870
7WL4_JFU,1,9,5,34,4.9643,129.672,157.351,4.5313,2.0532,1.902,0.2047
7WL4_JFU,1,10,5,34,4.9394,130.285,155.773,4.5237,1.9645,2.087,0.2237
7WL4_JFU,1,11,5,34,4.9346,131.035,154.363,4.5348,1.8740,2.143,0.2247
7WL4_JFU,1,12,5,34,4.9386,131.766,152.989,4.5504,1.7792,2.178,0.2295
7WL4_JFU,1,13,5,34,4.9561,132.526,151.732,4.5757,1.6806,2.218,0.2400
7WL4_JFU,1,14,5,34,4.9887,133.303,150.718,4.6116,1.5805,2.206,0.2402
7WL4_JFU,1,15,5,34,5.0314,134.023,149.564,4.6539,1.4786,2.300,0.2390
7WL4_JFU,1,16,5,34,5.0836,134.576,148.394,4.7034,1.3770,2.364,0.2388
7WL4_JFU,1,17,5,34,5.1449,135.077,148.051,4.7614,1.2735,2.544,0.2436
7WL4_JFU,1,18,5,34,5.2138,135.444,147.960,4.8281,1.1650,2.674,0.2322
7WL4_JFU,1,19,5,34,5.2826,135.465,147.638,4.8962,1.0601,2.916,0.2297
7WL4_JFU,1,20,5,34,5.3602,135.375,146.804,4.9754,0.9600,2.769,0.2134
7WL4_JFU,1,21,5,34,5.4339,135.333,145.783,5.0559,0.8651,2.975,0.2168
7WL4_JFU,1,22,5,34,5.5109,135.140,144.293,5.1437,0.7767,3.172,0.2270
7WL4_JFU,1,23,5,34,5.5956,134.776,142.271,5.2419,0.7036,3.154,0.2546
7WL4_JFU,1,24,5,34,5.6922,134.622,142.812,5.3591,0.6575,0.000,0.0000
7WPW_F15,1,0,7,17,6.6643,151.279,161.724,5.7834,2.3777,0.329,0.2017
7WPW_F15,1,1,7,17,6.5007,151.475,162.016,5.6242,2.2719,0.394,0.1932
7WPW_F15,1,2,7,17,6.3463,151.797,162.508,5.4745,2.1711,0.215,0.1961
7WPW_F15,1,3,7,17,6.1940,151.974,162.724,5.3252,2.0665,0.175,0.2011
7WPW_F15,1,4,7,17,6.0467,152.025,162.682,5.1780,1.9581,0.334,0.2030
7WPW_F15,1,5,7,17,5.9086,151.986,162.433,5.0388,1.8516,0.602,0.2066
7WPW_F15,1,6,7,17,5.7806,151.874,161.991,4.9077,1.7498,0.743,0.2048
7WPW_F15,1,7,7,17,5.6622,151.643,161.347,4.7842,1.6541,1.200,0.2195
7WPW_F15,1,8,7,17,5.5612,151.251,160.318,4.6771,1.5559,1.321,0.2232
7WPW_F15,1,9,7,17,5.4714,150.969,159.414,4.5843,1.4633,1.499,0.2319
7WPW_F15,1,10,7,17,5.4042,150.817,158.797,4.5123,1.3762,1.666,0.2383
7WPW_F15,1,11,7,17,5.3563,150.824,158.235,4.4598,1.2997,1.603,0.2433
7WPW_F15,1,12,7,17,5.3201,150.855,157.633,4.4206,1.2236,1.757,0.2454
7WPW_F15,1,13,7,17,5.2936,150.877,157.039,4.3929,1.1567,1.936,0.2465
7WPW_F15,1,14,7,17,5.2688,150.881,156.334,4.3681,1.0954,2.234,0.2443
7WPW_F15,1,15,7,17,5.2428,150.834,155.664,4.3396,1.0379,2.217,0.2388
7WPW_F15,1,16,7,17,5.2319,151.069,155.744,4.3266,0.9939,1.912,0.2428
7WPW_F15,1,17,7,17,5.2329,151.344,156.149,4.3291,0.9626,1.761,0.2329
7WPW_F15,1,18,7,17,5.2479,151.535,156.419,4.3458,0.9396,1.906,0.2266
7WPW_F15,1,19,7,17,5.2686,151.598,156.842,4.3679,0.9266,1.723,0.2237
7WPW_F15,1,20,7,17,5.3005,151.520,157.224,4.4041,0.9163,1.646,0.2157
7WPW_F15,1,21,7,17,5.3392,151.226,157.286,4.4452,0.9087,1.687,0.2225
7WPW_F15,1,22,7,17,5.3957,150.868,157.541,4.5056,0.9091,1.666,0.2318
7WPW_F15,1,23,7,17,5.4758,150.271,157.602,4.5855,0.9095,1.756,0.2549
7WPW_F15,1,24,7,17,5.5835,149.573,157.412,4.6945,0.9083,0.000,0.0000
7WQQ_5Z6,1,0,6,27,5.9721,146.570,173.526,5.3432,1.3666,0.468,0.1090
7WQQ_5Z6,1,1,6,27,5.9383,146.567,173.473,5.3211,1.3130,0.454,0.1024
7WQQ_5Z6,1,2,6,27,5.9072,146.522,173.429,5.3001,1.2644,0.590,0.1025
7WQQ_5Z6,1,3,6,27,5.8854,146.415,173.367,5.2884,1.2086,0.952,0.1026
7WQQ_5Z6,1,4,6,27,5.8744,146.239,173.274,5.2885,1.1463,1.304,0.1019
7WQQ_5Z6,1,5,6,27,5.8618,145.967,173.086,5.2872,1.0817,1.699,0.1080
7WQQ_5Z6,1,6,6,27,5.8596,145.627,172.790,5.2968,1.0164,1.944,0.1151
7WQQ_5Z6,1,7,6,27,5.8758,145.365,172.433,5.3258,0.9555,2.259,0.1245
7WQQ_5Z6,1,8,6,27,5.9082,145.105,172.027,5.3717,0.8992,2.395,0.1317
7WQQ_5Z6,1,9,6,27,5.9646,144.997,171.768,5.4419,0.8469,2.603,0.1402
7WQQ_5Z6,1,10,6,27,6.0326,145.048,171.551,5.5232,0.7997,2.850,0.1420
7WQQ_5Z6,1,11,6,27,6.1141,145.320,171.422,5.6149,0.7536,2.993,0.1456
7WQQ_5Z6,1,12,6,27,6.2032,145.673,171.322,5.7131,0.7119,3.125,0.1480
7WQQ_5Z6,1,13,6,27,6.3013,146.103,171.239,5.8165,0.6710,3.159,0.1504
7WQQ_5Z6,1,14,6,27,6.4036,146.550,171.075,5.9237,0.6334,3.282,0.1491
7WQQ_5Z6,1,15,6,27,6.5091,147.099,170.993,6.0313,0.5969,3.283,0.1516
7WQQ_5Z6,1,16,6,27,6.6200,147.672,172.742,6.1418,0.5582,3.429,0.1482
7WQQ_5Z6,1,17,6,27,6.7294,148.356,176.284,6.2469,0.5191,3.579,0.1488
7WQQ_5Z6,1,18,6,27,6.8405,148.930,179.470,6.3490,0.4755,3.653,0.1462
7WQQ_5Z6,1,19,6,27,6.9461,148.146,174.857,6.4436,0.4296,3.757,0.1487
7WQQ_5Z6,1,20,6,27,7.0566,147.137,170.418,6.5408,0.3825,3.627,0.1480
7WQQ_5Z6,1,21,6,27,7.1669,146.044,170.288,6.6368,0.3397,3.568,0.1531
7WQQ_5Z6,1,22,6,27,7.2797,144.736,169.916,6.7351,0.3009,3.418,0.1602
7WQQ_5Z6,1,23,6,27,7.3981,143.332,169.793,6.8438,0.2773,3.555,0.1742
7WQQ_5Z6,1,24,6,27,7.5124,141.730,169.662,6.9544,0.2663,0.000,0.0000
7WUX_6OI,1,0,5,17,5.7069,118.097,155.891,4.9713,1.9604,0.351,0.1851
7WUX_6OI,1,1,5,17,5.5508,118.017,156.008,4.8394,1.8918,0.371,0.1790
7WUX_6OI,1,2,5,17,5.4054,117.936,156.058,4.7158,1.8246,0.452,0.1749
7WUX_6OI,1,3,5,17,5.2707,117.798,155.996,4.6007,1.7602,0.657,0.1722
7WUX_6OI,1,4,5,17,5.1502,117.589,155.777,4.4982,1.7029,0.794,0.1683
7WUX_6OI,1,5,5,17,5.0463,117.339,155.430,4.4117,1.6484,1.141,0.1665
7WUX_6OI,1,6,5,17,4.9606,116.964,154.545,4.3401,1.5945,1.435,0.1616
7WUX_6OI,1,7,5,17,4.8972,116.502,153.133,4.2882,1.5428,1.905,0.1698
7WUX_6OI,1,8,5,17,4.8663,116.019,151.003,4.2661,1.4991,2.119,0.1685
7WUX_6OI,1,9,5,17,4.8537,115.542,148.600,4.2606,1.4652,2.377,0.1726
7WUX_6OI,1,10,5,17,4.8506,115.103,145.833,4.2631,1.4266,2.568,0.1695
7WUX_6OI,1,11,5,17,4.8555,114.664,142.883,4.2734,1.3945,2.765,0.1674
7WUX_6OI,1,12,5,17,4.8673,114.109,139.877,4.2892,1.3643,3.033,0.1599
7WUX_6OI,1,13,5,17,4.8941,113.529,139.841,4.3170,1.3407,3.305,0.1555
7WUX_6OI,1,14,5,17,4.9283,112.860,139.999,4.3492,1.3193,3.506,0.1571
7WUX_6OI,1,15,5,17,4.9653,112.111,140.026,4.3819,1.3002,3.775,0.1594
7WUX_6OI,1,16,5,17,5.0202,111.293,140.267,4.4272,1.2854,3.869,0.1592
7WUX_6OI,1,17,5,17,5.0901,110.436,140.595,4.4815,1.2797,3.963,0.1629
7WUX_6OI,1,18,5,17,5.1696,109.666,140.704,4.5401,1.2812,4.092,0.1615
7WUX_6OI,1,19,5,17,5.2646,108.964,140.817,4.6108,1.2925,4.194,0.1702
7WUX_6OI,1,20,5,17,5.3734,108.321,140.712,4.6886,1.3088,4.451,0.1744
7WUX_6OI,1,21,5,17,5.4830,107.818,141.323,4.7641,1.3282,4.880,0.1821
7WUX_6OI,1,22,5,17,5.6083,107.413,144.888,4.8516,1.3676,5.482,0.1820
7WUX_6OI,1,23,5,17,5.7363,107.199,148.403,4.9467,1.4182,5.552,0.1690
7WUX_6OI,1,24,5,17,5.8664,107.068,151.372,5.0496,1.4775,0.000,0.0000
7WUY_76N,1,0,4,30,7.0641,126.157,148.326,6.0945,2.9953,0.493,0.1541
7WUY_76N,1,1,4,30,6.9506,125.876,148.545,5.9581,2.9415,0.492,0.1431
7WUY_76N,1,2,4,30,6.8478,125.549,148.718,5.8322,2.8965,0.641,0.1432
7WUY_76N,1,3,4,30,6.7426,125.172,148.980,5.7057,2.8497,0.891,0.1429
7WUY_76N,1,4,4,30,6.6286,124.701,149.380,5.5751,2.8014,1.210,0.1414
7WUY_76N,1,5,4,30,6.5056,124.147,150.032,5.4415,2.7516,1.477,0.1465
7WUY_76N,1,6,4,30,6.3680,123.395,150.697,5.3010,2.7072,1.723,0.1554
7WUY_76N,1,7,4,30,6.2159,122.527,151.323,5.1516,2.6606,2.236,0.1747
7WUY_76N,1,8,4,30,6.0373,121.280,151.719,4.9859,2.6138,2.443,0.1786
7WUY_76N,1,9,4,30,5.8553,119.991,152.164,4.8187,2.5660,2.720,0.1859
7WUY_76N,1,10,4,30,5.6659,118.466,152.466,4.6474,2.5149,2.860,0.1895
7WUY_76N,1,11,4,30,5.4724,116.722,152.357,4.4723,2.4572,2.857,0.1851
7WUY_76N,1,12,4,30,5.2888,115.078,152.462,4.3046,2.4019,2.788,0.1775
7WUY_76N,1,13,4,30,5.1148,113.356,152.321,4.1454,2.3414,2.812,0.1722
7WUY_76N,1,14,4,30,4.9551,111.772,152.449,3.9971,2.2895,2.818,0.1651
7WUY_76N,1,15,4,30,4.8067,110.272,152.537,3.8561,2.2308,2.822,0.1661
7WUY_76N,1,16,4,30,4.6666,108.919,152.753,3.7200,2.1665,2.887,0.1585
7WUY_76N,1,17,4,30,4.5382,107.600,152.921,3.5956,2.0925,3.038,0.1534
7WUY_76N,1,18,4,30,4.4215,106.339,152.985,3.4856,1.9999,3.282,0.1495
7WUY_76N,1,19,4,30,4.3133,105.101,153.072,3.3862,1.9021,3.564,0.1460
7WUY_76N,1,20,4,30,4.2189,103.847,152.695,3.3046,1.8092,3.940,0.1407
7WUY_76N,1,21,4,30,4.1394,102.495,151.889,3.2453,1.7172,4.259,0.1439
7WUY_76N,1,22,4,30,4.0682,101.088,150.617,3.1978,1.6367,4.409,0.1490
7WUY_76N,1,23,4,30,4.0077,100.074,149.584,3.1635,1.5675,4.573,0.1754
7WUY_76N,1,24,4,30,3.9553,99.713,148.867,3.1319,1.5086,0.000,0.0000
7X5N_5M5,1,0,5,30,5.7887,120.740,140.198,5.7525,2.3692,0.487,0.1694
7X5N_5M5,1,1,5,30,5.6897,120.641,139.636,5.6089,2.3063,0.436,0.1607
7X5N_5M5,1,2,5,30,5.5981,120.557,139.151,5.4741,2.2457,0.524,0.1571
7X5N_5M5,1,3,5,30,5.5111,120.499,138.717,5.3439,2.1883,0.610,0.1576
7X5N_5M5,1,4,5,30,5.4247,120.397,138.296,5.2141,2.1239,0.656,0.1560
7X5N_5M5,1,5,5,30,5.3408,120.367,137.959,5.0873,2.0583,0.804,0.1560
7X5N_5M5,1,6,5,30,5.2597,120.334,137.511,4.9637,1.9960,0.936,0.1530
7X5N_5M5,1,7,5,30,5.1787,120.296,136.889,4.8416,1.9321,1.253,0.1531
7X5N_5M5,1,8,5,30,5.0993,120.166,136.105,4.7252,1.8693,1.578,0.1565
7X5N_5M5,1,9,5,30,5.0171,119.942,134.932,4.6088,1.8113,1.958,0.1663
7X5N_5M5,1,10,5,30,4.9322,119.651,133.475,4.4900,1.7592,2.312,0.1772
7X5N_5M5,1,11,5,30,4.8446,119.010,131.227,4.3728,1.7125,2.434,0.1856
7X5N_5M5,1,12,5,30,4.7587,118.198,128.731,4.2596,1.6747,2.481,0.1896
7X5N_5M5,1,13,5,30,4.6761,117.240,126.061,4.1544,1.6481,2.607,0.1978
7X5N_5M5,1,14,5,30,4.5946,116.264,123.609,4.0509,1.6313,2.585,0.1948
7X5N_5M5,1,15,5,30,4.5239,115.265,121.734,3.9614,1.6263,2.610,0.1970
7X5N_5M5,1,16,5,30,4.4652,114.489,121.021,3.8810,1.6297,2.812,0.2013
7X5N_5M5,1,17,5,30,4.4131,113.803,120.322,3.8037,1.6329,3.120,0.2051
7X5N_5M5,1,18,5,30,4.3716,113.105,119.648,3.7440,1.6364,3.222,0.2118
7X5N_5M5,1,19,5,30,4.3363,112.484,119.401,3.6898,1.6369,3.504,0.2209
7X5N_5M5,1,20,5,30,4.3153,111.748,118.738,3.6527,1.6368,3.725,0.2217
7X5N_5M5,1,21,5,30,4.3042,110.816,118.095,3.6305,1.6329,3.953,0.2256
7X5N_5M5,1,22,5,30,4.3053,109.593,117.812,3.6324,1.6299,4.407,0.2259
7X5N_5M5,1,23,5,30,4.3196,108.037,117.863,3.6618,1.6260,4.703,0.2224
7X5N_5M5,1,24,5,30,4.3443,106.523,118.411,3.7116,1.6238,0.000,0.0000
7X9K_8OG,1,0,3,24,6.7391,142.910,171.895,6.6159,3.2329,0.329,0.2293
7X9K_8OG,1,1,3,24,6.5546,143.142,172.439,6.4049,3.1086,0.272,0.2202
7X9K_8OG,1,2,3,24,6.3804,143.360,172.912,6.2044,2.9903,0.357,0.2212
7X9K_8OG,1,3,3,24,6.2079,143.658,173.460,6.0048,2.8709,0.498,0.2276
7X9K_8OG,1,4,3,24,6.0338,144.046,174.170,5.8020,2.7490,0.630,0.2299
7X9K_8OG,1,5,3,24,5.8677,144.586,174.942,5.6055,2.6273,0.812,0.2410
7X9K_8OG,1,6,3,24,5.7057,145.269,175.663,5.4109,2.5052,0.909,0.2333
7X9K_8OG,1,7,3,24,5.5588,146.040,176.388,5.2324,2.3872,1.162,0.2328
7X9K_8OG,1,8,3,24,5.4278,146.973,177.106,5.0713,2.2678,1.366,0.2390
7X9K_8OG,1,9,3,24,5.3078,148.039,177.838,4.9201,2.1503,1.879,0.2464
7X9K_8OG,1,10,3,24,5.2163,149.464,178.506,4.7976,2.0331,2.333,0.2617
7X9K_8OG,1,11,3,24,5.1609,151.138,179.028,4.7135,1.9173,2.561,0.2769
7X9K_8OG,1,12,3,24,5.1309,152.956,179.407,4.6552,1.8047,2.898,0.2844
7X9K_8OG,1,13,3,24,5.1305,155.052,179.809,4.6297,1.6905,2.989,0.2910
7X9K_8OG,1,14,3,24,5.1424,157.196,179.941,4.6191,1.5668,3.118,0.2778
7X9K_8OG,1,15,3,24,5.1682,159.241,179.369,4.6266,1.4438,3.092,0.2688
7X9K_8OG,1,16,3,24,5.2103,159.676,178.539,4.6514,1.3254,2.927,0.2611
7X9K_8OG,1,17,3,24,5.2654,159.084,177.574,4.6938,1.2080,2.938,0.2676
7X9K_8OG,1,18,3,24,5.3384,158.618,176.437,4.7544,1.0929,2.935,0.2660
7X9K_8OG,1,19,3,24,5.4285,158.018,174.928,4.8304,1.0018,3.158,0.2690
7X9K_8OG,1,20,3,24,5.5333,157.331,173.142,4.9206,0.9311,3.226,0.2607
7X9K_8OG,1,21,3,24,5.6536,156.345,171.004,5.0300,0.8893,3.236,0.2629
7X9K_8OG,1,22,3,24,5.7983,155.055,168.450,5.1630,0.8850,3.336,0.2712
7X9K_8OG,1,23,3,24,5.9580,153.474,165.170,5.3068,0.9255,3.617,0.2608
7X9K_8OG,1,24,3,24,6.1378,151.768,161.137,5.4733,0.9921,0.000,0.0000
7XBV_APC,1,0,5,31,7.7431,98.959,150.883,7.3340,1.9688,0.454,0.2704
7XBV_APC,1,1,5,31,7.5361,98.779,150.722,7.1001,1.8743,0.422,0.2605
7XBV_APC,1,2,5,31,7.3390,98.612,150.577,6.8767,1.7828,0.536,0.2526
7XBV_APC,1,3,5,31,7.1423,98.432,150.302,6.6553,1.6966,0.752,0.2464
7XBV_APC,1,4,5,31,6.9447,98.195,149.832,6.4336,1.6156,1.011,0.2362
7XBV_APC,1,5,5,31,6.7494,97.810,149.170,6.2172,1.5388,1.272,0.2296
7XBV_APC,1,6,5,31,6.5525,97.301,148.293,6.0030,1.4626,1.424,0.2130
7XBV_APC,1,7,5,31,6.3675,96.755,147.376,5.8051,1.3923,1.708,0.2040
7XBV_APC,1,8,5,31,6.1837,96.112,146.267,5.6142,1.3253,1.928,0.1966
7XBV_APC,1,9,5,31,6.0077,95.413,145.011,5.4315,1.2575,2.150,0.1951
7XBV_APC,1,10,5,31,5.8305,94.535,143.412,5.2517,1.1959,2.385,0.1946
7XBV_APC,1,11,5,31,5.6585,93.566,141.752,5.0768,1.1328,2.721,0.1854
7XBV_APC,1,12,5,31,5.5011,92.562,139.880,4.9172,1.0749,2.807,0.1794
7XBV_APC,1,13,5,31,5.3696,91.692,137.981,4.7770,1.0126,3.091,0.1759
7XBV_APC,1,14,5,31,5.2580,90.956,135.974,4.6554,0.9581,3.190,0.1739
7XBV_APC,1,15,5,31,5.1601,90.305,134.007,4.5427,0.9102,3.332,0.1846
7XBV_APC,1,16,5,31,5.0864,89.774,132.212,4.4504,0.8746,3.514,0.1873
7XBV_APC,1,17,5,31,5.0303,89.329,130.281,4.3724,0.8583,3.668,0.1960
7XBV_APC,1,18,5,31,4.9966,89.038,128.528,4.3110,0.8621,3.747,0.2062
7XBV_APC,1,19,5,31,4.9878,89.003,126.842,4.2687,0.9098,3.816,0.2144
7XBV_APC,1,20,5,31,5.0044,89.101,125.396,4.2448,0.9830,3.737,0.2103
7XBV_APC,1,21,5,31,5.0415,89.179,123.831,4.2348,1.0753,3.869,0.2184
7XBV_APC,1,22,5,31,5.1051,89.285,122.478,4.2410,1.1914,3.910,0.2006
7XBV_APC,1,23,5,31,5.1873,89.414,121.456,4.2614,1.3091,3.628,0.1848
7XBV_APC,1,24,5,31,5.2811,89.708,120.536,4.2864,1.4178,0.000,0.0000
7XEK_9YX,1,0,4,22,3.5932,127.637,163.469,3.0614,1.8600,0.366,0.1202
7XEK_9YX,1,1,4,22,3.5237,127.723,163.991,2.9868,1.7454,0.375,0.1130
7XEK_9YX,1,2,4,22,3.4618,127.809,164.450,2.9196,1.6375,0.495,0.1086
7XEK_9YX,1,3,4,22,3.4034,127.908,165.081,2.8574,1.5348,0.690,0.1039
7XEK_9YX,1,4,4,22,3.3427,127.994,165.869,2.7956,1.4380,0.984,0.1034
7XEK_9YX,1,5,4,22,3.2750,128.106,166.975,2.7301,1.3456,1.301,0.1090
7XEK_9YX,1,6,4,22,3.2015,128.210,168.377,2.6585,1.2522,1.507,0.1130
7XEK_9YX,1,7,4,22,3.1262,128.313,169.830,2.5843,1.1607,1.935,0.1172
7XEK_9YX,1,8,4,22,3.0454,128.305,171.353,2.5027,1.0753,2.110,0.1210
7XEK_9YX,1,9,4,22,2.9665,128.297,173.118,2.4205,0.9904,2.404,0.1248
7XEK_9YX,1,10,4,22,2.8874,128.253,175.095,2.3350,0.9120,2.735,0.1329
7XEK_9YX,1,11,4,22,2.8080,128.324,177.510,2.2446,0.8309,2.940,0.1366
7XEK_9YX,1,12,4,22,2.7322,128.367,179.590,2.1552,0.7515,3.164,0.1373
7XEK_9YX,1,13,4,22,2.6614,127.080,176.397,2.0675,0.6795,3.401,0.1388
7XEK_9YX,1,14,4,22,2.5940,125.706,172.761,1.9800,0.6145,3.439,0.1365
7XEK_9YX,1,15,4,22,2.5344,124.315,168.685,1.8982,0.5526,3.618,0.1439
7XEK_9YX,1,16,4,22,2.4786,122.687,163.926,1.8168,0.4891,3.823,0.1490
7XEK_9YX,1,17,4,22,2.4276,120.986,158.603,1.7385,0.4257,4.052,0.1574
7XEK_9YX,1,18,4,22,2.3858,119.169,152.504,1.6683,0.3553,4.250,0.1553
7XEK_9YX,1,19,4,22,2.3546,117.207,148.187,1.6117,0.2873,4.502,0.1717
7XEK_9YX,1,20,4,22,2.3331,115.035,148.416,1.5692,0.2144,4.625,0.1805
7XEK_9YX,1,21,4,22,2.3276,112.693,148.651,1.5534,0.1571,4.987,0.2026
7XEK_9YX,1,22,4,22,2.3426,110.089,148.794,1.5703,0.1685,5.101,0.2178
7XEK_9YX,1,23,4,22,2.3966,107.529,148.928,1.6475,0.2555,5.333,0.2305
7XEK_9YX,1,24,4,22,2.4909,105.260,149.037,1.7745,0.3437,0.000,0.0000
7XFA_D9J,1,0,7,41,8.1323,127.815,165.990,6.9650,4.8150,0.409,0.2095
7XFA_D9J,1,1,7,41,7.9550,127.886,166.015,6.8184,4.6556,0.400,0.2056
7XFA_D9J,1,2,7,41,7.7853,127.953,166.078,6.6765,4.4974,0.408,0.1983
7XFA_D9J,1,3,7,41,7.6159,128.003,166.175,6.5393,4.3429,0.522,0.1991
7XFA_D9J,1,4,7,41,7.4471,128.018,166.171,6.4068,4.1932,0.694,0.2073
7XFA_D9J,1,5,7,41,7.2787,127.983,166.195,6.2795,4.0459,0.862,0.2154
7XFA_D9J,1,6,7,41,7.1129,127.860,166.075,6.1574,3.9084,1.008,0.2152
7XFA_D9J,1,7,7,41,6.9530,127.760,165.956,6.0425,3.7747,1.272,0.2276
7XFA_D9J,1,8,7,41,6.8048,127.602,165.662,5.9430,3.6490,1.449,0.2305
7XFA_D9J,1,9,7,41,6.6730,127.430,165.194,5.8577,3.5316,1.789,0.2407
7XFA_D9J,1,10,7,41,6.5509,127.195,164.368,5.7865,3.4204,2.082,0.2531
7XFA_D9J,1,11,7,41,6.4451,126.888,163.158,5.7308,3.3154,2.388,0.2579
7XFA_D9J,1,12,7,41,6.3592,126.645,161.795,5.6949,3.2235,2.724,0.2602
7XFA_D9J,1,13,7,41,6.2919,126.386,159.922,5.6767,3.1434,3.025,0.2666
7XFA_D9J,1,14,7,41,6.2392,126.218,157.860,5.6739,3.0710,3.316,0.2679
7XFA_D9J,1,15,7,41,6.2054,126.293,158.719,5.6885,3.0152,3.569,0.2767
7XFA_D9J,1,16,7,41,6.1848,126.371,161.911,5.7172,2.9714,3.957,0.2732
7XFA_D9J,1,17,7,41,6.1831,126.566,165.793,5.7616,2.9435,4.258,0.2893
7XFA_D9J,1,18,7,41,6.1950,126.902,170.369,5.8159,2.9166,4.556,0.2904
7XFA_D9J,1,19,7,41,6.2302,127.420,175.937,5.8901,2.9008,4.850,0.2910
7XFA_D9J,1,20,7,41,6.2858,127.245,177.624,5.9783,2.9021,4.920,0.2880
7XFA_D9J,1,21,7,41,6.3598,125.757,170.427,6.0770,2.9078,5.130,0.2896
7XFA_D9J,1,22,7,41,6.4494,124.382,162.521,6.1833,2.9255,4.850,0.2941
7XFA_D9J,1,23,7,41,6.5657,123.579,154.476,6.3086,2.9605,5.141,0.2914
7XFA_D9J,1,24,7,41,6.7030,123.728,147.148,6.4445,3.0106,0.000,0.0000
7XIJ_EJ3,1,0,7,33,9.2650,114.615,158.158,7.9702,3.6740,0.426,0.2208
7XIJ_EJ3,1,1,7,33,9.0587,114.706,158.390,7.7857,3.5470,0.423,0.2178
7XIJ_EJ3,1,2,7,33,8.8581,114.805,158.616,7.6073,3.4176,0.533,0.2103
7XIJ_EJ3,1,3,7,33,8.6638,114.960,158.928,7.4383,3.2940,0.718,0.2013
7XIJ_EJ3,1,4,7,33,8.4829,115.161,159.326,7.2835,3.1798,0.998,0.1940
7XIJ_EJ3,1,5,7,33,8.3238,115.512,159.999,7.1507,3.0784,1.276,0.1937
7XIJ_EJ3,1,6,7,33,8.1848,116.075,160.951,7.0388,2.9820,1.464,0.1814
7XIJ_EJ3,1,7,7,33,8.0665,116.724,161.827,6.9490,2.8914,1.942,0.1940
7XIJ_EJ3,1,8,7,33,7.9748,117.672,163.038,6.8917,2.8079,2.257,0.2124
7XIJ_EJ3,1,9,7,33,7.9061,118.794,164.286,6.8614,2.7410,2.642,0.2446
7XIJ_EJ3,1,10,7,33,7.8637,120.033,165.722,6.8625,2.6796,2.962,0.2676
7XIJ_EJ3,1,11,7,33,7.8417,121.236,166.927,6.8818,2.6225,3.196,0.2752
7XIJ_EJ3,1,12,7,33,7.8391,122.448,167.890,6.9182,2.5704,3.342,0.2731
7XIJ_EJ3,1,13,7,33,7.8509,123.697,168.700,6.9676,2.5254,3.555,0.2741
7XIJ_EJ3,1,14,7,33,7.8672,124.954,169.150,7.0217,2.4799,3.836,0.2707
7XIJ_EJ3,1,15,7,33,7.8916,126.163,169.361,7.0846,2.4492,4.018,0.2711
7XIJ_EJ3,1,16,7,33,7.9233,127.528,169.362,7.1579,2.4233,4.237,0.2612
7XIJ_EJ3,1,17,7,33,7.9573,129.118,169.357,7.2348,2.4038,4.484,0.2583
7XIJ_EJ3,1,18,7,33,7.9986,130.936,169.465,7.3230,2.3983,4.657,0.2492
7XIJ_EJ3,1,19,7,33,8.0413,133.038,169.483,7.4125,2.3970,5.063,0.2481
7XIJ_EJ3,1,20,7,33,8.0899,135.598,169.413,7.5088,2.4022,5.378,0.2448
7XIJ_EJ3,1,21,7,33,8.1421,138.599,169.380,7.6063,2.4133,5.723,0.2518
7XIJ_EJ3,1,22,7,33,8.2021,141.779,169.305,7.7109,2.4327,6.292,0.2656
7XIJ_EJ3,1,23,7,33,8.2614,145.190,169.247,7.8137,2.4573,6.744,0.2965
7XIJ_EJ3,1,24,7,33,8.3232,148.103,169.240,7.9152,2.4996,0.000,0.0000
7XQZ_FPF,1,0,5,25,5.8269,123.118,153.537,5.2367,1.5354,0.425,0.1454
7XQZ_FPF,1,1,5,25,5.7336,123.140,153.591,5.1431,1.5059,0.426,0.1401
7XQZ_FPF,1,2,5,25,5.6465,123.137,153.612,5.0546,1.4763,0.619,0.1378
7XQZ_FPF,1,3,5,25,5.5617,123.115,153.645,4.9662,1.4426,0.909,0.1380
7XQZ_FPF,1,4,5,25,5.4794,123.097,153.777,4.8770,1.4058,1.174,0.1392
7XQZ_FPF,1,5,5,25,5.3984,123.038,153.930,4.7863,1.3660,1.450,0.1438
7XQZ_FPF,1,6,5,25,5.3190,122.960,154.114,4.6954,1.3242,1.633,0.1464
7XQZ_FPF,1,7,5,25,5.2409,122.858,154.408,4.6045,1.2787,1.927,0.1483
7XQZ_FPF,1,8,5,25,5.1686,122.794,154.689,4.5167,1.2355,2.082,0.1487
7XQZ_FPF,1,9,5,25,5.1027,122.757,154.964,4.4334,1.1934,2.420,0.1529
7XQZ_FPF,1,10,5,25,5.0390,122.800,155.450,4.3492,1.1461,2.581,0.1654
7XQZ_FPF,1,11,5,25,4.9792,123.018,156.120,4.2641,1.0977,2.794,0.1711
7XQZ_FPF,1,12,5,25,4.9263,123.365,156.807,4.1815,1.0552,3.155,0.1865
7XQZ_FPF,1,13,5,25,4.8805,123.867,157.644,4.0975,1.0118,3.394,0.1953
7XQZ_FPF,1,14,5,25,4.8449,124.520,158.600,4.0187,0.9752,3.371,0.2017
7XQZ_FPF,1,15,5,25,4.8192,125.100,159.554,3.9463,0.9426,3.276,0.2096
7XQZ_FPF,1,16,5,25,4.8050,125.721,160.675,3.8814,0.9140,3.279,0.2124
7XQZ_FPF,1,17,5,25,4.8107,126.449,161.737,3.8380,0.8945,2.997,0.2190
7XQZ_FPF,1,18,5,25,4.8280,127.130,162.869,3.8049,0.8788,2.831,0.2140
7XQZ_FPF,1,19,5,25,4.8614,127.796,164.151,3.7935,0.8683,2.832,0.2114
7XQZ_FPF,1,20,5,25,4.9114,128.342,165.315,3.8067,0.8623,2.482,0.1941
7XQZ_FPF,1,21,5,25,4.9712,128.717,166.246,3.8389,0.8564,2.507,0.1949
7XQZ_FPF,1,22,5,25,5.0510,129.003,166.917,3.8958,0.8521,2.828,0.1933
7XQZ_FPF,1,23,5,25,5.1393,129.232,167.615,3.9641,0.8467,2.209,0.1969
7XQZ_FPF,1,24,5,25,5.2463,129.396,167.569,4.0430,0.8405,0.000,0.0000
7XRL_FWK,1,0,3,19,6.8164,111.765,164.503,6.8424,4.6661,0.484,0.2441
7XRL_FWK,1,1,3,19,6.5849,111.604,164.285,6.6081,4.4611,0.376,0.2443
7XRL_FWK,1,2,3,19,6.3551,111.434,164.088,6.3745,4.2518,0.351,0.2404
7XRL_FWK,1,3,3,19,6.1312,111.281,163.883,6.1454,4.0446,0.417,0.2364
7XRL_FWK,1,4,3,19,5.9124,111.133,163.594,5.9212,3.8376,0.604,0.2283
7XRL_FWK,1,5,3,19,5.7012,110.940,163.120,5.7085,3.6283,0.805,0.2148
7XRL_FWK,1,6,3,19,5.5039,110.807,162.600,5.5172,3.4216,1.122,0.2003
7XRL_FWK,1,7,3,19,5.3298,110.728,161.958,5.3549,3.2240,1.683,0.1941
7XRL_FWK,1,8,3,19,5.1787,110.879,161.296,5.2274,3.0296,2.045,0.2006
7XRL_FWK,1,9,3,19,5.0410,111.262,160.737,5.1134,2.8298,2.413,0.2048
7XRL_FWK,1,10,3,19,4.9243,111.888,160.216,5.0212,2.6269,2.788,0.2016
7XRL_FWK,1,11,3,19,4.8263,112.669,159.487,4.9401,2.4267,3.228,0.2049
7XRL_FWK,1,12,3,19,4.7533,113.784,158.798,4.8806,2.2330,3.389,0.2008
7XRL_FWK,1,13,3,19,4.7051,115.449,158.778,4.8420,2.0443,3.832,0.2072
7XRL_FWK,1,14,3,19,4.6758,117.463,158.887,4.8190,1.8520,3.924,0.2022
7XRL_FWK,1,15,3,19,4.6649,119.566,159.069,4.8115,1.6660,4.197,0.1991
7XRL_FWK,1,16,3,19,4.6771,121.817,159.356,4.8260,1.4803,4.423,0.1927
7XRL_FWK,1,17,3,19,4.7090,124.140,159.619,4.8604,1.3037,4.598,0.2037
7XRL_FWK,1,18,3,19,4.7660,126.637,159.792,4.9187,1.1164,4.811,0.1974
7XRL_FWK,1,19,3,19,4.8377,129.087,159.916,4.9909,0.9371,5.029,0.1998
7XRL_FWK,1,20,3,19,4.9322,131.563,159.677,5.0837,0.7572,4.896,0.1918
7XRL_FWK,1,21,3,19,5.0390,133.664,158.664,5.1847,0.5885,4.760,0.1799
7XRL_FWK,1,22,3,19,5.1599,135.562,157.276,5.2950,0.4343,4.752,0.1725
7XRL_FWK,1,23,3,19,5.2902,136.643,154.592,5.4132,0.3112,4.247,0.1632
7XRL_FWK,1,24,3,19,5.4219,136.500,151.050,5.5310,0.2188,0.000,0.0000
7YZU_DO7,1,0,3,16,5.2210,174.322,178.573,3.6059,0.3742,0.179,0.1068
7YZU_DO7,1,1,3,16,5.1443,174.404,178.715,3.5384,0.3709,0.172,0.0992
7YZU_DO7,1,2,3,16,5.0740,174.470,178.829,3.4757,0.3645,0.192,0.0986
7YZU_DO7,1,3,3,16,5.0056,174.551,178.956,3.4135,0.3606,0.245,0.0979
7YZU_DO7,1,4,3,16,4.9391,174.661,179.149,3.3516,0.3571,0.326,0.0963
7YZU_DO7,1,5,3,16,4.8754,174.781,179.338,3.2899,0.3534,0.491,0.0965
7YZU_DO7,1,6,3,16,4.8155,174.975,179.547,3.2310,0.3512,0.599,0.0944
7YZU_DO7,1,7,3,16,4.7608,175.205,179.801,3.1780,0.3485,1.057,0.1021
7YZU_DO7,1,8,3,16,4.7119,175.459,179.899,3.1232,0.3475,1.457,0.1177
7YZU_DO7,1,9,3,16,4.6703,175.699,179.867,3.0709,0.3443,2.033,0.1322
7YZU_DO7,1,10,3,16,4.6386,176.001,179.658,3.0252,0.3386,2.538,0.1586
7YZU_DO7,1,11,3,16,4.6113,176.198,179.248,2.9774,0.3297,2.697,0.1699
7YZU_DO7,1,12,3,16,4.5901,176.375,178.804,2.9361,0.3211,2.873,0.1770
7YZU_DO7,1,13,3,16,4.5776,176.526,178.147,2.9041,0.3182,2.898,0.1767
7YZU_DO7,1,14,3,16,4.5704,176.594,177.439,2.8790,0.3085,2.875,0.1699
7YZU_DO7,1,15,3,16,4.5688,176.727,176.897,2.8650,0.2971,2.852,0.1586
7YZU_DO7,1,16,3,16,4.5779,177.001,177.463,2.8674,0.2845,3.061,0.1554
7YZU_DO7,1,17,3,16,4.5954,177.445,178.743,2.8816,0.2809,2.680,0.1541
7YZU_DO7,1,18,3,16,4.6210,177.830,179.772,2.9113,0.2872,2.461,0.1570
7YZU_DO7,1,19,3,16,4.6457,177.720,179.976,2.9481,0.2923,2.452,0.1617
7YZU_DO7,1,20,3,16,4.6797,177.612,179.855,3.0073,0.2960,2.155,0.1665
7YZU_DO7,1,21,3,16,4.7151,177.535,179.694,3.0840,0.2933,1.959,0.1826
7YZU_DO7,1,22,3,16,4.7558,177.437,179.611,3.1819,0.2856,1.635,0.1938
7YZU_DO7,1,23,3,16,4.8029,177.299,179.446,3.3078,0.2928,1.437,0.1983
7YZU_DO7,1,24,3,16,4.8515,176.588,179.196,3.4509,0.3106,0.000,0.0000
7Z1Q_NIO,1,0,2,9,5.3330,134.364,161.741,4.3995,4.1906,0.368,0.2858
7Z1Q_NIO,1,1,2,9,5.0465,134.573,161.781,4.1220,3.9599,0.399,0.2723
7Z1Q_NIO,1,2,2,9,4.7777,134.760,161.774,3.8597,3.7432,0.442,0.2678
7Z1Q_NIO,1,3,2,9,4.5193,135.031,161.894,3.6033,3.5342,0.399,0.2507
7Z1Q_NIO,1,4,2,9,4.2822,135.228,162.157,3.3656,3.3438,0.593,0.2452
7Z1Q_NIO,1,5,2,9,4.0566,135.519,162.521,3.1366,3.1649,0.757,0.2475
7Z1Q_NIO,1,6,2,9,3.8385,135.971,163.076,2.9101,2.9936,0.840,0.2373
7Z1Q_NIO,1,7,2,9,3.6330,136.481,163.660,2.6973,2.8316,1.150,0.2418
7Z1Q_NIO,1,8,2,9,3.4354,137.122,164.260,2.4883,2.6758,1.219,0.2386
7Z1Q_NIO,1,9,2,9,3.2500,137.788,164.860,2.2963,2.5285,1.256,0.2429
7Z1Q_NIO,1,10,2,9,3.0705,138.396,165.294,2.1154,2.3808,1.871,0.2487
7Z1Q_NIO,1,11,2,9,2.9036,139.326,165.869,1.9586,2.2384,2.270,0.2548
7Z1Q_NIO,1,12,2,9,2.7504,140.440,166.436,1.8310,2.0981,2.407,0.2586
7Z1Q_NIO,1,13,2,9,2.6130,141.633,166.943,1.7329,1.9577,2.797,0.2691
7Z1Q_NIO,1,14,2,9,2.4928,142.762,167.104,1.6632,1.8151,2.763,0.2649
7Z1Q_NIO,1,15,2,9,2.4037,143.792,167.089,1.6234,1.6839,2.715,0.2688
7Z1Q_NIO,1,16,2,9,2.3410,144.857,166.932,1.5987,1.5527,2.861,0.2764
7Z1Q_NIO,1,17,2,9,2.3132,145.924,166.506,1.5954,1.4285,2.967,0.2814
7Z1Q_NIO,1,18,2,9,2.3185,146.913,165.850,1.6099,1.3099,3.088,0.2862
7Z1Q_NIO,1,19,2,9,2.3672,148.062,164.910,1.6590,1.2111,3.252,0.2877
7Z1Q_NIO,1,20,2,9,2.4497,149.461,164.171,1.7417,1.1296,3.442,0.2824
7Z1Q_NIO,1,21,2,9,2.5644,151.073,163.641,1.8714,1.0761,3.650,0.2812
7Z1Q_NIO,1,22,2,9,2.7067,152.954,163.311,2.0483,1.0552,3.734,0.2670
7Z1Q_NIO,1,23,2,9,2.8625,155.053,163.805,2.2520,1.0536,3.460,0.2552
7Z1Q_NIO,1,24,2,9,3.0189,157.178,165.176,2.4637,1.0577,0.000,0.0000
7Z2O_IAJ,1,0,2,14,5.2788,127.914,127.914,5.3501,3.5952,0.085,0.2056
7Z2O_IAJ,1,1,2,14,5.1511,127.920,127.920,5.1535,3.4360,0.082,0.1982
7Z2O_IAJ,1,2,2,14,5.0310,127.936,127.936,4.9643,3.2822,0.209,0.1942
7Z2O_IAJ,1,3,2,14,4.9174,127.987,127.987,4.7801,3.1326,0.399,0.1873
7Z2O_IAJ,1,4,2,14,4.8129,128.215,128.215,4.6036,2.9884,0.645,0.1805
7Z2O_IAJ,1,5,2,14,4.7179,128.632,128.632,4.4353,2.8481,1.083,0.1712
7Z2O_IAJ,1,6,2,14,4.6346,129.301,129.301,4.2790,2.7107,1.631,0.1585
7Z2O_IAJ,1,7,2,14,4.5656,130.331,130.331,4.1370,2.5768,2.341,0.1480
7Z2O_IAJ,1,8,2,14,4.5121,131.969,131.969,4.0059,2.4474,2.532,0.1452
7Z2O_IAJ,1,9,2,14,4.4649,133.827,133.827,3.8771,2.3193,3.321,0.1510
7Z2O_IAJ,1,10,2,14,4.4280,136.545,136.545,3.7474,2.1852,3.470,0.1420
7Z2O_IAJ,1,11,2,14,4.3992,139.325,139.325,3.6276,2.0576,3.591,0.1381
7Z2O_IAJ,1,12,2,14,4.3765,142.219,142.219,3.5146,1.9361,4.132,0.1374
7Z2O_IAJ,1,13,2,14,4.3638,145.986,145.986,3.4070,1.8240,4.488,0.1409
7Z2O_IAJ,1,14,2,14,4.3551,150.148,150.148,3.3027,1.7150,4.445,0.1444
7Z2O_IAJ,1,15,2,14,4.3448,154.296,154.296,3.1972,1.6090,4.285,0.1381
7Z2O_IAJ,1,16,2,14,4.3342,158.321,158.321,3.0977,1.5109,4.057,0.1377
7Z2O_IAJ,1,17,2,14,4.3236,162.090,162.090,3.0063,1.4213,3.972,0.1421
7Z2O_IAJ,1,18,2,14,4.3112,165.681,165.681,2.9163,1.3306,3.636,0.1372
7Z2O_IAJ,1,19,2,14,4.3002,168.841,168.841,2.8397,1.2509,3.320,0.1439
7Z2O_IAJ,1,20,2,14,4.2862,171.529,171.529,2.7627,1.1696,3.199,0.1422
7Z2O_IAJ,1,21,2,14,4.2713,173.640,173.640,2.6910,1.0957,3.120,0.1401
7Z2O_IAJ,1,22,2,14,4.2553,175.130,175.130,2.6248,1.0299,3.129,0.1377
7Z2O_IAJ,1,23,2,14,4.2445,175.931,175.931,2.5892,0.9879,2.847,0.1525
7Z2O_IAJ,1,24,2,14,4.2425,175.804,175.804,2.5951,0.9560,0.000,0.0000
7Z7F_IF3,1,0,3,14,6.2778,83.655,83.655,3.9039,5.1354,0.117,0.2040
7Z7F_IF3,1,1,3,14,6.0532,83.627,83.627,3.7496,4.9044,0.058,0.1966
7Z7F_IF3,1,2,3,14,5.8411,83.620,83.620,3.6084,4.6827,0.178,0.1952
7Z7F_IF3,1,3,3,14,5.6276,83.554,83.554,3.4743,4.4581,0.414,0.1894
7Z7F_IF3,1,4,3,14,5.4120,83.340,83.340,3.3477,4.2316,0.614,0.1919
7Z7F_IF3,1,5,3,14,5.1946,83.064,83.064,3.2211,3.9992,1.108,0.1892
7Z7F_IF3,1,6,3,14,4.9749,82.586,82.586,3.0955,3.7649,1.384,0.1836
7Z7F_IF3,1,7,3,14,4.7616,82.003,82.003,2.9767,3.5369,1.704,0.1809
7Z7F_IF3,1,8,3,14,4.5496,81.271,81.271,2.8591,3.3085,1.933,0.1694
7Z7F_IF3,1,9,3,14,4.3427,80.280,80.280,2.7487,3.0867,2.354,0.1628
7Z7F_IF3,1,10,3,14,4.1342,79.022,79.022,2.6439,2.8613,2.460,0.1594
7Z7F_IF3,1,11,3,14,3.9278,77.498,77.498,2.5360,2.6387,2.632,0.1593
7Z7F_IF3,1,12,3,14,3.7223,75.736,75.736,2.4281,2.4151,2.775,0.1547
7Z7F_IF3,1,13,3,14,3.5278,73.845,73.845,2.3262,2.1989,2.800,0.1637
7Z7F_IF3,1,14,3,14,3.3325,71.789,71.789,2.2184,1.9772,2.558,0.1606
7Z7F_IF3,1,15,3,14,3.1556,69.797,69.797,2.1218,1.7658,2.766,0.1635
7Z7F_IF3,1,16,3,14,2.9834,67.570,67.570,2.0258,1.5555,2.885,0.1607
7Z7F_IF3,1,17,3,14,2.8189,65.093,65.093,1.9328,1.3550,3.383,0.1708
7Z7F_IF3,1,18,3,14,2.6498,62.106,62.106,1.8341,1.1540,3.936,0.1642
7Z7F_IF3,1,19,3,14,2.4784,58.505,58.505,1.7413,0.9609,4.613,0.1760
7Z7F_IF3,1,20,3,14,2.2971,54.210,54.210,1.6499,0.7699,4.996,0.1766
7Z7F_IF3,1,21,3,14,2.1190,49.505,49.505,1.5825,0.5905,5.703,0.1910
7Z7F_IF3,1,22,3,14,1.9311,44.250,44.250,1.5193,0.4248,5.810,0.2096
7Z7F_IF3,1,23,3,14,1.7538,39.077,39.077,1.4708,0.2906,5.531,0.2258
7Z7F_IF3,1,24,3,14,1.6180,34.478,34.478,1.4634,0.2066,0.000,0.0000
7ZCC_OGA,1,0,3,10,5.8184,135.143,138.587,6.0418,1.2957,0.177,0.2134
7ZCC_OGA,1,1,3,10,5.6597,135.157,138.656,5.8456,1.1978,0.283,0.2034
7ZCC_OGA,1,2,3,10,5.5093,135.098,138.739,5.6593,1.1041,0.423,0.2027
7ZCC_OGA,1,3,3,10,5.3644,134.970,138.843,5.4732,1.0191,0.389,0.1967
7ZCC_OGA,1,4,3,10,5.2281,134.892,138.959,5.2936,0.9417,0.456,0.1915
7ZCC_OGA,1,5,3,10,5.1000,134.856,139.107,5.1200,0.8696,0.599,0.1845
7ZCC_OGA,1,6,3,10,4.9868,134.708,139.273,4.9571,0.8016,0.516,0.1738
7ZCC_OGA,1,7,3,10,4.8861,134.592,139.421,4.8059,0.7425,0.690,0.1745
7ZCC_OGA,1,8,3,10,4.7914,134.459,139.597,4.6590,0.6802,0.795,0.1743
7ZCC_OGA,1,9,3,10,4.7001,134.330,139.746,4.5141,0.6209,0.838,0.1743
7ZCC_OGA,1,10,3,10,4.6227,134.316,140.026,4.3826,0.5556,0.904,0.1669
7ZCC_OGA,1,11,3,10,4.5619,134.343,140.277,4.2657,0.5015,0.954,0.1665
7ZCC_OGA,1,12,3,10,4.5086,134.580,140.570,4.1550,0.4514,1.312,0.1661
7ZCC_OGA,1,13,3,10,4.4678,135.008,140.897,4.0564,0.4058,1.502,0.1659
7ZCC_OGA,1,14,3,10,4.4317,135.528,141.158,3.9603,0.3722,1.785,0.1633
7ZCC_OGA,1,15,3,10,4.4046,136.251,141.408,3.8706,0.3560,1.830,0.1473
7ZCC_OGA,1,16,3,10,4.3964,137.071,141.706,3.7994,0.3468,1.989,0.1510
7ZCC_OGA,1,17,3,10,4.3931,137.734,141.962,3.7349,0.3492,2.185,0.1568
7ZCC_OGA,1,18,3,10,4.3800,138.316,142.328,3.6640,0.3626,2.419,0.1518
7ZCC_OGA,1,19,3,10,4.3789,138.769,142.507,3.6029,0.3908,2.613,0.1456
7ZCC_OGA,1,20,3,10,4.3852,139.423,142.801,3.5512,0.4288,2.762,0.1574
7ZCC_OGA,1,21,3,10,4.3909,139.812,143.049,3.4986,0.4935,3.053,0.1725
7ZCC_OGA,1,22,3,10,4.4074,140.206,143.416,3.4552,0.5837,3.075,0.1967
7ZCC_OGA,1,23,3,10,4.4258,140.279,143.799,3.4082,0.6986,3.124,0.2147
7ZCC_OGA,1,24,3,10,4.4624,140.027,144.376,3.3730,0.8413,0.000,0.0000
7ZDY_6MJ,1,0,2,11,3.4320,160.420,160.420,2.2979,0.8371,0.178,0.0800
7ZDY_6MJ,1,1,2,11,3.4230,160.285,160.285,2.2658,0.8445,0.172,0.0688
7ZDY_6MJ,1,2,2,11,3.4147,160.166,160.166,2.2383,0.8508,0.225,0.0719
7ZDY_6MJ,1,3,2,11,3.4062,160.021,160.021,2.2108,0.8553,0.302,0.0710
7ZDY_6MJ,1,4,2,11,3.3986,159.810,159.810,2.1868,0.8587,0.391,0.0702
7ZDY_6MJ,1,5,2,11,3.3916,159.539,159.539,2.1663,0.8617,0.455,0.0755
7ZDY_6MJ,1,6,2,11,3.3880,159.216,159.216,2.1501,0.8698,0.519,0.0742
7ZDY_6MJ,1,7,2,11,3.3859,158.869,158.869,2.1380,0.8783,0.688,0.0812
7ZDY_6MJ,1,8,2,11,3.3853,158.355,158.355,2.1320,0.8856,0.773,0.0823
7ZDY_6MJ,1,9,2,11,3.3868,157.794,157.794,2.1302,0.8984,0.858,0.0822
7ZDY_6MJ,1,10,2,11,3.3870,157.201,157.201,2.1327,0.9032,0.963,0.0861
7ZDY_6MJ,1,11,2,11,3.3896,156.450,156.450,2.1399,0.9120,1.079,0.0910
7ZDY_6MJ,1,12,2,11,3.3966,155.595,155.595,2.1564,0.9242,1.218,0.0936
7ZDY_6MJ,1,13,2,11,3.4061,154.522,154.522,2.1800,0.9382,1.516,0.1022
7ZDY_6MJ,1,14,2,11,3.4222,153.137,153.137,2.2189,0.9572,1.685,0.1067
7ZDY_6MJ,1,15,2,11,3.4437,151.567,151.567,2.2659,0.9847,1.909,0.1066
7ZDY_6MJ,1,16,2,11,3.4675,149.747,149.747,2.3192,1.0161,2.326,0.1126
7ZDY_6MJ,1,17,2,11,3.4936,147.460,147.460,2.3803,1.0537,2.527,0.1173
7ZDY_6MJ,1,18,2,11,3.5261,144.980,144.980,2.4487,1.1028,2.888,0.1181
7ZDY_6MJ,1,19,2,11,3.5677,142.158,142.158,2.5213,1.1804,3.268,0.1231
7ZDY_6MJ,1,20,2,11,3.6176,138.998,138.998,2.6032,1.2729,3.321,0.1261
7ZDY_6MJ,1,21,2,11,3.6801,135.825,135.825,2.6896,1.3894,3.739,0.1414
7ZDY_6MJ,1,22,2,11,3.7623,132.292,132.292,2.7850,1.5450,3.487,0.1533
7ZDY_6MJ,1,23,2,11,3.8460,128.914,128.914,2.8695,1.7048,2.921,0.1691
7ZDY_6MJ,1,24,2,11,3.9259,126.007,126.007,2.9300,1.8703,0.000,0.0000
7ZHP_IQY,1,0,3,27,7.2302,121.066,121.066,4.4280,5.3215,0.356,0.1931
7ZHP_IQY,1,1,3,27,7.0768,120.775,120.775,4.3386,5.1326,0.254,0.1910
7ZHP_IQY,1,2,3,27,6.9306,120.596,120.596,4.2590,4.9467,0.376,0.1826
7ZHP_IQY,1,3,3,27,6.7872,120.364,120.364,4.1803,4.7648,0.599,0.1798
7ZHP_IQY,1,4,3,27,6.6396,120.101,120.101,4.0971,4.5807,0.893,0.1808
7ZHP_IQY,1,5,3,27,6.4865,119.833,119.833,4.0103,4.3937,1.431,0.1769
7ZHP_IQY,1,6,3,27,6.3188,119.715,119.715,3.9168,4.1983,1.882,0.1737
7ZHP_IQY,1,7,3,27,6.1496,119.826,119.826,3.8225,4.0057,2.570,0.1660
7ZHP_IQY,1,8,3,27,5.9721,120.199,120.199,3.7180,3.8158,2.959,0.1633
7ZHP_IQY,1,9,3,27,5.7961,120.883,120.883,3.6185,3.6265,3.478,0.1572
7ZHP_IQY,1,10,3,27,5.6205,121.942,121.942,3.5135,3.4418,3.909,0.1583
7ZHP_IQY,1,11,3,27,5.4487,123.438,123.438,3.4065,3.2585,4.238,0.1605
7ZHP_IQY,1,12,3,27,5.2860,125.374,125.374,3.3058,3.0767,4.507,0.1566
7ZHP_IQY,1,13,3,27,5.1350,127.694,127.694,3.2044,2.9018,4.671,0.1653
7ZHP_IQY,1,14,3,27,4.9859,130.215,130.215,3.0981,2.7220,4.681,0.1659
7ZHP_IQY,1,15,3,27,4.8558,133.018,133.018,3.0109,2.5480,4.668,0.1670
7ZHP_IQY,1,16,3,27,4.7345,135.923,135.923,2.9361,2.3717,4.595,0.1789
7ZHP_IQY,1,17,3,27,4.6199,138.792,138.792,2.8708,2.1916,4.625,0.1947
7ZHP_IQY,1,18,3,27,4.5081,141.673,141.673,2.8196,1.9974,4.718,0.1918
7ZHP_IQY,1,19,3,27,4.4073,144.575,144.575,2.7847,1.8043,4.952,0.2039
7ZHP_IQY,1,20,3,27,4.3190,147.541,147.541,2.7637,1.6137,4.688,0.2093
7ZHP_IQY,1,21,3,27,4.2491,150.270,150.270,2.7693,1.4281,4.731,0.2201
7ZHP_IQY,1,22,3,27,4.1993,152.986,152.986,2.8015,1.2500,4.446,0.2336
7ZHP_IQY,1,23,3,27,4.1705,155.284,155.284,2.8626,1.0871,4.206,0.2569
7ZHP_IQY,1,24,3,27,4.1683,157.141,157.141,2.9701,0.9487,0.000,0.0000
7ZL5_IWE,1,0,4,23,6.1542,139.800,163.645,5.1809,3.0804,0.311,0.1814
7ZL5_IWE,1,1,4,23,6.0320,139.870,163.982,5.0614,2.9447,0.287,0.1732
7ZL5_IWE,1,2,4,23,5.9187,139.929,164.272,4.9511,2.8138,0.329,0.1732
7ZL5_IWE,1,3,4,23,5.8170,140.055,164.664,4.8524,2.6843,0.436,0.1754
7ZL5_IWE,1,4,4,23,5.7317,140.264,165.235,4.7696,2.5564,0.593,0.1789
7ZL5_IWE,1,5,4,23,5.6637,140.621,165.978,4.7031,2.4285,0.857,0.1860
7ZL5_IWE,1,6,4,23,5.6152,141.218,166.840,4.6539,2.3001,1.081,0.1890
7ZL5_IWE,1,7,4,23,5.5778,141.919,167.684,4.6132,2.1717,1.373,0.1939
7ZL5_IWE,1,8,4,23,5.5579,142.820,168.628,4.5903,2.0405,1.489,0.1924
7ZL5_IWE,1,9,4,23,5.5511,143.801,169.522,4.5811,1.9134,1.739,0.1965
7ZL5_IWE,1,10,4,23,5.5552,144.937,170.301,4.5842,1.7836,1.882,0.2001
7ZL5_IWE,1,11,4,23,5.5724,146.210,171.159,4.6035,1.6554,2.074,0.2043
7ZL5_IWE,1,12,4,23,5.6023,147.599,171.888,4.6407,1.5246,2.252,0.2119
7ZL5_IWE,1,13,4,23,5.6429,149.058,172.317,4.6969,1.3878,2.376,0.2183
7ZL5_IWE,1,14,4,23,5.6970,150.543,172.393,4.7738,1.2489,2.572,0.2210
7ZL5_IWE,1,15,4,23,5.7622,152.048,172.178,4.8682,1.1162,2.607,0.2227
7ZL5_IWE,1,16,4,23,5.8424,153.747,172.184,4.9820,0.9927,2.791,0.2317
7ZL5_IWE,1,17,4,23,5.9353,155.490,171.970,5.1142,0.8725,2.957,0.2384
7ZL5_IWE,1,18,4,23,6.0444,157.463,172.429,5.2675,0.7649,3.207,0.2372
7ZL5_IWE,1,19,4,23,6.1649,159.468,172.879,5.4314,0.6762,3.177,0.2388
7ZL5_IWE,1,20,4,23,6.2964,161.359,173.587,5.6078,0.6097,3.176,0.2391
7ZL5_IWE,1,21,4,23,6.4449,163.100,174.339,5.8008,0.5893,3.338,0.2509
7ZL5_IWE,1,22,4,23,6.6136,164.839,175.030,6.0147,0.6122,3.282,0.2676
7ZL5_IWE,1,23,4,23,6.8141,166.503,175.543,6.2573,0.6689,3.049,0.2823
7ZL5_IWE,1,24,4,23,7.0372,167.742,175.058,6.5190,0.7385,0.000,0.0000
7ZTL_BCN,1,0,4,11,5.5074,120.140,152.655,4.5926,3.0175,0.320,0.1784
7ZTL_BCN,1,1,4,11,5.3386,120.185,152.556,4.4487,2.9119,0.348,0.1727
7ZTL_BCN,1,2,4,11,5.1755,120.169,152.247,4.3094,2.8072,0.362,0.1715
7ZTL_BCN,1,3,4,11,5.0133,120.110,151.834,4.1706,2.7040,0.321,0.1684
7ZTL_BCN,1,4,4,11,4.8515,119.996,151.398,4.0311,2.6034,0.451,0.1693
7ZTL_BCN,1,5,4,11,4.6911,119.672,150.651,3.8931,2.5036,0.708,0.1716
7ZTL_BCN,1,6,4,11,4.5314,119.148,149.461,3.7567,2.4026,0.843,0.1695
7ZTL_BCN,1,7,4,11,4.3744,118.582,148.380,3.6227,2.3035,1.369,0.1734
7ZTL_BCN,1,8,4,11,4.2133,117.643,146.792,3.4828,2.2051,1.760,0.1758
7ZTL_BCN,1,9,4,11,4.0543,116.488,144.757,3.3456,2.1098,2.008,0.1754
7ZTL_BCN,1,10,4,11,3.8978,115.177,142.394,3.2105,2.0173,2.295,0.1800
7ZTL_BCN,1,11,4,11,3.7432,113.703,140.025,3.0740,1.9211,2.660,0.1876
7ZTL_BCN,1,12,4,11,3.5955,112.093,137.890,2.9429,1.8294,3.099,0.1976
7ZTL_BCN,1,13,4,11,3.4564,110.519,135.821,2.8173,1.7416,3.863,0.2178
7ZTL_BCN,1,14,4,11,3.3229,108.620,133.307,2.6960,1.6612,3.837,0.2222
7ZTL_BCN,1,15,4,11,3.1997,107.066,130.776,2.5820,1.5886,3.710,0.2258
7ZTL_BCN,1,16,4,11,3.0979,105.937,128.699,2.4850,1.5314,3.655,0.2265
7ZTL_BCN,1,17,4,11,3.0101,105.233,126.753,2.3970,1.4832,3.787,0.2260
7ZTL_BCN,1,18,4,11,2.9431,104.673,127.321,2.3263,1.4481,3.895,0.2223
7ZTL_BCN,1,19,4,11,2.8982,104.358,128.138,2.2755,1.4305,3.623,0.2087
7ZTL_BCN,1,20,4,11,2.8712,104.425,129.231,2.2378,1.4195,3.124,0.1947
7ZTL_BCN,1,21,4,11,2.8700,104.237,130.318,2.2271,1.4280,2.674,0.1928
7ZTL_BCN,1,22,4,11,2.8917,104.126,131.288,2.2344,1.4491,2.142,0.1829
7ZTL_BCN,1,23,4,11,2.9455,104.165,132.159,2.2721,1.4881,2.265,0.1881
7ZTL_BCN,1,24,4,11,3.0395,104.517,133.358,2.3432,1.5570,0.000,0.0000
7ZZW_KKW,1,0,5,29,6.9825,136.726,174.097,5.8815,3.8642,0.472,0.2001
7ZZW_KKW,1,1,5,29,6.9227,136.498,174.073,5.7592,3.8770,0.407,0.1926
7ZZW_KKW,1,2,5,29,6.8650,136.321,174.074,5.6395,3.8822,0.568,0.1939
7ZZW_KKW,1,3,5,29,6.8071,136.017,174.112,5.5158,3.8871,0.848,0.2053
7ZZW_KKW,1,4,5,29,6.7396,135.504,174.209,5.3743,3.8914,1.186,0.2027
7ZZW_KKW,1,5,5,29,6.6673,134.807,174.554,5.2257,3.8914,1.626,0.2058
7ZZW_KKW,1,6,5,29,6.5891,133.878,175.118,5.0673,3.8953,1.869,0.2033
7ZZW_KKW,1,7,5,29,6.5093,132.836,175.855,4.9065,3.8970,2.313,0.2027
7ZZW_KKW,1,8,5,29,6.4236,131.566,176.804,4.7370,3.8895,2.557,0.2079
7ZZW_KKW,1,9,5,29,6.3341,130.147,177.877,4.5592,3.8763,2.709,0.2018
7ZZW_KKW,1,10,5,29,6.2382,128.659,179.007,4.3767,3.8512,2.859,0.1938
7ZZW_KKW,1,11,5,29,6.1429,127.102,179.905,4.1999,3.8237,3.078,0.2022
7ZZW_KKW,1,12,5,29,6.0408,124.967,178.609,4.0154,3.7848,3.131,0.2025
7ZZW_KKW,1,13,5,29,5.9367,122.912,177.373,3.8340,3.7464,3.448,0.2113
7ZZW_KKW,1,14,5,29,5.8267,120.868,176.294,3.6539,3.7041,3.564,0.2038
7ZZW_KKW,1,15,5,29,5.7271,118.893,175.232,3.4897,3.6646,3.704,0.2070
7ZZW_KKW,1,16,5,29,5.6321,117.043,174.423,3.3367,3.6279,3.886,0.1966
7ZZW_KKW,1,17,5,29,5.5478,115.401,173.875,3.2115,3.5971,4.069,0.1938
7ZZW_KKW,1,18,5,29,5.4841,113.960,173.348,3.1204,3.5780,4.089,0.1880
7ZZW_KKW,1,19,5,29,5.4297,112.732,172.977,3.0571,3.5645,4.267,0.1902
7ZZW_KKW,1,20,5,29,5.3762,111.932,173.056,3.0123,3.5439,4.316,0.1736
7ZZW_KKW,1,21,5,29,5.3375,111.430,173.315,2.9902,3.5272,4.518,0.1686
7ZZW_KKW,1,22,5,29,5.2935,111.278,174.036,2.9746,3.5016,4.687,0.1658
7ZZW_KKW,1,23,5,29,5.2717,111.571,175.488,2.9802,3.4821,4.546,0.1740
7ZZW_KKW,1,24,5,29,5.2607,112.454,178.317,2.9961,3.4597,0.000,0.0000
8A2D_KXY,1,0,7,49,10.2065,123.746,176.067,7.9459,6.3133,0.444,0.1652
8A2D_KXY,1,1,7,49,10.0937,123.880,176.406,7.8517,6.1904,0.453,0.1587
8A2D_KXY,1,2,7,49,9.9881,124.022,176.757,7.7625,6.0728,0.597,0.1594
8A2D_KXY,1,3,7,49,9.8761,124.153,177.244,7.6648,5.9560,0.835,0.1717
8A2D_KXY,1,4,7,49,9.7509,124.238,177.874,7.5488,5.8334,1.093,0.1831
8A2D_KXY,1,5,7,49,9.6184,124.258,178.621,7.4200,5.7104,1.435,0.1957
8A2D_KXY,1,6,7,49,9.4804,124.225,179.554,7.2830,5.5906,1.632,0.2071
8A2D_KXY,1,7,7,49,9.3402,124.036,179.461,7.1386,5.4717,1.818,0.2162
8A2D_KXY,1,8,7,49,9.1965,123.628,178.210,6.9903,5.3593,1.923,0.2176
8A2D_KXY,1,9,7,49,9.0530,123.279,176.785,6.8451,5.2501,2.090,0.2300
8A2D_KXY,1,10,7,49,8.9028,122.945,175.189,6.6938,5.1386,2.223,0.2284
8A2D_KXY,1,11,7,49,8.7580,122.590,173.481,6.5512,5.0394,2.336,0.2337
8A2D_KXY,1,12,7,49,8.6172,122.282,171.619,6.4157,4.9393,2.485,0.2309
8A2D_KXY,1,13,7,49,8.4815,122.012,169.546,6.2901,4.8527,2.682,0.2331
8A2D_KXY,1,14,7,49,8.3560,121.873,167.320,6.1818,4.7703,2.757,0.2316
8A2D_KXY,1,15,7,49,8.2414,121.681,164.972,6.0895,4.6944,2.681,0.2286
8A2D_KXY,1,16,7,49,8.1416,121.534,162.831,6.0144,4.6274,2.782,0.2256
8A2D_KXY,1,17,7,49,8.0500,121.426,160.557,5.9539,4.5660,2.816,0.2230
8A2D_KXY,1,18,7,49,7.9639,121.386,158.216,5.9096,4.5051,2.908,0.2224
8A2D_KXY,1,19,7,49,7.8910,121.451,159.371,5.8871,4.4461,2.960,0.2240
8A2D_KXY,1,20,7,49,7.8170,121.557,161.165,5.8747,4.3784,2.942,0.2232
8A2D_KXY,1,21,7,49,7.7433,121.562,162.559,5.8696,4.3002,2.946,0.2253
8A2D_KXY,1,22,7,49,7.6597,121.380,163.583,5.8665,4.2094,2.991,0.2346
8A2D_KXY,1,23,7,49,7.5764,120.985,164.542,5.8796,4.1186,3.224,0.2414
8A2D_KXY,1,24,7,49,7.4969,120.177,165.043,5.9099,4.0233,0.000,0.0000
8AEM_LVF,1,0,2,13,6.4053,127.343,149.951,5.6234,3.6073,0.276,0.1748
8AEM_LVF,1,1,2,13,6.2193,127.231,149.840,5.4617,3.4359,0.233,0.1624
8AEM_LVF,1,2,2,13,6.0472,127.159,149.712,5.3113,3.2757,0.249,0.1648
8AEM_LVF,1,3,2,13,5.8741,127.096,149.563,5.1611,3.1104,0.363,0.1673
8AEM_LVF,1,4,2,13,5.7001,126.973,149.426,5.0110,2.9403,0.428,0.1650
8AEM_LVF,1,5,2,13,5.5304,126.838,149.297,4.8643,2.7715,0.518,0.1650
8AEM_LVF,1,6,2,13,5.3642,126.756,149.137,4.7233,2.5980,0.705,0.1601
8AEM_LVF,1,7,2,13,5.2082,126.597,148.925,4.5903,2.4306,0.913,0.1580
8AEM_LVF,1,8,2,13,5.0606,126.308,148.662,4.4671,2.2641,1.006,0.1497
8AEM_LVF,1,9,2,13,4.9239,125.900,148.359,4.3503,2.1079,1.286,0.1572
8AEM_LVF,1,10,2,13,4.7893,125.393,147.914,4.2356,1.9462,1.409,0.1627
8AEM_LVF,1,11,2,13,4.6609,125.004,147.564,4.1263,1.7819,1.708,0.1650
8AEM_LVF,1,12,2,13,4.5444,124.690,147.297,4.0235,1.6258,1.882,0.1627
8AEM_LVF,1,13,2,13,4.4382,124.598,147.112,3.9304,1.4726,2.281,0.1721
8AEM_LVF,1,14,2,13,4.3440,124.952,147.348,3.8452,1.3245,2.604,0.1694
8AEM_LVF,1,15,2,13,4.2548,125.457,147.646,3.7609,1.1843,3.137,0.1709
8AEM_LVF,1,16,2,13,4.1760,126.240,148.322,3.6840,1.0519,3.640,0.1838
8AEM_LVF,1,17,2,13,4.1035,127.460,149.321,3.6107,0.9151,4.002,0.1932
8AEM_LVF,1,18,2,13,4.0351,129.103,150.551,3.5393,0.7756,4.487,0.2040
8AEM_LVF,1,19,2,13,3.9763,130.850,152.020,3.4717,0.6400,4.913,0.2119
8AEM_LVF,1,20,2,13,3.9264,132.858,153.595,3.4095,0.5071,4.596,0.2075
8AEM_LVF,1,21,2,13,3.8779,134.827,154.981,3.3424,0.3878,4.637,0.2073
8AEM_LVF,1,22,2,13,3.8390,137.094,155.882,3.2822,0.2875,3.698,0.1967
8AEM_LVF,1,23,2,13,3.8063,139.296,155.821,3.2289,0.2283,4.588,0.1795
8AEM_LVF,1,24,2,13,3.7777,141.703,154.573,3.1862,0.2189,0.000,0.0000
8AEU_M0L,1,0,8,41,7.7020,134.757,162.496,6.6359,5.9559,0.496,0.2967
8AEU_M0L,1,1,8,41,7.4376,134.815,162.229,6.3747,5.6943,0.509,0.2871
8AEU_M0L,1,2,8,41,7.1869,134.837,161.824,6.1271,5.4433,0.530,0.2774
8AEU_M0L,1,3,8,41,6.9485,134.835,161.195,5.8903,5.1987,0.602,0.2758
8AEU_M0L,1,4,8,41,6.7173,134.885,160.923,5.6622,4.9542,0.697,0.2670
8AEU_M0L,1,5,8,41,6.4958,134.934,160.880,5.4480,4.7190,0.855,0.2597
8AEU_M0L,1,6,8,41,6.2836,135.050,160.979,5.2456,4.4907,0.938,0.2505
8AEU_M0L,1,7,8,41,6.0828,135.192,161.035,5.0558,4.2701,1.102,0.2414
8AEU_M0L,1,8,8,41,5.8940,135.247,161.056,4.8772,4.0616,1.213,0.2449
8AEU_M0L,1,9,8,41,5.7083,135.246,161.109,4.7003,3.8554,1.506,0.2472
8AEU_M0L,1,10,8,41,5.5255,135.190,161.279,4.5275,3.6512,1.764,0.2538
8AEU_M0L,1,11,8,41,5.3482,135.153,161.846,4.3547,3.4509,2.056,0.2668
8AEU_M0L,1,12,8,41,5.1675,134.976,162.544,4.1764,3.2495,2.338,0.2719
8AEU_M0L,1,13,8,41,4.9957,134.677,163.411,4.0023,3.0558,2.592,0.2808
8AEU_M0L,1,14,8,41,4.8318,134.271,164.335,3.8287,2.8642,2.699,0.2803
8AEU_M0L,1,15,8,41,4.6826,133.727,165.130,3.6607,2.6783,2.938,0.2874
8AEU_M0L,1,16,8,41,4.5462,133.077,165.984,3.4965,2.4949,3.088,0.2764
8AEU_M0L,1,17,8,41,4.4295,132.258,166.804,3.3464,2.3292,3.197,0.2791
8AEU_M0L,1,18,8,41,4.3289,131.237,167.448,3.2046,2.1726,3.308,0.2672
8AEU_M0L,1,19,8,41,4.2500,130.015,167.785,3.0845,2.0378,3.352,0.2680
8AEU_M0L,1,20,8,41,4.1923,128.701,168.093,2.9850,1.9178,3.445,0.2649
8AEU_M0L,1,21,8,41,4.1546,127.405,168.631,2.9167,1.8173,3.518,0.2702
8AEU_M0L,1,22,8,41,4.1281,125.914,169.137,2.8769,1.7228,3.558,0.2633
8AEU_M0L,1,23,8,41,4.1271,124.431,170.126,2.8710,1.6523,3.853,0.2545
8AEU_M0L,1,24,8,41,4.1408,123.052,171.768,2.8810,1.6036,0.000,0.0000
8AIE_M7L,1,0,5,23,5.8284,106.958,153.952,5.6717,2.1836,0.262,0.1579
8AIE_M7L,1,1,5,23,5.7116,106.968,153.968,5.5399,2.1153,0.250,0.1529
8AIE_M7L,1,2,5,23,5.6003,106.983,154.030,5.4143,2.0473,0.404,0.1444
8AIE_M7L,1,3,5,23,5.4945,107.006,154.096,5.2916,1.9840,0.725,0.1363
8AIE_M7L,1,4,5,23,5.3942,107.069,154.032,5.1696,1.9277,0.953,0.1339
8AIE_M7L,1,5,5,23,5.2990,107.269,153.921,5.0505,1.8684,1.184,0.1374
8AIE_M7L,1,6,5,23,5.2077,107.583,153.781,4.9328,1.8084,1.259,0.1408
8AIE_M7L,1,7,5,23,5.1186,107.903,153.486,4.8159,1.7446,1.515,0.1464
8AIE_M7L,1,8,5,23,5.0346,108.369,153.242,4.7026,1.6759,1.717,0.1443
8AIE_M7L,1,9,5,23,4.9572,108.853,152.904,4.5925,1.6076,1.881,0.1478
8AIE_M7L,1,10,5,23,4.8864,109.557,152.718,4.4895,1.5378,2.064,0.1444
8AIE_M7L,1,11,5,23,4.8228,110.334,152.394,4.3916,1.4724,2.158,0.1400
8AIE_M7L,1,12,5,23,4.7676,111.229,152.108,4.2999,1.4086,2.309,0.1424
8AIE_M7L,1,13,5,23,4.7245,112.296,151.947,4.2185,1.3492,2.444,0.1374
8AIE_M7L,1,14,5,23,4.6896,113.479,151.792,4.1426,1.2898,2.301,0.1355
8AIE_M7L,1,15,5,23,4.6628,114.622,151.687,4.0779,1.2365,2.326,0.1350
8AIE_M7L,1,16,5,23,4.6468,115.836,151.690,4.0262,1.1903,2.294,0.1379
8AIE_M7L,1,17,5,23,4.6372,117.064,151.616,3.9847,1.1490,2.283,0.1408
8AIE_M7L,1,18,5,23,4.6407,118.239,151.391,3.9597,1.1175,2.310,0.1405
8AIE_M7L,1,19,5,23,4.6562,119.396,151.108,3.9499,1.0958,2.367,0.1441
8AIE_M7L,1,20,5,23,4.6860,120.450,150.553,3.9571,1.0808,2.233,0.1418
8AIE_M7L,1,21,5,23,4.7311,121.400,150.176,3.9809,1.0804,2.276,0.1511
8AIE_M7L,1,22,5,23,4.7899,122.317,149.867,4.0189,1.0959,2.276,0.1592
8AIE_M7L,1,23,5,23,4.8715,123.285,149.757,4.0778,1.1161,2.786,0.1721
8AIE_M7L,1,24,5,23,5.0020,124.312,149.947,4.1651,1.1421,0.000,0.0000
8AIJ_M9I,1,0,3,19,7.7730,122.360,175.478,6.5700,6.5651,0.564,0.3332
8AIJ_M9I,1,1,3,19,7.4553,122.711,176.040,6.2770,6.2244,0.554,0.3139
8AIJ_M9I,1,2,3,19,7.1572,123.059,176.707,6.0018,5.9025,0.602,0.3056
8AIJ_M9I,1,3,3,19,6.8669,123.361,177.342,5.7333,5.5875,0.562,0.3062
8AIJ_M9I,1,4,3,19,6.5778,123.450,177.572,5.4635,5.2711,0.676,0.2948
8AIJ_M9I,1,5,3,19,6.3032,123.533,177.938,5.2054,4.9661,0.632,0.2907
8AIJ_M9I,1,6,3,19,6.0353,123.509,178.192,4.9525,4.6684,0.693,0.2808
8AIJ_M9I,1,7,3,19,5.7834,123.355,178.148,4.7134,4.3869,0.975,0.2602
8AIJ_M9I,1,8,3,19,5.5528,122.820,177.787,4.4994,4.1335,1.256,0.2596
8AIJ_M9I,1,9,3,19,5.3238,122.042,177.190,4.2886,3.8807,1.510,0.2517
8AIJ_M9I,1,10,3,19,5.1063,121.193,176.506,4.0936,3.6437,1.743,0.2447
8AIJ_M9I,1,11,3,19,4.9039,120.083,175.732,3.9217,3.4303,1.975,0.2486
8AIJ_M9I,1,12,3,19,4.7107,118.809,174.854,3.7675,3.2284,2.040,0.2479
8AIJ_M9I,1,13,3,19,4.5316,117.532,173.886,3.6399,3.0420,2.225,0.2548
8AIJ_M9I,1,14,3,19,4.3630,116.107,172.845,3.5352,2.8630,2.083,0.2545
8AIJ_M9I,1,15,3,19,4.2095,114.894,172.110,3.4585,2.7003,2.077,0.2603
8AIJ_M9I,1,16,3,19,4.0714,113.724,171.547,3.4082,2.5537,2.154,0.2545
8AIJ_M9I,1,17,3,19,3.9536,112.470,170.958,3.3812,2.4289,2.101,0.2603
8AIJ_M9I,1,18,3,19,3.8553,111.435,170.637,3.3719,2.3207,2.369,0.2518
8AIJ_M9I,1,19,3,19,3.7826,110.457,170.244,3.3813,2.2475,2.496,0.2510
8AIJ_M9I,1,20,3,19,3.7341,109.595,169.942,3.4032,2.1943,2.674,0.2327
8AIJ_M9I,1,21,3,19,3.7142,108.484,168.904,3.4371,2.1653,2.902,0.2274
8AIJ_M9I,1,22,3,19,3.7229,107.290,167.573,3.4859,2.1548,3.636,0.1971
8AIJ_M9I,1,23,3,19,3.7610,105.407,164.725,3.5532,2.1573,4.822,0.1932
8AIJ_M9I,1,24,3,19,3.8309,102.573,160.034,3.6419,2.1788,0.000,0.0000
8AJX_FUM,1,0,3,8,7.7948,99.865,157.709,7.0337,6.0167,0.255,0.1761
8AJX_FUM,1,1,3,8,7.6563,99.862,157.543,6.9034,5.9614,0.255,0.1674
8AJX_FUM,1,2,3,8,7.5279,99.885,157.437,6.7845,5.9131,0.353,0.1669
8AJX_FUM,1,3,3,8,7.3990,99.874,157.257,6.6643,5.8620,0.491,0.1727
8AJX_FUM,1,4,3,8,7.2758,99.874,157.080,6.5516,5.8205,0.657,0.1821
8AJX_FUM,1,5,3,8,7.1496,99.848,157.008,6.4408,5.7809,0.811,0.1800
8AJX_FUM,1,6,3,8,7.0271,99.762,156.963,6.3364,5.7436,0.933,0.1800
8AJX_FUM,1,7,3,8,6.9119,99.633,156.925,6.2386,5.7107,1.026,0.1808
8AJX_FUM,1,8,3,8,6.7916,99.415,156.859,6.1394,5.6716,1.281,0.1895
8AJX_FUM,1,9,3,8,6.6758,99.209,156.736,6.0475,5.6391,1.451,0.1989
8AJX_FUM,1,10,3,8,6.5631,99.178,156.730,5.9642,5.6121,1.799,0.2050
8AJX_FUM,1,11,3,8,6.4507,98.998,156.613,5.8856,5.5847,2.003,0.2101
8AJX_FUM,1,12,3,8,6.3477,98.709,156.372,5.8184,5.5654,2.142,0.2124
8AJX_FUM,1,13,3,8,6.2545,98.546,156.224,5.7643,5.5519,2.181,0.2183
8AJX_FUM,1,14,3,8,6.1633,98.399,156.033,5.7132,5.5352,2.270,0.2137
8AJX_FUM,1,15,3,8,6.0747,98.423,156.096,5.6628,5.5144,2.326,0.2139
8AJX_FUM,1,16,3,8,5.9956,98.525,156.414,5.6212,5.4978,2.778,0.2227
8AJX_FUM,1,17,3,8,5.9285,98.755,156.923,5.5944,5.4896,3.151,0.2246
8AJX_FUM,1,18,3,8,5.8681,99.428,157.656,5.5726,5.4788,3.833,0.2390
8AJX_FUM,1,19,3,8,5.8231,100.548,158.920,5.5653,5.4779,4.077,0.2327
8AJX_FUM,1,20,3,8,5.7897,101.933,160.297,5.5632,5.4797,4.151,0.2266
8AJX_FUM,1,21,3,8,5.7687,103.126,161.290,5.5680,5.4871,4.635,0.2272
8AJX_FUM,1,22,3,8,5.7628,104.567,162.292,5.5845,5.5029,5.292,0.2380
8AJX_FUM,1,23,3,8,5.7639,106.291,163.477,5.6051,5.5177,6.829,0.2528
8AJX_FUM,1,24,3,8,5.7708,108.887,165.242,5.6271,5.5299,0.000,0.0000
8AP0_PRP,1,0,4,22,6.4123,139.600,179.358,5.7413,1.8819,0.424,0.1923
8AP0_PRP,1,1,4,22,6.2519,139.747,179.646,5.5861,1.8198,0.378,0.1832
8AP0_PRP,1,2,4,22,6.1029,139.918,179.916,5.4414,1.7612,0.598,0.1770
8AP0_PRP,1,3,4,22,5.9728,140.043,179.639,5.3133,1.7035,1.008,0.1763
8AP0_PRP,1,4,4,22,5.8679,140.179,178.902,5.2090,1.6528,1.313,0.1774
8AP0_PRP,1,5,4,22,5.7897,140.345,178.035,5.1302,1.6036,1.572,0.1717
8AP0_PRP,1,6,4,22,5.7284,140.456,176.986,5.0668,1.5561,1.687,0.1634
8AP0_PRP,1,7,4,22,5.6831,140.524,175.851,5.0193,1.5150,1.985,0.1634
8AP0_PRP,1,8,4,22,5.6528,140.532,174.410,4.9866,1.4741,2.102,0.1635
8AP0_PRP,1,9,4,22,5.6325,140.516,172.791,4.9641,1.4346,2.375,0.1660
8AP0_PRP,1,10,4,22,5.6170,140.461,170.964,4.9477,1.3900,2.523,0.1630
8AP0_PRP,1,11,4,22,5.6067,140.308,168.959,4.9376,1.3447,2.579,0.1579
8AP0_PRP,1,12,4,22,5.6048,140.137,166.755,4.9358,1.2935,2.710,0.1575
8AP0_PRP,1,13,4,22,5.6099,139.975,164.564,4.9409,1.2356,2.850,0.1626
8AP0_PRP,1,14,4,22,5.6210,139.767,162.258,4.9519,1.1753,2.731,0.1578
8AP0_PRP,1,15,4,22,5.6336,139.475,160.044,4.9652,1.1166,2.702,0.1553
8AP0_PRP,1,16,4,22,5.6522,139.106,159.972,4.9847,1.0616,2.645,0.1505
8AP0_PRP,1,17,4,22,5.6747,138.793,159.776,5.0069,1.0038,2.423,0.1494
8AP0_PRP,1,18,4,22,5.7018,138.493,159.499,5.0338,0.9473,2.297,0.1416
8AP0_PRP,1,19,4,22,5.7298,138.248,159.103,5.0621,0.8947,2.040,0.1436
8AP0_PRP,1,20,4,22,5.7590,138.117,158.636,5.0894,0.8408,1.703,0.1329
8AP0_PRP,1,21,4,22,5.7913,138.031,158.085,5.1231,0.8032,1.765,0.1339
8AP0_PRP,1,22,4,22,5.8251,138.021,157.709,5.1609,0.7692,2.126,0.1313
8AP0_PRP,1,23,4,22,5.8759,138.120,159.615,5.2231,0.7545,2.320,0.1419
8AP0_PRP,1,24,4,22,5.9476,138.390,161.132,5.3112,0.7440,0.000,0.0000
8AUH_L9I,1,0,4,11,5.7804,129.492,154.026,5.2672,3.2159,0.353,0.2022
8AUH_L9I,1,1,4,11,5.5998,129.461,154.182,5.0958,3.0640,0.358,0.1959
8AUH_L9I,1,2,4,11,5.4274,129.377,154.324,4.9336,2.9176,0.403,0.1913
8AUH_L9I,1,3,4,11,5.2605,129.276,154.459,4.7759,2.7743,0.491,0.1826
8AUH_L9I,1,4,4,11,5.1030,129.190,154.597,4.6257,2.6376,0.590,0.1759
8AUH_L9I,1,5,4,11,4.9569,129.104,154.674,4.4854,2.5072,0.783,0.1759
8AUH_L9I,1,6,4,11,4.8175,128.915,154.637,4.3511,2.3798,0.913,0.1694
8AUH_L9I,1,7,4,11,4.6869,128.614,154.524,4.2231,2.2621,1.118,0.1724
8AUH_L9I,1,8,4,11,4.5632,128.224,154.123,4.1028,2.1395,1.260,0.1795
8AUH_L9I,1,9,4,11,4.4448,127.788,153.660,3.9895,2.0128,1.379,0.1774
8AUH_L9I,1,10,4,11,4.3377,127.272,152.962,3.8887,1.8935,1.481,0.1797
8AUH_L9I,1,11,4,11,4.2409,126.804,152.178,3.7994,1.7769,1.631,0.1802
8AUH_L9I,1,12,4,11,4.1569,126.391,151.282,3.7262,1.6645,1.867,0.1753
8AUH_L9I,1,13,4,11,4.0850,125.948,150.290,3.6677,1.5613,2.100,0.1799
8AUH_L9I,1,14,4,11,4.0243,125.518,149.226,3.6232,1.4558,2.292,0.1790
8AUH_L9I,1,15,4,11,3.9704,125.103,148.268,3.5861,1.3611,2.583,0.1760
8AUH_L9I,1,16,4,11,3.9273,124.649,147.405,3.5590,1.2671,2.512,0.1769
8AUH_L9I,1,17,4,11,3.8910,124.273,146.334,3.5349,1.1748,2.541,0.1764
8AUH_L9I,1,18,4,11,3.8637,123.959,145.542,3.5152,1.0956,2.690,0.1722
8AUH_L9I,1,19,4,11,3.8433,123.657,144.826,3.4986,1.0415,2.967,0.1727
8AUH_L9I,1,20,4,11,3.8337,123.481,144.238,3.4891,1.0083,2.740,0.1705
8AUH_L9I,1,21,4,11,3.8338,123.474,144.097,3.4836,0.9993,2.954,0.1692
8AUH_L9I,1,22,4,11,3.8485,123.398,144.064,3.4915,1.0246,2.929,0.1628
8AUH_L9I,1,23,4,11,3.8747,123.606,144.658,3.5065,1.0808,2.943,0.1639
8AUH_L9I,1,24,4,11,3.9091,124.049,145.820,3.5260,1.1574,0.000,0.0000
8AY3_OE3,1,0,4,25,6.1003,128.925,178.198,4.5778,4.4537,0.401,0.1820
8AY3_OE3,1,1,4,25,5.9397,129.137,178.280,4.4096,4.2598,0.387,0.1713
8AY3_OE3,1,2,4,25,5.7933,129.367,178.394,4.2525,4.0783,0.528,0.1694
8AY3_OE3,1,3,4,25,5.6530,129.679,178.496,4.1001,3.8997,0.766,0.1674
8AY3_OE3,1,4,4,25,5.5160,130.117,178.582,3.9539,3.7218,0.956,0.1668
8AY3_OE3,1,5,4,25,5.3797,130.620,178.629,3.8101,3.5407,1.159,0.1599
8AY3_OE3,1,6,4,25,5.2496,131.171,178.587,3.6784,3.3622,1.374,0.1495
8AY3_OE3,1,7,4,25,5.1304,131.776,178.379,3.5606,3.1935,1.819,0.1444
8AY3_OE3,1,8,4,25,5.0141,132.575,177.996,3.4450,3.0242,2.255,0.1371
8AY3_OE3,1,9,4,25,4.9018,133.524,177.465,3.3321,2.8601,2.921,0.1395
8AY3_OE3,1,10,4,25,4.7864,134.736,176.715,3.2102,2.6911,3.324,0.1401
8AY3_OE3,1,11,4,25,4.6729,136.171,175.966,3.0870,2.5252,3.967,0.1457
8AY3_OE3,1,12,4,25,4.5607,137.933,175.065,2.9601,2.3627,4.608,0.1516
8AY3_OE3,1,13,4,25,4.4560,140.158,174.074,2.8363,2.2047,5.071,0.1623
8AY3_OE3,1,14,4,25,4.3567,142.623,172.921,2.7139,2.0572,5.285,0.1705
8AY3_OE3,1,15,4,25,4.2686,145.234,171.748,2.6047,1.9178,5.563,0.1772
8AY3_OE3,1,16,4,25,4.1957,148.097,170.617,2.5164,1.7856,5.564,0.1860
8AY3_OE3,1,17,4,25,4.1330,151.162,169.739,2.4466,1.6595,5.560,0.2026
8AY3_OE3,1,18,4,25,4.0739,154.083,168.785,2.3913,1.5285,5.433,0.1985
8AY3_OE3,1,19,4,25,4.0274,156.929,167.913,2.3559,1.4138,5.406,0.2050
8AY3_OE3,1,20,4,25,3.9979,159.732,167.060,2.3471,1.3179,5.024,0.1987
8AY3_OE3,1,21,4,25,3.9799,162.240,166.251,2.3505,1.2334,4.775,0.2022
8AY3_OE3,1,22,4,25,3.9718,164.560,171.526,2.3685,1.1716,4.419,0.2070
8AY3_OE3,1,23,4,25,3.9776,166.292,176.899,2.4121,1.1430,3.792,0.2038
8AY3_OE3,1,24,4,25,3.9830,166.499,178.937,2.4608,1.1370,0.000,0.0000
8BRO_R7E,1,0,4,26,7.6227,142.997,171.834,7.0516,4.5611,0.543,0.2208
8BRO_R7E,1,1,4,26,7.4150,142.716,171.642,6.8950,4.3430,0.528,0.2126
8BRO_R7E,1,2,4,26,7.2157,142.422,171.507,6.7408,4.1341,0.631,0.2041
8BRO_R7E,1,3,4,26,7.0347,142.090,171.455,6.6005,3.9338,0.773,0.2028
8BRO_R7E,1,4,4,26,6.8702,141.743,171.454,6.4687,3.7341,1.024,0.1999
8BRO_R7E,1,5,4,26,6.7317,141.472,171.630,6.3590,3.5450,1.431,0.2005
8BRO_R7E,1,6,4,26,6.6162,141.177,171.930,6.2675,3.3562,1.683,0.1993
8BRO_R7E,1,7,4,26,6.5265,140.871,172.412,6.2012,3.1785,2.201,0.2152
8BRO_R7E,1,8,4,26,6.4666,140.672,172.973,6.1615,2.9945,2.491,0.2245
8BRO_R7E,1,9,4,26,6.4303,140.607,173.709,6.1398,2.8127,2.737,0.2301
8BRO_R7E,1,10,4,26,6.4131,140.542,174.627,6.1335,2.6331,3.010,0.2393
8BRO_R7E,1,11,4,26,6.4182,140.489,175.613,6.1475,2.4563,3.253,0.2391
8BRO_R7E,1,12,4,26,6.4414,140.458,176.682,6.1736,2.2894,3.375,0.2394
8BRO_R7E,1,13,4,26,6.4835,140.437,177.884,6.2136,2.1310,3.512,0.2449
8BRO_R7E,1,14,4,26,6.5400,140.399,178.959,6.2656,1.9865,3.530,0.2423
8BRO_R7E,1,15,4,26,6.6110,140.418,179.919,6.3293,1.8572,3.492,0.2415
8BRO_R7E,1,16,4,26,6.6949,139.657,178.848,6.4031,1.7413,3.489,0.2385
8BRO_R7E,1,17,4,26,6.7863,138.934,177.707,6.4840,1.6356,3.338,0.2358
8BRO_R7E,1,18,4,26,6.8803,138.379,176.741,6.5671,1.5494,3.249,0.2239
8BRO_R7E,1,19,4,26,6.9759,137.921,175.869,6.6478,1.4721,3.187,0.2277
8BRO_R7E,1,20,4,26,7.0825,137.484,174.959,6.7337,1.4099,3.101,0.2216
8BRO_R7E,1,21,4,26,7.1893,137.345,174.268,6.8104,1.3671,3.299,0.2280
8BRO_R7E,1,22,4,26,7.3122,137.335,173.461,6.8954,1.3513,3.146,0.2229
8BRO_R7E,1,23,4,26,7.4399,137.593,172.903,6.9798,1.3655,3.019,0.2437
8BRO_R7E,1,24,4,26,7.5842,137.979,172.720,7.0799,1.4101,0.000,0.0000
8C5D_GTB,1,0,10,30,8.0252,102.824,169.203,7.3030,2.6480,0.364,0.2373
8C5D_GTB,1,1,10,30,7.8455,102.951,169.407,7.1172,2.4893,0.369,0.2290
8C5D_GTB,1,2,10,30,7.6777,103.116,169.658,6.9419,2.3337,0.562,0.2203
8C5D_GTB,1,3,10,30,7.5395,103.375,170.084,6.7907,2.1813,0.950,0.2124
8C5D_GTB,1,4,10,30,7.4428,103.745,170.616,6.6742,2.0371,1.267,0.2092
8C5D_GTB,1,5,10,30,7.3870,104.221,171.123,6.5920,1.9046,1.603,0.2117
8C5D_GTB,1,6,10,30,7.3565,104.913,171.611,6.5312,1.7738,1.854,0.2096
8C5D_GTB,1,7,10,30,7.3475,105.765,172.086,6.4895,1.6524,2.233,0.2182
8C5D_GTB,1,8,10,30,7.3692,106.841,172.601,6.4740,1.5335,2.439,0.2203
8C5D_GTB,1,9,10,30,7.4026,108.048,173.050,6.4687,1.4188,2.488,0.2166
8C5D_GTB,1,10,10,30,7.4523,109.265,173.360,6.4780,1.3098,2.636,0.2219
8C5D_GTB,1,11,10,30,7.5223,110.588,173.623,6.5072,1.2013,2.851,0.2244
8C5D_GTB,1,12,10,30,7.6062,112.045,173.935,6.5492,1.0991,2.969,0.2238
8C5D_GTB,1,13,10,30,7.7011,113.673,174.308,6.6020,1.0030,3.028,0.2271
8C5D_GTB,1,14,10,30,7.8087,115.428,174.612,6.6660,0.9154,3.303,0.2296
8C5D_GTB,1,15,10,30,7.9242,117.352,175.003,6.7385,0.8433,3.513,0.2335
8C5D_GTB,1,16,10,30,8.0530,119.507,175.696,6.8198,0.7867,3.759,0.2366
8C5D_GTB,1,17,10,30,8.1972,121.844,176.513,6.9153,0.7508,3.942,0.2386
8C5D_GTB,1,18,10,30,8.3529,124.236,177.315,7.0224,0.7478,4.055,0.2342
8C5D_GTB,1,19,10,30,8.5129,126.666,178.119,7.1339,0.7734,4.192,0.2370
8C5D_GTB,1,20,10,30,8.6838,129.216,179.175,7.2565,0.8186,4.413,0.2398
8C5D_GTB,1,21,10,30,8.8606,131.854,179.537,7.3874,0.8860,4.762,0.2464
8C5D_GTB,1,22,10,30,9.0476,134.563,178.004,7.5288,0.9686,5.225,0.2548
8C5D_GTB,1,23,10,30,9.2443,137.572,176.145,7.6834,1.0600,5.728,0.2627
8C5D_GTB,1,24,10,30,9.4472,140.910,174.156,7.8515,1.1618,0.000,0.0000
8C5M_MTA,1,0,3,20,5.9642,125.410,130.025,5.5734,4.1622,0.536,0.1914
8C5M_MTA,1,1,3,20,5.8008,125.413,129.832,5.4213,4.0020,0.557,0.1783
8C5M_MTA,1,2,3,20,5.6478,125.379,129.617,5.2797,3.8514,0.815,0.1736
8C5M_MTA,1,3,3,20,5.4933,125.355,129.387,5.1293,3.7040,1.147,0.1788
8C5M_MTA,1,4,3,20,5.3302,125.283,129.127,4.9619,3.5559,1.474,0.1741
8C5M_MTA,1,5,3,20,5.1680,125.149,128.838,4.7943,3.4105,1.775,0.1663
8C5M_MTA,1,6,3,20,5.0130,124.999,128.498,4.6332,3.2719,1.933,0.1651
8C5M_MTA,1,7,3,20,4.8636,124.906,128.158,4.4728,3.1384,2.191,0.1628
8C5M_MTA,1,8,3,20,4.7256,124.906,127.839,4.3182,3.0229,2.164,0.1617
8C5M_MTA,1,9,3,20,4.5940,124.981,127.558,4.1696,2.9137,2.368,0.1669
8C5M_MTA,1,10,3,20,4.4660,125.197,127.483,4.0205,2.8122,2.440,0.1647
8C5M_MTA,1,11,3,20,4.3493,125.716,127.690,3.8816,2.7201,2.636,0.1647
8C5M_MTA,1,12,3,20,4.2433,126.585,128.354,3.7535,2.6383,2.903,0.1659
8C5M_MTA,1,13,3,20,4.1551,127.967,129.680,3.6459,2.5718,3.320,0.1794
8C5M_MTA,1,14,3,20,4.0814,129.962,131.900,3.5498,2.5220,3.636,0.1819
8C5M_MTA,1,15,3,20,4.0205,132.391,134.789,3.4625,2.4889,3.692,0.1896
8C5M_MTA,1,16,3,20,3.9673,135.085,138.080,3.3819,2.4642,4.006,0.1919
8C5M_MTA,1,17,3,20,3.9321,138.363,141.972,3.3257,2.4524,4.354,0.2087
8C5M_MTA,1,18,3,20,3.9075,142.120,146.407,3.2868,2.4505,4.638,0.2043
8C5M_MTA,1,19,3,20,3.8929,146.256,151.006,3.2598,2.4556,4.720,0.2163
8C5M_MTA,1,20,3,20,3.8942,150.607,155.820,3.2544,2.4824,4.646,0.2046
8C5M_MTA,1,21,3,20,3.9072,154.982,160.246,3.2674,2.5196,4.514,0.2105
8C5M_MTA,1,22,3,20,3.9395,159.292,164.107,3.3069,2.5827,4.068,0.2103
8C5M_MTA,1,23,3,20,3.9947,163.236,167.063,3.3774,2.6665,3.499,0.2029
8C5M_MTA,1,24,3,20,4.0801,166.506,169.172,3.4807,2.7730,0.000,0.0000
8C7Y_TXV,1,0,6,34,5.9486,125.192,160.920,5.8775,1.2228,0.532,0.2034
8C7Y_TXV,1,1,6,34,5.8143,125.323,161.330,5.7099,1.1832,0.524,0.1955
8C7Y_TXV,1,2,6,34,5.6883,125.443,161.877,5.5514,1.1408,0.635,0.2016
8C7Y_TXV,1,3,6,34,5.5440,125.534,162.288,5.3757,1.0989,0.894,0.2137
8C7Y_TXV,1,4,6,34,5.3774,125.642,162.782,5.1793,1.0561,1.105,0.2204
8C7Y_TXV,1,5,6,34,5.1969,125.693,163.141,4.9708,1.0153,1.336,0.2350
8C7Y_TXV,1,6,6,34,4.9982,125.701,163.564,4.7452,0.9780,1.451,0.2452
8C7Y_TXV,1,7,6,34,4.7877,125.676,163.740,4.5085,0.9436,1.636,0.2550
8C7Y_TXV,1,8,6,34,4.5676,125.566,163.545,4.2616,0.9061,1.738,0.2532
8C7Y_TXV,1,9,6,34,4.3513,125.396,163.179,4.0171,0.8726,1.903,0.2550
8C7Y_TXV,1,10,6,34,4.1341,125.119,163.411,3.7706,0.8392,2.037,0.2512
8C7Y_TXV,1,11,6,34,3.9238,124.768,163.489,3.5281,0.8129,2.300,0.2525
8C7Y_TXV,1,12,6,34,3.7170,124.457,163.726,3.2848,0.7788,2.563,0.2468
8C7Y_TXV,1,13,6,34,3.5165,123.946,163.889,3.0462,0.7419,2.594,0.2455
8C7Y_TXV,1,14,6,34,3.3226,123.377,164.145,2.8099,0.7076,2.642,0.2388
8C7Y_TXV,1,15,6,34,3.1416,122.803,164.479,2.5812,0.6652,2.685,0.2357
8C7Y_TXV,1,16,6,34,2.9731,122.407,165.317,2.3585,0.6240,2.866,0.2205
8C7Y_TXV,1,17,6,34,2.8249,121.917,166.290,2.1532,0.5818,2.981,0.2084
8C7Y_TXV,1,18,6,34,2.6964,121.335,167.139,1.9656,0.5461,3.009,0.1942
8C7Y_TXV,1,19,6,34,2.5871,120.659,167.930,1.7966,0.5198,3.189,0.1863
8C7Y_TXV,1,20,6,34,2.4935,119.806,168.630,1.6449,0.4908,3.362,0.1714
8C7Y_TXV,1,21,6,34,2.4240,118.852,169.057,1.5277,0.4733,3.880,0.1655
8C7Y_TXV,1,22,6,34,2.3764,117.782,169.300,1.4517,0.4544,4.540,0.1612
8C7Y_TXV,1,23,6,34,2.3576,116.704,169.427,1.4291,0.4411,5.289,0.1686
8C7Y_TXV,1,24,6,34,2.3739,115.322,169.791,1.4610,0.4402,0.000,0.0000
8CGC_LMR,1,0,3,9,7.9770,93.447,142.842,7.9181,6.6383,0.320,0.3453
8CGC_LMR,1,1,3,9,7.6693,93.141,142.628,7.5940,6.3461,0.406,0.3485
8CGC_LMR,1,2,3,9,7.3600,92.740,142.393,7.2678,6.0504,0.430,0.3302
8CGC_LMR,1,3,3,9,7.0693,92.344,142.375,6.9599,5.7775,0.739,0.3125
8CGC_LMR,1,4,3,9,6.8011,92.015,142.694,6.6720,5.5316,0.994,0.3025
8CGC_LMR,1,5,3,9,6.5444,91.759,143.291,6.3945,5.3026,1.279,0.2981
8CGC_LMR,1,6,3,9,6.2965,91.535,144.113,6.1247,5.0860,1.038,0.2819
8CGC_LMR,1,7,3,9,6.0609,91.218,144.600,5.8700,4.8837,1.248,0.2774
8CGC_LMR,1,8,3,9,5.8342,90.724,144.922,5.6220,4.6913,1.091,0.2751
8CGC_LMR,1,9,3,9,5.6094,90.298,145.174,5.3773,4.4999,1.082,0.2703
8CGC_LMR,1,10,3,9,5.3929,89.767,145.294,5.1410,4.3161,1.408,0.2674
8CGC_LMR,1,11,3,9,5.2060,89.494,145.452,4.9286,4.1623,1.563,0.2637
8CGC_LMR,1,12,3,9,5.0377,89.494,145.616,4.7320,4.0263,1.908,0.2588
8CGC_LMR,1,13,3,9,4.8913,89.838,145.718,4.5529,3.9055,2.413,0.2625
8CGC_LMR,1,14,3,9,4.7624,90.581,145.767,4.3850,3.7939,2.355,0.2617
8CGC_LMR,1,15,3,9,4.6431,91.492,145.791,4.2272,3.6979,2.849,0.2663
8CGC_LMR,1,16,3,9,4.5558,92.893,146.095,4.0937,3.6329,2.998,0.2580
8CGC_LMR,1,17,3,9,4.4969,94.682,146.584,3.9844,3.5907,3.050,0.2656
8CGC_LMR,1,18,3,9,4.4704,96.674,147.187,3.9037,3.5737,3.367,0.2649
8CGC_LMR,1,19,3,9,4.4766,99.085,148.149,3.8502,3.5821,3.467,0.2624
8CGC_LMR,1,20,3,9,4.5070,101.714,149.478,3.8219,3.6087,2.955,0.2511
8CGC_LMR,1,21,3,9,4.5454,103.916,150.721,3.8095,3.6418,3.018,0.2405
8CGC_LMR,1,22,3,9,4.6060,106.111,152.240,3.8315,3.6954,2.631,0.1943
8CGC_LMR,1,23,3,9,4.6642,108.003,153.931,3.8548,3.7464,2.684,0.1713
8CGC_LMR,1,24,3,9,4.7169,110.161,156.398,3.8829,3.7910,0.000,0.0000
8CSD_C5P,1,0,3,21,6.9453,141.108,171.150,5.7872,4.2651,0.265,0.2693
8CSD_C5P,1,1,3,21,6.6999,140.982,171.230,5.5366,4.0708,0.328,0.2634
8CSD_C5P,1,2,3,21,6.4627,140.858,171.318,5.2937,3.8803,0.399,0.2574
8CSD_C5P,1,3,3,21,6.2315,140.694,171.374,5.0582,3.6903,0.557,0.2530
8CSD_C5P,1,4,3,21,6.0070,140.562,171.567,4.8294,3.5030,0.753,0.2460
8CSD_C5P,1,5,3,21,5.7889,140.434,171.889,4.6071,3.3143,1.088,0.2401
8CSD_C5P,1,6,3,21,5.5747,140.365,172.567,4.3886,3.1207,1.406,0.2356
8CSD_C5P,1,7,3,21,5.3655,140.361,173.529,4.1737,2.9183,1.609,0.2281
8CSD_C5P,1,8,3,21,5.1716,140.462,174.832,3.9746,2.7171,1.783,0.2246
8CSD_C5P,1,9,3,21,4.9857,140.573,176.303,3.7794,2.5231,2.091,0.2235
8CSD_C5P,1,10,3,21,4.8119,140.768,178.203,3.5965,2.3249,2.265,0.2177
8CSD_C5P,1,11,3,21,4.6508,140.775,179.585,3.4245,2.1337,2.383,0.2226
8CSD_C5P,1,12,3,21,4.5007,139.512,177.141,3.2648,1.9393,2.332,0.2194
8CSD_C5P,1,13,3,21,4.3661,138.315,174.845,3.1229,1.7592,2.576,0.2314
8CSD_C5P,1,14,3,21,4.2406,136.978,172.158,2.9983,1.5715,2.800,0.2293
8CSD_C5P,1,15,3,21,4.1355,135.468,168.925,2.9083,1.3962,3.005,0.2370
8CSD_C5P,1,16,3,21,4.0433,133.886,165.485,2.8429,1.2225,2.788,0.2296
8CSD_C5P,1,17,3,21,3.9758,132.479,162.378,2.8103,1.0729,2.649,0.2283
8CSD_C5P,1,18,3,21,3.9338,131.219,159.632,2.8106,0.9451,2.517,0.2300
8CSD_C5P,1,19,3,21,3.9129,130.157,157.080,2.8337,0.8437,2.619,0.2321
8CSD_C5P,1,20,3,21,3.9164,129.301,154.527,2.8807,0.7772,2.454,0.2402
8CSD_C5P,1,21,3,21,3.9558,128.715,152.118,2.9688,0.7498,2.396,0.2541
8CSD_C5P,1,22,3,21,4.0220,128.284,149.848,3.0808,0.7678,2.394,0.2653
8CSD_C5P,1,23,3,21,4.1179,127.844,147.695,3.2197,0.8271,2.166,0.3069
8CSD_C5P,1,24,3,21,4.2593,127.793,146.366,3.4043,0.9053,0.000,0.0000
8D39_QDB,1,0,4,17,5.7876,150.058,163.045,4.8588,4.2217,0.485,0.1793
8D39_QDB,1,1,4,17,5.6179,150.046,163.118,4.7216,4.0401,0.469,0.1730
8D39_QDB,1,2,4,17,5.4587,150.026,163.179,4.5926,3.8671,0.579,0.1780
8D39_QDB,1,3,4,17,5.2948,149.964,163.294,4.4573,3.6886,0.826,0.1840
8D39_QDB,1,4,4,17,5.1224,149.776,163.456,4.3110,3.5050,1.109,0.1882
8D39_QDB,1,5,4,17,4.9457,149.447,163.743,4.1579,3.3216,1.508,0.1912
8D39_QDB,1,6,4,17,4.7653,149.043,164.240,3.9997,3.1404,1.925,0.1933
8D39_QDB,1,7,4,17,4.5828,148.564,164.897,3.8370,2.9641,2.444,0.2000
8D39_QDB,1,8,4,17,4.3963,147.955,165.829,3.6678,2.7934,2.727,0.2062
8D39_QDB,1,9,4,17,4.2121,147.256,166.854,3.5009,2.6210,2.976,0.2080
8D39_QDB,1,10,4,17,4.0262,146.591,168.108,3.3327,2.4498,3.119,0.2131
8D39_QDB,1,11,4,17,3.8451,146.064,169.535,3.1699,2.2829,3.296,0.2168
8D39_QDB,1,12,4,17,3.6739,145.686,171.083,3.0183,2.1168,3.366,0.2153
8D39_QDB,1,13,4,17,3.5129,145.585,172.852,2.8756,1.9551,3.511,0.2201
8D39_QDB,1,14,4,17,3.3646,145.752,174.760,2.7436,1.7925,3.382,0.2169
8D39_QDB,1,15,4,17,3.2330,146.157,176.674,2.6262,1.6377,3.382,0.2149
8D39_QDB,1,16,4,17,3.1210,146.791,178.540,2.5250,1.4914,3.397,0.2139
8D39_QDB,1,17,4,17,3.0328,147.478,179.655,2.4447,1.3528,3.365,0.2199
8D39_QDB,1,18,4,17,2.9713,147.578,179.931,2.3858,1.2265,3.247,0.2128
8D39_QDB,1,19,4,17,2.9454,145.389,176.776,2.3615,1.1364,3.364,0.2089
8D39_QDB,1,20,4,17,2.9517,143.037,175.425,2.3629,1.0860,3.265,0.1999
8D39_QDB,1,21,4,17,2.9822,140.775,174.501,2.3861,1.0738,3.454,0.1918
8D39_QDB,1,22,4,17,3.0428,138.344,173.680,2.4352,1.1050,3.927,0.1806
8D39_QDB,1,23,4,17,3.1190,135.949,173.315,2.4911,1.1621,4.897,0.1719
8D39_QDB,1,24,4,17,3.2056,133.199,172.944,2.5474,1.2417,0.000,0.0000
8D5D_5DK,1,0,7,27,5.3786,144.447,170.499,4.8681,2.1432,0.403,0.1657
8D5D_5DK,1,1,7,27,5.2879,144.257,170.275,4.7693,2.0846,0.391,0.1585
8D5D_5DK,1,2,7,27,5.2058,144.083,170.069,4.6789,2.0313,0.518,0.1552
8D5D_5DK,1,3,7,27,5.1242,143.831,169.706,4.5931,1.9759,0.798,0.1502
8D5D_5DK,1,4,7,27,5.0422,143.500,169.009,4.5112,1.9175,0.980,0.1483
8D5D_5DK,1,5,7,27,4.9602,143.106,168.160,4.4326,1.8660,1.195,0.1509
8D5D_5DK,1,6,7,27,4.8755,142.549,166.888,4.3558,1.8195,1.311,0.1496
8D5D_5DK,1,7,7,27,4.8004,141.996,165.356,4.2905,1.7781,1.402,0.1562
8D5D_5DK,1,8,7,27,4.7263,141.372,163.627,4.2290,1.7464,1.579,0.1661
8D5D_5DK,1,9,7,27,4.6404,140.721,161.749,4.1586,1.7155,1.778,0.1701
8D5D_5DK,1,10,7,27,4.5517,139.845,159.595,4.0911,1.6876,2.042,0.1875
8D5D_5DK,1,11,7,27,4.4475,138.761,157.250,4.0054,1.6581,2.124,0.2003
8D5D_5DK,1,12,7,27,4.3354,137.624,154.753,3.9114,1.6343,2.209,0.2033
8D5D_5DK,1,13,7,27,4.2258,136.381,153.498,3.8207,1.6213,2.345,0.2108
8D5D_5DK,1,14,7,27,4.1130,134.764,153.531,3.7279,1.6277,2.417,0.2037
8D5D_5DK,1,15,7,27,4.0176,133.090,153.564,3.6463,1.6423,2.411,0.2024
8D5D_5DK,1,16,7,27,3.9283,131.337,153.564,3.5652,1.6634,2.365,0.1967
8D5D_5DK,1,17,7,27,3.8534,129.658,153.470,3.4924,1.6935,2.474,0.1997
8D5D_5DK,1,18,7,27,3.7938,127.928,153.254,3.4286,1.7329,2.611,0.1981
8D5D_5DK,1,19,7,27,3.7550,126.073,152.970,3.3808,1.7870,2.967,0.2067
8D5D_5DK,1,20,7,27,3.7342,124.103,152.538,3.3491,1.8462,3.265,0.2076
8D5D_5DK,1,21,7,27,3.7325,122.284,151.996,3.3320,1.8928,3.864,0.2159
8D5D_5DK,1,22,7,27,3.7521,120.451,151.340,3.3409,1.9383,4.482,0.2258
8D5D_5DK,1,23,7,27,3.7922,118.931,150.719,3.3725,1.9733,5.139,0.2409
8D5D_5DK,1,24,7,27,3.8572,118.168,150.190,3.4241,1.9995,0.000,0.0000
8DHG_T78,1,0,8,35,6.1452,123.021,161.234,5.6193,2.5236,0.359,0.1904
8DHG_T78,1,1,8,35,6.0191,122.954,161.232,5.5311,2.4417,0.410,0.1839
8DHG_T78,1,2,8,35,5.9012,122.900,161.218,5.4500,2.3623,0.455,0.1841
8DHG_T78,1,3,8,35,5.7754,122.738,161.223,5.3619,2.2853,0.738,0.1873
8DHG_T78,1,4,8,35,5.6331,122.402,161.197,5.2571,2.2108,1.082,0.1899
8DHG_T78,1,5,8,35,5.4773,121.958,161.170,5.1359,2.1376,1.505,0.1984
8DHG_T78,1,6,8,35,5.3050,121.488,161.352,4.9965,2.0680,1.769,0.2015
8DHG_T78,1,7,8,35,5.1283,121.012,161.727,4.8476,1.9993,2.119,0.2146
8DHG_T78,1,8,8,35,4.9506,120.515,162.266,4.6941,1.9276,2.245,0.2228
8DHG_T78,1,9,8,35,4.7805,120.087,162.793,4.5437,1.8634,2.725,0.2347
8DHG_T78,1,10,8,35,4.6157,119.797,163.857,4.3946,1.7958,3.241,0.2432
8DHG_T78,1,11,8,35,4.4592,119.681,165.463,4.2497,1.7316,3.427,0.2476
8DHG_T78,1,12,8,35,4.3143,119.660,167.165,4.1110,1.6706,3.681,0.2423
8DHG_T78,1,13,8,35,4.1967,119.968,169.314,3.9953,1.6169,3.939,0.2416
8DHG_T78,1,14,8,35,4.0996,120.377,171.400,3.8952,1.5690,4.213,0.2413
8DHG_T78,1,15,8,35,4.0221,120.923,173.660,3.8086,1.5300,4.248,0.2427
8DHG_T78,1,16,8,35,3.9597,121.309,175.507,3.7315,1.4975,4.424,0.2322
8DHG_T78,1,17,8,35,3.9138,121.644,177.350,3.6684,1.4679,4.717,0.2287
8DHG_T78,1,18,8,35,3.8864,122.202,179.552,3.6222,1.4437,4.869,0.2204
8DHG_T78,1,19,8,35,3.8708,122.026,178.173,3.5861,1.4271,4.971,0.2213
8DHG_T78,1,20,8,35,3.8617,121.587,175.765,3.5554,1.4090,5.126,0.2087
8DHG_T78,1,21,8,35,3.8559,120.995,172.935,3.5285,1.3884,5.410,0.2032
8DHG_T78,1,22,8,35,3.8558,120.228,169.472,3.5085,1.3709,5.694,0.2008
8DHG_T78,1,23,8,35,3.8693,119.436,164.948,3.5074,1.3595,6.293,0.2023
8DHG_T78,1,24,8,35,3.8894,118.913,159.507,3.5222,1.3488,0.000,0.0000
8DP2_UMA,1,0,10,49,7.5871,127.269,174.817,6.8648,4.2697,0.439,0.2438
8DP2_UMA,1,1,10,49,7.4065,127.229,174.872,6.6915,4.0508,0.382,0.2382
8DP2_UMA,1,2,10,49,7.2363,127.197,174.949,6.5303,3.8385,0.465,0.2245
8DP2_UMA,1,3,10,49,7.0703,127.141,175.036,6.3720,3.6439,0.740,0.2187
8DP2_UMA,1,4,10,49,6.9007,127.005,175.196,6.2085,3.4584,0.978,0.2201
8DP2_UMA,1,5,10,49,6.7299,126.871,175.507,6.0454,3.2731,1.238,0.2238
8DP2_UMA,1,6,10,49,6.5626,126.698,175.921,5.8886,3.0881,1.412,0.2269
8DP2_UMA,1,7,10,49,6.3984,126.487,176.364,5.7374,2.9045,1.591,0.2321
8DP2_UMA,1,8,10,49,6.2334,126.182,176.945,5.5917,2.7234,1.878,0.2394
8DP2_UMA,1,9,10,49,6.0763,125.791,177.682,5.4563,2.5442,2.107,0.2508
8DP2_UMA,1,10,10,49,5.9200,125.248,178.291,5.3242,2.3676,2.294,0.2607
8DP2_UMA,1,11,10,49,5.7720,124.745,178.965,5.2018,2.1895,2.512,0.2707
8DP2_UMA,1,12,10,49,5.6345,124.200,179.544,5.0898,2.0082,2.700,0.2729
8DP2_UMA,1,13,10,49,5.5169,123.623,179.873,4.9960,1.8326,2.962,0.2810
8DP2_UMA,1,14,10,49,5.4099,122.886,179.307,4.9101,1.6572,3.179,0.2854
8DP2_UMA,1,15,10,49,5.3196,122.185,178.723,4.8352,1.4890,3.325,0.2946
8DP2_UMA,1,16,10,49,5.2444,121.518,177.936,4.7691,1.3306,3.470,0.2963
8DP2_UMA,1,17,10,49,5.1890,120.842,176.824,4.7141,1.1815,3.656,0.3074
8DP2_UMA,1,18,10,49,5.1558,120.385,175.884,4.6741,1.0339,3.904,0.3059
8DP2_UMA,1,19,10,49,5.1433,119.916,174.920,4.6470,0.9030,4.111,0.3083
8DP2_UMA,1,20,10,49,5.1496,119.443,173.848,4.6307,0.8007,4.289,0.2991
8DP2_UMA,1,21,10,49,5.1809,118.997,172.956,4.6320,0.7350,4.719,0.3009
8DP2_UMA,1,22,10,49,5.2327,118.547,171.917,4.6478,0.7154,5.000,0.2927
8DP2_UMA,1,23,10,49,5.3099,118.052,172.775,4.6848,0.7422,5.285,0.2846
8DP2_UMA,1,24,10,49,5.4032,117.558,173.898,4.7362,0.8000,0.000,0.0000
8DZT_G4P,1,0,6,36,9.5089,130.006,177.207,8.8668,6.4148,0.570,0.3127
8DZT_G4P,1,1,6,36,9.2309,130.061,176.908,8.5833,6.1610,0.560,0.3113
8DZT_G4P,1,2,6,36,8.9575,130.125,176.633,8.3045,5.9026,0.711,0.3097
8DZT_G4P,1,3,6,36,8.6889,130.311,176.400,8.0262,5.6475,0.995,0.3083
8DZT_G4P,1,4,6,36,8.4240,130.660,176.092,7.7485,5.3939,1.152,0.3043
8DZT_G4P,1,5,6,36,8.1696,131.094,175.639,7.4789,5.1448,1.320,0.3020
8DZT_G4P,1,6,6,36,7.9272,131.655,175.143,7.2165,4.8973,1.474,0.2969
8DZT_G4P,1,7,6,36,7.7034,132.354,174.667,6.9653,4.6576,1.785,0.2919
8DZT_G4P,1,8,6,36,7.5006,133.208,174.102,6.7290,4.4279,1.996,0.2971
8DZT_G4P,1,9,6,36,7.3014,134.133,174.323,6.4944,4.1948,2.217,0.2946
8DZT_G4P,1,10,6,36,7.1153,135.169,177.947,6.2712,3.9678,2.495,0.2971
8DZT_G4P,1,11,6,36,6.9379,135.660,178.249,6.0515,3.7499,2.681,0.2938
8DZT_G4P,1,12,6,36,6.7756,135.481,174.366,5.8410,3.5436,2.962,0.2904
8DZT_G4P,1,13,6,36,6.6219,135.379,171.026,5.6384,3.3438,3.207,0.2960
8DZT_G4P,1,14,6,36,6.4808,135.308,170.522,5.4442,3.1424,3.249,0.2900
8DZT_G4P,1,15,6,36,6.3603,135.323,170.114,5.2751,2.9441,3.360,0.2863
8DZT_G4P,1,16,6,36,6.2578,135.319,169.770,5.1306,2.7512,3.543,0.2789
8DZT_G4P,1,17,6,36,6.1771,135.323,169.641,5.0187,2.5625,3.600,0.2791
8DZT_G4P,1,18,6,36,6.1178,135.302,169.418,4.9315,2.3713,3.746,0.2689
8DZT_G4P,1,19,6,36,6.0865,135.483,170.923,4.8712,2.2016,3.800,0.2715
8DZT_G4P,1,20,6,36,6.0795,135.776,173.794,4.8318,2.0371,3.865,0.2581
8DZT_G4P,1,21,6,36,6.1015,136.137,176.471,4.8233,1.9013,3.948,0.2591
8DZT_G4P,1,22,6,36,6.1421,136.574,178.807,4.8383,1.7787,4.114,0.2514
8DZT_G4P,1,23,6,36,6.2010,136.889,179.375,4.8783,1.6851,4.115,0.2536
8DZT_G4P,1,24,6,36,6.2687,137.030,179.386,4.9426,1.6223,0.000,0.0000
8EAB_VN2,1,0,10,49,7.2744,111.811,155.717,6.4392,1.5020,0.344,0.1940
8EAB_VN2,1,1,10,49,7.1215,111.677,155.900,6.2899,1.4601,0.340,0.1868
8EAB_VN2,1,2,10,49,6.9753,111.566,156.120,6.1470,1.4196,0.482,0.1823
8EAB_VN2,1,3,10,49,6.8314,111.458,156.483,6.0081,1.3786,0.779,0.1848
8EAB_VN2,1,4,10,49,6.6900,111.381,157.240,5.8738,1.3371,1.074,0.1827
8EAB_VN2,1,5,10,49,6.5554,111.390,158.195,5.7479,1.2998,1.421,0.1861
8EAB_VN2,1,6,10,49,6.4245,111.401,159.330,5.6236,1.2641,1.661,0.1913
8EAB_VN2,1,7,10,49,6.2965,111.416,160.665,5.4978,1.2300,2.056,0.1962
8EAB_VN2,1,8,10,49,6.1749,111.522,161.992,5.3742,1.1978,2.279,0.2078
8EAB_VN2,1,9,10,49,6.0544,111.699,163.431,5.2450,1.1621,2.638,0.2193
8EAB_VN2,1,10,10,49,5.9350,111.902,164.996,5.1155,1.1250,2.937,0.2390
8EAB_VN2,1,11,10,49,5.8157,112.270,166.649,4.9810,1.0814,3.089,0.2510
8EAB_VN2,1,12,10,49,5.7014,112.697,168.380,4.8495,1.0360,3.167,0.2584
8EAB_VN2,1,13,10,49,5.5986,113.201,170.026,4.7298,0.9875,3.204,0.2592
8EAB_VN2,1,14,10,49,5.5113,113.775,171.644,4.6287,0.9384,3.372,0.2564
8EAB_VN2,1,15,10,49,5.4426,114.537,173.407,4.5525,0.8899,3.656,0.2584
8EAB_VN2,1,16,10,49,5.3962,115.479,175.128,4.5068,0.8419,3.739,0.2519
8EAB_VN2,1,17,10,49,5.3698,116.598,176.866,4.4892,0.7951,3.816,0.2490
8EAB_VN2,1,18,10,49,5.3509,117.847,178.737,4.4877,0.7478,3.935,0.2408
8EAB_VN2,1,19,10,49,5.3448,119.139,179.418,4.5025,0.7097,3.876,0.2426
8EAB_VN2,1,20,10,49,5.3478,120.290,177.527,4.5300,0.6749,3.784,0.2388
8EAB_VN2,1,21,10,49,5.3574,121.522,175.889,4.5630,0.6452,3.957,0.2407
8EAB_VN2,1,22,10,49,5.3739,122.462,177.990,4.6034,0.6151,4.196,0.2462
8EAB_VN2,1,23,10,49,5.3992,122.645,172.339,4.6485,0.5947,4.295,0.2486
8EAB_VN2,1,24,10,49,5.4314,122.901,169.413,4.6975,0.5865,0.000,0.0000
8EAD_UY0,1,0,7,38,8.5951,130.272,172.420,7.3909,2.9644,0.442,0.2396
8EAD_UY0,1,1,7,38,8.3847,130.117,173.097,7.1892,2.8532,0.417,0.2330
8EAD_UY0,1,2,7,38,8.1836,129.914,173.583,6.9974,2.7453,0.548,0.2356
8EAD_UY0,1,3,7,38,7.9861,129.677,174.286,6.8074,2.6385,0.737,0.2416
8EAD_UY0,1,4,7,38,7.7936,129.384,175.312,6.6206,2.5375,0.996,0.2332
8EAD_UY0,1,5,7,38,7.6109,129.108,176.810,6.4439,2.4415,1.377,0.2357
8EAD_UY0,1,6,7,38,7.4434,128.922,179.116,6.2789,2.3488,1.631,0.2274
8EAD_UY0,1,7,7,38,7.2940,128.197,178.393,6.1322,2.2681,1.909,0.2252
8EAD_UY0,1,8,7,38,7.1635,127.198,175.842,6.0019,2.1941,2.106,0.2261
8EAD_UY0,1,9,7,38,7.0477,126.278,173.476,5.8874,2.1361,2.476,0.2271
8EAD_UY0,1,10,7,38,6.9439,125.462,171.213,5.7812,2.0903,2.794,0.2386
8EAD_UY0,1,11,7,38,6.8613,124.765,169.040,5.6971,2.0619,2.984,0.2454
8EAD_UY0,1,12,7,38,6.7995,124.138,166.990,5.6310,2.0459,3.229,0.2525
8EAD_UY0,1,13,7,38,6.7604,123.626,165.049,5.5805,2.0502,3.457,0.2598
8EAD_UY0,1,14,7,38,6.7448,123.254,163.238,5.5532,2.0772,3.700,0.2605
8EAD_UY0,1,15,7,38,6.7445,122.876,161.169,5.5441,2.1169,3.894,0.2606
8EAD_UY0,1,16,7,38,6.7660,122.448,158.950,5.5600,2.1699,3.997,0.2596
8EAD_UY0,1,17,7,38,6.8042,121.946,156.769,5.6009,2.2327,3.933,0.2589
8EAD_UY0,1,18,7,38,6.8701,121.694,155.113,5.6770,2.3080,4.090,0.2615
8EAD_UY0,1,19,7,38,6.9521,121.356,155.907,5.7784,2.3903,4.292,0.2652
8EAD_UY0,1,20,7,38,7.0578,121.106,157.068,5.9062,2.4836,4.133,0.2632
8EAD_UY0,1,21,7,38,7.1799,120.873,158.299,6.0552,2.5845,3.876,0.2752
8EAD_UY0,1,22,7,38,7.3236,120.812,159.666,6.2292,2.6979,3.646,0.2845
8EAD_UY0,1,23,7,38,7.4943,120.694,161.264,6.4331,2.8261,3.666,0.2998
8EAD_UY0,1,24,7,38,7.6962,120.560,162.403,6.6643,2.9603,0.000,0.0000
8ERS_WQO,1,0,4,23,7.8423,115.434,170.291,6.7225,4.5398,0.335,0.2000
8ERS_WQO,1,1,4,23,7.6236,115.396,170.465,6.5346,4.3718,0.319,0.1935
8ERS_WQO,1,2,4,23,7.4160,115.392,170.670,6.3542,4.2077,0.410,0.1912
8ERS_WQO,1,3,4,23,7.2131,115.417,170.990,6.1777,4.0455,0.563,0.1852
8ERS_WQO,1,4,4,23,7.0202,115.551,171.515,6.0109,3.8887,0.736,0.1837
8ERS_WQO,1,5,4,23,6.8402,115.867,172.297,5.8545,3.7314,0.926,0.1831
8ERS_WQO,1,6,4,23,6.6701,116.372,173.257,5.7053,3.5747,1.074,0.1795
8ERS_WQO,1,7,4,23,6.5111,117.045,174.340,5.5668,3.4208,1.408,0.1757
8ERS_WQO,1,8,4,23,6.3764,118.028,175.781,5.4464,3.2744,1.670,0.1797
8ERS_WQO,1,9,4,23,6.2496,119.284,177.410,5.3322,3.1255,2.137,0.1839
8ERS_WQO,1,10,4,23,6.1456,120.982,179.051,5.2330,2.9737,2.356,0.1798
8ERS_WQO,1,11,4,23,6.0568,122.407,179.263,5.1448,2.8240,2.810,0.1833
8ERS_WQO,1,12,4,23,5.9902,123.684,177.680,5.0729,2.6773,3.273,0.1885
8ERS_WQO,1,13,4,23,5.9471,125.595,176.428,5.0176,2.5309,3.652,0.2000
8ERS_WQO,1,14,4,23,5.9247,128.022,175.414,4.9768,2.3834,3.735,0.2090
8ERS_WQO,1,15,4,23,5.9107,130.745,174.699,4.9466,2.2272,3.782,0.2161
8ERS_WQO,1,16,4,23,5.9095,133.581,174.017,4.9323,2.0687,3.743,0.2140
8ERS_WQO,1,17,4,23,5.9156,136.470,173.503,4.9340,1.9146,3.630,0.2217
8ERS_WQO,1,18,4,23,5.9255,139.434,173.335,4.9462,1.7520,3.630,0.2125
8ERS_WQO,1,19,4,23,5.9433,142.331,173.426,4.9717,1.6066,3.533,0.2082
8ERS_WQO,1,20,4,23,5.9659,145.211,173.985,5.0111,1.4731,3.523,0.1928
8ERS_WQO,1,21,4,23,5.9885,148.049,175.136,5.0553,1.3578,3.478,0.1781
8ERS_WQO,1,22,4,23,6.0146,150.761,177.055,5.1053,1.2712,3.732,0.1531
8ERS_WQO,1,23,4,23,6.0454,153.271,179.577,5.1644,1.2091,4.449,0.1273
8ERS_WQO,1,24,4,23,6.0817,152.930,174.469,5.2230,1.1612,0.000,0.0000
8EX2_Q2Q,1,0,4,26,5.4442,120.554,143.041,5.1944,2.9101,1.186,0.2009
8EX2_Q2Q,1,1,4,26,5.2869,119.884,141.454,5.0207,2.7796,1.175,0.2000
8EX2_Q2Q,1,2,4,26,5.1353,119.275,139.801,4.8516,2.6452,1.511,0.1935
8EX2_Q2Q,1,3,4,26,4.9868,118.487,137.988,4.6870,2.5141,1.923,0.1895
8EX2_Q2Q,1,4,4,26,4.8413,117.475,135.767,4.5267,2.3899,2.174,0.1817
8EX2_Q2Q,1,5,4,26,4.7075,116.388,133.536,4.3800,2.2727,2.476,0.1733
8EX2_Q2Q,1,6,4,26,4.5861,115.182,131.290,4.2484,2.1642,2.775,0.1727
8EX2_Q2Q,1,7,4,26,4.4648,113.809,128.797,4.1172,2.0558,3.162,0.1678
8EX2_Q2Q,1,8,4,26,4.3636,112.474,126.259,4.0092,1.9550,3.330,0.1691
8EX2_Q2Q,1,9,4,26,4.2655,111.093,123.610,3.9044,1.8526,3.592,0.1682
8EX2_Q2Q,1,10,4,26,4.1749,109.627,120.927,3.8083,1.7546,3.790,0.1682
8EX2_Q2Q,1,11,4,26,4.0833,107.967,120.050,3.7121,1.6564,3.884,0.1700
8EX2_Q2Q,1,12,4,26,3.9902,106.181,121.218,3.6154,1.5579,3.974,0.1734
8EX2_Q2Q,1,13,4,26,3.8944,104.350,122.165,3.5184,1.4621,4.143,0.1778
8EX2_Q2Q,1,14,4,26,3.7976,102.475,122.920,3.4213,1.3653,4.063,0.1818
8EX2_Q2Q,1,15,4,26,3.6886,100.747,123.393,3.3081,1.2646,4.147,0.1884
8EX2_Q2Q,1,16,4,26,3.5788,98.708,123.539,3.1947,1.1609,4.298,0.1866
8EX2_Q2Q,1,17,4,26,3.4761,96.519,123.233,3.0902,1.0615,4.439,0.1968
8EX2_Q2Q,1,18,4,26,3.3766,94.202,122.479,2.9873,0.9499,4.621,0.1900
8EX2_Q2Q,1,19,4,26,3.2791,91.759,121.431,2.8862,0.8479,4.534,0.1996
8EX2_Q2Q,1,20,4,26,3.1839,89.309,119.970,2.7862,0.7425,4.488,0.2069
8EX2_Q2Q,1,21,4,26,3.0841,86.829,118.203,2.6819,0.6486,4.371,0.2130
8EX2_Q2Q,1,22,4,26,2.9840,84.599,116.581,2.5799,0.5727,4.067,0.2268
8EX2_Q2Q,1,23,4,26,2.8922,83.073,115.183,2.4899,0.5452,3.552,0.2600
8EX2_Q2Q,1,24,4,26,2.8121,82.476,115.094,2.4205,0.5723,0.000,0.0000
8EYE_X4I,1,0,6,33,6.6829,79.629,107.542,6.3233,2.9481,0.279,0.1540
8EYE_X4I,1,1,6,33,6.5602,79.585,107.621,6.2055,2.8449,0.288,0.1475
8EYE_X4I,1,2,6,33,6.4446,79.535,107.740,6.0924,2.7482,0.402,0.1461
8EYE_X4I,1,3,6,33,6.3297,79.477,107.858,5.9801,2.6511,0.578,0.1461
8EYE_X4I,1,4,6,33,6.2180,79.439,107.925,5.8703,2.5526,0.795,0.1484
8EYE_X4I,1,5,6,33,6.1069,79.440,108.107,5.7590,2.4508,1.015,0.1584
8EYE_X4I,1,6,6,33,5.9926,79.410,108.584,5.6430,2.3398,1.127,0.1644
8EYE_X4I,1,7,6,33,5.8769,79.257,109.665,5.5251,2.2254,1.262,0.1741
8EYE_X4I,1,8,6,33,5.7579,79.033,110.947,5.4013,2.1126,1.482,0.1829
8EYE_X4I,1,9,6,33,5.6374,78.669,112.066,5.2711,2.0048,1.985,0.2030
8EYE_X4I,1,10,6,33,5.5114,78.152,113.239,5.1351,1.8967,2.405,0.2208
8EYE_X4I,1,11,6,33,5.3847,77.680,114.383,4.9958,1.7871,2.857,0.2329
8EYE_X4I,1,12,6,33,5.2684,77.313,115.678,4.8621,1.6849,3.284,0.2344
8EYE_X4I,1,13,6,33,5.1731,77.167,117.382,4.7492,1.5958,3.544,0.2467
8EYE_X4I,1,14,6,33,5.0956,77.103,119.134,4.6461,1.5119,3.570,0.2435
8EYE_X4I,1,15,6,33,5.0411,77.050,121.170,4.5589,1.4337,3.490,0.2476
8EYE_X4I,1,16,6,33,5.0052,77.054,123.369,4.4816,1.3595,3.422,0.2472
8EYE_X4I,1,17,6,33,4.9847,77.126,125.681,4.4144,1.2852,3.379,0.2486
8EYE_X4I,1,18,6,33,4.9804,77.445,128.385,4.3523,1.2169,3.215,0.2475
8EYE_X4I,1,19,6,33,4.9876,77.671,131.326,4.2926,1.1542,3.079,0.2539
8EYE_X4I,1,20,6,33,5.0158,78.019,134.688,4.2386,1.0974,3.125,0.2418
8EYE_X4I,1,21,6,33,5.0553,78.479,138.703,4.1881,1.0511,3.424,0.2340
8EYE_X4I,1,22,6,33,5.1200,79.100,143.388,4.1514,1.0185,3.474,0.2398
8EYE_X4I,1,23,6,33,5.2002,79.841,147.852,4.1165,1.0022,3.630,0.2545
8EYE_X4I,1,24,6,33,5.3118,80.676,152.659,4.1036,1.0138,0.000,0.0000
8F8E_XJI,1,0,5,29,6.7155,158.613,171.072,6.2627,2.2460,0.341,0.1769
8F8E_XJI,1,1,5,29,6.5997,158.698,171.094,6.1196,2.1776,0.372,0.1734
8F8E_XJI,1,2,5,29,6.4884,158.817,171.081,5.9813,2.1050,0.401,0.1721
8F8E_XJI,1,3,5,29,6.3825,158.851,171.088,5.8498,2.0362,0.544,0.1742
8F8E_XJI,1,4,5,29,6.2834,158.828,171.181,5.7267,1.9695,0.810,0.1780
8F8E_XJI,1,5,5,29,6.1900,158.759,171.338,5.6118,1.8931,1.099,0.1902
8F8E_XJI,1,6,5,29,6.0922,158.562,171.630,5.4964,1.8057,1.338,0.1879
8F8E_XJI,1,7,5,29,6.0020,158.340,172.083,5.3921,1.7185,1.663,0.1946
8F8E_XJI,1,8,5,29,5.9071,157.941,172.706,5.2895,1.6175,1.901,0.1934
8F8E_XJI,1,9,5,29,5.8178,157.397,173.552,5.1935,1.5192,2.181,0.1946
8F8E_XJI,1,10,5,29,5.7313,156.693,174.463,5.1020,1.4139,2.406,0.1931
8F8E_XJI,1,11,5,29,5.6466,155.944,175.335,5.0128,1.3020,2.594,0.1911
8F8E_XJI,1,12,5,29,5.5703,155.099,176.180,4.9296,1.1868,2.583,0.1850
8F8E_XJI,1,13,5,29,5.5059,154.166,177.163,4.8539,1.0812,2.717,0.1756
8F8E_XJI,1,14,5,29,5.4589,153.179,178.118,4.7928,0.9888,2.932,0.1649
8F8E_XJI,1,15,5,29,5.4333,152.320,179.181,4.7482,0.9160,3.294,0.1733
8F8E_XJI,1,16,5,29,5.4238,151.403,179.807,4.7171,0.8432,3.450,0.1741
8F8E_XJI,1,17,5,29,5.4285,150.169,178.778,4.6980,0.7808,3.681,0.1785
8F8E_XJI,1,18,5,29,5.4539,149.079,177.754,4.6992,0.7429,3.890,0.1863
8F8E_XJI,1,19,5,29,5.4836,147.987,176.714,4.7045,0.7149,3.947,0.2000
8F8E_XJI,1,20,5,29,5.5268,146.892,175.523,4.7256,0.7141,3.886,0.2061
8F8E_XJI,1,21,5,29,5.5793,146.084,174.609,4.7558,0.7230,4.318,0.2025
8F8E_XJI,1,22,5,29,5.6222,145.354,173.128,4.7805,0.7474,4.654,0.1895
8F8E_XJI,1,23,5,29,5.6358,144.825,171.587,4.7846,0.7846,4.452,0.1655
8F8E_XJI,1,24,5,29,5.6464,144.392,170.839,4.7989,0.8217,0.000,0.0000
8FO5_Y4U,1,0,4,17,6.8162,123.417,151.889,6.1963,1.8437,0.445,0.2190
8FO5_Y4U,1,1,4,17,6.5955,123.377,151.622,5.9984,1.7797,0.376,0.2126
8FO5_Y4U,1,2,4,17,6.3821,123.305,151.386,5.8096,1.7129,0.459,0.2073
8FO5_Y4U,1,3,4,17,6.1740,123.158,151.117,5.6262,1.6466,0.695,0.2016
8FO5_Y4U,1,4,4,17,5.9675,122.983,150.846,5.4446,1.5839,1.157,0.1890
8FO5_Y4U,1,5,4,17,5.7668,122.788,150.519,5.2694,1.5189,1.756,0.1858
8FO5_Y4U,1,6,4,17,5.5666,122.473,150.278,5.0960,1.4489,2.017,0.1834
8FO5_Y4U,1,7,4,17,5.3705,122.044,149.941,4.9237,1.3853,2.625,0.1799
8FO5_Y4U,1,8,4,17,5.1810,121.681,149.862,4.7571,1.3201,3.019,0.1753
8FO5_Y4U,1,9,4,17,5.0012,121.420,149.390,4.5982,1.2623,3.568,0.1822
8FO5_Y4U,1,10,4,17,4.8217,121.099,148.960,4.4348,1.2196,3.812,0.1766
8FO5_Y4U,1,11,4,17,4.6577,121.010,148.531,4.2832,1.1820,4.256,0.1745
8FO5_Y4U,1,12,4,17,4.5079,121.128,149.257,4.1413,1.1599,4.709,0.1760
8FO5_Y4U,1,13,4,17,4.3736,121.492,151.654,4.0111,1.1490,5.106,0.1784
8FO5_Y4U,1,14,4,17,4.2685,122.333,154.702,3.9079,1.1560,5.217,0.1897
8FO5_Y4U,1,15,4,17,4.1725,123.312,157.912,3.8104,1.1752,5.107,0.1881
8FO5_Y4U,1,16,4,17,4.1073,124.535,161.399,3.7385,1.2139,5.412,0.1930
8FO5_Y4U,1,17,4,17,4.0556,125.983,165.241,3.6773,1.2568,5.416,0.1994
8FO5_Y4U,1,18,4,17,4.0226,127.678,169.468,3.6306,1.3155,5.376,0.1972
8FO5_Y4U,1,19,4,17,4.0119,129.608,173.952,3.6041,1.3778,5.356,0.2127
8FO5_Y4U,1,20,4,17,4.0229,131.659,178.704,3.5976,1.4592,5.236,0.2167
8FO5_Y4U,1,21,4,17,4.0480,131.873,176.328,3.6030,1.5499,5.049,0.2254
8FO5_Y4U,1,22,4,17,4.0857,131.254,172.337,3.6196,1.6525,5.092,0.2228
8FO5_Y4U,1,23,4,17,4.1322,130.804,176.467,3.6464,1.7588,5.036,0.2323
8FO5_Y4U,1,24,4,17,4.1857,130.303,179.967,3.6769,1.8647,0.000,0.0000
8FV9_80J,1,0,5,29,9.0640,140.596,176.465,8.8606,5.6006,0.547,0.3262
8FV9_80J,1,1,5,29,8.8303,140.735,176.245,8.5954,5.3630,0.515,0.3175
8FV9_80J,1,2,5,29,8.6073,140.949,176.268,8.3397,5.1338,0.639,0.3151
8FV9_80J,1,3,5,29,8.3946,141.200,176.336,8.0905,4.9122,0.743,0.3127
8FV9_80J,1,4,5,29,8.1942,141.442,176.224,7.8502,4.6926,0.983,0.3060
8FV9_80J,1,5,5,29,8.0097,141.658,175.768,7.6235,4.4738,1.225,0.2921
8FV9_80J,1,6,5,29,7.8428,141.946,175.549,7.4138,4.2658,1.465,0.2736
8FV9_80J,1,7,5,29,7.6975,142.335,175.476,7.2250,4.0725,1.832,0.2703
8FV9_80J,1,8,5,29,7.5782,142.846,175.333,7.0623,3.8753,2.029,0.2735
8FV9_80J,1,9,5,29,7.4757,143.406,175.173,6.9130,3.6793,2.431,0.2777
8FV9_80J,1,10,5,29,7.3877,144.115,175.043,6.7771,3.4794,2.859,0.2697
8FV9_80J,1,11,5,29,7.3222,145.055,174.732,6.6629,3.2891,3.175,0.2562
8FV9_80J,1,12,5,29,7.2732,146.096,174.434,6.5665,3.1137,3.432,0.2531
8FV9_80J,1,13,5,29,7.2426,147.260,173.971,6.4900,2.9425,3.705,0.2485
8FV9_80J,1,14,5,29,7.2254,148.480,173.366,6.4271,2.7800,3.799,0.2471
8FV9_80J,1,15,5,29,7.2208,149.778,172.718,6.3750,2.6237,3.737,0.2517
8FV9_80J,1,16,5,29,7.2322,151.136,175.693,6.3376,2.4692,3.783,0.2438
8FV9_80J,1,17,5,29,7.2580,152.591,179.593,6.3177,2.3275,3.658,0.2434
8FV9_80J,1,18,5,29,7.2956,152.724,176.576,6.3102,2.1941,3.624,0.2311
8FV9_80J,1,19,5,29,7.3449,152.742,174.109,6.3184,2.0770,3.473,0.2265
8FV9_80J,1,20,5,29,7.4031,152.857,175.583,6.3399,1.9716,3.414,0.2090
8FV9_80J,1,21,5,29,7.4620,152.995,176.647,6.3672,1.8813,3.641,0.2057
8FV9_80J,1,22,5,29,7.5204,153.017,177.638,6.4028,1.7935,3.891,0.1907
8FV9_80J,1,23,5,29,7.5788,152.951,178.261,6.4459,1.7198,3.927,0.1875
8FV9_80J,1,24,5,29,7.6379,152.998,178.745,6.4995,1.6583,0.000,0.0000
8HFN_XGC,1,0,6,24,7.0980,132.084,177.473,6.7571,1.9263,0.676,0.1412
8HFN_XGC,1,1,6,24,7.0004,132.257,177.168,6.6695,1.9033,0.640,0.1332
8HFN_XGC,1,2,6,24,6.9104,132.404,176.850,6.5880,1.8842,0.883,0.1264
8HFN_XGC,1,3,6,24,6.8395,132.737,176.563,6.5269,1.8683,1.293,0.1255
8HFN_XGC,1,4,6,24,6.7941,133.356,176.391,6.4932,1.8533,1.693,0.1231
8HFN_XGC,1,5,6,24,6.7743,134.253,176.341,6.4869,1.8487,2.084,0.1254
8HFN_XGC,1,6,6,24,6.7676,135.339,176.319,6.4975,1.8485,2.331,0.1246
8HFN_XGC,1,7,6,24,6.7697,136.527,176.317,6.5184,1.8485,2.724,0.1315
8HFN_XGC,1,8,6,24,6.7914,137.880,176.280,6.5614,1.8580,2.834,0.1343
8HFN_XGC,1,9,6,24,6.8228,139.249,176.167,6.6142,1.8777,2.958,0.1441
8HFN_XGC,1,10,6,24,6.8680,140.778,176.328,6.6804,1.9007,3.093,0.1488
8HFN_XGC,1,11,6,24,6.9218,142.202,176.370,6.7555,1.9410,3.141,0.1531
8HFN_XGC,1,12,6,24,6.9852,143.655,176.533,6.8379,1.9911,3.193,0.1533
8HFN_XGC,1,13,6,24,7.0560,145.153,176.894,6.9247,2.0484,3.295,0.1568
8HFN_XGC,1,14,6,24,7.1348,146.677,177.274,7.0176,2.1119,3.279,0.1572
8HFN_XGC,1,15,6,24,7.2158,148.263,177.806,7.1105,2.1764,3.368,0.1658
8HFN_XGC,1,16,6,24,7.3124,149.959,178.598,7.2164,2.2547,3.392,0.1657
8HFN_XGC,1,17,6,24,7.4143,151.629,179.370,7.3268,2.3397,3.312,0.1669
8HFN_XGC,1,18,6,24,7.5213,153.178,179.783,7.4416,2.4306,3.251,0.1700
8HFN_XGC,1,19,6,24,7.6371,154.326,178.680,7.5624,2.5300,3.113,0.1729
8HFN_XGC,1,20,6,24,7.7583,155.495,177.587,7.6873,2.6354,2.896,0.1692
8HFN_XGC,1,21,6,24,7.8747,156.683,176.748,7.8048,2.7423,2.732,0.1773
8HFN_XGC,1,22,6,24,7.9974,157.847,178.974,7.9257,2.8674,2.608,0.1835
8HFN_XGC,1,23,6,24,8.1158,158.495,178.679,8.0416,2.9976,2.600,0.2040
8HFN_XGC,1,24,6,24,8.2328,158.873,176.834,8.1583,3.1340,0.000,0.0000
8HO0_3ZI,1,0,2,22,8.5740,86.993,120.861,8.3306,5.1635,0.506,0.2869
8HO0_3ZI,1,1,2,22,8.3171,87.388,121.095,8.0597,4.9299,0.509,0.2770
8HO0_3ZI,1,2,2,22,8.0702,87.770,121.325,7.7990,4.7054,0.606,0.2762
8HO0_3ZI,1,3,2,22,7.8280,88.183,121.505,7.5418,4.4797,0.813,0.2784
8HO0_3ZI,1,4,2,22,7.5885,88.741,121.683,7.2854,4.2509,1.087,0.2782
8HO0_3ZI,1,5,2,22,7.3552,89.404,121.802,7.0342,4.0192,1.398,0.2720
8HO0_3ZI,1,6,2,22,7.1355,90.223,121.858,6.7941,3.7896,1.765,0.2552
8HO0_3ZI,1,7,2,22,6.9405,91.159,121.885,6.5779,3.5700,2.208,0.2559
8HO0_3ZI,1,8,2,22,6.7548,92.227,121.853,6.3707,3.3472,2.496,0.2601
8HO0_3ZI,1,9,2,22,6.5721,93.419,121.834,6.1650,3.1213,2.856,0.2600
8HO0_3ZI,1,10,2,22,6.4037,94.963,121.924,5.9700,2.8934,3.148,0.2686
8HO0_3ZI,1,11,2,22,6.2370,96.686,122.055,5.7747,2.6608,3.575,0.2718
8HO0_3ZI,1,12,2,22,6.0812,98.710,122.257,5.5850,2.4280,4.023,0.2656
8HO0_3ZI,1,13,2,22,5.9459,101.019,122.456,5.4099,2.2016,4.420,0.2504
8HO0_3ZI,1,14,2,22,5.8430,103.555,122.597,5.2633,1.9826,4.745,0.2487
8HO0_3ZI,1,15,2,22,5.7571,106.195,122.572,5.1316,1.7705,5.207,0.2392
8HO0_3ZI,1,16,2,22,5.6903,109.041,122.715,5.0175,1.5745,5.525,0.2288
8HO0_3ZI,1,17,2,22,5.6433,112.071,122.732,4.9208,1.3943,5.981,0.2504
8HO0_3ZI,1,18,2,22,5.6122,115.314,122.694,4.8381,1.2123,6.378,0.2377
8HO0_3ZI,1,19,2,22,5.6045,118.824,123.020,4.7776,1.0698,6.545,0.2403
8HO0_3ZI,1,20,2,22,5.6203,122.626,123.469,4.7417,0.9693,6.220,0.2539
8HO0_3ZI,1,21,2,22,5.6493,126.415,128.772,4.7250,0.9195,6.253,0.2714
8HO0_3ZI,1,22,2,22,5.7013,130.674,136.161,4.7345,0.9330,5.463,0.2817
8HO0_3ZI,1,23,2,22,5.7723,134.309,142.469,4.7778,0.9865,5.178,0.2893
8HO0_3ZI,1,24,2,22,5.8762,137.820,147.950,4.8673,1.0651,0.000,0.0000
8SLG_G5A,1,0,5,27,6.6248,150.092,168.559,5.7278,2.4930,0.287,0.1927
8SLG_G5A,1,1,5,27,6.4802,150.042,168.730,5.5700,2.4149,0.271,0.1855
8SLG_G5A,1,2,5,27,6.3456,150.005,168.894,5.4199,2.3465,0.228,0.1839
8SLG_G5A,1,3,5,27,6.2140,150.058,169.003,5.2715,2.2768,0.209,0.1868
8SLG_G5A,1,4,5,27,6.0795,150.111,169.007,5.1209,2.1948,0.349,0.1832
8SLG_G5A,1,5,5,27,5.9594,150.208,168.883,4.9845,2.1099,0.677,0.1828
8SLG_G5A,1,6,5,27,5.8577,150.412,168.643,4.8624,2.0292,1.028,0.1834
8SLG_G5A,1,7,5,27,5.7680,150.672,168.183,4.7460,1.9573,1.412,0.1919
8SLG_G5A,1,8,5,27,5.7042,150.865,167.399,4.6471,1.8885,1.647,0.1933
8SLG_G5A,1,9,5,27,5.6442,151.071,166.427,4.5476,1.8202,2.060,0.1937
8SLG_G5A,1,10,5,27,5.5941,151.250,165.202,4.4540,1.7482,2.408,0.1992
8SLG_G5A,1,11,5,27,5.5687,151.361,163.338,4.3781,1.6896,2.614,0.2140
8SLG_G5A,1,12,5,27,5.5764,151.195,160.902,4.3319,1.6400,2.921,0.2223
8SLG_G5A,1,13,5,27,5.5988,150.973,158.050,4.3027,1.5863,2.839,0.2252
8SLG_G5A,1,14,5,27,5.6287,150.541,155.286,4.2850,1.5308,2.730,0.2351
8SLG_G5A,1,15,5,27,5.6772,150.065,156.087,4.2890,1.4767,2.820,0.2381
8SLG_G5A,1,16,5,27,5.7427,149.550,157.613,4.3120,1.4314,2.837,0.2365
8SLG_G5A,1,17,5,27,5.8157,149.055,159.296,4.3513,1.3824,2.878,0.2366
8SLG_G5A,1,18,5,27,5.9005,148.570,160.861,4.4015,1.3429,2.915,0.2352
8SLG_G5A,1,19,5,27,5.9868,148.200,162.735,4.4503,1.3041,3.009,0.2346
8SLG_G5A,1,20,5,27,6.0806,147.838,164.625,4.5104,1.2683,3.035,0.2274
8SLG_G5A,1,21,5,27,6.1751,147.511,166.732,4.5736,1.2462,3.337,0.2246
8SLG_G5A,1,22,5,27,6.2620,147.085,168.778,4.6396,1.2290,3.518,0.2245
8SLG_G5A,1,23,5,27,6.3418,146.673,170.497,4.7084,1.2273,4.120,0.2395
8SLG_G5A,1,24,5,27,6.4307,146.435,171.818,4.7983,1.2495,0.000,0.0000
